filer_id,cik,name,n_q,ann_excess,te,ir,ir_1st,ir_2nd,med_aum,act_share,turnover,n_pos
CIK0000002230,2230,,51,-0.003758104919094928,0.020811666191953373,-0.18057684012762076,-0.5064646322896702,0.05567902752315123,1884067000.0,0.9508647674321687,0.14526014930840186,121.17647058823529
CIK0000005272,5272,,39,-0.025874412868577636,0.03764791116235511,-0.6872735317404656,-0.8813832862059664,-0.519808914192514,23118856294.0,0.9938611479235155,0.11688856149026508,3642.641025641026
CIK0000007195,7195,,51,-0.008674009334681862,0.02762491455839845,-0.31399225925992336,-0.3946624605549445,-0.25848349312997965,209050000.0,0.956697590876633,0.061010178128640444,74.3921568627451
CIK0000007789,7789,,51,-0.03460354266111886,0.040505526080369496,-0.8542918956478005,-1.1894796668078955,-0.7572384198694855,1843813000.0,0.9522214536150038,0.062062232586468674,344.01960784313724
CIK0000008565,8565,,18,-0.053216807746331,0.057450306795616836,-0.9263102446745951,-1.0044112046100528,,10094584500.0,0.9999680044197685,0.13720221971872876,1003.3888888888889
CIK0000009634,9634,,50,-0.06033291952818574,0.06267495527979865,-0.9626320315174911,-1.3384021191385027,-0.8031748167544157,4157328000.0,0.9347953965527086,0.08583689468367552,956.78
CIK0000010742,10742,,45,-0.04878166114607395,0.06083447036726213,-0.8018753323563393,-1.2815111444394787,-0.5702048911620333,3728396000.0,0.974944994414905,0.06642649845476738,230.8
CIK0000018748,18748,,51,-0.008575832323148036,0.05424358796337102,-0.158098544820133,-0.3246210332395905,-0.022608371549343385,645471000.0,0.9795644200632213,0.07275748043252107,32.450980392156865
CIK0000019475,19475,,51,-0.007278222873800153,0.049369681295458566,-0.14742292602514367,-0.577482344822539,0.12205875872886429,226379000.0,0.9675998022356191,0.2506383163413486,101.50980392156863
CIK0000022657,22657,,51,-0.03694751154892143,0.046400258982345656,-0.7962781320118633,-1.2024392460301767,-0.70329858744774,733923000.0,0.9504067108886994,0.06588209351073746,222.4313725490196
CIK0000035442,35442,,49,-0.056820739021969074,0.06608254379219035,-0.8598449115235857,-1.176480694033192,-0.7323940502879543,3984319000.0,0.9413572534967724,0.06027554152970836,531.3673469387755
CIK0000035527,35527,,51,-0.05242137536360122,0.05642037405151812,-0.929121372252449,-1.2300847099525185,-0.7378382450958931,16368429000.0,0.9339951118054541,0.05971244560312359,2431.529411764706
CIK0000036066,36066,,51,-0.0465570118993182,0.04678040859293841,-0.9952245672423566,-0.9091255312931691,-1.0544357935926691,479706000.0,0.9534518091216968,0.11102807968510252,141.23529411764707
CIK0000036270,36270,,46,-0.0704274425243138,0.07054280660793188,-0.9983646229691995,-1.2442440305392215,-0.8887389295904492,20205619000.0,0.9245983200369822,0.0773089588066054,1485.608695652174
CIK0000036644,36644,,47,-0.03860139940430853,0.043017470797539245,-0.8973423747804808,-1.1488574610107498,-0.7171630638969987,1546749000.0,0.9828201838204841,0.07450653289533923,352.97872340425533
CIK0000040417,40417,,51,-0.005825045380515058,0.04452333341139579,-0.13083129527679233,-0.7908542471685953,0.44560118254934583,1098924000.0,0.9738650467716686,0.08169374489167135,63.745098039215684
CIK0000040729,40729,,47,-0.040217229431711,0.06037431547115346,-0.6661314354710046,-0.7955446815674575,-0.6372234113786412,728087000.0,0.971808462780833,0.24376159415501428,113.68085106382979
CIK0000044365,44365,,47,-0.04620618296993412,0.057577273836006665,-0.8025073069616835,-1.1452182976587553,-0.670223199102413,1674368000.0,0.9763482399337421,0.06781458395495679,1215.723404255319
CIK0000045319,45319,,51,-0.029228724042882487,0.0520079209000828,-0.5620052395078909,-1.109224153572408,-0.3325808685131098,2212149000.0,0.9590072389514581,0.04797924112205912,194.45098039215685
CIK0000047288,47288,,21,-0.05382840708118881,0.028974446208028765,-1.8577889872682873,-1.8577889872682873,,1119560000.0,0.9999936884602941,0.11749141730406613,517.8095238095239
CIK0000049205,49205,,51,-0.012263389454353677,0.024702524303557464,-0.49644276441799573,-0.8869321185021788,-0.16961679886882028,4734242000.0,0.9388827311996003,0.08566944380637855,2320.9803921568628
CIK0000051812,51812,,49,-0.03138381972287594,0.0381137210475855,-0.8234257600313012,-1.139647617059747,-0.627202855947028,241758000.0,0.9780274558811194,0.06684655876369212,124.48979591836735
CIK0000065957,65957,,25,-0.05300562486022446,0.048592861043422746,-1.0908109487662567,-1.1273779180140513,,191805000.0,0.9999954395527617,0.1774869730953379,133.0
CIK0000071210,71210,,51,-0.023921349993288998,0.03393193394197243,-0.704980447998848,-1.272076211502909,-0.3085719727270857,995937000.0,0.9529796784662432,0.059674004775266305,255.52941176470588
CIK0000071259,71259,,37,-0.04039731162622627,0.056418611372810686,-0.7160281091970039,-1.1022973494961854,-0.32340925332801124,7777495000.0,0.9999151170452645,0.13736375287573854,366.8918918918919
CIK0000084616,84616,,48,-0.04833166472556747,0.06722927798765882,-0.7189079843011527,-0.9025825490336072,-0.6164306012862487,962776000.0,0.9767338352790812,0.08182464336627952,219.35416666666666
CIK0000092230,92230,,25,-0.0682645764498555,0.05233460170237264,-1.3043870446452999,-1.225327546976026,,4865229000.0,0.999966797303619,0.06944558127354232,785.6
CIK0000093751,93751,,20,-0.018746779617207644,0.02700162494404219,-0.6942833868209656,-1.249842843025673,,952681281000.0,0.9998614547975861,0.0576844809128813,3909.65
CIK0000098758,98758,,51,-0.019136926734208436,0.04911676684376422,-0.38962105942970443,-0.3528253371324655,-0.4171160833121253,697218822.0,0.9742228658193071,0.11260485972041882,93.45098039215686
CIK0000101199,101199,,43,-0.041312317500690705,0.07311448530456542,-0.5650360161528896,-0.4325130023826261,-0.7021002361492503,228262000.0,0.9995893501286659,0.06915704905359052,93.25581395348837
CIK0000102212,102212,,49,-0.058095334894678885,0.04922211450916067,-1.180268980145221,-1.0000226156104035,-1.3429523788963549,299586972.0,0.9650364114749701,0.10401710445834271,113.10204081632654
CIK0000102909,102909,,42,-0.023690461131371146,0.02583406138833983,-0.9170242639521541,-1.0367904163865258,-0.7228768126574131,2316642263000.0,0.8971058238555794,0.05523965106100699,4181.238095238095
CIK0000216851,216851,,51,-0.038604761610676476,0.20209473657228497,-0.19102309275870888,-1.2668219307071784,0.06635223546692263,632932397.0,0.9964370640924871,0.09568048718008126,50.35294117647059
CIK0000313807,313807,,33,-0.015122255902548896,0.0237823487920514,-0.6358604876878846,-0.7648521442963786,-0.3104139199652472,2661586000.0,0.9998697380084679,0.14776096629937502,390.030303030303
CIK0000314969,314969,,51,-0.012005151871822429,0.018775200684865326,-0.6394153688179184,-0.9018862460962979,-0.3374395383834984,40687951000.0,0.9206345277009916,0.05178319563563813,1610.6470588235295
CIK0000315054,315054,,21,-0.05611937013756495,0.12033543726309658,-0.46635780292994733,-0.4727631917596806,,51380000.0,0.9996593932240776,0.3282778604227008,40.19047619047619
CIK0000315189,315189,,14,-0.04276326880564962,0.02847931913727752,-1.5015551669798262,-1.5015551669798262,,1830454000.0,0.9999994792215638,0.15423889655576184,964.2857142857143
CIK0000315297,315297,,51,-0.01378475611488298,0.024283910332799565,-0.5676497699437234,-0.7784888715984158,-0.37376231345663413,16425955000.0,0.9352186915658415,0.07156599724825095,1900.7843137254902
CIK0000315498,315498,,39,-0.027339257750600865,0.04282309917648865,-0.6384231472049601,-0.8689044560473782,-0.3439015454208242,2669563000.0,0.9998538511224927,0.047158079457652505,500.1025641025641
CIK0000318989,318989,,43,-0.03908199990336541,0.044467976456363585,-0.8788796571384085,-0.8825253528387564,-0.8784856915733593,63816159000.0,0.9956610360350195,0.15237154191760088,707.8837209302326
CIK0000320335,320335,,13,-0.08174858914777086,0.045542165858169316,-1.7950088144417238,-1.7950088144417238,,121504000.0,0.9999999370920233,0.0878759277452351,23.923076923076923
CIK0000320376,320376,,42,-0.05039951848346943,0.05546585003037295,-0.9086585431225425,-1.1583991742478632,-0.7453895717489595,238042000.0,0.9822768128372038,0.07278736408693184,92.4047619047619
CIK0000356264,356264,,49,-0.06322898092970859,0.0814985673273879,-0.7758293550628907,-0.6772544252834148,-0.8942059557208532,1215475000.0,0.9686164900880478,0.046992771921048775,236.24489795918367
CIK0000357301,357301,,51,-0.02563293594296608,0.05927566030772026,-0.4324361096786076,-0.9791527209333067,-0.14569861058925826,96787000.0,0.9724964807903177,0.07219943876321935,66.58823529411765
CIK0000707179,707179,,48,-0.05039014228173305,0.07257665796901079,-0.6943023237837753,-0.9530272961788419,-0.586867244091128,1946120000.0,0.972943636742707,0.08606093313607252,574.8333333333334
CIK0000712537,712537,,23,-0.03638285272501103,0.04747588823346198,-0.7663438026597039,-0.7663438026597039,,87839000.0,0.9999938399028692,0.10527973984265682,96.69565217391305
CIK0000713676,713676,,47,-0.037082567071079195,0.07570851531525949,-0.4898070833338001,-1.0728582759549081,-0.31082273995399423,101317832000.0,0.9438468294947088,0.05959942961964159,4379.148936170212
CIK0000717538,717538,,31,-0.03959032954620684,0.05280772216724937,-0.7497072003848105,-1.0492467555319678,,403319000.0,0.9998971035965395,0.0687114881037533,349.7096774193548
CIK0000719245,719245,,51,-0.018144891398387156,0.029318612950774457,-0.6188864196138611,-0.7197255251526806,-0.5068037967087976,7192108058.0,0.9381267446460436,0.15935419738927903,754.9215686274509
CIK0000728079,728079,,22,-0.07529784227079127,0.03810934990575858,-1.9758364404810167,-2.008068413675004,,5343983000.0,0.9999777248175743,0.11542096682385868,357.3181818181818
CIK0000728618,728618,,26,-0.04270157487464777,0.02510594182448795,-1.7008553261919694,-1.565096396593914,,13532709000.0,0.9915409822073158,0.08324608472969831,2557.423076923077
CIK0000728882,728882,,29,-0.020662568146773745,0.037951617108690425,-0.5444449991816923,-0.4903623794459074,,855315000.0,0.9999683582879481,0.08065816662282,52.51724137931034
CIK0000733020,733020,,40,0.0029466949651805545,0.058698461853946844,0.05020054822581386,-1.2103419435108418,0.5873224601241404,706014000.0,0.9633780820750276,0.15117814886942746,134.6
CIK0000740913,740913,,19,-0.09573404520367852,0.0854524369218513,-1.1203196614391397,-0.529025910848597,,2779415000.0,0.9977025690579711,0.10041989035377646,79.73684210526316
CIK0000741073,741073,,51,-0.03735746561744203,0.045620335999449604,-0.8188774764012037,-0.8667118973579987,-0.8058166120906453,1070227000.0,0.9478789210467338,0.06998763014436828,273.47058823529414
CIK0000750556,750556,,26,-0.06319347897094274,0.05462435831751827,-1.156873616735239,-1.071545420049655,,17753245000.0,0.9999629546997062,0.08803238542044457,1460.3846153846155
CIK0000762152,762152,,51,-0.02408856395651854,0.033899344689537224,-0.7105908440328085,-0.9061748562223755,-0.5756524868833588,13671156000.0,0.9209939261945578,0.09349049441699674,952.9019607843137
CIK0000763212,763212,,38,0.001999571533245662,0.04474005776905504,0.04469309233970864,0.09044791306604948,-0.038058347646669995,114140274500.0,0.9999062265479461,0.0646500020282556,289.60526315789474
CIK0000764038,764038,,51,-0.04237063126220214,0.048052821396602885,-0.88175116525903,-0.9579571926029667,-0.8486475866618248,892423000.0,0.9522096222992451,0.07955489899650128,462.01960784313724
CIK0000764068,764068,,38,-0.013664205958316224,0.02193324787477475,-0.6229905408940978,-0.8290330709499619,-0.5080735710077828,258245284023.0,0.8884421018645137,0.05494533570873347,3087.6052631578946
CIK0000769317,769317,,14,-0.07808626856489628,0.05800419777502597,-1.3462175421349303,-1.3462175421349303,,4033792000.0,0.9999847859959982,0.1283827362281287,522.9285714285714
CIK0000769954,769954,,33,-0.05732719688991686,0.06445116054435013,-0.889467255577034,-0.7360807994055141,-1.1676020129126767,102198000.0,0.9999946277222344,0.09928382689723136,25.272727272727273
CIK0000769963,769963,,51,-0.052196826639203935,0.05590873975394865,-0.9336076410781595,-1.2991743822173611,-0.7348293855179353,578733000.0,0.9569452519543578,0.12398572455312026,786.5882352941177
CIK0000773840,773840,,25,-0.020509343975758307,0.03243918524415955,-0.6322397994933117,-0.8278259199010606,,3671757000.0,0.9999952494805519,0.21187103502407365,159.2
CIK0000775368,775368,,38,-0.012905588164863896,0.046765450180560254,-0.2759641597479295,-0.21003749936066146,-0.35669723620704613,2705211000.0,0.9999655870029954,0.18637350769472094,35.36842105263158
CIK0000778925,778925,,18,-0.023934993641499574,0.03877653167589885,-0.617254628142558,-0.617254628142558,,1776198500.0,0.9999996950141896,0.04441222903109113,18.22222222222222
CIK0000778963,778963,,51,-0.004829002868522939,0.08249461356082462,-0.05853719000508273,-1.2809739176480337,0.33863187915681464,165643000.0,0.9742181820551966,0.11523461511150898,79.2156862745098
CIK0000783827,783827,,21,-0.024643615603309982,0.026709815684958133,-0.9226426678542362,-0.9226426678542362,,32948000.0,0.9999979627886442,0.055773417075808705,36.76190476190476
CIK0000788714,788714,,36,-0.07422863605051595,0.08877536969703234,-0.8361399823190492,-1.0017709651093911,-0.7888700321969222,850138345.0,0.9998262089645598,0.10294640830398212,50.083333333333336
CIK0000790354,790354,,51,-0.05384538746458252,0.0669799425533726,-0.8039031598163632,-0.8209707856390016,-0.8383409114196058,451248000.0,0.9623868756592069,0.10397396155099846,121.03921568627452
CIK0000791191,791191,,30,-0.007563581348108448,0.04177111063434168,-0.18107206710295096,-0.6218950760625316,,160471500.0,0.9999700185460101,0.12734375752861005,87.23333333333333
CIK0000796848,796848,,39,-0.029160922416101326,0.031152007473594878,-0.9360848554927509,-1.1457597004089777,-0.7507782948278721,13806205000.0,0.9998124104485675,0.15126266305728808,1761.948717948718
CIK0000799003,799003,,51,-0.00491501782024639,0.03961611429817851,-0.12406612579427667,-0.28511961664980545,-0.040678001271319555,67880000.0,0.9724861332279898,0.059819406868423824,52.666666666666664
CIK0000801051,801051,,38,-0.025007163235925292,0.05522175865055645,-0.45284981583554845,-0.7515816379622516,-0.18958284367143452,2668812500.0,0.9998512559424466,0.08943885460785667,489.3421052631579
CIK0000805676,805676,,51,-0.03771047461106094,0.04590058569644874,-0.8215684840887642,-0.9596937609681534,-0.7163362421508107,1822384000.0,0.9522228552142534,0.05808488820048122,315.9019607843137
CIK0000809339,809339,,50,-0.030564180463751978,0.04215658574912744,-0.7250155561503121,-0.5768821931186744,-0.8395987535537696,598779000.0,0.9722477815646358,0.05610543483428262,157.86
CIK0000809443,809443,,48,-0.037020854786033265,0.04237609398122512,-0.873625936375548,-1.1908331228829485,-0.6621332824684922,1266641306.5,0.9578005562378306,0.29528075425476624,1275.9791666666667
CIK0000810265,810265,,51,-0.016464450279287345,0.02237976888918166,-0.7356845532830708,-0.9322639497078427,-0.5285300858429598,74627298000.0,0.918925261698854,0.06603426509323822,3036.4117647058824
CIK0000810716,810716,,32,-0.047790742243823375,0.057312344252936104,-0.8338647260918373,-1.1929964442827095,-0.6139022272657199,421561500.0,0.9999540155929947,0.07660873807260311,78.0
CIK0000810958,810958,,45,-0.052030768747157355,0.05866491800489302,-0.8869145396409458,-1.240683384735156,-0.7800762341066056,147076000.0,0.993779943099955,0.08397143005884003,98.82222222222222
CIK0000811360,811360,,51,-0.03521455086475566,0.052183719260185404,-0.6748187243578412,-0.3116019529863885,-0.9655988812320964,678053000.0,0.9788576326664316,0.060273005974614074,69.56862745098039
CIK0000813470,813470,,13,-0.0347825109858267,0.03844984600608315,-0.904620293629122,-0.904620293629122,,161452000.0,0.9999998898726985,0.39654905073590574,189.30769230769232
CIK0000819535,819535,,51,-0.04104294296165554,0.04301806140476029,-0.954086298161396,-0.929777885639627,-0.986638462556149,637567000.0,0.9719927578055741,0.06561128676740395,82.72549019607843
CIK0000820123,820123,,50,-0.037066027680947376,0.06468354962291031,-0.5730363886318456,-0.33143911751498417,-0.7400702205910399,136113500.0,0.9778200158043533,0.08026798927925534,49.32
CIK0000820124,820124,,51,-0.021505493930167974,0.06549290652863432,-0.3283637124901271,-1.0442132788569334,-0.07875536777268508,4813079000.0,0.994645513649487,0.1434139090736658,39.568627450980394
CIK0000820478,820478,,50,-0.02120180590252077,0.025529223309771195,-0.8304916151814494,-0.9616314878826188,-0.6836770120641121,23158551500.0,0.9338055303973993,0.09527006081197416,1998.64
CIK0000821197,821197,,51,-0.04987471537325739,0.062077579441747466,-0.8034255816699831,-1.0369282599865097,-0.7019144027787988,4832987000.0,0.951733595859518,0.062201412462130116,624.8235294117648
CIK0000824468,824468,,44,-0.04466186293059659,0.041365489379177486,-1.079688977423752,-1.3021488876795464,-0.8383700504985746,87468639000.0,0.9940760301235677,0.13441188279488603,3482.7045454545455
CIK0000825161,825161,,24,-0.03407638872079397,0.030821165437535384,-1.105616489020983,-1.105616489020983,,262223500.0,0.9999943778773445,0.051373100524551366,74.66666666666667
CIK0000826154,826154,,36,-0.035094386463764254,0.04292198047386154,-0.8176320401501659,-0.9700773836324955,-0.7148040541849526,84920500.0,0.9999367139398321,0.10404850590495197,195.72222222222223
CIK0000829407,829407,,51,-0.05803645087768171,0.058722725951795646,-0.9883132966842528,-0.9113252062333567,-1.0419764256707051,1141464000.0,0.9430063552752853,0.09924625087040155,535.0784313725491
CIK0000831571,831571,,50,-0.058133068501842786,0.06274897479676368,-0.926438538450642,-1.3656150626632333,-0.7018414915161147,917853500.0,0.9534967394923946,0.08547376522216998,315.84
CIK0000836372,836372,,36,-0.003944733257136037,0.0418372205700991,-0.09428765112008294,-0.7703571758431306,0.10284531923453805,1488161687.0,0.9498675396947021,0.07153159288681961,140.36111111111111
CIK0000837286,837286,,18,-0.030693534523571923,0.031147501486487872,-0.9854252526455859,-0.9854252526455859,,629321500.0,0.999998235719972,0.05556631279191109,302.3333333333333
CIK0000842782,842782,,49,-0.021740103648232877,0.051113320562519285,-0.4253314675729352,-1.03138482198454,-0.09477732630416504,1250399000.0,0.9649749672505714,0.08463864265286089,183.44897959183675
CIK0000844150,844150,,45,-0.010665418146898569,0.04909911353209934,-0.21722221399153036,-0.2925437919585972,-0.08952319209945696,432154000.0,0.9904370187944725,0.19571601217012746,184.15555555555557
CIK0000846222,846222,,28,-0.01848789557501726,0.10619008786868152,-0.17410189543803611,0.1562858485469622,-0.5665041377432347,6049206220.0,0.9986441530518558,0.0958244471056541,24.571428571428573
CIK0000850529,850529,,42,-0.03857601097117919,0.056881130372991216,-0.6781864340048314,-1.0008294943979865,-0.3954071255464286,83835539500.0,0.9920462168760399,0.07487004699678959,858.5714285714286
CIK0000852933,852933,,47,-0.016702691392538344,0.06011282550276096,-0.2778557030431964,-0.9210289206655718,-0.07802142498211362,4914750000.0,0.9436981477963198,0.27224949376234303,520.3404255319149
CIK0000854157,854157,,51,-0.026339978064682704,0.026050521670698042,-1.0111113472360143,-1.089980123098212,-0.9280590114556495,34767522000.0,0.9169975526362687,0.09205048119275101,1795.1568627450981
CIK0000857113,857113,,14,-0.020597407776568568,0.025848968731082892,-0.7968367322216188,-0.7968367322216188,,8699500.0,0.9999998836833983,0.14774379513960836,85.64285714285714
CIK0000857508,857508,,51,-0.03352667440360154,0.03509178125473728,-0.955399617885306,-0.8680416189898525,-1.017117126134903,1006228000.0,0.9573865762427914,0.10609918568444725,258.7450980392157
CIK0000857538,857538,,23,-0.02983245500674721,0.028946746050071845,-1.0305978762891717,-1.0305978762891717,,765970000.0,0.9999901753352028,0.09605796876083407,378.8695652173913
CIK0000860486,860486,,49,-0.032998465489604216,0.03366258850154141,-0.9802711840217716,-1.1218508594986145,-0.843615571180309,1342829000.0,0.9423360062779145,0.10039890986860409,317.3265306122449
CIK0000860580,860580,,44,-0.03251599002516264,0.044833873259388375,-0.7252549837840112,-0.7026462111891956,-0.7547371824212213,539513000.0,0.9977525499954992,0.043692892279454706,93.3409090909091
CIK0000860644,860644,,13,-0.030230751958367445,0.04568740740339149,-0.6616867464184445,-0.6616867464184445,,8009581000.0,0.999999815360728,0.08312130185734436,130.3846153846154
CIK0000860645,860645,,51,0.014548452081036226,0.06060278687748131,0.24006242666642108,-0.07950449132734301,0.48962693461805845,130907928.0,0.9775759914437757,0.32788623943641987,35.98039215686274
CIK0000860656,860656,,13,-0.040519745090014166,0.026175171477436983,-1.5480221446436815,-1.5480221446436815,,673375000.0,0.9999998826333276,0.18832415507854647,69.92307692307692
CIK0000860828,860828,,47,-0.03840982848346161,0.06738146692894702,-0.5700355043149219,-0.6014655333446224,-0.5583746684967688,2307204000.0,0.9584920020171587,0.141300479751364,205.48936170212767
CIK0000860857,860857,,39,-0.017462045676205573,0.03861912345032749,-0.45216059079541787,-0.420448861998085,-0.48465069185559734,661589000.0,0.9998534748720346,0.04363621088151013,570.0
CIK0000860862,860862,,19,-0.041624133162625115,0.034709266954036554,-1.1992224789808172,-1.1992224789808172,,264343000.0,0.999998519572177,0.109805282418327,118.42105263157895
CIK0000861462,861462,,13,-0.03362412267300725,0.03231840314492079,-1.0404017339641012,-1.0404017339641012,,608110000.0,0.9999974721974667,0.0789157124221404,135.76923076923077
CIK0000862469,862469,,51,-0.015619863005680537,0.02162854228640993,-0.7221875056300369,-0.8098093650998224,-0.6251324071237544,2359917000.0,0.9219770778853489,0.05914088162445486,799.7647058823529
CIK0000862853,862853,,18,-0.04678200696455684,0.043922252218436715,-1.0651094741173017,-1.0651094741173017,,146601500.0,0.9999995725879676,0.47548999656011,61.0
CIK0000863748,863748,,29,-0.009160381506318623,0.020485980756577666,-0.4471536712970448,-1.1507211092973717,0.25029173916698755,12380209000.0,0.9997882809021948,0.1105352526560835,602.7931034482758
CIK0000866361,866361,,38,0.0034938495781846614,0.0365904065957898,0.09548539912633011,0.10787360974691541,0.08919671953098282,1523232500.0,0.9999118447173333,0.1197841544095356,111.5
CIK0000868491,868491,,33,-0.030270376944075226,0.07583750292833522,-0.3991478592310954,-0.6272763004684747,-0.10313071427760272,2253288000.0,0.9999891088042475,0.4356279116436063,55.39393939393939
CIK0000868911,868911,PRINCETON CAPITAL MANAGEMENT INC,18,-0.019599627376279575,0.036597010715006324,-0.5355526856506833,-0.5355526856506833,,151532500.0,0.9999994055361356,0.08836672848321293,70.33333333333333
CIK0000869179,869179,,44,-0.018411597222223165,0.051266750732918615,-0.3591332970841612,-0.9282083108059577,-0.13203825643959075,129408500.0,0.9592123877594524,0.1557395229152364,49.31818181818182
CIK0000869353,869353,,14,-0.03399554529832625,0.0343984590731658,-0.9882868655261818,,-0.8600484585356574,4913559542.0,0.8271051649654603,0.07983850447848943,343.07142857142856
CIK0000869367,869367,,51,-0.026062910276959443,0.039252265021851425,-0.6639848747867788,-0.28178063424053923,-0.9909321769072794,930755000.0,0.9683714114699363,0.04692523834970217,75.82352941176471
CIK0000869878,869878,,14,-0.05068222927204511,0.03421106795318359,-1.4814570927291337,-1.4814570927291337,,4628404500.0,0.9999981528132188,0.12533835038568422,517.5
CIK0000872078,872078,,14,-0.027473015856218308,0.0514572272183318,-0.5339000435951038,-0.5339000435951038,,276230000.0,0.9999998381368115,0.06780257473521203,76.64285714285714
CIK0000872080,872080,,51,0.004794279285737687,0.029414252173684957,0.16299171085848096,-0.402312385428235,0.5254072075835733,1709606000.0,0.9584097707385958,0.13453260345366064,134.1764705882353
CIK0000872162,872162,,51,0.03264921572027688,0.16299315185781493,0.20031035259909202,-0.4874634001806249,0.546853420691806,739617000.0,0.9855632299570638,0.05131066366607872,68.70588235294117
CIK0000872732,872732,FIRST MIDWEST BANK TRUST DIVISION,34,-0.051799978603826166,0.05398463192989138,-0.9595319399265066,-1.1995050286309112,-0.6960118968596677,698051500.0,0.9998970076051646,0.12258568476910965,395.29411764705884
CIK0000873630,873630,,39,-0.024800682443759853,0.03881810293678985,-0.638894756986623,-1.0260740769422956,-0.20796377062855437,46196004000.0,0.9902270445342279,0.14115454718872783,1985.7435897435898
CIK0000877134,877134,,50,-0.04017243837531675,0.04063231973858252,-0.9886818825948928,-1.4961913960882882,-0.7511981724422532,1981009000.0,0.9401484367491875,0.08521828665720539,533.78
CIK0000878228,878228,,51,-0.01933389509094677,0.055058058624588416,-0.35115468240665726,-0.03165816790158843,-0.5361963691043304,666494000.0,0.9642873048340255,0.043886242001488024,148.01960784313727
CIK0000883511,883511,,37,-0.051496396329993574,0.07828574263258317,-0.6578004448442794,-1.21598164377002,-0.5462775355498259,515174000.0,0.9938940094659113,0.10543247155437593,30.756756756756758
CIK0000883790,883790,,38,-0.03017495024871328,0.04962144856623262,-0.6081029699731725,-1.2078742367460413,0.0014016326100236751,488863000.0,0.9999088210794,0.07041052359875044,155.76315789473685
CIK0000883803,883803,,46,-0.029792472864522405,0.04541020089576888,-0.6560744563009892,-0.547290037486483,-0.7186809268256378,656758766.0,0.95141851708021,0.0819804298666199,195.7608695652174
CIK0000883961,883961,,36,-0.039189216839634874,0.043902911938342934,-0.8926336570313783,-1.007354672943821,-0.6623036007550889,7443998000.0,0.927300071062496,0.10507330078533289,764.1944444444445
CIK0000884310,884310,,12,-0.046099137438143,0.04128989591577593,-1.1164750216359016,-1.1164750216359016,,269172000.0,0.9999998862962203,0.04960661054645219,164.16666666666666
CIK0000884314,884314,,38,-0.005677105635822394,0.03613523646852173,-0.1571071948139496,-0.44885339842798827,0.1251816042421204,1674862000.0,0.9998839179253167,0.1667725110984937,335.89473684210526
CIK0000884423,884423,,51,-0.020682965270717193,0.03955889767784796,-0.5228397777436928,-1.2659327179566668,-0.10660501784793681,1093085000.0,0.9500931352331273,0.08703447652400646,700.4509803921569
CIK0000884535,884535,,24,-0.013162364824432,0.03838861364720109,-0.34287158543184126,-0.34287158543184126,,600704500.0,0.9999956520036131,0.058681276992845824,78.375
CIK0000884566,884566,,51,-0.03758615344335842,0.06302427487613008,-0.5963758173503574,-0.5105455571390269,-0.6570898955528016,2848655000.0,0.9967471373017754,0.06150711862643275,106.90196078431373
CIK0000887402,887402,,51,-0.029775636942381934,0.05979773690715137,-0.497939194381537,-0.6968092063229399,-0.43686000814082104,567364000.0,0.9750281808855645,0.16424817808674042,148.2549019607843
CIK0000887777,887777,,51,-0.043978427680557465,0.04430037413566229,-0.9927326469951612,-1.032842546258875,-0.9801864703268277,8380550000.0,0.9504766410333518,0.08968239062329801,799.7450980392157
CIK0000887793,887793,,21,-0.024404259794850815,0.023356011848477617,-1.0448812901399414,-1.0448812901399414,,140662493000.0,0.9999908626852155,0.09981661795268022,3115.9523809523807
CIK0000887813,887813,,13,-0.016745310380184203,0.027508994310942364,-0.6087212854708364,-0.6087212854708364,,257069000.0,0.9999995005900568,0.09620682761439503,61.46153846153846
CIK0000887818,887818,,40,-0.014617265427850561,0.027969169274071944,-0.5226206500296688,-1.1174825088913798,0.1061391103045872,7512212500.0,0.9918460283392173,0.0769282491014582,152.875
CIK0000889232,889232,,15,-0.043827791954733006,0.11481976565302539,-0.38170947053152054,-0.23225898318489613,,1391407000.0,0.9994799878911155,0.03682599011265222,11.533333333333333
CIK0000891287,891287,,51,-0.032211968946541124,0.039465739655051235,-0.816200816871955,-0.7695826239934599,-0.8431196509303007,2810129000.0,0.9563553099445579,0.05722684252102817,234.47058823529412
CIK0000893738,893738,,51,-0.03223361994801498,0.058010036672052095,-0.5556559139779528,-0.9009434174815477,-0.45804310993962044,149077000.0,0.9789295255542888,0.06407014043680279,74.2156862745098
CIK0000894205,894205,,51,-0.032434693509058206,0.04925295012952383,-0.6585330101536135,-0.5024644328315916,-0.7824001203399609,515720000.0,0.9767173851961332,0.07670841404063199,66.80392156862744
CIK0000894300,894300,,48,0.009894450219145824,0.08095037277059096,0.12222859364640248,0.11999896550436308,0.12521109096923588,201998500.0,0.9731955508304942,0.07457574497664368,49.458333333333336
CIK0000894309,894309,,50,-0.03250664354479429,0.05303096541503828,-0.6129747646334618,-0.9863763476212525,-0.4022809950266969,104386500.0,0.969938970691337,0.0840928822315171,84.52
CIK0000897293,897293,,23,-0.023852083012089628,0.03355790019691115,-0.7107740016719984,-0.7107740016719984,,756383000.0,0.9999962017824078,0.30692208575354224,131.43478260869566
CIK0000898286,898286,,38,-0.04697403994975403,0.0419357845920571,-1.120142150778095,-1.0846064137479094,-1.1393565846877909,39449186000.0,0.9283007265388279,0.11617563058400986,670.6315789473684
CIK0000898413,898413,,51,-0.048161762913510854,0.06396240266988237,-0.7529698838952869,-0.8674589091565231,-0.7132759982478946,638367000.0,0.9478171352798456,0.05842054419710133,307.3921568627451
CIK0000898581,898581,,18,-0.04915354166099932,0.056973446869213976,-0.8627447409335929,-0.8627447409335929,,25541765500.0,0.9999980420135002,0.09525068281567478,758.1111111111111
CIK0000900974,900974,,46,-0.04813330883457802,0.05465711909639621,-0.8806411612717141,-1.0274368176109105,-0.8131851671381175,1829512500.0,0.979416073867692,0.06222192008433314,440.1521739130435
CIK0000903783,903783,,51,-0.03551888259417226,0.03953682976233156,-0.8983745739324775,-1.2376974732591837,-0.735486986795207,282670000.0,0.9558690082761442,0.08923401530295924,335.27450980392155
CIK0000903949,903949,,51,-0.036636885087892465,0.042925716494774876,-0.8534950159922221,-0.8032260874121627,-0.8817945393380084,4749396000.0,0.9647822878285439,0.08798974128836115,223.0392156862745
CIK0000904163,904163,,36,-0.013267152814802598,0.029935767357352535,-0.4431873302441894,-1.0137521415804467,0.33990592955382165,1723134500.0,0.9998867256171038,0.06208120159260519,348.25
CIK0000905790,905790,,50,-0.04263452940335268,0.04973514707080561,-0.8572313929411213,-1.0585116016032197,-0.6898281511271251,1526685500.0,0.9576970690919557,0.2140019594334656,111.1
CIK0000909151,909151,,51,-0.03451073518339198,0.058642440641829836,-0.5884941827881287,-0.9398266520827232,-0.5075491435000334,1880218000.0,0.9878496153500672,0.09930173666174957,139.33333333333334
CIK0000911274,911274,,51,-0.02842200466503818,0.037741226123107055,-0.7530758161068505,-1.0282285694742082,-0.5404063961429186,564059000.0,0.9539780369518258,0.061111266706513796,206.92156862745097
CIK0000912160,912160,,43,0.03376049701153251,0.091063115745339,0.3707373367852181,0.2860511916320878,0.45235597011090983,696180000.0,0.9990035429621703,0.12216911326930495,76.23255813953489
CIK0000914976,914976,,47,0.03881489228005025,0.07808514329251648,0.49708421656666185,0.7723645539577723,0.3728456714618606,1586672000.0,0.9965727267330889,0.058736206311493365,19.93617021276596
CIK0000918504,918504,,51,-0.026917385576236248,0.08502752547290093,-0.3165726089980347,-1.0792567063157021,-0.07860945318323949,246413000.0,0.9779348239370581,0.05110819220468432,101.84313725490196
CIK0000919079,919079,,51,-0.02337451211619144,0.03133542771805797,-0.745945206971893,-0.8889271378313274,-0.6311222940261203,84699899000.0,0.9210607087329935,0.06873440066329774,2664.9607843137255
CIK0000919087,919087,,25,-0.05889135813613838,0.048938684018821746,-1.203370284968883,-1.212864431527294,,765301000.0,0.9999843181711053,0.06802033064605197,332.12
CIK0000919192,919192,,51,-0.017034457771539384,0.02391747376726657,-0.7122181019564151,-0.9270449931043961,-0.5036975111481793,4043841000.0,0.9186547127370261,0.08306699709647335,1906.6078431372548
CIK0000919489,919489,,36,-0.006449035724677466,0.1188311578078987,-0.05427057889139121,-0.29874604374789365,0.11499208153056882,634883000.0,0.9976117653412637,0.04684711134510296,13.194444444444445
CIK0000919497,919497,,51,-0.025644405010527015,0.04053859065606095,-0.6325924161210997,-0.5737176246584645,-0.6768981772588868,645099000.0,0.9618806867209596,0.0707665106862301,151.98039215686273
CIK0000919530,919530,,51,-0.032646534989604285,0.06933901386546491,-0.4708249103744842,-0.8838629134692901,-0.32912577091105116,550035000.0,0.9775242116332428,0.09192771862742793,145.0
CIK0000919538,919538,,26,-0.041805340880843866,0.07012020674349141,-0.5961953454099288,,-0.5004486510570273,220605106.0,0.9848569404864965,0.08671343493447554,53.30769230769231
CIK0000919859,919859,,20,-0.05438833641355532,0.03760876420343581,-1.4461612223273814,-1.4113282213334253,,19193444500.0,0.9999115832985958,0.1433690140991445,748.45
CIK0000920440,920440,,27,-0.01940037744283741,0.05023711825895595,-0.3861761604649065,-1.5794970040742284,0.08642329774558942,1306769000.0,0.996890485773708,0.2096994351423278,68.33333333333333
CIK0000920441,920441,,51,-0.023538260241113385,0.04361091876908312,-0.5397331884858336,-0.4523001923878687,-0.6120924773672022,443523363.0,0.9724980454212846,0.09461650947133693,148.52941176470588
CIK0000922127,922127,,38,-0.04484583640910383,0.04836857539735104,-0.9271688495854589,-1.1848441135447785,-0.6131288964021882,6078692000.0,0.9998384573154766,0.07824775849157958,1439.2631578947369
CIK0000923469,923469,,51,-0.03128258120380843,0.059732659359358134,-0.5237098354279126,-0.6443780179612244,-0.4932901387848319,553199000.0,0.9663987027808154,0.2261189841561229,107.29411764705883
CIK0000924166,924166,,51,-0.029812419642017387,0.055298405567225754,-0.5391189734159056,-0.8980255017761937,-0.3885080168922486,908427000.0,0.9681310402764925,0.08623625926086459,216.66666666666666
CIK0000924171,924171,,51,0.01543107830183006,0.12180638493847006,0.1266852990454616,0.5073890220129716,-0.04142458559376506,636108000.0,0.9768907145245752,0.158738048640267,23.84313725490196
CIK0000926833,926833,,36,-0.01927232698956348,0.05188415440909793,-0.37144918729640436,-0.9653677806856519,-0.2894422245897691,196642205.0,0.9541015862720647,0.11433725764613747,61.916666666666664
CIK0000926834,926834,,51,-0.01741714526525247,0.030869991937433772,-0.56420958254296,-0.5037904750518916,-0.6247071590992005,841039000.0,0.9649978312498274,0.0714676978071032,80.23529411764706
CIK0000928052,928052,,51,-0.02589579914737381,0.036446352581565776,-0.7105182634667984,-0.9656205935863629,-0.49042085735001784,2786437000.0,0.9498024323195436,0.08408320170506993,685.6862745098039
CIK0000928568,928568,,51,-0.027794149328133934,0.04960052869969106,-0.5603599408243068,-0.8058279874458039,-0.478779333049455,961692000.0,0.9653640440251775,0.061924209490781534,223.11764705882354
CIK0000930441,930441,,34,-0.0284105119073265,0.03187826722280112,-0.8912188265121035,-0.8475940598235867,-1.04131817483569,863837000.0,0.9999127952848944,0.08096564971140148,523.5294117647059
CIK0000931097,931097,,28,0.007101494627627881,0.0393240565050335,0.1805890657887166,,0.40897169828209534,797033935.5,0.9299029200110643,0.08700065330374558,81.03571428571429
CIK0000932024,932024,,27,-0.04698225119366025,0.04658314939056663,-1.0085675143543924,-0.9389631974106397,,848882000.0,0.999985285720644,0.10852289292275394,80.85185185185185
CIK0000932752,932752,,18,-0.035297686483246195,0.027802614908870867,-1.2695815338378384,-1.2695815338378384,,491247500.0,0.9999989133095215,0.11842970411211673,164.94444444444446
CIK0000932974,932974,,51,-0.014653579039281979,0.047724147667431834,-0.3070474750179322,0.4127895349187288,-0.7787805132586831,6869020000.0,0.9619066961916904,0.04989790753253959,634.4705882352941
CIK0000933141,933141,,29,-0.04293382997034438,0.0706337749836005,-0.6078371144554702,-0.7677762250946124,,273058000.0,0.9999383812353909,0.12091807102984053,187.3793103448276
CIK0000933429,933429,,45,-0.04986415147139907,0.061477850655886665,-0.8110913270030247,-1.0715791295258157,-0.6175053600975529,3226317000.0,0.9758148411042178,0.08965706583055322,784.6222222222223
CIK0000934639,934639,,41,-0.03238826028251866,0.11527579115358351,-0.2809632443884546,-0.5861659835331319,-0.24499120016665002,6811966000.0,0.9701871886857486,0.29149368696433386,305.8536585365854
CIK0000934745,934745,,51,-0.0054852950351333574,0.059330221881343334,-0.09245364101146783,-0.05792871646802155,-0.1134969673806309,488963000.0,0.9585827925039893,0.059501176938096784,173.94117647058823
CIK0000936698,936698,,42,-0.018931466342354278,0.032308719187390596,-0.5859553339573708,-1.163166438778309,-0.11065895824533585,596182000.0,0.9995023913299073,0.052334454165247624,116.9047619047619
CIK0000936938,936938,,26,-0.06576763358619227,0.07146046125114147,-0.9203359792657518,,-0.7192643791923963,150824391.5,0.9162288094286861,0.05839137715565707,82.6923076923077
CIK0000937522,937522,,51,-0.022041795502926807,0.06623196704365822,-0.3327969330539722,-0.5454224715682549,-0.2379104363234105,910594000.0,0.9888292395617186,0.07306061297736466,56.19607843137255
CIK0000937567,937567,,51,-0.07586850408293418,0.0573139371048076,-1.323735690004146,-1.9401350778818374,-1.0367060882802805,8200018000.0,0.9838293641594562,0.2105172261178337,494.4901960784314
CIK0000937589,937589,,51,-0.018411145262134433,0.025750259696825165,-0.7149887215690655,-0.8510851705703933,-0.604241009136212,1739025000.0,0.9526332297546171,0.04367617188740515,215.2549019607843
CIK0000937615,937615,,50,-0.022018420351256486,0.02901028432802295,-0.758986713152255,-0.9997016451341156,-0.599285054159171,10922597000.0,0.9219628446727149,0.09121520516146703,2118.5
CIK0000937760,937760,,28,-0.011786301202339061,0.024013978904670434,-0.4908100089596208,-0.6177036632972642,,806176000.0,0.9799522613266621,0.07415187052549171,271.25
CIK0000938076,938076,,51,-0.014489657786061297,0.0207441692412187,-0.698493037545863,-0.924760312688672,-0.45196663840946355,38426505000.0,0.9180769843000154,0.0572728253233663,2351.764705882353
CIK0000938592,938592,,51,-0.01732787640031861,0.03578232706081651,-0.4842579514154912,-0.9340876069169501,-0.11997561043377325,920714000.0,0.9522596444732025,0.19274589327034697,203.2941176470588
CIK0000938759,938759,,51,-0.03339843093817046,0.06490190895372999,-0.5145985915599454,-0.5623261857798282,-0.5087887992550605,277468000.0,0.9701799605798265,0.04388900627565258,103.54901960784314
CIK0000939219,939219,,50,-0.03959148062445437,0.05717184661293948,-0.6924995949686324,-1.0420912838314078,-0.4411614975438701,938557000.0,0.9622947169721376,0.05614997588715001,194.02
CIK0000939222,939222,,21,-0.0392182276424715,0.027540421347490605,-1.4240242422143221,-1.4240242422143221,,53796137000.0,0.9999910122683282,0.10370791556101071,3087.190476190476
CIK0000939791,939791,,26,-0.04406326204355814,0.05526178717595444,-0.7973549950830451,-0.7674605257501111,,96504500.0,0.9999962626233707,0.1685294731632724,57.65384615384615
CIK0000940445,940445,,51,-0.036525624672540974,0.04684834869534222,-0.7796566087848713,-1.297651823890964,-0.483226105658476,1669429000.0,0.9483070374363106,0.10163946290641832,478.19607843137254
CIK0000943442,943442,HUDSON VALLEY INVESTMENT ADVISORS INC /ADV,51,-0.03015576648799,0.04468379506977734,-0.6748703067756354,-0.7848003395436173,-0.6069477355228281,431592000.0,0.9563877442292645,0.07450636394779254,164.64705882352942
CIK0000945444,945444,,19,-0.03872651447002123,0.02796073316831472,-1.385032153274732,-1.385032153274732,,435407000.0,0.9999978604206301,0.1169130110477761,145.94736842105263
CIK0000945625,945625,,49,0.02311172765667447,0.06834334307915957,0.33817086807165214,-0.33120355311583716,0.6776148221813562,415718000.0,0.9604001425245965,0.09766135340933237,108.63265306122449
CIK0000945631,945631,,12,-0.05746601440718122,0.05306599791659416,-1.0829159284884629,,-0.9299505346778727,28151380000.0,0.9999212103151708,0.07157823352816307,54.0
CIK0000947996,947996,,49,-0.051532910214065336,0.06074600321827025,-0.8483341698580985,-1.1309231563458426,-0.73914361448572,652067000.0,0.9872879207128753,0.10489899032586845,107.6734693877551
CIK0000948518,948518,"Dai-ichi Life Holdings, Inc.",14,-0.043470533963672876,0.03295200565896738,-1.3192075290022485,-1.3192075290022485,,3268025000.0,0.9999995797887798,0.0980458145639467,613.8571428571429
CIK0000948669,948669,,46,-0.010981044493139332,0.036392952295646375,-0.301735467991958,-0.17938727173110022,-0.4409085613386443,25420574500.0,0.9920117418082299,0.11072994450786895,106.80434782608695
CIK0000949012,949012,,14,-0.02529840818938425,0.03420786883850506,-0.7395493799201183,-0.7395493799201183,,571584000.0,0.9999997406098727,0.06084889968307457,158.64285714285714
CIK0000949623,949623,,47,-0.04718900634890637,0.050093130008894766,-0.9420255100578308,-1.1009646635884975,-0.8035476446811872,2354208000.0,0.9712280872433777,0.06485566939642318,495.3404255319149
CIK0001000742,1000742,,44,0.003350518670125223,0.04609023028363747,0.07269476957179152,0.2761702623706572,-0.01627375815116844,642016500.0,0.9808104389552768,0.486220470814426,86.68181818181819
CIK0001002152,1002152,,32,-0.004373784094346312,0.04701990552326731,-0.09301984011847815,-0.10864951552084735,-0.05715744864757085,597273000.0,0.9999648971098375,0.05628554863227843,43.59375
CIK0001002672,1002672,,14,-0.04563952784401219,0.04630806037016103,-0.9855633657990405,-0.9855633657990405,,147653500.0,0.9999997966909592,0.14019613853466065,149.14285714285714
CIK0001005354,1005354,,43,-0.02239523002761819,0.02995475384041587,-0.7476352550060549,-1.137127973214431,-0.4117374199209634,8461055000.0,0.9543229126803191,0.14146183379739158,1009.0697674418604
CIK0001005607,1005607,,46,-0.05402182370078508,0.04575419356896627,-1.180696663727565,-0.9663481008897167,-1.4190148193401584,757942000.0,0.955808755144153,0.06883790312962665,184.54347826086956
CIK0001006407,1006407,,51,0.0021998077813806653,0.04442910155092482,0.04951276763407451,-0.7357754857744926,0.4445756725927981,573037431.0,0.9630471962140467,0.07420601559374612,89.7843137254902
CIK0001006435,1006435,,51,-0.021720153875935386,0.0396336947689892,-0.548022433977918,-0.3255851808875787,-0.6991834825143359,241966000.0,0.9662334329059103,0.04847560437771976,71.2156862745098
CIK0001007095,1007095,,12,-0.043667595987750836,0.035205812700626025,-1.2403518804294964,-1.2403518804294964,,862228500.0,0.9999998574359256,0.0817562247680747,209.08333333333334
CIK0001007280,1007280,,51,-0.017939495172632384,0.024804330759213424,-0.7232404431843976,-0.888241269485815,-0.5429735855083314,19253554000.0,0.9184051187177309,0.08163125241565129,1925.1176470588234
CIK0001007295,1007295,,51,-0.0406634031208725,0.045435112825581145,-0.8949774874596107,-1.1170872771190903,-0.7202620098785353,2593746000.0,0.9537166839842101,0.07030835458432995,228.07843137254903
CIK0001008871,1008871,,16,-0.05590676715554617,0.031997231792846664,-1.7472376208666363,-1.7472376208666363,,592449500.0,0.9999995323618657,0.08858795030335095,190.1875
CIK0001008877,1008877,,24,-0.037278012366599216,0.03384718431797897,-1.1013622880469598,-1.5062667064238346,,522181000.0,0.9336733041794281,0.05734358553793644,161.33333333333334
CIK0001008895,1008895,,51,-0.0342993649767995,0.04926932686543179,-0.6961606167075972,-0.8837065921420069,-0.6176908908799659,351991000.0,0.9624266403851809,0.06809250948453188,151.37254901960785
CIK0001008929,1008929,,43,-0.02084972209330531,0.026314112433169917,-0.7923399333598187,-1.2864878519608829,-0.27270477739197174,2044635000.0,0.9871057927771417,0.05962986397372406,250.37209302325581
CIK0001009003,1009003,,38,-0.02325252236665073,0.05622192893531148,-0.41358457111241653,-0.6910474883444659,-0.12176996284378658,111981000.0,0.9999081739120554,0.05959865645283267,91.28947368421052
CIK0001009016,1009016,,51,-0.027582512418022457,0.040196756623018345,-0.6861875119759085,-0.9741871876922782,-0.4842536848665699,9411322000.0,0.9565989969003446,0.09299991956192213,450.54901960784315
CIK0001009076,1009076,,51,-0.046407886864994696,0.05117811973368255,-0.9067915567175099,-1.0271519340549258,-0.7927768451179402,8914499000.0,0.9337068850017015,0.06011732896499033,976.7058823529412
CIK0001009207,1009207,,49,-0.03039050077303978,0.03808308898004499,-0.798005140480279,-1.6084864070995628,-0.2876532283033608,58248553000.0,0.941102955403181,0.269786686128855,2752.673469387755
CIK0001009254,1009254,,42,-0.018753546482227185,0.05578007169723011,-0.33620513403689345,-0.48995443333118127,-0.2197500534482932,3641033500.0,0.9755570150038233,0.04828117248546168,251.1904761904762
CIK0001010873,1010873,,51,-0.015566375306758194,0.029851769651005645,-0.5214556955148849,-0.5503495104341545,-0.48428619441453435,776963000.0,0.9558490341864733,0.10417358201564524,181.0392156862745
CIK0001010911,1010911,,48,-0.057283381336784185,0.07760506548355954,-0.738139720369713,-1.2428190539908766,-0.52955385241381,552043000.0,0.9861865897544714,0.09649500421912398,130.625
CIK0001013234,1013234,,51,-0.04008682661414965,0.06906266306501348,-0.5804413677945238,-1.084256674544953,-0.3771483103526933,143410000.0,0.9678363007750361,0.1174584539496873,84.45098039215686
CIK0001014306,1014306,,37,-0.015338535372363344,0.043858942695828726,-0.3497242393196745,-0.886068629807126,0.13345180273110693,338389000.0,0.9999109953930972,0.13960600872647663,187.6216216216216
CIK0001014315,1014315,,51,-0.022927865234754142,0.07604930636502757,-0.30148684228755696,-0.07614005308387348,-0.4573261633016903,604973000.0,0.9863411623126551,0.08675121502592162,51.745098039215684
CIK0001014738,1014738,,36,-0.0015690881166054685,0.038034268872778595,-0.04125458863877274,-0.13214647177914493,0.04758416641621699,490324500.0,0.9999122234003546,0.11428972618258294,137.05555555555554
CIK0001015086,1015086,,50,-0.026074049223690693,0.04297635268847428,-0.606706888587826,-0.6300858521300731,-0.5915023924193175,2971482000.0,0.9466741535607025,0.07089286408450828,384.66
CIK0001016021,1016021,,51,-0.021044618377535313,0.07502081929801123,-0.2805170427875101,-0.7366124743377609,-0.17268122191870797,105315042.0,0.9884364532631039,0.10300123238064357,59.450980392156865
CIK0001016150,1016150,,51,0.04099771333811828,0.10811175028918223,0.3792160725147572,0.025672185461851505,0.5726404181743694,131517000.0,0.9809814778883477,0.33550272999012276,37.19607843137255
CIK0001016972,1016972,,45,-0.006411151923450285,0.03624270159717894,-0.17689497859054545,-0.4309522705755885,0.10691321459851412,365754000.0,0.9946206463486025,0.07195692525709024,272.31111111111113
CIK0001017115,1017115,,51,-0.045287056364070245,0.06540061582618327,-0.6924561151388205,-0.8067348008060916,-0.6481700732071125,174605000.0,0.9570271678678032,0.0633844602196269,166.94117647058823
CIK0001018674,1018674,,50,-0.03714507206760409,0.04389957620112678,-0.8461373726190643,-1.0430514265659316,-0.7904594031795386,918601500.0,0.9471050066840522,0.06248786456822656,380.72
CIK0001018825,1018825,,36,-0.01724611953722994,0.03420273389547731,-0.5042321935119333,-0.9609819498022655,-0.04609990167363784,1276641000.0,0.999854445521253,0.08366548463649169,718.8611111111111
CIK0001019531,1019531,,14,-0.07147658474280374,0.0666504181410673,-1.0724101473658714,,-0.9051511460041385,389440500.0,0.999921855621299,0.14396948567372525,47.07142857142857
CIK0001020580,1020580,,43,-0.049392415952797517,0.08369976596490658,-0.5901141464639986,-0.5256023954086106,-0.6856402599733313,211841000.0,0.9990197980978287,0.07123150730723476,63.04651162790697
CIK0001020585,1020585,,51,-0.04226985485231101,0.04297777717756844,-0.9835281772647383,-1.04929596747807,-0.9223453652046711,417289000.0,0.9486325350268382,0.06235636728394746,550.3333333333334
CIK0001020918,1020918,ROTHSCHILD INVESTMENT CORP /IL,40,-0.04667516281028481,0.05190505714645235,-0.8992411409314194,-1.2935882440805033,-0.5743788373004772,855055500.0,0.9991519483941638,0.08661065554007186,450.8
CIK0001021008,1021008,,37,-0.022139610388776102,0.05285102930299386,-0.4189059452562856,-0.6565190838805542,-0.07299520582961648,1054451000.0,0.9999386541902393,0.08105698058902691,76.83783783783784
CIK0001021117,1021117,,51,-0.029226901003814063,0.03812093466288218,-0.7666889928262569,-0.9220865147419613,-0.6743497931412245,340515000.0,0.958202863079881,0.15125411440859698,135.11764705882354
CIK0001021926,1021926,,40,-0.045155115101544144,0.057821968596763695,-0.7809335481965866,-1.3883614999324485,-0.5637793860833009,21728727000.0,0.9238626718978938,0.07414354723705707,1144.1
CIK0001026200,1026200,,42,-0.03141257531917089,0.030403995235505646,-1.033172616749429,-1.2911176945804184,-0.6937254107011012,598222500.0,0.9994614255876082,0.05688044683215281,141.5
CIK0001026720,1026720,,51,-0.015722297614475318,0.05865457075989019,-0.26804897572774694,0.13572949534162038,-0.5024625409931652,6579636000.0,0.9769512298968396,0.0692351704864616,22.80392156862745
CIK0001030618,1030618,,43,-0.03044731308294123,0.03998997682185592,-0.7613736116190486,-1.2597544908234386,-0.28567906408252924,415344745.0,0.9706536088760611,0.07593957702941033,161.86046511627907
CIK0001030815,1030815,,25,-0.058732564309031565,0.04552925550915782,-1.2899961497204369,-1.517818344510746,,528175000.0,0.999988590803259,0.29374036387709357,291.92
CIK0001031972,1031972,,51,-0.02846373455492097,0.04660029513909164,-0.6108058858584773,-1.0015988319585636,-0.4036714713991796,462034000.0,0.9745118262720215,0.10734470140315301,37.627450980392155
CIK0001032814,1032814,,51,-0.04592576525582458,0.07932371449881054,-0.5789663979408743,-0.6986057912275283,-0.5235186823689741,1121042000.0,0.99659280068169,0.07504164143368604,48.64705882352941
CIK0001033225,1033225,,51,0.008274061104266683,0.06727559844915869,0.12298755112930815,0.2934349017869294,-0.004478654242974937,1198130000.0,0.9897060096822996,0.048632960559609945,21.11764705882353
CIK0001033244,1033244,,16,-0.030012503704462595,0.019712656932667886,-1.52249916406148,-1.52249916406148,,22547000.0,0.9999994884716226,0.22675445714188625,210.6875
CIK0001033974,1033974,,51,-0.034060223806947974,0.04510241441294557,-0.7551751773994044,-0.5146221736043473,-0.9486547482896679,791761000.0,0.9692183115676267,0.048651403894035015,116.84313725490196
CIK0001034184,1034184,,34,-0.02335226989115858,0.02523573046348012,-0.9253653237064835,-0.9979638047135799,-0.7253273526357843,1035607000.0,0.9999253364637058,0.06131306501757672,146.97058823529412
CIK0001034188,1034188,,26,-0.030366008676000693,0.041959066422575464,-0.7237055364562471,-0.6739052842936902,,456670500.0,0.9999854070662675,0.0789605219764099,101.84615384615384
CIK0001034642,1034642,,14,-0.06442411794255773,0.04894577608105702,-1.3162344761524514,,-1.2434680840672752,2682527176.0,0.8439020961790696,0.05272736456536542,301.57142857142856
CIK0001034771,1034771,,51,-0.05579514744120242,0.055161824120445756,-1.0114811888263673,-1.2473470844591992,-0.9362987000203737,399445000.0,0.938131839277457,0.08730031658421357,342.1764705882353
CIK0001035350,1035350,,27,-0.04466599485318738,0.04731063828669406,-0.9441004490497718,-0.9401622064730012,,3696110000.0,0.9999599985776343,0.08407928063299512,984.7777777777778
CIK0001035463,1035463,,47,-0.06300240874166343,0.07657352463600962,-0.8227701289642642,-1.202014235076096,-0.6295051877440663,860969000.0,0.9829437443592147,0.052393700204338464,272.5744680851064
CIK0001035912,1035912,,51,-0.010540927204673402,0.041750121899756173,-0.25247656113382533,-0.11231139492172225,-0.3340455407255238,172739000.0,0.9612004518283684,0.055412134741611545,132.23529411764707
CIK0001036248,1036248,,33,-0.017807744220226063,0.037333162900415925,-0.47699532629403013,-0.03909301603587971,-1.5996886660754355,783388000.0,0.9389006754521536,0.1340556378671976,123.15151515151516
CIK0001038661,1038661,,24,-0.007480131480972002,0.05681444567814424,-0.13165897143631186,,-0.09232060235032484,696022500.0,0.937622775987577,0.09933251919650993,95.375
CIK0001039765,1039765,,50,-0.031016241225519957,0.03532986451739478,-0.8779043352541925,-1.0299183549519155,-0.7437370675618973,9941173698.0,0.9403555305496728,0.28014680465221825,593.52
CIK0001039807,1039807,,51,-0.05594966997737209,0.05264139409947487,-1.062845521710918,-1.0496794952161481,-1.0863804125502086,963147000.0,0.9581297604162499,0.052756240188084454,259.96078431372547
CIK0001040190,1040190,,51,-0.007465915958354639,0.03168162723747526,-0.2356544347271443,-0.5651723672173828,-0.007909664468689948,1316523000.0,0.9616874871827745,0.15423922504095394,131.27450980392157
CIK0001040210,1040210,,51,-0.03565949672477964,0.04645629582849651,-0.767592337858559,-1.2872518743179096,-0.3956792011865677,1012250000.0,0.9785115261535757,0.0528846277749197,91.82352941176471
CIK0001041885,1041885,,51,-0.039540967445340434,0.10993171840245171,-0.35968661291970866,-1.3516812737591015,-0.17318960448417753,1920726000.0,0.955995532378839,0.09102368660102617,396.921568627451
CIK0001044330,1044330,"UNITED BANK, INC.",17,-0.06947058397210361,0.03083657764083412,-2.252862972562954,-2.252862972562954,,228354000.0,0.9999988637358809,0.0737724143735822,109.70588235294117
CIK0001044905,1044905,,51,-0.03949188612957625,0.04417537718279277,-0.8939796023557487,-1.3239056070486959,-0.6985904120078836,994841000.0,0.9569944777919888,0.06482267303120619,254.2156862745098
CIK0001044924,1044924,,51,-0.03367525479843819,0.04828137821864096,-0.6974791532367971,-1.0170750979088738,-0.5727851065964329,236874000.0,0.9817549057989858,0.054163588149069956,47.72549019607843
CIK0001044929,1044929,,47,-0.047810569759238745,0.06199333139958673,-0.7712211729601456,-1.1312325492489415,-0.6349340133020568,766179000.0,0.9764310977574833,0.08723278226701174,355.1063829787234
CIK0001046192,1046192,,32,-0.03402390189672978,0.028669163078231665,-1.1867769492089006,-1.190190301981094,-1.2360310822287455,37241984000.0,0.877612709078786,0.0764165599969952,2244.875
CIK0001047142,1047142,,51,-0.03213341880964169,0.03500624240436433,-0.9179339626523201,-1.3614202004736964,-0.5164931622266745,871580000.0,0.9586250742823261,0.09205078441988801,98.11764705882354
CIK0001047339,1047339,,51,-0.032167990290500166,0.0441741713152184,-0.728208120974113,-0.8159807181713382,-0.6877177079681899,432241000.0,0.9568386942574674,0.052505551834994835,166.49019607843138
CIK0001048462,1048462,,22,-0.020320063070186713,0.1421092559869655,-0.14298901875726183,0.08178600300962821,-0.587198940975192,643756500.0,0.9966954628054361,0.4482356175475106,147.77272727272728
CIK0001049648,1049648,,38,-0.031053405927053558,0.04646259971454913,-0.6683527421302021,-1.3233787265868973,-0.10770820098630964,182418500.0,0.9999415125885628,0.06604337063092677,67.92105263157895
CIK0001050464,1050464,,37,0.10339675019047614,0.13767305489396117,0.7510311314629615,-0.006272587860352104,1.0954979033090186,620715000.0,0.998020701416048,0.2234747459836844,40.67567567567568
CIK0001050477,1050477,,38,-0.007202290828409125,0.06320482131535418,-0.11395160492972692,-0.3032578603947362,0.10088581906594891,2016504500.0,0.9999904269354815,0.0708449708125622,70.8157894736842
CIK0001050743,1050743,,51,-0.05151130416971303,0.057125255059665,-0.9017255872924878,-1.1520041317164988,-0.7928396780044621,2306470000.0,0.9433553201614047,0.05587139703981899,466.2352941176471
CIK0001052100,1052100,,18,-0.004917002613670655,0.04139357138792171,-0.11878662431306473,-0.8527394238542793,0.5017690122403933,48208412000.0,0.9998453360255097,0.13275950921191465,502.77777777777777
CIK0001052174,1052174,,34,-0.011514398387831476,0.052878772984736575,-0.2177508617819025,-0.4019674325694195,0.21195676271805372,305021000.0,0.999966467872454,0.17359595617490128,42.44117647058823
CIK0001053054,1053054,,51,-0.022427295568796916,0.0517435108912723,-0.4334320416536118,-0.7074854822348163,-0.2661511031095226,442015000.0,0.9662901855321283,0.081815232767288,124.80392156862744
CIK0001053055,1053055,,47,-0.021655746506183543,0.05547123888744965,-0.39039594102706004,-0.6106651138883228,-0.26852826865610463,1644442000.0,0.9843511163152275,0.07408676717345461,256.8085106382979
CIK0001053136,1053136,,18,-0.04159020572100168,0.025222982474723394,-1.6489011860267715,-1.6489011860267715,,4354351500.0,0.9999993213970786,0.09287999927869428,56.5
CIK0001054074,1054074,,51,-0.03377306348038361,0.03549069050571108,-0.9516034486014218,-1.1318081267193028,-0.7660697527769644,29683964000.0,0.9478806791209957,0.13731268448467934,1792.6666666666667
CIK0001054233,1054233,,21,-0.04634361642030541,0.03239639544024056,-1.4305176791328935,-1.4305176791328935,,452779000.0,0.9999963541072122,0.051494178929234004,164.8095238095238
CIK0001054257,1054257,,51,-0.054712536875287,0.06910310346972785,-0.7917522387062043,-1.0493375978051658,-0.6443167243084663,145720000.0,0.9489009451457212,0.046819100742603224,391.70588235294116
CIK0001054425,1054425,,51,0.008444505431102155,0.03840864963629697,0.2198594720362729,0.3244598073959162,0.15579281117144986,323478000.0,0.9654449186049314,0.050021607545741024,70.84313725490196
CIK0001054522,1054522,,28,-0.026351736245475182,0.03425966653548604,-0.7691766706672932,-0.8183649565653509,,293728500.0,0.999962418279272,0.14938057098092988,209.92857142857142
CIK0001054646,1054646,,27,-0.03760120663548855,0.06914491194987465,-0.5438029433266074,-0.9134134505163912,,549908000.0,0.9999666689068337,0.05349283190070232,181.03703703703704
CIK0001055544,1055544,,51,-0.021765379073574963,0.03268017513562159,-0.6660117022603881,-0.5847720548918433,-0.7229230130121767,614397000.0,0.9572372801388553,0.0549945145694863,121.84313725490196
CIK0001055951,1055951,,50,-0.060732821140747656,0.13200038813010243,-0.46009577699095766,-0.3265218100837715,-0.550094436703828,7028142000.0,0.9976635006028769,0.18847333459525353,122.4
CIK0001055963,1055963,,51,-0.032435725107231764,0.04532955401988336,-0.7155535898626545,-1.1586776923891584,-0.5159873981054914,493878000.0,0.9649820652819717,0.061525982465880924,119.52941176470588
CIK0001055964,1055964,,40,-0.021209069308162725,0.030439183712581336,-0.6967686619665463,-0.773106950254835,-0.5760488570635551,9052482500.0,0.9997907439085637,0.09527270858527241,1126.45
CIK0001056515,1056515,,37,-0.049784362796135816,0.0676456835001395,-0.7359577170147337,-1.1858588415774216,-0.40937356603773567,668483000.0,0.9999054015930503,0.06106950046813388,267.81081081081084
CIK0001056516,1056516,,28,-0.020505758046903248,0.07478129288874345,-0.27420972885374495,,-0.10168693809890918,183733000.0,0.9621578856412739,0.15216314417689178,103.32142857142857
CIK0001056549,1056549,,43,-0.05155718471387765,0.07083374781871776,-0.7278618779902817,-0.9080821570212175,-0.6870606023602218,1561802000.0,0.9771539553254893,0.08874367890259166,119.74418604651163
CIK0001056559,1056559,,51,-0.05479192490455344,0.04848262023143356,-1.1301353895631447,-0.9540815426170763,-1.2654921146624487,1259388000.0,0.9608047423894983,0.0551901010398316,286.0980392156863
CIK0001056807,1056807,,27,0.017750892216512788,0.21055384142470854,0.08430571532788526,,0.012928320493411015,2563130000.0,0.9998555228822348,0.21631195348853127,59.888888888888886
CIK0001056821,1056821,,39,-0.045084092397536905,0.07928809794230042,-0.5686110975850159,-0.773033984485325,-0.3567948036855052,122124000.0,0.9999482180388001,0.06553053755897402,89.25641025641026
CIK0001056825,1056825,,48,-0.023449578367533797,0.033613067344446336,-0.6976328023218313,-0.3305938500988887,-0.9585623287183282,588639500.0,0.9673518526944106,0.08725135955617165,528.5833333333334
CIK0001056827,1056827,,51,-0.015468678946658673,0.07145899208537405,-0.21646931330552316,-0.08864853157697325,-0.30797012551699915,651397000.0,0.9831569397878381,0.05300698387023831,52.568627450980394
CIK0001056831,1056831,,28,0.10954954512748075,0.2700734303781585,0.4056287394627362,-1.0454040342477795,0.73522114869155,1254748500.0,0.9995381949600776,0.06520250154724692,18.392857142857142
CIK0001056859,1056859,,15,-0.031375442286896,0.06164405640299647,-0.5089775741032012,,-0.6313926976517978,1191402000.0,0.9997282326579575,0.09069541068452683,248.93333333333334
CIK0001056958,1056958,,34,-0.06430435528538803,0.07507680637424861,-0.8565142603845683,-0.6399117992168922,-1.3341770311493868,368108000.0,0.9999874993976071,0.20067402896026348,72.82352941176471
CIK0001057395,1057395,M&R CAPITAL MANAGEMENT INC,43,-0.032178686313286624,0.03766219942579046,-0.8544027380817909,-1.257950339308792,-0.4693515287249426,401644000.0,0.9878922765968301,0.07774244163883028,458.4186046511628
CIK0001058231,1058231,,41,-0.08113611420828382,0.07572087505536722,-1.0715158025684983,-1.289893043788391,-0.8471957775071027,1029099000.0,0.9999415984327484,0.15099750595951286,76.60975609756098
CIK0001058470,1058470,,35,-0.06519992014746645,0.040444437841813896,-1.6120862008084256,-1.797670551440944,-1.2619517411009251,1322502000.0,0.9999424813944529,0.219567801875229,292.42857142857144
CIK0001058949,1058949,,25,-0.026825934690574895,0.03463406959226105,-0.7745533517961176,-0.841921656196514,,702618000.0,0.999987256598725,0.06503675944139413,146.44
CIK0001059187,1059187,,45,-0.020432638188072286,0.024280677445400738,-0.8415184556664671,-1.269558241183216,-0.5279009451330967,986999000.0,0.9311099787963051,0.11520427373362635,287.44444444444446
CIK0001061304,1061304,FIRST NIAGARA BANK,13,-0.02955034266174048,0.02629054949344754,-1.1239910625244787,-1.1239910625244787,,468268000.0,0.9999997474897143,0.05594169957524777,220.92307692307693
CIK0001063571,1063571,,51,-0.040770318074021254,0.07101546154952496,-0.5741048101819423,-0.8173490044646475,-0.47977810507816215,2446638000.0,0.9731583551683612,0.05384513916149695,181.92156862745097
CIK0001067324,1067324,,51,-0.03383862693990748,0.057824027433841144,-0.5852001052236158,-0.19328407691082325,-0.836253613393489,1045176000.0,0.9869393993334049,0.057739727226336655,122.92156862745098
CIK0001067532,1067532,,51,-0.032184328923114146,0.041405376324986025,-0.7772983070833233,-0.5150717242707633,-0.9843096968164776,518064000.0,0.9545012377680929,0.07687256212749301,108.27450980392157
CIK0001067926,1067926,,47,-0.08679480702427919,0.09963209884577706,-0.8711530523600498,-0.9733413001402845,-0.8027519710524014,1766408000.0,0.998439296452114,0.12716713921592818,41.808510638297875
CIK0001067983,1067983,,48,-0.018698226088823145,0.07093579170259218,-0.26359367590751337,-1.3471773593820262,0.24505148655233505,200947437000.0,0.9869519504726415,0.06380862018168877,45.791666666666664
CIK0001068840,1068840,,17,-0.04152917645666411,0.02845216614239794,-1.4596138742441918,-1.4596138742441918,,130198000.0,0.9999995964658862,0.06497627883035301,40.05882352941177
CIK0001068855,1068855,"Asset Management One Co.,Ltd.",51,-0.034709769445762886,0.037585672953358955,-0.9234840490148515,-1.017479801162848,-0.8210637286255611,22461061835.0,0.9207754953431535,0.08360324114792532,1077.9803921568628
CIK0001070134,1070134,,50,-0.02868395036001291,0.03505604647207673,-0.8182311824929871,-0.9665775465071941,-0.6730895029310121,8290543594.5,0.9673133031566253,0.05181321581223967,209.12
CIK0001072843,1072843,,34,-0.03660141947096154,0.0516290547270095,-0.7089306527705186,-0.7792747702407855,-0.6372213014820476,476017000.0,0.9718468722407229,0.0776689304178573,48.14705882352941
CIK0001074027,1074027,,28,-0.03851784003687924,0.062391609060983504,-0.6173560934771852,-0.6491930310405892,,559291000.0,0.9999318412509288,0.10074293208919118,100.39285714285714
CIK0001074266,1074266,,40,-0.049730004541980156,0.04771512486662092,-1.0422272744524304,-1.1831223589152435,-1.0030032898246624,521439000.0,0.9356262295961251,0.08624393690078373,250.9
CIK0001074272,1074272,,43,-0.019584551376026414,0.03830621807547122,-0.5112629844172621,-0.4803797214877243,-0.5404259776589169,1609193000.0,0.9959092512294013,0.08468879412151019,370.86046511627904
CIK0001074273,1074273,,51,-0.045570090039909084,0.06760529871019207,-0.6740609228561976,-1.3077801696006157,-0.456229169894771,365161000.0,0.991856688131406,0.11602325381859811,78.92156862745098
CIK0001076964,1076964,,37,-0.02522547187615891,0.05187862444700288,-0.48624018358381416,-0.5986133104085689,-0.21544422030336768,559718000.0,0.9999577977472995,0.1018112900022677,53.08108108108108
CIK0001077583,1077583,,41,-0.02069028134075928,0.0434129766648916,-0.476592091335181,-0.9951138801886062,-0.31597424601716684,2757544000.0,0.9604375235568254,0.11139448248288865,142.70731707317074
CIK0001078013,1078013,,13,-0.09300226244126832,0.042612417000946756,-2.182515543176933,,-2.149517648524503,4553721000.0,0.9997387361976126,0.1331719824682797,534.4615384615385
CIK0001078246,1078246,,14,-0.09991020765981658,0.06777259249618393,-1.4741978132604832,,-1.3913117334533116,491497488.5,0.9028336238560446,0.08374860608043617,83.28571428571429
CIK0001078635,1078635,,31,-0.0231677842643837,0.054216168865426906,-0.4273224159574085,-0.24522145173689863,-0.6295098989000643,562271000.0,0.9566118854037675,0.06469600919921799,76.70967741935483
CIK0001078658,1078658,HOWARD CAPITAL MANAGEMENT,25,-0.02690771770804947,0.042220734776114204,-0.6373105027531999,-1.5954768339493441,,525295000.0,0.9999341483765507,0.06470710212002313,101.32
CIK0001078841,1078841,,41,-0.09691382852583798,0.06645014028128579,-1.458444302941746,-2.0158004009902792,-1.1180658355457727,568018000.0,0.9989424179131287,0.0729637641212267,29.21951219512195
CIK0001079112,1079112,,51,-0.045996452259615586,0.05326898863524237,-0.8634752308298514,-0.7043216750255449,-0.9815187275311941,1317504000.0,0.9557703378568786,0.06583211334167138,223.5686274509804
CIK0001079397,1079397,,28,-0.027762944578823497,0.04493757173491001,-0.6178114104910585,-0.8272996653978903,,114112923.0,0.9664401867922112,0.1385164304593511,90.42857142857143
CIK0001079398,1079398,,20,-0.016018790125030748,0.030649677271807087,-0.5226413962511849,-0.5226413962511849,,33110000.0,0.9999984558254761,0.09057133188577005,45.9
CIK0001079736,1079736,,50,-0.03900780407921306,0.041126750604407396,-0.9484776575841563,-1.067279466120799,-0.8638768148078567,1868101500.0,0.9493248055880678,0.06340135032622653,515.68
CIK0001079738,1079738,,50,-0.0037540921768266762,0.06018105257009093,-0.06237996871739068,-0.5993713699886614,0.21206801771539138,227417500.0,0.9624814434638346,0.0879152006989277,72.72
CIK0001079930,1079930,,41,-0.04323792390424527,0.0518729723735861,-0.8335347277033059,-1.4073115165780714,-0.4929091626494976,160743000.0,0.999902334180943,0.07548262546627538,104.53658536585365
CIK0001080071,1080071,,40,-0.015443188323015711,0.02929251974241248,-0.5272058688621857,-1.0204386440597666,0.3906094426197291,214483500.0,0.9998906508064664,0.08098898577819347,136.025
CIK0001080114,1080114,,22,-0.017738527411181607,0.028793054045655873,-0.6160696736727639,-0.5932292117593585,,1629210500.0,0.9999318062842988,0.17240194542620446,552.4090909090909
CIK0001080132,1080132,,50,-0.04583181497088264,0.051525726116088647,-0.8894938203460445,-0.7034377730385872,-1.0314389369467434,152865000.0,0.9736041860505565,0.0961782890119743,78.04
CIK0001080166,1080166,,51,-0.04890789207155473,0.05650532305983256,-0.8655448623492671,-1.5380061316631195,-0.5276409212937077,271792000.0,0.9682461788333808,0.05556206440559401,113.09803921568627
CIK0001080173,1080173,,51,-0.054173800159991056,0.05700633179964004,-0.9503119819828946,-1.3542163579672852,-0.8292735684887109,159360000.0,0.9708650566123936,0.05780967194811325,82.74509803921569
CIK0001080197,1080197,,51,-0.04704275924730237,0.08298182158680138,-0.5669043935961381,-0.8152597059433848,-0.48027051097366136,186090000.0,0.9741051759977428,0.04880077040038018,112.68627450980392
CIK0001080201,1080201,,51,-0.03457109255999767,0.05018454891498542,-0.6888792129462933,-0.8197129302567493,-0.6450087572665455,217352000.0,0.9662722089090071,0.09728914303202332,65.49019607843137
CIK0001080351,1080351,,51,-0.02253771176159333,0.04733404082468133,-0.4761417231230602,-0.7943295880624431,-0.16817400137264019,310669000.0,0.9608931239969837,0.13401614403460407,94.7843137254902
CIK0001080366,1080366,,21,-0.04054509099234654,0.02734306213933193,-1.4828292011617215,-1.4828292011617215,,421852000.0,0.999995437104357,0.05957010418270291,235.8095238095238
CIK0001080369,1080369,,43,-0.05015048596873926,0.07310566267286384,-0.6860000187917409,-1.1089492156138552,-0.5062679240867053,1019189000.0,0.991166423497866,0.08720765174294523,170.51162790697674
CIK0001080381,1080381,,38,-0.0390275378496867,0.0512232816090047,-0.7619101436348058,-1.2101180068809578,-0.220059570537514,221867000.0,0.9999042983782473,0.0918036881806284,161.07894736842104
CIK0001080382,1080382,,50,-0.034159156775497676,0.06442781971987865,-0.5301926547096514,-0.6625973468779789,-0.48028772964922317,341276000.0,0.9860293922773244,0.08686671318411632,71.58
CIK0001080386,1080386,,29,-0.019735865910690365,0.04146591788330178,-0.47595391389336744,-0.6046836783513669,,5767625000.0,0.9999379896422956,0.3898322845719037,351.3448275862069
CIK0001080493,1080493,,50,-0.009173684254307842,0.030550942728232784,-0.30027499757739695,-0.8844708184582974,0.11653008034857643,694216000.0,0.9590741282558879,0.08430398682185807,190.76
CIK0001080523,1080523,,46,-0.03619758763025144,0.04271256662861901,-0.8474692692502063,-1.25551781732508,-0.49418797081778904,175390000.0,0.9846845480801069,0.09631954325782068,74.02173913043478
CIK0001081019,1081019,,51,-0.015093087448159617,0.02209032015466252,-0.683244395786065,-0.9555443107875587,-0.38824962281639164,51258805000.0,0.918132943787065,0.06041000212585188,3040.294117647059
CIK0001081668,1081668,,43,-0.04187775133325247,0.10315562012370183,-0.4059667450229247,-0.5835534189779987,-0.2865557519938149,143962000.0,0.9908877306645063,0.24583169049263556,38.41860465116279
CIK0001082020,1082020,,27,-0.054570372124005256,0.06451307664699575,-0.8458807881836579,-1.2691253938899245,,585936000.0,0.9999496128600615,0.0727986547104628,237.07407407407408
CIK0001082215,1082215,,51,-0.017042651963337846,0.033344717284296416,-0.5111050070393555,-0.8511437208497442,-0.3383001416873156,1252044000.0,0.9536530992390685,0.05810026551885181,172.23529411764707
CIK0001082461,1082461,,50,-0.05208027279975495,0.06475630949305887,-0.8042501681435205,-0.8348634162990182,-0.7979492154718363,900674000.0,0.9633653140812535,0.067021596477759,177.02
CIK0001082482,1082482,,18,-0.055157374556310035,0.029139993381572946,-1.892841011673113,-1.892841011673113,,404334000.0,0.999998622235774,0.053578856685150576,185.66666666666666
CIK0001082509,1082509,,51,-0.051056969753212854,0.06565417862794597,-0.7776651969251036,-0.9623122149732168,-0.6898695562740438,888615000.0,0.9727002580432381,0.07364604428645778,115.62745098039215
CIK0001082970,1082970,,20,-0.018374256759981188,0.01791232842718746,-1.0257882905966056,-1.0257882905966056,,4305742500.0,0.999995203271671,0.045942166432516134,504.35
CIK0001083190,1083190,,34,-0.06143234935242833,0.05136113562872094,-1.196086274145454,,-1.0386412334097737,9155712000.0,0.882442784744625,0.11068820574041442,1616.5882352941176
CIK0001083323,1083323,,44,-0.06371560877582137,0.05817552640767128,-1.0952304638747385,-1.3364310189040778,-0.968461461415644,207395847.0,0.9945289717417253,0.06006649527270955,116.36363636363636
CIK0001083340,1083340,,39,-0.02544943739964104,0.06411501190234863,-0.3969341444965859,-0.4700659015239077,-0.31054494494993506,995111000.0,0.9998843525725039,0.047200485696318795,211.51282051282053
CIK0001084207,1084207,,51,-0.01643574875512167,0.0559220206658297,-0.2939047723748773,-0.24176408704032268,-0.33393564251895047,207134000.0,0.9738660139826806,0.08522193149862936,58.05882352941177
CIK0001084683,1084683,,42,-0.058698399460128545,0.0533069762193856,-1.1011391682835694,-1.3299945926399588,-1.0454229405663429,320761000.0,0.9995847847886549,0.07267868705638411,67.16666666666667
CIK0001085041,1085041,,37,-0.04498488169981794,0.060762674341151325,-0.7403374223749628,-1.0818370996058626,-0.41151623956057554,34406000.0,0.9999365541242146,0.09420776971765436,126.94594594594595
CIK0001085227,1085227,,49,-0.018927765586818128,0.060384689878918305,-0.313453056133014,-0.2025392638286078,-0.37825565811812867,500922000.0,0.976430175155373,0.04984574323087205,73.53061224489795
CIK0001085601,1085601,,50,-0.07350296930744778,0.10932688137830089,-0.6723229308239642,-0.5386700660183971,-0.7686792979349294,3689105500.0,0.998535151075417,0.11035360264335307,48.18
CIK0001085635,1085635,,15,-0.028752472440920666,0.021750201725465663,-1.3219404951363136,-1.3219404951363136,,25039325000.0,0.9999993538490358,0.062437917796508806,1332.8
CIK0001086555,1086555,BREMER TRUST NATIONAL ASSOCIATION,23,-0.052093204819158814,0.04734140222323924,-1.1003730850918108,-1.1003730850918108,,346384000.0,0.9999899220249034,0.10008559598240495,256.7391304347826
CIK0001086763,1086763,,19,-0.0490150458358025,0.06652854561669339,-0.736752102123665,-0.9524290254009322,-0.4824529378900933,1687225000.0,0.9893250220046798,0.1170933621838751,300.8421052631579
CIK0001088731,1088731,,51,-0.016361091467383786,0.0497486974708652,-0.3288747705667618,-0.8778962243156034,-0.04480980598014126,193058000.0,0.9718174226515247,0.13318096011711988,170.8235294117647
CIK0001088859,1088859,,38,-0.016442959146701516,0.04429618860435752,-0.37120482967109214,-0.6279717543894813,-0.001711920692410745,422518500.0,0.9999247675435374,0.042089365351525354,105.92105263157895
CIK0001088950,1088950,,46,-0.05006868911827706,0.056102837420990356,-0.8924448640766864,-0.9893499713027178,-0.8389283921123969,1712248500.0,0.982105546171114,0.06625374696076294,878.6739130434783
CIK0001089212,1089212,,24,-0.04303852931748257,0.04955230662967278,-0.8685474449734951,-0.830148171609049,,861477500.0,0.9999958588893243,0.20909772594574838,86.20833333333333
CIK0001089911,1089911,,32,-0.021561689306145843,0.02695964526874147,-0.7997764469677991,-1.043963523761208,0.2152391096420024,719042500.0,0.9999165558120247,0.062289798253403875,294.90625
CIK0001090413,1090413,,36,-0.062385429345722346,0.0936379682843654,-0.6662407406676537,-0.9972291614955939,-0.3920467851141885,794598000.0,0.9999124480564406,0.09816739172303489,132.88888888888889
CIK0001091860,1091860,,18,-0.029810718517324048,0.031162810617447058,-0.956611997594362,-0.956611997594362,,420070500.0,0.9999991462750744,0.4783474504708335,234.11111111111111
CIK0001091923,1091923,,51,-0.05635497412686563,0.06237432721859722,-0.9034963042977099,-1.0384781516340102,-0.8395690164427727,141310000.0,0.9778356746232989,0.048091270458795875,45.09803921568628
CIK0001092203,1092203,,29,-0.048486839249750245,0.05277802958216721,-0.9186936236872271,-1.0523347851752443,,1097823000.0,0.9999306573704426,0.1711028859517309,434.7241379310345
CIK0001092290,1092290,,51,-0.030610526335965657,0.04541473339180844,-0.674021931837189,-0.7326264934776442,-0.6419831950469952,791759000.0,0.9718310617467941,0.08674220356653807,147.9607843137255
CIK0001093255,1093255,,18,-0.04708104842537661,0.030394917918592522,-1.5489776464729077,-1.5489776464729077,,4433173000.0,0.9999989624981028,0.10517046147735912,235.33333333333334
CIK0001095836,1095836,,51,-0.03676235431586414,0.05667624606460326,-0.6486377780324891,-0.9334911868622494,-0.4363695567806922,256112000.0,0.9578612810323457,0.057161392215945496,108.54901960784314
CIK0001096343,1096343,,51,-0.02208653041616166,0.04412254436554674,-0.5005724563882329,-0.3978915289803643,-0.5931389518504933,5929519000.0,0.9707707328634213,0.05453318537021965,125.74509803921569
CIK0001096783,1096783,,50,-0.03686928212795964,0.04725677045081155,-0.7801904737602756,-0.8234005818100053,-0.7412041729426194,432877000.0,0.9642455975463965,0.0587327759363924,123.0
CIK0001101250,1101250,,51,-0.0499484255961235,0.05705011462598908,-0.8755184090658873,-1.1160721098102993,-0.7681438409791602,115185000.0,0.9565916780030108,0.06517091095786791,139.7058823529412
CIK0001102256,1102256,,51,-0.04074273327371649,0.062131272343804646,-0.6557524373065186,-1.0460328050888612,-0.45521139667303834,192424000.0,0.962760466308482,0.05739423243921386,126.66666666666667
CIK0001103245,1103245,,50,-0.028140830860722367,0.03908017966581844,-0.7200793624778457,-1.0926167872933201,-0.6069771220102773,169604500.0,0.9676293785427726,0.07335543125510853,87.46
CIK0001103804,1103804,,47,-0.011706152886813112,0.08243789673607106,-0.14199965489181426,-0.15834853665512505,-0.14253084080360767,23138993000.0,0.9765979325082675,0.3181717600028875,72.40425531914893
CIK0001104366,1104366,,51,-0.023901103425462332,0.041022641576819535,-0.5826319931040899,-0.5388354160619266,-0.609524141877347,602843000.0,0.9745706412826647,0.04536702317807967,72.7843137254902
CIK0001105344,1105344,,51,-0.03691260189310329,0.047587063560181886,-0.7756856408017212,-0.7829436667188584,-0.831958806680547,555664000.0,0.9836248142949016,0.06568140836355685,76.07843137254902
CIK0001105468,1105468,,28,-0.045484479105059074,0.038738449904002395,-1.1741429823708927,-1.435452080796905,,223622000.0,0.9999759862329692,0.2518448468929539,56.714285714285715
CIK0001105471,1105471,,51,-0.002009113232639252,0.09377223782878309,-0.021425458953691624,0.058572731725782166,-0.05230236689588286,155177000.0,0.9819637674274344,0.04286175486390034,42.627450980392155
CIK0001105837,1105837,,40,-0.06940440940643915,0.07066729416668535,-0.9821291479021165,-1.447294368817545,-0.7681873333843301,729493000.0,0.976875147672847,0.06509469557168081,450.45
CIK0001105863,1105863,,50,-0.042203264474165315,0.06987445952034387,-0.6039869898481277,-0.9187869227528087,-0.4963780337768986,501281000.0,0.9652325620583802,0.055784999028662054,156.82
CIK0001105871,1105871,,16,-0.03945726545612779,0.025932367627744497,-1.5215450443819174,-1.5215450443819174,,387694000.0,0.999999538241969,0.06760794153807262,119.5
CIK0001105909,1105909,,50,-0.033000615298484755,0.05113026113097085,-0.6454223891535072,-0.8931552863213886,-0.4803815962291735,87268500.0,0.9647065426974862,0.08260139246376268,85.48
CIK0001106129,1106129,,23,0.014722537044724893,0.04164317909189334,0.35354018029050627,0.35354018029050627,,6687040000.0,0.9999968334349106,0.05144400619779743,93.21739130434783
CIK0001106191,1106191,,43,-0.056247603194720754,0.055870532516738125,-1.006749008090377,-0.7902768772098235,-1.2746140775946229,3763039000.0,0.993129198627101,0.1504627129527386,91.88372093023256
CIK0001106505,1106505,,32,-0.04453917953454791,0.05555902707358257,-0.8016551383082493,-0.8112340735744896,-0.7317006800542124,465472000.0,0.9999245567860064,0.09274372330283674,116.78125
CIK0001106544,1106544,,22,-0.04405050996482505,0.039832426390747286,-1.1058957225072736,-1.1058957225072736,,155082500.0,0.9999987052220866,0.06102967308541181,43.68181818181818
CIK0001106832,1106832,,28,-0.01795948710148885,0.0450927933590055,-0.3982784334895412,-0.5281931643163219,-0.2793987527085353,2877118500.0,0.9957548013991487,0.29719878593446114,337.35714285714283
CIK0001107310,1107310,,40,-0.04720537342732807,0.06816613277896576,-0.6925047894239553,-0.5090139273310306,-0.8162172212937555,6211618140.5,0.9922719788164335,0.2274253776426611,54.15
CIK0001107314,1107314,,51,-0.02248399953807348,0.029104059280486635,-0.7725382675949682,-0.9916885037479901,-0.6295659991028116,6195490000.0,0.9203639053425283,0.10411267711326032,1347.5686274509803
CIK0001108893,1108893,,51,-0.05419742452215815,0.06358881968847405,-0.8523105914840124,-1.4727080314984864,-0.4688635728528705,421803000.0,0.9748008036309448,0.09093020493061824,42.411764705882355
CIK0001108965,1108965,,51,-0.04754237673048983,0.0665329720004389,-0.7145686612157816,-0.7808245299471039,-0.7001812169074201,307732000.0,0.9684690746644143,0.048905593429327536,105.13725490196079
CIK0001109147,1109147,,12,-0.04931810790413645,0.045168929258113465,-1.0918591321952573,-1.0918591321952573,,3491663500.0,0.9999979980742513,0.226299581024894,138.5
CIK0001109228,1109228,,51,-0.057875414709649964,0.06762962650473997,-0.8557701365374553,-1.0053083455111216,-0.7621377984763932,1719134000.0,0.9494021660129228,0.06124502271303016,424.4313725490196
CIK0001110806,1110806,,51,-0.0189887461323606,0.03800294213529717,-0.4996651591805179,-1.183489002966506,0.036918956785254205,1217013000.0,0.9566004979640004,0.1258420041902427,204.37254901960785
CIK0001112520,1112520,,40,0.01504586628651749,0.06774735465378977,0.22208787875131672,0.6188607011803994,-0.14960157547957126,7908291500.0,0.9999196543948919,0.056315034187959016,28.8
CIK0001113000,1113000,,51,0.0007379918988778272,0.08470779354443193,0.00871220779081328,-0.5825726755940283,0.20910858924533374,4594414000.0,0.9833782576976937,0.1479540687790574,28.764705882352942
CIK0001114039,1114039,,15,-0.05821233715107906,0.03777224223500252,-1.5411406287671474,-1.5411406287671474,,186778000.0,0.9999973075889304,0.15134015768088663,77.46666666666667
CIK0001114618,1114618,,39,-0.008623807581297743,0.02076534329450671,-0.4152980982861237,-0.7663772901326852,0.26463986434391873,11243615000.0,0.9998101728859812,0.06274211405181129,610.4615384615385
CIK0001114702,1114702,,51,-0.027975373753199105,0.042685589231971986,-0.6553821618780531,-0.9184131654360436,-0.4012447781236565,330490000.0,0.9547019150061195,0.14638530887007403,143.68627450980392
CIK0001114928,1114928,,51,-0.002523098025685712,0.05678063762622932,-0.04443588749752463,0.029030170570961817,-0.09720022612284022,1739728880.0,0.9874477868568365,0.06700262333852407,73.41176470588235
CIK0001115055,1115055,Pinnacle Financial Partners Inc,49,-0.060856786361001544,0.06763462696078149,-0.8997874179817729,-0.9903789045670871,-0.8771473631408458,1332158000.0,0.9561651732228593,0.08328239396065029,381.6530612244898
CIK0001115373,1115373,,51,-0.012761643609307828,0.09718352513417014,-0.13131488687436127,-0.5466672211561847,0.12633237035738526,174603000.0,0.9959972879355293,0.07129853198635161,31.313725490196077
CIK0001116247,1116247,,39,-0.013377158105054795,0.03233225762427716,-0.4137403041779203,-1.0480615602015544,-0.11464675051971551,240597000.0,0.949972408349876,0.13162914746610999,176.25641025641025
CIK0001119254,1119254,,51,-0.04768478082779552,0.06708098635361111,-0.7108539009102816,-0.802046153309457,-0.6786497590725414,669947000.0,0.9606575067474281,0.08042173827130254,147.19607843137254
CIK0001120926,1120926,,46,-0.026824445469833674,0.037322799440576204,-0.7187147231842832,-1.1492416799283145,-0.2507922602105374,2619665000.0,0.9918926282579266,0.12578622181945961,177.2826086956522
CIK0001121477,1121477,,37,-0.04433830157945065,0.0682423427736627,-0.6497183387329873,-0.9709560646965436,-0.5063125186691253,228466000.0,0.9401607631520152,0.09262455161848332,237.54054054054055
CIK0001121908,1121908,,51,0.014268689315745132,0.07357323278997037,0.1939385938917501,0.086719038514134,0.25192112079550455,266447000.0,0.9744214235389896,0.04517568755080206,75.37254901960785
CIK0001123798,1123798,,14,-0.04045971516798288,0.05538175173971137,-0.7305604083575818,-0.7305604083575818,,165478500.0,0.9999999176433677,0.24387601117493704,61.785714285714285
CIK0001124841,1124841,,51,-0.03916520542424602,0.049694639307440516,-0.7881173094017364,-0.8779060488026448,-0.6924119059126445,363306000.0,0.9771456914371299,0.06134585891701418,68.52941176470588
CIK0001125727,1125727,,25,-0.04880231429106908,0.057271468304159606,-0.8521226316424009,-1.4303463476766445,,465105000.0,0.9999359489246133,0.09057173898588367,528.04
CIK0001126395,1126395,,47,-0.04818479024005884,0.055998571581428194,-0.8604646311070958,-1.21614309649476,-0.6645503110833599,1491802000.0,0.9813455509866521,0.09655748443400484,230.17021276595744
CIK0001126735,1126735,,51,0.00720797311210758,0.04923759211138943,0.1463916654475774,0.04816470873071709,0.20783239420353378,767755000.0,0.9602967733507564,0.05039105069124975,119.94117647058823
CIK0001127990,1127990,IMPAX ASSET MANAGEMENT LLC,21,-0.04383402281369457,0.03384042038115125,-1.2953155521530997,-1.2953155521530997,,1733685000.0,0.9999966411858274,0.1781969606300245,191.38095238095238
CIK0001128213,1128213,,51,-0.05677299543536922,0.0632373509903215,-0.8977763069528766,-1.0305244123318604,-0.8321635991065375,312930000.0,0.9556568868227929,0.057365986103587174,150.0392156862745
CIK0001129919,1129919,,38,-0.020747462777999652,0.04157223538475481,-0.49907017472074483,-0.9085252403150188,-0.017797087588491748,2203771500.0,0.9998190587062489,0.10884982878421715,1344.7631578947369
CIK0001132356,1132356,"Windsor Financial Group, LLC",17,-0.06316192519996104,0.04555117516062524,-1.386614614759389,-1.386614614759389,,211467000.0,0.9999994592108417,0.08692648070109452,75.88235294117646
CIK0001132699,1132699,,50,-0.02602016087421143,0.04642579222523461,-0.5604677836590004,-0.740085177616995,-0.44636650652517645,531233500.0,0.962732739134852,0.16340484174946557,164.28
CIK0001132708,1132708,,48,-0.06836117685273567,0.0714089428005843,-0.9573195480813318,-1.0609053141172924,-0.968860678837742,249595000.0,0.9814838476923854,0.05393496866384908,121.625
CIK0001133014,1133014,,51,-0.009345703876410871,0.0327206999344263,-0.28562053668071974,-0.8703645480084276,0.16281349279947166,261831000.0,0.9420433012083246,0.08778880706392156,313.8235294117647
CIK0001133219,1133219,,48,-0.020313250431783204,0.08380914749284674,-0.24237509912664637,-1.3910430124049205,0.20915799118261885,300472000.0,0.9875418519232436,0.11659921208770521,41.416666666666664
CIK0001133999,1133999,,37,-0.028352626951783408,0.04880534805499557,-0.5809327887319401,-0.907859417849661,-0.2245246349977358,465094000.0,0.9999197701037799,0.09024086297796247,150.16216216216216
CIK0001134008,1134008,,51,-0.03248975472579158,0.04341168690811523,-0.7484103253822474,-0.7689450640127866,-0.7302753379174445,1161968000.0,0.9454625441790572,0.05312354552877534,873.4313725490196
CIK0001134152,1134152,,51,0.0010247680534678962,0.03547767674277455,0.028884869233125103,-0.931304038810842,0.8150598145982508,535344299.0,0.9530232305004237,0.0755941383026503,148.2156862745098
CIK0001134288,1134288,,51,-0.026094731615588444,0.04955908104239848,-0.5265378426248656,-0.1124053375305669,-0.8664773697954093,493635000.0,0.9653104442082958,0.2862970721059413,94.15686274509804
CIK0001134319,1134319,,14,-0.04589184405903576,0.02298931020286928,-1.996225360833818,-1.996225360833818,,82552500.0,0.9999998894881198,0.06053060412683745,44.785714285714285
CIK0001134687,1134687,,51,-0.05036798590955486,0.06166889637403553,-0.8167486183379764,-1.0416603702169651,-0.7507879169015076,173590000.0,0.9797875884003445,0.13417341602572694,154.92156862745097
CIK0001134813,1134813,,48,-0.02959078258961402,0.049128533639830635,-0.6023135720952775,-0.854881270437473,-0.420318286416504,2060487500.0,0.9589299002667718,0.6181759515653689,548.6458333333334
CIK0001135077,1135077,,45,-0.03664357087610378,0.05306687997000497,-0.6905167761028125,-0.9271480873326592,-0.5105213806447898,889367000.0,0.9934797313577206,0.04758585804136553,187.95555555555555
CIK0001137429,1137429,,50,-0.05090737958269216,0.06720590400984668,-0.757483740918335,-0.8904047061495003,-0.6999087363071312,263402506.0,0.9575564065252098,0.088511670050153,217.48
CIK0001137881,1137881,,51,-0.04348106615455521,0.046561035907947856,-0.9338509185803014,-1.189170456293107,-0.7376835664418318,3405330000.0,0.9443540862528633,0.061268313431762034,1392.4313725490197
CIK0001140022,1140022,,51,-0.016654093417127896,0.02089148650063488,-0.797171298223678,-0.963544045734043,-0.6235870901674331,16953557000.0,0.9213628175818837,0.08242126011554778,827.4901960784314
CIK0001140334,1140334,,50,-0.04917428940589364,0.05540441743123843,-0.8875517816814515,-1.1427925511121642,-0.8197275551231022,1369363500.0,0.9389800713050355,0.10202781733934219,325.74
CIK0001140436,1140436,,51,0.009801565668527717,0.06326408389471903,0.15493096658965516,0.37353183609494667,0.0009043082808533929,2919417000.0,0.9918240055536939,0.06136523903950195,29.92156862745098
CIK0001140468,1140468,,38,-0.036807422600860736,0.05237031010112712,-0.7028299532383885,-1.0039812329293882,-0.3290910136222574,496893500.0,0.9999060967724513,0.09725228224948823,122.71052631578948
CIK0001140771,1140771,,41,-0.03129311833924369,0.04176111659621492,-0.7493362459705236,-1.1946655368213637,-0.3345435150423881,928145000.0,0.9999019678370075,0.08520306757603643,138.0487804878049
CIK0001141781,1141781,,50,-0.03591775585637405,0.05266097060892262,-0.6820564725581455,-0.7949056551425923,-0.6318696198752374,1156066000.0,0.9741633798335328,0.045319109704721694,104.78
CIK0001142062,1142062,,30,-0.04140877298926935,0.08592073107098482,-0.4819415811778293,,-0.3519597882908318,373000500.0,0.9821269859430097,0.11434502204124167,86.26666666666667
CIK0001142433,1142433,,49,-0.0282914742684712,0.045908604764069834,-0.6162564602568991,-1.2118852330141197,-0.3442894340079819,1937011000.0,0.973524175272592,0.2820875474740458,263.83673469387753
CIK0001142941,1142941,,20,-0.06688126957191316,0.058234411679101566,-1.148483648090459,-1.0810157356481078,,608202500.0,0.9999921712456725,0.20489641393112837,269.5
CIK0001144492,1144492,,28,-0.02658679356212127,0.02042493327540363,-1.301683251594001,-1.0937664909813014,,646585000.0,0.999943217388567,0.10400174714532527,318.25
CIK0001145255,1145255,,47,-0.04394425338802975,0.08059004113287133,-0.5452814363810402,-0.9922567291019002,-0.24470188537478735,2709047000.0,0.98026461505014,0.16898230056436464,287.0
CIK0001145935,1145935,,16,-0.033296542359355814,0.03091220192763551,-1.0771326622137014,-1.0771326622137014,,3157167000.0,0.9999993193271031,0.14500740745035812,611.625
CIK0001157765,1157765,,32,-0.027884983307303022,0.04527999378924991,-0.6158345214413795,-1.1929479843783892,0.34002414865977454,9514160000.0,0.9998815975781604,0.14617044576594337,455.75
CIK0001158274,1158274,,34,-0.04164377231160196,0.04242066980450921,-0.9816858739277136,-0.996303456648422,-0.9597097598269255,287893500.0,0.9998857052519537,0.04990724468904964,441.88235294117646
CIK0001159457,1159457,,16,-0.048531997813073616,0.03560002336845173,-1.3632574705935592,-1.3632574705935592,,153127500.0,0.9999995250395126,0.14486775137071906,267.9375
CIK0001160099,1160099,,35,-0.030503487726176788,0.040522436285470954,-0.7527555231324553,-1.224748775335714,0.2515458251675758,166940000.0,0.9999676779064478,0.09304606699646173,52.02857142857143
CIK0001160106,1160106,,23,-0.02423631420911907,0.042281690604305804,-0.5732106228861275,-0.5732106228861275,,12333000.0,0.9999968015052323,0.16641537363438108,192.17391304347825
CIK0001160841,1160841,,17,-0.05432978735697357,0.03702629156158465,-1.467329971830258,-1.467329971830258,,154418000.0,0.999999709796473,0.17660580121065134,62.0
CIK0001161670,1161670,,48,-0.021174434801140687,0.05188606663227351,-0.4080948157121212,-0.5326683977955203,-0.29188523562183966,1369769500.0,0.9493218202774222,0.08958886273720043,191.0625
CIK0001161822,1161822,,50,-0.06173705036212782,0.051558503648057134,-1.1974174188831295,-1.1632745671845168,-1.2455966803097154,431654000.0,0.9594349288893812,0.17874077145224385,190.22
CIK0001161825,1161825,,24,-0.03239629575686332,0.04612338637019661,-0.702383287632843,-1.060462034914342,,112389000.0,0.9999769766969181,0.08132109788269011,74.625
CIK0001162170,1162170,,51,-0.0023035053513349056,0.09532999647412482,-0.024163489315892434,0.6318202986041779,-0.546956145298998,6067651000.0,0.967484641292845,0.031647887694273284,517.6078431372549
CIK0001162781,1162781,,51,-0.024060807298360028,0.06600124642523908,-0.3645508017016782,-0.2574240075692725,-0.43553296381667383,589960000.0,0.9863498341349198,0.048208563250855735,88.2156862745098
CIK0001162827,1162827,,51,-0.05732676918047918,0.08229633792706294,-0.69658955213649,-0.8390487009039551,-0.6550648751141023,418383000.0,0.9878121479232592,0.059612573955394946,53.431372549019606
CIK0001163902,1163902,,41,-0.08191566172689732,0.06658523658912956,-1.2302376010151488,-1.0387842738909105,-1.5152724323711944,625766000.0,0.9827678756926995,0.07658372684034648,244.4390243902439
CIK0001164478,1164478,,51,-0.04119266476243021,0.052876660853487176,-0.7790330194073805,-0.9276025740554479,-0.7136779319566134,746784000.0,0.962188071540385,0.0429330137352177,183.58823529411765
CIK0001164632,1164632,,38,-0.027948395217380274,0.04713824276856395,-0.5929027807297261,-0.8185053543284538,-0.3587027647331529,1116238500.0,0.9998848152575768,0.07001499357519611,264.8421052631579
CIK0001165002,1165002,,44,-0.0536652013938207,0.05689772584225578,-0.9431871062951908,-1.154910436150983,-0.8631841480730055,11422808000.0,0.9968743517805906,0.12766127896990068,396.1136363636364
CIK0001165408,1165408,,46,-0.020261966610335413,0.03389294082671423,-0.5978226177755989,-0.8988964308887254,-0.29359476384842126,40718964500.0,0.9212445057492679,0.17559582482634575,777.9782608695652
CIK0001165501,1165501,,13,-0.03894944916547772,0.046312558704427735,-0.8410126810823759,-0.8410126810823759,,2346366000.0,0.9999975680321704,0.5697273724443758,152.0
CIK0001165805,1165805,,38,0.00382867379742667,0.04399708568471475,0.08702107736610308,-0.1482826223964235,0.3290341499667961,847634000.0,0.9999040167668969,0.0810091572554512,110.21052631578948
CIK0001166309,1166309,,41,-0.058597534793564776,0.08417472570527806,-0.6961416779347843,-0.2827163775345758,-1.0337524724020317,1071515000.0,0.9868728899937298,0.23628229268215173,34.80487804878049
CIK0001166385,1166385,TRADITION CAPITAL MANAGEMENT LLC,24,-0.038439273335881145,0.0341851878850294,-1.1244423597410105,-1.1244423597410105,,307880000.0,0.9999907156004815,0.10065815785720371,152.125
CIK0001166559,1166559,,48,-0.021394826391710652,0.08839018178180863,-0.2420498064370965,-0.10398114400700051,-0.35428751018431426,21532308500.0,0.9916081305835481,0.08341912176140606,21.166666666666668
CIK0001166573,1166573,,51,-0.09874993981230283,0.13228463597090936,-0.7464959107762588,-1.2304113376727648,-0.48037705579523127,178848000.0,0.9999562065164943,0.08644786342456705,24.58823529411765
CIK0001166741,1166741,,16,-0.05840831306064605,0.04554065369162661,-1.282553242506931,-1.282553242506931,,219342500.0,0.9999961391406437,0.07560014272602084,51.875
CIK0001167026,1167026,PRINCETON CAPITAL MANAGEMENT LLC,45,0.009266283740210202,0.05332560473704294,0.1737680010485805,-0.4533646373774131,0.44538964947886495,223696000.0,0.9525346702626744,0.09495176862684894,124.28888888888889
CIK0001167553,1167553,,27,-0.012152544482591269,0.024014658356977765,-0.5060469443675469,-0.7745097270118542,,481192000.0,0.9999548265478357,0.08695352401063648,413.2962962962963
CIK0001168664,1168664,,13,-0.07109703105969752,0.0442235558888554,-1.607673323130469,-1.607673323130469,,5218925000.0,0.999999779248173,0.21830780652543275,38.84615384615385
CIK0001168889,1168889,,51,-0.013123781648038051,0.04942205716043578,-0.2655450299226525,-0.026800472235213584,-0.4099216744599344,241141000.0,0.9776013611873444,0.08140415995940571,82.25490196078431
CIK0001169318,1169318,,49,-0.05878102496005331,0.07496447688625314,-0.7841183904701433,-0.9213496701135845,-0.7259990005565282,147098734.0,0.9838930150943163,0.08317836231902419,138.42857142857142
CIK0001173329,1173329,,12,-0.04852159267250956,0.05521706295649762,-0.878742730466839,-0.878742730466839,,74891500.0,0.9999999642061597,0.1783460439111747,37.333333333333336
CIK0001175954,1175954,,51,-0.039093627119779456,0.054970244497350385,-0.7111779741172781,-1.3476147748149094,-0.4444144344992372,445637000.0,0.9499025998452375,0.10128672272098792,294.1372549019608
CIK0001177206,1177206,,48,-0.008279467389521112,0.0304634684598568,-0.2717834773111211,-0.8739051945682889,0.3534454467068811,18388283500.0,0.9715732043650199,0.18846281627998748,1254.1875
CIK0001179232,1179232,,51,-0.03311157207747615,0.11907956764158559,-0.2780625822944005,-0.7706074033421608,-0.09728672990181686,560887000.0,0.9954096219727337,0.0695711584909543,56.568627450980394
CIK0001179475,1179475,,51,-0.034169030548440206,0.06993926817458454,-0.48855287507683554,-0.7206335280260974,-0.3118736831082437,455701000.0,0.9919627243223744,0.33403067358120503,237.0392156862745
CIK0001179791,1179791,,39,-0.043470617353950504,0.06374533590920388,-0.68194192928098,-0.8656942979002654,-0.6038993247999408,263489000.0,0.9389424762903138,0.11456436533299366,252.46153846153845
CIK0001181544,1181544,,50,-0.0533515159706194,0.08296622029843792,-0.6430510607500556,-0.7295954470674988,-0.6410277377046605,139817000.0,0.9939088630999641,0.0807199381949115,33.24
CIK0001206792,1206792,,46,-0.033109328156909236,0.05392117202620919,-0.6140320566397905,-0.6981348688606721,-0.5584485775685196,1463002000.0,0.9911200108317313,0.06521125828625009,234.84782608695653
CIK0001211028,1211028,,49,-0.030319289377838718,0.03245688642026017,-0.9341404157930748,-0.8862998068429315,-1.009262084784146,4378984000.0,0.9470655353290088,0.10478083574141812,1149.8163265306123
CIK0001214717,1214717,,13,-0.02993798837990214,0.024790527784183104,-1.2076382010950146,-1.2076382010950146,,164522951000.0,0.9999995580934636,0.0556699425647216,3815.153846153846
CIK0001215838,1215838,,21,-0.03575726982049481,0.032621640179328164,-1.0961211521473837,-1.4682759059594166,-0.5042079223417261,2978870647.0,0.900941999510609,0.21163839729990644,275.3333333333333
CIK0001216093,1216093,,43,0.02392155671022063,0.09436330678263083,0.25350485824768476,-1.0383433762206191,0.8739581242410359,120965000.0,0.992380246519073,0.10897458141086239,56.41860465116279
CIK0001217758,1217758,,37,-0.0461584223395276,0.059234717773978915,-0.7792460920316217,-1.1763736630065913,-0.5574754501571209,1179071000.0,0.9998489571455462,0.09002821846977849,463.94594594594594
CIK0001218210,1218210,,46,-0.02321477491281915,0.03273461907988181,-0.7091811532845431,-0.9835864678977698,-0.39688194474960165,46949007500.0,0.9799275625975487,0.09892091528965731,971.9347826086956
CIK0001218254,1218254,,38,-0.03665977616148078,0.043421261924421986,-0.8442816844798603,-0.7394918831779115,-1.0056600871062589,130138500.0,0.9999506122251463,0.06292328685984686,69.60526315789474
CIK0001218749,1218749,,19,-0.022246182149857324,0.09699346525686227,-0.22935753548432683,-0.3641262287909821,,827600000.0,0.9998372331667402,0.15065142680024832,79.26315789473684
CIK0001218761,1218761,,45,-0.0167575531189985,0.051049983166557344,-0.32825775992262807,-0.39399119369654423,-0.3196377339418778,2406727000.0,0.9988374309914434,0.06757297317382002,34.71111111111111
CIK0001221362,1221362,,36,-0.036331594872206954,0.04280406605503804,-0.848788403040817,-1.404162608794355,-0.5656466063748251,3183276500.0,0.9998455324329734,0.12320032445986856,287.3611111111111
CIK0001222993,1222993,,51,-0.04178277708727985,0.04575224990868724,-0.9132398334255435,-1.0940871072289355,-0.8910799203367962,1232665000.0,0.9697331339622687,0.05165442253531831,163.23529411764707
CIK0001223779,1223779,,47,-0.029558322941680964,0.029972993132803716,-0.9861652057484626,-1.0172249184136257,-0.9487701379447503,7938903000.0,0.9662566179124897,0.05929967523235385,1510.8936170212767
CIK0001224324,1224324,,30,-0.04562370868730203,0.06606644016675815,-0.6905731347225942,,-0.6730975895318942,3581848000.0,0.9642664771723026,0.08493750553989529,156.03333333333333
CIK0001224890,1224890,,51,-0.037220619825500165,0.05606495136502875,-0.6638839224497972,-1.2149091858002903,-0.4529295189315649,364096000.0,0.9690897561570725,0.04144775852551875,103.23529411764706
CIK0001226886,1226886,,51,-0.04173949628657006,0.03821282419812635,-1.09229027585017,-1.6731536704039947,-0.6392914618070741,820112000.0,0.9645370361834955,0.15774350817934385,295.4901960784314
CIK0001227157,1227157,,13,-0.05777364357219192,0.07715166796307758,-0.7488320744840273,-0.7488320744840273,,922984000.0,0.9999999878396758,0.10538747411038103,18.0
CIK0001228242,1228242,,46,-0.02615788392967057,0.028908288300014778,-0.9048575846618868,-0.8687425181748039,-0.9670577983691093,11004427985.5,0.981754486662041,0.11730088330090943,736.6086956521739
CIK0001256071,1256071,,42,-0.03222951382850932,0.07772266647567658,-0.41467329016260973,-0.8218157091523145,-0.2094822487183104,3590791500.0,0.9807679591242779,0.170499007137155,112.30952380952381
CIK0001259261,1259261,,51,-0.0471137640609295,0.06652222429495998,-0.7082409609547974,-0.7407170469414062,-0.715528830775229,240689000.0,0.9648756093962711,0.04795558452761063,103.05882352941177
CIK0001259513,1259513,,21,-0.05818523394270455,0.05134340747741734,-1.1332561822280685,-1.0530177306421094,,1804909000.0,0.9999765791837165,0.12269527574803793,214.0
CIK0001259969,1259969,,51,-0.0467647308925929,0.05831913058387101,-0.8018763383952539,-0.8031869048852263,-0.8285984631658784,1529270000.0,0.952585992149798,0.05056226880850262,1065.8823529411766
CIK0001262677,1262677,,51,-0.0340938147072519,0.038882029049579304,-0.876852765631764,-1.3657931383842195,-0.5259712934315345,293468000.0,0.9770020333109294,0.0662336725880091,104.13725490196079
CIK0001263532,1263532,,20,-0.0325757748487539,0.03200159786772896,-1.0179421346822208,-1.0179421346822208,,6336755000.0,0.9999983289749377,0.05843763590957187,94.55
CIK0001263548,1263548,,51,-0.04780927216964453,0.052504666688563975,-0.91057186309568,-1.1442134182587476,-0.7580638382081364,1404650000.0,0.9433361986188509,0.05516109844164973,1048.3529411764705
CIK0001269134,1269134,,31,-0.005978244878281745,0.04019775680571436,-0.14872085790455003,-0.36621274453060365,,438947000.0,0.9999687663425129,0.12222431279105102,52.806451612903224
CIK0001270341,1270341,,28,-0.00246824323221888,0.027011386756151765,-0.09137787905221079,-0.5898657006261416,,2557163500.0,0.9999282364483906,0.1598325242289626,690.1428571428571
CIK0001272164,1272164,AMERICAN NATIONAL BANK & TRUST,47,-0.034768844210991974,0.04368311295475405,-0.7959332991083503,-1.2330329205673884,-0.5792190898053503,349238000.0,0.9508251195527972,0.09542285943573528,346.3191489361702
CIK0001272345,1272345,,23,-0.03597663324893041,0.023976452418150374,-1.5004985983120174,-1.5004985983120174,,58551000.0,0.9999943613420215,0.14908358039693898,130.82608695652175
CIK0001272544,1272544,,51,-0.03177601247165159,0.08474554433397778,-0.3749579133703368,-1.2818498903722995,-0.00347070119989291,238132000.0,0.9794856361813188,0.06623785514349552,85.84313725490196
CIK0001274196,1274196,,50,0.01782927940772804,0.05469380506448102,0.3259835256672364,0.44068635948888873,0.2693441992180008,711220500.0,0.9729668789835249,0.0818263975981589,90.0
CIK0001275880,1275880,,51,-0.030744753442798672,0.0537845476452201,-0.5716280007495376,-0.4832468637663308,-0.6405479392719965,151868000.0,0.9713002000741281,0.05348986110663399,75.92156862745098
CIK0001276755,1276755,,35,-0.029058735220812495,0.06757864850417587,-0.42999876237768914,-1.2195066192881485,-0.11897040740684162,202925241.0,0.9573525155376046,0.09646477030865828,132.74285714285713
CIK0001276853,1276853,,51,-0.047128663919743644,0.07686966629378929,-0.6130983285187648,-0.7710284882308887,-0.5544076653165155,333305000.0,0.979196762835792,0.052051425983605355,82.31372549019608
CIK0001277158,1277158,,47,-0.006046304462768163,0.04736808011776289,-0.1276451240472701,-0.7483009083735558,0.3833644460921839,264192000.0,0.9891203854062223,0.12821168795510807,41.191489361702125
CIK0001277279,1277279,,51,-0.03280074730477474,0.04655290620731788,-0.7045907543836532,-1.4849067728092487,-0.3055500909147965,530533000.0,0.9685122041286353,0.0666711455379609,246.62745098039215
CIK0001277303,1277303,,51,-0.05320005284752458,0.060449916885081736,-0.8800682546330107,-1.0922742162447179,-0.8100986436779944,1072964000.0,0.9408843897589311,0.07341100973091226,325.80392156862746
CIK0001277557,1277557,,51,-0.057942824425498286,0.058958446549817564,-0.982773933410429,-1.1708470153267325,-0.9148113014899827,489950000.0,0.9289743858458048,0.0925226911037194,1105.3921568627452
CIK0001278178,1278178,,18,-0.0277404891380418,0.039040891801025046,-0.7105495765312502,-0.7105495765312502,,122101000.0,0.9999993126132958,0.08789754716022313,54.44444444444444
CIK0001278678,1278678,,51,-0.03977548630059474,0.06479638259808382,-0.6138535008363768,-1.2941468031780499,-0.34674788951539026,999170000.0,0.9851039161506691,0.09874407506972661,159.3921568627451
CIK0001278793,1278793,,51,-0.036672663090383334,0.06109363845143975,-0.6002697501529892,-0.7710281499859271,-0.4790160185876847,207746000.0,0.9723667821763897,0.053290282936391736,106.68627450980392
CIK0001279627,1279627,,49,-0.034937648980592866,0.04208938880020886,-0.8300821174851398,-0.8820667448720453,-0.7974095063965106,888820000.0,0.9420868969808007,0.07675679603532302,691.795918367347
CIK0001279708,1279708,,49,-0.051901110347422875,0.06279830204499905,-0.8264731474519713,-0.8598695916121782,-0.7887192897228549,138223000.0,0.988096182495398,0.08851406343014494,35.775510204081634
CIK0001279885,1279885,,38,-0.008597114794788635,0.050814324737033095,-0.16918683538432913,-0.5827936581745959,0.23689368490266655,3269078500.0,0.9999446449484319,0.04622194936845029,72.6842105263158
CIK0001279936,1279936,,47,-0.0023982382226780566,0.062056187609689784,-0.03864623843289868,-0.00827074263648958,-0.07638264999542337,10753308000.0,0.9814168223210724,0.07635871074978955,32.702127659574465
CIK0001280043,1280043,,41,-0.03289976615295748,0.045845358362720086,-0.7176248005572408,-0.8354027929704428,-0.5671861474862999,1082378000.0,0.9796501087278516,0.08942662811880706,87.0
CIK0001280051,1280051,,18,-0.05682173258723582,0.05123243319845787,-1.1090968950256301,-1.1979934511605426,,72932500.0,0.9999467807156446,0.18053016881376538,90.16666666666667
CIK0001280217,1280217,,33,-0.04087285968241221,0.07761862275903388,-0.5265857371400207,-0.6266288484829018,-0.35513843062881256,1667516000.0,0.9999992424953733,0.11859559317342916,18.696969696969695
CIK0001280604,1280604,,50,-0.030161909578752574,0.07067811824927833,-0.4267503199720098,-0.8120404391236873,-0.3220600158957619,170414000.0,0.9916269167002594,0.08933822504742761,50.52
CIK0001281011,1281011,,23,-0.029276265887574843,0.040069904817368204,-0.7306297836131584,-0.7306297836131584,,205390000.0,0.9999943914635507,0.047852977957810114,139.34782608695653
CIK0001281761,1281761,,51,-0.052247741314561676,0.0649029442343969,-0.8050134231855338,-1.0287713653917738,-0.7107255793070019,9005539000.0,0.9436006141108292,0.06631368026139908,1005.0588235294117
CIK0001282189,1282189,,48,-0.024329719597218025,0.07966661954603232,-0.3053941504641004,-0.7893632596990616,-0.13963813375764003,174020000.0,0.9918433162155397,0.11427419776432453,32.979166666666664
CIK0001282550,1282550,,18,0.06270101897105043,0.08312425436381778,0.7543047387241797,0.7543047387241797,,2387882500.0,0.9999987294595785,0.26761172315433907,34.333333333333336
CIK0001283718,1283718,,37,-0.046031846797782716,0.037715682607856675,-1.2204961865320365,-1.2042964206019986,-1.204963278227669,52084518000.0,0.9786254870315363,0.16930195499598422,1242.1891891891892
CIK0001285973,1285973,,48,-0.0722379029395467,0.08483862912406998,-0.8514741891008325,-0.9360579817860878,-0.8307961822274675,511930500.0,0.9886122010984263,0.0625272734145159,92.58333333333333
CIK0001286295,1286295,,38,-0.026500874595834712,0.048315071547730515,-0.5485011973656598,-0.6127944724749033,-0.4342350594227177,146526500.0,0.9999467778583586,0.12677831582800964,95.52631578947368
CIK0001286313,1286313,,12,-0.02067815015168114,0.04940150537834504,-0.41857328015571327,-0.41857328015571327,,117397000.0,0.9999998754895824,0.29789690332764956,269.5833333333333
CIK0001286478,1286478,UNITED BANK,51,-0.03860073487266989,0.06909080804209218,-0.5586956639446999,-0.7449288552102131,-0.4858742715380954,551834000.0,0.9723117398690161,0.10432399968035892,106.52941176470588
CIK0001286534,1286534,,51,-0.02385343561708167,0.04433767827323276,-0.5379946931142381,-1.1738598059335466,-0.1607999287007676,501791000.0,0.9840264100393359,0.06601746300801531,83.94117647058823
CIK0001297496,1297496,,51,-0.04738980161714614,0.08112401317778675,-0.5841649070309309,-1.211756387775338,-0.27157015315094146,9664596000.0,0.9899475697626241,0.06316456725556162,99.52941176470588
CIK0001297731,1297731,,50,-0.05260278174812028,0.07467084238065333,-0.7044621443877049,-0.8099063968661109,-0.7117005199213113,562966000.0,0.9989367795345255,0.12509566432738548,169.26
CIK0001300336,1300336,,41,-0.04013317029603511,0.10854032788612616,-0.36975353840280323,-0.3760532492511155,-0.36456585070051784,2563036000.0,0.9999585012181184,0.13023035247190545,152.2439024390244
CIK0001301542,1301542,,12,-0.06787766532108058,0.040383947298961886,-1.6808080897892772,-1.6808080897892772,,580321500.0,0.9999997486066379,0.13112426060260465,516.9166666666666
CIK0001304762,1304762,,15,-0.03551240341753104,0.052818137946553274,-0.6723524303738495,-0.6723524303738495,,141633000.0,0.9999997771010176,0.15365271268498676,85.86666666666666
CIK0001307493,1307493,,20,-0.03738985722064681,0.055514978583481644,-0.6735093514099826,-0.6735093514099826,,1017764500.0,0.9999992638632398,0.04077461153384533,37.05
CIK0001308016,1308016,,38,-0.01520144229139871,0.039018445356979084,-0.3895963089134327,-0.6954231255229526,-0.00832845800206815,869425500.0,0.9998932302096225,0.05263677033929633,180.0
CIK0001308377,1308377,,51,-0.04055084926774699,0.06526698084763147,-0.6213072634870618,-0.6681887158580063,-0.5938640751635171,276730000.0,0.9699795675327376,0.0570927706925691,96.82352941176471
CIK0001308527,1308527,,51,-0.025367959597360122,0.046715324591222414,-0.5430329301627196,-0.6441844050676646,-0.4895827626851991,2484994000.0,0.9679276047074092,0.07125728256958612,249.7843137254902
CIK0001308555,1308555,,23,-0.016952434027373262,0.1591246282019724,-0.1065355766653729,-0.327659107215358,-0.058914210214533386,132385000.0,0.9999986510335638,0.18887562106826492,25.17391304347826
CIK0001308685,1308685,,41,-0.02625589942401637,0.052661109819509014,-0.49858234118135425,-0.812803507964029,-0.2758883427540955,865640000.0,0.9999442291512799,0.09957721272821293,48.58536585365854
CIK0001308778,1308778,,48,-0.029902615372177126,0.07992448638597942,-0.37413584651667475,-0.8860336500967899,-0.10618500569688034,315906500.0,0.9838713302926276,0.06027705146986271,100.22916666666667
CIK0001309148,1309148,HILLS BANK & TRUST CO,37,-0.05768960951420563,0.0670185328135613,-0.8608008425515764,-1.3187348269098782,-0.5227780294630225,341219000.0,0.9998401742221258,0.05007147101322295,162.0
CIK0001310658,1310658,,51,-0.055161560111522484,0.061559901043607354,-0.8960631705800731,-1.0008560235774235,-0.8422352233330317,790866000.0,0.9560860430280573,0.08249945572239775,429.0980392156863
CIK0001310929,1310929,,50,-0.04366173944358532,0.07219297366666753,-0.6047920902105041,-0.7452963418055158,-0.5495773707322534,1403641060.0,0.9754693733431951,0.0932783120130724,115.86
CIK0001313360,1313360,,42,-0.042034484689272116,0.06490625064526098,-0.6476184384415056,-0.7510863595505329,-0.5957405308260131,13825781500.0,0.9333848285442095,0.4067400141015505,2489.5238095238096
CIK0001313473,1313473,,51,-0.04373593130382438,0.09906503829613589,-0.4414870478543727,-1.2318733430851265,-0.22599973702253423,295881000.0,0.9862988388419877,0.08105748708428895,71.03921568627452
CIK0001313792,1313792,,51,-0.026717764111090808,0.03762247011243388,-0.710154437755551,-1.1760657664274368,-0.26369802062366365,792103000.0,0.9636599541000455,0.07321917690271822,141.62745098039215
CIK0001313893,1313893,,51,-0.011909370322548733,0.03656627069332988,-0.32569277905799016,-0.9752411104571911,0.3173572396744222,445135000.0,0.9653231351602892,0.07068746502082893,116.03921568627452
CIK0001315059,1315059,,44,0.006130105616753375,0.052024458630808776,0.11783122357927772,-0.09854286140178849,0.343238503221037,405323500.0,0.9982718826598371,0.07580905632284317,39.65909090909091
CIK0001315269,1315269,,51,-0.00509747737310837,0.034482053590751204,-0.1478298663215337,-0.7076245811504652,0.34121718209360286,198973000.0,0.9573910864813759,0.15737241443492972,79.7843137254902
CIK0001315339,1315339,,45,-0.06901171537386942,0.07641907525387276,-0.9030692290216625,-0.9224003163203501,-0.9394475713818292,646437000.0,0.9942119075945097,0.06568569452818246,181.4
CIK0001315785,1315785,,47,-0.051000545873802754,0.06621787578025698,-0.7701930222211735,-1.2135029678531422,-0.6468525054314436,420248000.0,0.9763388480703074,0.09969974014654844,363.8936170212766
CIK0001315868,1315868,,23,-0.03820230525746374,0.05230394380564624,-0.7303905303576552,-1.028517476230873,-0.43724552205335104,9062153000.0,0.9999620271388328,0.07985185063830469,109.1304347826087
CIK0001315889,1315889,,15,-0.03767540233111593,0.06437043141428664,-0.5852905053170657,-0.8050380357892345,,154788000.0,0.9999881803243758,0.13960123725301957,40.666666666666664
CIK0001316617,1316617,,51,0.005070166535252616,0.04277654401048741,0.11852679201415905,-0.08336646553766869,0.2544088331071428,3803116000.0,0.9640177385294089,0.06006264224035582,209.13725490196077
CIK0001316622,1316622,,23,0.07274792000520802,0.23944534450797866,0.30381847746543394,-2.234392700138936,0.6428536525752649,743796000.0,0.9998254327839229,0.174857614595458,33.21739130434783
CIK0001317209,1317209,,48,-0.01929827129776002,0.030168334488271827,-0.6396863341588512,-0.25953661998611716,-0.9707811110781472,709408000.0,0.9844589830145781,0.07530662869283124,92.625
CIK0001317253,1317253,,26,0.028583986144672,0.09079125420046683,0.31483193393197295,,0.43990129088129565,760450538.0,0.9920451542070701,0.09644737649965235,28.96153846153846
CIK0001317679,1317679,,36,-0.022081267433531917,0.12638214058870526,-0.17471825789882117,-0.21365634942586226,-0.17710469437087706,950766000.0,0.9994817944523913,0.3446273942513775,36.80555555555556
CIK0001317733,1317733,,49,-0.0645214185447566,0.07211850991935621,-0.8946582315013983,-0.9513436438277287,-0.9133654560662092,356456000.0,0.9780061093695054,0.07542657494256308,186.30612244897958
CIK0001317784,1317784,,35,-0.02950103420782036,0.0357061223986905,-0.8262178087209453,-1.7551348147587207,0.051172570995731,241573000.0,0.9999356769702473,0.08690903170049344,106.14285714285714
CIK0001318055,1318055,,51,-0.023207201735946544,0.053970173217534424,-0.43000050493717396,-0.5982651128543356,-0.3821847260943292,354373000.0,0.9587750500431668,0.0881194044456259,152.37254901960785
CIK0001318103,1318103,,30,-0.021494945894159612,0.033472960804356966,-0.6421584878167526,-0.20250549496223766,-1.48994737751855,649675000.0,0.9461334436276873,0.06687925173463105,162.73333333333332
CIK0001318259,1318259,,35,-0.06650354024717624,0.07836348302663597,-0.8486547263713915,-0.9525240823073603,-0.7617530313494697,186972000.0,0.9999569790278784,0.06417595554286842,54.94285714285714
CIK0001318757,1318757,Marshall Wace LLP,24,-0.03726314306220379,0.029761080192459804,-1.252076296247491,-0.6341524460325947,-1.8518446083024027,39211607662.0,0.8810620429655733,0.37674806846476155,1555.0833333333333
CIK0001320769,1320769,,51,-0.02884108334503407,0.0918533561610515,-0.31399052304455205,-0.07880797930687303,-0.4387332368390885,1186080000.0,0.9997108862906419,0.11181212714518468,13.980392156862745
CIK0001321194,1321194,Argyle Capital Management Inc.,51,-0.03303843721838988,0.07226310168091893,-0.45719650068935924,-1.064445675230515,-0.263159775626491,252263000.0,0.9760597056317634,0.049693159229145994,122.0
CIK0001322590,1322590,,24,-0.011943318607306448,0.0376965646648503,-0.3168277723144675,-1.0736689816881186,0.7956009144118102,446380000.0,0.9999411960097108,0.18467422906486713,177.54166666666666
CIK0001323276,1323276,,38,-0.03586058102224164,0.06482778542844496,-0.5531668370920549,-0.7247243075431463,-0.3653042294830648,978087000.0,0.9999203598177625,0.11803676308509357,129.8421052631579
CIK0001323414,1323414,PACIFIC HEIGHTS ASSET MANAGEMENT LLC,51,0.000830007314214384,0.06542589978784849,0.012686219324157744,-1.0437467948013286,0.5895706852566771,1091490000.0,0.9837273490394189,0.08643730425123984,75.45098039215686
CIK0001323645,1323645,,48,-0.028545842403826103,0.04558834158460935,-0.6261654056793078,-0.9366822825642726,-0.4277311192343708,4855214483.0,0.9599020133824364,0.4703515518970944,695.6666666666666
CIK0001324022,1324022,,15,-0.022763560277109407,0.027626190899947556,-0.8239847598933608,,-0.9839193259433421,148219689.0,0.9989062455567641,0.10533927427784322,70.66666666666667
CIK0001324279,1324279,,47,-0.051940112819983945,0.05819280641778605,-0.8925521213962946,-0.9768756616189939,-0.8393287484087968,663193000.0,0.9805896697442558,0.06873774912110235,286.8085106382979
CIK0001324659,1324659,,25,-0.04082841140633016,0.042712047033073276,-0.9558991956719762,-0.9678931665134205,,437132000.0,0.9999910408867949,0.0790157672528537,141.36
CIK0001326766,1326766,,51,-0.013823021208348657,0.044466297463222296,-0.3108651269910618,-0.7834336130603162,-0.03921898102304626,415613000.0,0.9657955011036518,0.05836499467488716,107.96078431372548
CIK0001327055,1327055,,51,-0.04019396197325003,0.05338433136783096,-0.7529168379912464,-0.9493514507561989,-0.6337920934353877,811371000.0,0.955875406598551,0.0601303313615107,274.05882352941177
CIK0001327944,1327944,,51,-0.03400726854996106,0.056821478975224896,-0.5984931959196593,-0.9064258400289226,-0.4268780379687938,215509385.0,0.9622687595968636,0.06148827602492282,128.4313725490196
CIK0001330463,1330463,,50,-0.03948306331953562,0.04784075232427553,-0.8253018901178604,-0.7644401117818949,-0.8716588108255717,267997000.0,0.9600472644476994,0.08476575137399185,177.36
CIK0001331875,1331875,,41,-0.07647710259204635,0.20126763047100088,-0.3799771598260327,-0.2658469231484061,-0.4938326145432447,675818000.0,0.9973573765829407,0.11010901141906075,23.682926829268293
CIK0001332632,1332632,,31,-0.02613901463977127,0.07531894541628027,-0.34704435244823817,,-0.4262855495151671,3548020623.0,0.9634565802045176,0.10629710934470357,160.38709677419354
CIK0001334199,1334199,,41,0.008764897683513255,0.04726583406051296,0.18543833738173235,-0.3113525248100714,0.4261699810321478,196490469.0,0.9770888802545823,0.11223252567254947,31.48780487804878
CIK0001335851,1335851,,49,-0.017341586017643,0.04416547259970159,-0.3926502988892475,-0.5254433282358426,-0.3177972995465399,642469000.0,0.9687995267317197,0.08883905719369305,129.85714285714286
CIK0001340614,1340614,,27,-0.04766080126355426,0.0651381457373818,-0.7316880258496377,-1.1135762049422062,-0.27685777259019917,285658000.0,0.9999642258113917,0.2552286659589354,37.851851851851855
CIK0001341748,1341748,,50,-0.031089856334073948,0.05736566146196447,-0.5419593453760442,-0.8341988562490579,-0.4347067356632811,512984500.0,0.9492373958769137,0.0769572648993705,235.3
CIK0001343916,1343916,,43,-0.043540499228338754,0.057857433633368385,-0.7525480563611163,-0.6413647146230932,-0.8144663975511879,138884000.0,0.953621208908641,0.13010484023157323,139.62790697674419
CIK0001349138,1349138,,40,-0.04380918036615837,0.05500876090497058,-0.7964036935906872,-1.2396135435907205,-0.5845060130958213,1422667000.0,0.9998633076127694,0.06415837880757233,220.925
CIK0001349353,1349353,,51,-0.017529575318390854,0.07513143690467804,-0.23331878159291192,-0.3402753255872428,-0.20392801914989983,233917000.0,0.9757846530445721,0.1583800368544731,22.54901960784314
CIK0001349434,1349434,,44,-0.019253875459873254,0.047085262465145016,-0.40891511379613005,-0.8774181801110784,-0.12709561304466047,1180408000.0,0.9699577188039551,0.17767774537897746,37.97727272727273
CIK0001350585,1350585,,13,-0.0222840181628381,0.02731683557734368,-0.8157613314365272,-0.8157613314365272,,1766746000.0,0.9999999025550905,0.06867193930857547,52.92307692307692
CIK0001351431,1351431,,51,-0.019141202536484766,0.06472952281571522,-0.29571054602686164,-0.9071665704411255,0.12097377927919953,331418000.0,0.9799853025617541,0.0801489323466281,21.215686274509803
CIK0001351917,1351917,,51,-0.00502430830116174,0.04761613837469042,-0.10551692078459886,-0.4895163862246589,0.29994800677563704,3724616000.0,0.9590190265585214,0.157553117281635,79.86274509803921
CIK0001351950,1351950,,51,-0.01639791726425031,0.05086725678512487,-0.32236684853822956,0.15575389632213835,-0.6931650389175148,10049989000.0,0.9896205540393183,0.1324576881803444,63.529411764705884
CIK0001351991,1351991,,51,-0.016855966113334155,0.04259795373712494,-0.39569896283192724,-0.2788214559475379,-0.4733686355703899,3433548000.0,0.9484981192698855,0.08268701913269619,392.4313725490196
CIK0001352342,1352342,,36,-0.036902738896579496,0.058951921995569735,-0.6259802504505416,-0.3850891596797786,-0.8322261961577762,4859988000.0,0.9993632927863261,0.23384352724439972,272.52777777777777
CIK0001352449,1352449,,51,-0.029483027823016657,0.054674424916747136,-0.5392471501407108,-0.9384934124163449,-0.3517364657717641,198954000.0,0.9794965693542024,0.09145182661882047,67.50980392156863
CIK0001352512,1352512,Azimuth Capital Management LLC,36,-0.025340647299554184,0.04327018707234925,-0.5856375720311185,-0.7871658676453115,-0.2798731888372137,1319293500.0,0.9998867208427775,0.08611129337801865,281.3333333333333
CIK0001352526,1352526,,51,-0.045497440882244236,0.05254177413857283,-0.8659289037427278,-1.1862854898439623,-0.7204846930528885,299315000.0,0.954765275758174,0.0798576571999089,338.80392156862746
CIK0001352871,1352871,,51,-0.05370841365991008,0.060872542958372605,-0.882309347497996,-0.9856653764186598,-0.9213540968904047,236815000.0,0.9592381396150745,0.06117727010320165,100.98039215686275
CIK0001353198,1353198,,15,-0.05606747355518261,0.03506397844660922,-1.5990049057712241,-1.5990049057712241,,235325000.0,0.9999999405469018,0.09634099883447653,33.4
CIK0001353315,1353315,,14,-0.04537525077659615,0.055005882148778155,-0.8249163362604891,-0.8249163362604891,,66950500.0,0.999999980766885,0.1252199283614697,93.71428571428571
CIK0001353318,1353318,,51,-0.0027781757773487196,0.059598578021032175,-0.04661479970671581,-0.12321956212566086,-0.005587360719293729,257750000.0,0.9701924719328778,0.08946494461603108,51.568627450980394
CIK0001356407,1356407,,43,-0.052987880983931326,0.07583383038368419,-0.6987367078049418,-0.6948709966704371,-0.699399820039867,191757000.0,0.9382536684289592,0.07283977810970624,209.27906976744185
CIK0001356643,1356643,,38,-0.01999964378427097,0.044017644095628694,-0.45435516130560893,-0.6583164363626514,-0.19278923664631104,695199500.0,0.999897300825219,0.09218354697392571,188.23684210526315
CIK0001357955,1357955,,38,-0.01653878875655452,0.02712072741365507,-0.6098209868444653,-0.7823771717865077,-0.326388013737149,14102254500.0,0.9998173801621641,0.08998491672513503,1835.157894736842
CIK0001361936,1361936,,21,-0.0031743718223974536,0.042924446221218306,-0.07395253990907404,-0.07395253990907404,,1468099000.0,0.9999991874463189,0.386634665154824,44.61904761904762
CIK0001361974,1361974,,15,-0.08282645574219565,0.07765438217958716,-1.0666037564823334,-1.0666037564823334,,10404455000.0,0.9999999617661987,0.07069030426111925,25.866666666666667
CIK0001362535,1362535,,33,-0.05564000102133254,0.06040126039633884,-0.9211728472948018,-0.7156523098496014,-1.4076866885546162,2852009000.0,0.9999490356530809,0.09204658456980386,159.84848484848484
CIK0001363561,1363561,,35,-0.045191258256644044,0.0438486839185376,-1.030618349653081,-1.0223075968618631,-1.0003199018882811,667175000.0,0.999851741907365,0.10453238363787934,975.8285714285714
CIK0001364725,1364725,,47,-0.011517659557198268,0.05850451972683105,-0.19686785927963718,-0.22984791242172578,-0.1663178415153525,277445000.0,0.9668982203136126,0.09732688295456891,116.53191489361703
CIK0001365167,1365167,,22,-0.04748277620238963,0.05694254850902456,-0.8338716380633466,,-0.6795696677705251,502492500.0,0.9836287063334936,0.07990912266438262,377.1363636363636
CIK0001365474,1365474,,37,-0.024242259465353647,0.03808299624720093,-0.6365638697838096,-1.2228595640155355,-0.11362628954776449,94871000.0,0.999940523459454,0.09677372704248867,54.45945945945946
CIK0001365707,1365707,,42,-0.037607018763403374,0.06348715480327813,-0.5923563416686117,-0.7579352412585326,-0.5408591565618933,373074000.0,0.9639697699625313,0.20292940377531812,268.3333333333333
CIK0001366838,1366838,,50,-0.02532662617621587,0.04999204948361119,-0.5066130802159937,-0.29668647218190786,-0.6445046520321192,210617000.0,0.9590646194677838,0.06619169813754126,140.98
CIK0001368163,1368163,,51,-0.023544063758013954,0.025450929194855733,-0.9250767850520225,-1.4224213154586225,-0.42793129644061717,11701505000.0,0.9211126713669908,0.10226378388678344,2351.764705882353
CIK0001368465,1368465,,27,-0.07131715323033269,0.07878822908898968,-0.9051752279895908,-1.3305620819797908,-0.6736197548444111,1088263605.0,0.9997748265275106,0.2671823065137365,542.3703703703703
CIK0001369913,1369913,,14,-0.10315752497870694,0.04917822300992349,-2.097626117025333,-2.097626117025333,,207417500.0,0.9999985493397795,0.06438554843697707,89.35714285714286
CIK0001370102,1370102,,51,-0.034456926705513216,0.04397210340559037,-0.7836087891025322,-0.8038915718435126,-0.8449008758676333,6325639000.0,0.9223283132779481,0.1005351848561063,1233.4117647058824
CIK0001370629,1370629,,42,-0.0027294316376729453,0.055733990671827216,-0.04897247809952162,-0.13065746139040263,0.017010399713355814,446091764.5,0.999042975534975,0.09386715455414381,105.45238095238095
CIK0001372130,1372130,,51,-0.06621701736976462,0.06980125709328841,-0.9486507854632074,-1.0655074932550157,-0.9146593468328226,347542000.0,0.955927450142227,0.058103576334085104,185.23529411764707
CIK0001375534,1375534,,34,0.016205510962909588,0.055153090339483166,0.29382779573315554,0.3279899779765145,0.23112159069051225,10040038000.0,0.9999814535171593,0.13780498060980478,34.205882352941174
CIK0001378559,1378559,,37,-0.020192578721814552,0.07814170780050597,-0.258409744164396,-0.8312162029885266,-0.05160537724108375,152587000.0,0.9453305807605235,0.15106341705918888,107.51351351351352
CIK0001378946,1378946,,36,-0.04083615173134629,0.06402242170026021,-0.6378414100181505,-0.9247075951702803,-0.5772852636577211,2916692500.0,0.9998567511364561,0.08822784926407089,773.25
CIK0001379119,1379119,,34,-0.05853797396664699,0.055847782274437464,-1.0481700719447287,-1.3967234564301816,-0.7852896881052618,193779000.0,0.9999193309349019,0.11879158862139665,212.55882352941177
CIK0001380137,1380137,,51,-0.04583970235487465,0.04949559110555677,-0.9261370827002012,-0.8728794058180078,-0.997251047199106,290673000.0,0.962462547137129,0.0778689473399939,186.2156862745098
CIK0001381296,1381296,,31,-0.04968310538788624,0.04228169827042386,-1.175049901443755,-0.9770618266807911,-1.3745522589140886,632364000.0,0.9499892594515764,0.1194721771940071,169.06451612903226
CIK0001382303,1382303,,41,-0.06447924697049806,0.06388152024148108,-1.0093568018534746,-0.9520712811506835,-1.0962648849048893,199580000.0,0.9923373296027546,0.12791001080976866,50.41463414634146
CIK0001383161,1383161,,26,-0.06311791486272639,0.05530506946532453,-1.1412681598748893,-1.0665815757378696,,9194038000.0,0.9999648540288371,0.11649096011827616,1227.423076923077
CIK0001384042,1384042,,51,-0.052118960562477216,0.052686659511911274,-0.9892249962956152,-1.0405797893161401,-0.9864009642690651,647236000.0,0.9364692017083885,0.08037748511768696,437.62745098039215
CIK0001384058,1384058,,28,-0.058777827152433126,0.06770698834995353,-0.868120537970099,,-0.714874378855153,766189337.5,0.9750560111071017,0.2170348315134652,132.0
CIK0001384943,1384943,,51,-0.025276187104704383,0.05337530496463842,-0.47355583486601066,-0.13227112835711216,-0.7116918712013826,503100000.0,0.9626759346226657,0.04970992663492841,133.58823529411765
CIK0001384982,1384982,,36,0.03319114171497046,0.09352211348099443,0.3549015358918911,0.6733289630560484,0.20320752387999036,785347500.0,0.9715723273098854,0.2762068866646226,32.833333333333336
CIK0001386929,1386929,,51,-0.08782056542009482,0.18294855764055062,-0.48002873896213377,-0.958928455337926,-0.2692971232008465,660107000.0,0.9868264895071425,0.08446559610326504,83.92156862745098
CIK0001387130,1387130,,51,-0.030916950779099485,0.051730353413473824,-0.597655897124636,-0.6008577610190792,-0.6111108299959794,563235000.0,0.968124174292347,0.05556686282484748,163.64705882352942
CIK0001387366,1387366,,46,-0.0028717315606450054,0.055211273611508925,-0.0520134996476944,0.05163536580039507,-0.1320978811249995,628857500.0,0.9985703396462281,0.09229326600072406,34.41304347826087
CIK0001387399,1387399,,50,-0.06447984694161768,0.07468553828267196,-0.8633511710907915,-1.2108745951946305,-0.8374381393076592,163560174.5,0.9669927128764901,0.08569198816177619,328.38
CIK0001387458,1387458,,49,-0.023558408410942148,0.04221371123550776,-0.5580747989295481,-0.4487925799880733,-0.6384129506052173,408050000.0,0.9655197107064015,0.07683128654817156,96.48979591836735
CIK0001387818,1387818,,51,0.046754044327776495,0.17746972788257337,0.2634479969349218,0.8647574984687699,0.0005085704433060732,596592000.0,0.9882563273053313,0.06735739615656901,44.98039215686274
CIK0001387869,1387869,,14,-0.02057047279654439,0.13286695137748872,-0.15482008567948483,0.032228328698603245,,208026500.0,0.999994177784683,0.17980863130265964,37.5
CIK0001387978,1387978,,22,-0.03154363651438916,0.03399599913212652,-0.9278631991352307,-0.9278631991352307,,182042500.0,0.9999957661576242,0.09979779527538779,96.54545454545455
CIK0001388028,1388028,,51,-0.04817319896692314,0.09769474564047412,-0.4930991800031791,-0.2734382606462204,-0.6581521904196559,341217388.0,0.987905107163305,0.041606985296417716,50.529411764705884
CIK0001388142,1388142,,46,-0.027832856051829672,0.05853549148465608,-0.4754868430236813,-0.5146633255469015,-0.4652848997948786,265995500.0,0.9584271242212787,0.19093486176944097,69.21739130434783
CIK0001388382,1388382,,48,-0.02034714015133143,0.0427729728364367,-0.47570086437964537,-0.569950696078561,-0.3980702327590851,194364500.0,0.9611344839507252,0.05659487663242332,244.39583333333334
CIK0001388409,1388409,,48,-0.05498779745978775,0.056376161325293585,-0.9753732103282867,-1.1006052075447155,-0.9116090499184947,670619000.0,0.9533557385190875,0.08594057175141281,147.14583333333334
CIK0001388437,1388437,,50,-0.04225046976112935,0.05817218521049347,-0.7263002001178966,-1.1103001036872695,-0.5145764071377478,199037500.0,0.9748014507005704,0.07931394160431372,70.26
CIK0001388736,1388736,,36,-0.04456190896179454,0.04441508586721352,-1.003305703224651,-1.2814877146842305,-0.6175284730387796,448231500.0,0.999875014588233,0.09250095491475749,386.5
CIK0001388838,1388838,,35,-0.04682246683571462,0.08976544403086582,-0.5216090371988971,-1.3024980736897553,-0.35500944926858496,169627907.0,0.9881652015860214,0.13907137183086682,33.65714285714286
CIK0001389059,1389059,,31,-0.06695963504591677,0.06549689032901039,-1.0223330406606164,-1.0867647036515946,,588754000.0,0.9999079696934464,0.06427222182742175,275.0967741935484
CIK0001389191,1389191,,25,-0.04173432116259395,0.05066467736697116,-0.8237360490556193,-0.8122659000644331,,6684095000.0,0.9999822674001373,0.1763832269391322,456.44
CIK0001389223,1389223,,49,-0.03168192382147547,0.060998982101425424,-0.5193844672318944,-0.6627434449287241,-0.46014269772962946,208899000.0,0.9620139879566889,0.10069602308168787,129.6326530612245
CIK0001389479,1389479,,38,-0.01030439124520677,0.03975994678998834,-0.2591651165711095,-0.8243709931444503,0.3869509900625233,349013500.0,0.9998935539918442,0.09872740030334234,266.7368421052632
CIK0001389507,1389507,,32,-0.05881655200467085,0.11235908109413315,-0.5234695000250855,-1.4016479283991914,-0.29643805673925977,1391466257.0,0.9894204101983031,0.4543808067269646,65.71875
CIK0001390063,1390063,,51,-0.01204587790075545,0.05088323847165392,-0.23673567685737038,-0.4957534029495778,-0.13997136482914865,254965000.0,0.973927383994727,0.05263413339899382,42.88235294117647
CIK0001390202,1390202,,39,-0.05484121030783564,0.07909249442351463,-0.6933807146452103,-1.3308198994924645,-0.5920509978920953,2419758000.0,0.978818773167408,0.6265441596255058,402.12820512820514
CIK0001390205,1390205,,30,-0.03432152084682475,0.039376014602004926,-0.8716352122475574,-0.5572865514099706,-1.6352257977758295,224568500.0,0.999923345599107,0.05711957626669195,98.86666666666666
CIK0001390965,1390965,,28,-0.06922922529854544,0.03914798584330201,-1.768398138594233,-1.6082035148813634,,60906500.0,0.9999835883270841,0.21143746662169194,42.035714285714285
CIK0001393389,1393389,,49,-0.06004827815340528,0.08335680432734056,-0.7203764424096214,-1.0803004844026136,-0.49102871894829686,698554000.0,0.9387898431984736,0.07607933006141096,800.4897959183673
CIK0001394866,1394866,,46,-0.028944530657446437,0.046796889861757764,-0.6185139812007628,-0.5960137777562223,-0.6501487242692605,446331500.0,0.9866958112863402,0.05729548487670441,206.30434782608697
CIK0001395055,1395055,,51,-0.022593632035617497,0.04005646641905656,-0.5640445614479029,-0.8778690105030542,-0.3603178432283773,557230000.0,0.9621485227143537,0.06148994449903422,132.88235294117646
CIK0001396318,1396318,,50,-0.05165389029636862,0.04282161980304652,-1.2062572721800966,-1.538312819352168,-0.907785461814169,13029011000.0,0.9440508587529268,0.16961386213281615,1304.62
CIK0001397144,1397144,,15,-0.0005786407799215576,0.3143496300426471,-0.0018407554029548983,,-0.19356753704087526,292327000.0,0.9999928648986321,0.20764609288443747,16.8
CIK0001397290,1397290,,51,-0.03156969236163655,0.06783134444410743,-0.4654145162450515,-0.8783162351390867,-0.2369238414810949,359675000.0,0.9737275640761149,0.07342141049520824,189.01960784313727
CIK0001397545,1397545,,36,-0.023143117561047415,0.0981231638055173,-0.23585784093189216,-0.5060281581251002,0.004794483396533054,1833101500.0,0.9999776605158411,0.13768869386623375,35.02777777777778
CIK0001398739,1398739,,51,-0.026547678918754453,0.028936522151087687,-0.9174453923075088,-1.134864305842325,-0.699904971807886,7016868000.0,0.9514009495094835,0.14066382605631472,760.9411764705883
CIK0001399360,1399360,,28,-0.12129534782015726,0.12188963530292604,-0.9951243804833604,-0.5261163144261466,-1.197246043855658,445423187.5,0.9969648074786975,0.13680332853364546,40.214285714285715
CIK0001399386,1399386,,51,-0.025009587078603113,0.099834041756152,-0.2505116154586714,-0.6672321357356854,-0.006405940643214702,169149000.0,0.9960003095622739,0.13212431190757754,16.0
CIK0001399706,1399706,,51,-0.011923258481906824,0.05170042422924889,-0.23062206276249742,-1.1748239901357707,0.8927909773922412,386211000.0,0.9679680595206813,0.19378431062414883,63.78431372549019
CIK0001399770,1399770,,20,-0.05355825160570095,0.23057876761640955,-0.23227746491531176,,-0.38898924908497856,13084490500.0,0.9999519120649942,0.15011522083582066,80.95
CIK0001410830,1410830,"Matrix Capital Management Company, LLC",45,0.029724890368254802,0.12322781257469997,0.24121900524488585,0.5290268084263752,0.08205589723576079,3749629000.0,0.9987500603836446,0.15657048881509303,20.066666666666666
CIK0001410833,1410833,,43,0.05485367847157279,0.09610305280037076,0.5707797710066044,0.7682208512679538,0.4731413868842761,279399000.0,0.9931021404193286,0.10286415384424782,24.325581395348838
CIK0001411133,1411133,,49,-0.021233454249391312,0.025063302264121026,-0.8471930005046997,-0.953288831058173,-0.7427368380928773,13634863000.0,0.9312935284688953,0.1600856723397536,1403.857142857143
CIK0001411530,1411530,,51,-0.01919505741544324,0.0408593656185898,-0.4697835398053878,-0.28589279867314515,-0.7147439195032717,4587662000.0,0.9235607084818239,0.11244279367009861,751.7843137254902
CIK0001416856,1416856,,51,-0.03311157926816326,0.06966998997407124,-0.4752631553346816,-0.8041121630172136,-0.39791866619107014,247525000.0,0.9765986778809244,0.05319061128109052,207.84313725490196
CIK0001418204,1418204,"FIRST REPUBLIC INVESTMENT MANAGEMENT, INC.",36,-0.04443325069409963,0.06054259939086594,-0.7339171284299935,-1.00601085562514,-0.4645963060793206,15820673000.0,0.9997968111568856,0.08745751592319409,1388.1666666666667
CIK0001418329,1418329,,30,-0.03473158705378971,0.04045172304997751,-0.8585935142778012,-1.152232076947834,-0.699994629752278,29186755000.0,0.9858644441238766,0.11224010256025682,229.46666666666667
CIK0001418359,1418359,,39,-0.04103882917922584,0.044270599814273136,-0.9269996193758516,-1.4245406521089337,-0.4447320419148835,336980000.0,0.9998975407086359,0.23774446933972904,198.66666666666666
CIK0001418421,1418421,,51,0.012914922639119258,0.03772088515237384,0.3423812189524333,-0.47573880438760613,0.8776334123822189,272304000.0,0.9594501237237819,0.06328031043533079,172.84313725490196
CIK0001418814,1418814,,39,-0.028221993443372232,0.10668212922493328,-0.2645428400040522,-0.39837863141861246,-0.2567137460474813,8735816000.0,0.9908436813571052,0.13551046162679883,15.051282051282051
CIK0001418870,1418870,,12,-0.048530328345342454,0.030840454537286354,-1.573593161006162,-1.573593161006162,,443809500.0,0.9999998087740538,0.09078633979867536,287.3333333333333
CIK0001420473,1420473,,14,-0.04655548506961949,0.04171810765273665,-1.1159539031568133,-1.1159539031568133,,120421500.0,0.9999999482658317,0.1584092597265576,55.285714285714285
CIK0001421224,1421224,,51,-0.03888325099956361,0.06948372137685417,-0.5596023101232005,-0.8052574665955271,-0.32715620254848143,25132464000.0,0.9529584669172755,0.09474241545153977,1021.3137254901961
CIK0001423045,1423045,,49,-0.035626142908062666,0.04628181500600969,-0.769765466239755,-0.9458415186872704,-0.6743935862206774,223324000.0,0.9741068916506076,0.08223604261274475,105.20408163265306
CIK0001423673,1423673,,37,-0.01675539807611407,0.0861312316578349,-0.19453336209433916,-0.46686406218897164,0.07931157882177359,483903000.0,0.999970760245294,0.06542561396107749,41.54054054054054
CIK0001424177,1424177,,51,-0.022622780133886234,0.04041685300527466,-0.5597363092523395,-0.4802124978258648,-0.6245756553313961,1363580000.0,0.9646941682496937,0.05939310097665998,148.80392156862746
CIK0001424322,1424322,,41,-0.03331472148619946,0.05222444113362586,-0.6379143703937736,-1.1850700311817939,-0.24487018547175904,335978000.0,0.9972462466725949,0.07851676088921075,171.65853658536585
CIK0001424381,1424381,,50,-0.042834471208189846,0.06246383942284818,-0.6857482921735075,-1.0695165287635144,-0.48160539307749184,2064586500.0,0.9938955516252144,0.1647051731157304,41.06
CIK0001425041,1425041,,12,-0.08749043269390246,0.0993875947478771,-0.880295301582501,,,149192000.0,0.9975956095577914,0.08258135689050702,21.583333333333332
CIK0001425165,1425165,,25,-0.0898097696146872,0.06933653066232044,-1.2952734836054032,-2.7436361538851344,-1.1481330481702825,554672000.0,0.9956173993666374,0.09920377877957678,276.12
CIK0001426092,1426092,,35,-0.004444937033250816,0.05376871456254941,-0.08266771986737126,-0.08182723875042495,-0.08088748437427035,15666943000.0,0.9999923248357011,0.08043502336649999,24.34285714285714
CIK0001426196,1426196,,16,-0.008638440210705152,0.0726698893328444,-0.11887234575109111,,0.12565522921732514,2089539000.0,0.8871100033978861,0.39800940906292126,642.125
CIK0001426318,1426318,,40,-0.06412569633336251,0.06907220066834834,-0.9283864667843241,-0.7630482507801358,-1.0886849622586507,309271176.5,0.9979180158674165,0.21657214567441094,62.825
CIK0001426319,1426319,Cannell & Spears LLC,46,-0.031226920091591483,0.04138725062573572,-0.7545057866362528,-0.620156906847259,-0.9520273897873907,868161000.0,0.9896397766470536,0.09569732280471908,187.7391304347826
CIK0001426327,1426327,,46,-0.07050545937724884,0.09742855926220953,-0.7236631631393639,-0.7963403535810948,-0.6449025213936613,1460936000.0,0.9995761980200804,0.05976772665599469,28.043478260869566
CIK0001426398,1426398,,51,-0.01731578296109381,0.07003878327892085,-0.2472313502597749,-0.457536410613422,-0.16663321443967619,2732863000.0,0.9889265693340579,0.05382309459724567,22.88235294117647
CIK0001426754,1426754,,51,-0.04164270306368464,0.060483378365203504,-0.6884982980095069,-0.866441223492184,-0.6608022880145259,404524000.0,0.9739010913016127,0.06561683982126248,72.76470588235294
CIK0001426755,1426755,,37,-0.0071437023708211915,0.04172572730469319,-0.17120617978240193,-1.5147623213210417,0.8219600720198835,323890000.0,0.9518501271432409,0.08266771520342078,76.35135135135135
CIK0001426853,1426853,,51,-0.0451273452511852,0.04718023691420861,-0.9564883137685528,-1.124570047710881,-0.8080154982585602,2208124000.0,0.9499396253768683,0.09029988297687694,258.11764705882354
CIK0001426857,1426857,,47,-0.04730929337081795,0.07817388231023695,-0.6051802977093846,-0.7517412935655798,-0.4618155224981424,139520000.0,0.9998342299594267,0.06316276512114306,23.06382978723404
CIK0001426859,1426859,,51,0.002995157093979884,0.09097396139192417,0.032923234825519204,-0.44482947640086257,0.32352541106051785,2541817000.0,0.9901396590023669,0.22877612815529538,85.56862745098039
CIK0001427008,1427008,,42,-0.014847648888541223,0.07225612075660647,-0.20548638278194187,-0.2503707663793411,-0.1815694605296926,2076237500.0,0.9988631546469863,0.07638191211917197,29.30952380952381
CIK0001427147,1427147,,51,-0.028583205946742938,0.08565523847253936,-0.33370061721606403,-0.49404039373813,-0.24256811484751983,231050000.0,0.9710462296350798,0.06759150514236632,86.3529411764706
CIK0001427165,1427165,,16,-0.04208258235940005,0.035125757762544646,-1.1980547904898868,-1.1980547904898868,,3004068500.0,0.9999997061052597,0.18607648661323464,46.0
CIK0001427202,1427202,,51,-0.03507637235962003,0.04061046711355108,-0.8637273799342272,-1.2242531317497982,-0.6680952786667507,1230672000.0,0.9499009235423388,0.07699139496053972,268.4313725490196
CIK0001427350,1427350,,51,-0.04079258004618343,0.0684440677797646,-0.5959987675813112,-1.039451848221911,-0.4272713197544697,146172280.0,0.9589344818036534,0.07504718068781542,235.62745098039215
CIK0001428350,1428350,,46,-0.05745027255124712,0.06282540010467486,-0.9144434011355121,-0.9141114882416155,-0.9223180220922147,253265500.0,0.989496658978701,0.05230574661521466,253.47826086956522
CIK0001428569,1428569,,17,-0.017694805849482555,0.037813252568857536,-0.4679524940713469,-0.4679524940713469,,1291899000.0,0.9999997719608509,0.22505299826169511,32.294117647058826
CIK0001430427,1430427,,17,-0.06385182288929767,0.04297955639878288,-1.4856324317050094,-1.4856324317050094,,7983280000.0,0.9999990703456713,0.13744848032979715,147.23529411764707
CIK0001430681,1430681,,50,-0.01782255113532061,0.04844015540182391,-0.36792927245468093,-0.413135102755546,-0.32376535652100874,156928000.0,0.9664835054758666,0.05373981128128159,71.92
CIK0001431518,1431518,,13,-0.036519299146915055,0.03226263111772388,-1.1319380310736296,-1.1319380310736296,,187870000.0,0.9999998682405369,0.23856740357050887,87.23076923076923
CIK0001434323,1434323,,51,-0.040335172121587125,0.05995201983635539,-0.672790878945199,-0.8081289765808716,-0.6369769629179993,663952000.0,0.9665872108259465,0.054025317331130876,176.19607843137254
CIK0001434819,1434819,,51,-0.033274876051439736,0.029435678673052454,-1.130426664143508,-1.1486656870086527,-1.1135456224266698,52919776000.0,0.9371634310426994,0.11615078521610568,771.4509803921569
CIK0001434981,1434981,,35,-0.04521364942646686,0.05514690776019977,-0.8198764221093532,-0.7781013030289932,-0.9622449218027143,210376000.0,0.9999228441447853,0.06669949611837259,139.5142857142857
CIK0001435346,1435346,,22,-0.022067993890744785,0.03815107577002938,-0.5784370019501266,-0.5784370019501266,,430887000.0,0.9999894403606611,0.20307423140439088,191.27272727272728
CIK0001436871,1436871,,36,-0.037858918185563015,0.05333766065365956,-0.7097971249615702,-1.0832741336327567,-0.3436239635449991,1258348000.0,0.9998943036052292,0.06778287363485538,283.1388888888889
CIK0001438848,1438848,,50,-0.03911951800690813,0.04784218600406194,-0.8176783143218292,-0.9348005682505718,-0.7191646554343427,2246959500.0,0.9473125519064695,0.1739265236122576,603.72
CIK0001439303,1439303,Polar Capital LLP,29,-0.001991166891544388,0.04875665473330929,-0.0408388742491473,-0.3971040206090672,,5905538000.0,0.9999428009386306,0.1914162996658717,257.6896551724138
CIK0001439743,1439743,,39,-0.049868687069265005,0.07742707551821881,-0.6440729774979376,-0.9146484427298344,-0.467345391007939,426211000.0,0.99615430280791,0.060582596208306125,156.48717948717947
CIK0001441646,1441646,,31,-0.07032551332375775,0.05056542760280376,-1.390782529782795,-1.1188059973620377,,222953000.0,0.9999542778125695,0.15999776848620836,126.70967741935483
CIK0001441689,1441689,,51,-0.011104100223502805,0.022257766818022728,-0.498886537597911,-0.7208073893241317,-0.23056936403732436,23257578000.0,0.9201916550377552,0.10685910432981627,670.6470588235294
CIK0001442173,1442173,,23,0.0034167771053542338,0.02118881124556764,0.16125383653820885,0.16125383653820885,,412837000.0,0.9999945636256191,0.06348175161568248,73.34782608695652
CIK0001442276,1442276,,24,-0.01582247370757635,0.08649130764605899,-0.1829371544705907,-0.46752981550894024,,71267000.0,0.9999943991411294,0.4229665389407137,70.875
CIK0001442573,1442573,,51,-0.030211159281962593,0.06451738421239346,-0.46826385864575487,-1.695665381387894,-0.06518258051296026,385672000.0,0.9739922210687828,0.10103991848599372,110.84313725490196
CIK0001442756,1442756,,42,-0.06716637387084379,0.10667508790303165,-0.6296350459128676,-0.569371927458998,-0.7175466536270416,2969305000.0,0.9985292579307086,0.3443979339345589,72.04761904761905
CIK0001443077,1443077,,50,-0.049943454749329125,0.08183092470248964,-0.6103249465857373,-1.0600048156560067,-0.3587976196545203,2615346500.0,0.9696635818923981,0.15375265159507331,250.8
CIK0001443095,1443095,,51,-0.02950771423505956,0.07830053974177285,-0.3768519901857544,-0.5715144213757333,-0.3009203835545138,960129000.0,0.9667601890496368,0.057095019546841715,176.7843137254902
CIK0001443689,1443689,,43,-0.033315399513916065,0.06850589191793653,-0.48631436771675174,-0.8363580139273779,-0.39275528976777613,3986423000.0,0.9759715868855299,0.4111782003697403,57.604651162790695
CIK0001445891,1445891,,47,-0.029141827486684816,0.04843022403688784,-0.6017281163780063,-0.7042808438763625,-0.524085121723601,662913000.0,0.9888227080505444,0.0815012337182583,128.27659574468086
CIK0001448574,1448574,,30,-0.05828673872544632,0.06992220333379497,-0.8335941366940285,-0.9700580982704512,-0.7448502142865073,3221125141.5,0.9479253270315837,0.538235228334272,338.5
CIK0001450558,1450558,,36,-0.01827947223199357,0.03811239827735557,-0.47962009889823853,-0.974844239650718,0.13960256480696898,189518500.0,0.9999222020487871,0.06867943808429279,124.05555555555556
CIK0001450935,1450935,,38,-0.03715045403662047,0.06323102036070773,-0.5875352607551941,-0.7846594943867297,-0.49719602557165676,212794500.0,0.9905476253042795,0.14412162201885334,90.84210526315789
CIK0001452208,1452208,,50,-0.060342926962982685,0.053367927439062726,-1.1306964661429444,-1.2682701906122948,-1.0930084283341193,1126153891.5,0.9858843097469661,0.059956985212151516,83.4
CIK0001452929,1452929,,16,0.01496374129792491,0.05811292472944996,0.25749420403593504,0.25749420403593504,,1562555500.0,0.9999996148197868,0.3107016733184929,25.0625
CIK0001453526,1453526,,41,-0.038917805306683144,0.06405437650082019,-0.6075744926651447,-1.0739992008175723,-0.18933602192075474,113629000.0,0.9788954203320567,0.08990882286768266,71.8048780487805
CIK0001454423,1454423,,38,-0.032966864869444265,0.04599359548169623,-0.7167707704245547,-0.8439178331283017,-0.49315322645809084,287013000.0,0.999962017728818,0.12556000419454985,17.86842105263158
CIK0001454424,1454424,,48,-0.025960315653215032,0.04004601477304906,-0.6482621504047834,-0.4989439200690824,-0.7666044661390016,482306000.0,0.9696141057263808,0.10910993894818573,51.416666666666664
CIK0001455139,1455139,,18,-0.04351441855230874,0.0290266965916947,-1.4991171458953108,-1.4991171458953108,,368873000.0,0.9999987299135413,0.28553666458475935,213.11111111111111
CIK0001455176,1455176,,51,-0.022087526566809287,0.04468150198232379,-0.4943326787572752,-0.6266898763340932,-0.42767885097856556,398608000.0,0.9681310556248306,0.09118912811828739,83.19607843137256
CIK0001455251,1455251,,43,-0.04710374750620569,0.06474259104415199,-0.7275542536230534,-0.9489850623188673,-0.6264579378955786,209545000.0,0.9723093911552868,0.1280011282351357,64.3953488372093
CIK0001455258,1455258,,37,-0.03396414368700228,0.055708688948271336,-0.6096740800581496,-0.8633173378098877,-0.34195788012972483,670590000.0,0.9998962422032908,0.13357402935591675,190.94594594594594
CIK0001455288,1455288,,51,-0.04488574640590584,0.07106670728215857,-0.6316001981973252,-0.7358014769616733,-0.602947543969142,348402000.0,0.9905250772732298,0.059447077421245914,49.07843137254902
CIK0001455290,1455290,,25,-0.03575048426122618,0.04817440648047218,-0.7421053391541766,-0.7659676869749239,,219189000.0,0.9999965514659798,0.05284781739893141,43.08
CIK0001455845,1455845,,51,-0.03615688761278653,0.03493833612501798,-1.0348772042646368,-0.9949304553643674,-1.0618572275607283,1234486000.0,0.9563339685662408,0.08126343127714022,1006.5882352941177
CIK0001455969,1455969,,37,-0.0028359886524791794,0.04229834394758698,-0.06704727390413287,-0.2527309562233265,0.10117302798545766,762978000.0,0.999894345180141,0.07081847658639895,203.24324324324326
CIK0001456228,1456228,,51,-0.03154776165569055,0.03152173797235134,-1.0008255788865572,-1.28870339188517,-0.7322987702047122,16320377000.0,0.9324839264337011,0.10788113744613566,1191.4705882352941
CIK0001456417,1456417,,31,-0.06947751825297856,0.061594323389127674,-1.127985736799025,-0.925028258571082,,3452017000.0,0.9999946146465478,0.11007008442332787,31.451612903225808
CIK0001456670,1456670,DNB ASSET MANAGEMENT AS,50,-0.004751473298210916,0.03352648624440467,-0.14172297279499302,-0.7281135309448834,0.2960501437579791,8817732787.5,0.9279873604265303,0.13089277826090429,597.28
CIK0001457833,1457833,,45,-0.06460597114246548,0.06359662511222317,-1.015871062755759,-1.2419512368812602,-0.8939836586618763,1243320000.0,0.9688415516179261,0.05493154428594775,948.3111111111111
CIK0001461287,1461287,,38,-0.027556196387157315,0.05097232626252335,-0.5406109237422891,-0.5641698996681048,-0.5105673873816413,416729000.0,0.9999215570548108,0.07745836735957927,138.78947368421052
CIK0001462020,1462020,,50,-0.00672795519101606,0.017782128623561468,-0.37835488274135826,-0.7027754190965542,-0.002763170129271821,23823557206.0,0.9224900121495668,0.05383084155384434,664.68
CIK0001462160,1462160,,32,-0.012203381262642709,0.02859324036240243,-0.42679252533530565,-0.7199905542367618,0.005241693817794333,43722122500.0,0.9999069220932851,0.06732347599922338,899.8125
CIK0001462525,1462525,,28,-0.06113267761045894,0.05958303558696639,-1.0260081079484227,-1.431908648595871,,199965500.0,0.9999322329532416,0.06423361567632094,119.17857142857143
CIK0001463524,1463524,,21,-0.040169042932161225,0.023906152037682846,-1.6802805765429296,-1.6802805765429296,,398629000.0,0.99999246334669,0.08511121345113683,789.952380952381
CIK0001463559,1463559,,48,-0.0666569773135502,0.05799384126018895,-1.1493802766434353,-1.2448847283248987,-1.0822294612344492,10408853717.0,0.9790687015523537,0.19846051414717278,784.3541666666666
CIK0001463746,1463746,,37,-0.01844547637717278,0.07244639409416445,-0.2546086193425788,-0.41336774244149443,-0.07583220422866944,2889157000.0,0.9999567089842858,0.11495069548607317,45.027027027027025
CIK0001463753,1463753,,51,-0.03332289289610791,0.04910626314680733,-0.6785874297771168,-1.0964861932757735,-0.4487466393907709,305937000.0,0.9525173539641301,0.07797089223172911,172.88235294117646
CIK0001464586,1464586,,34,-0.05583756773173402,0.0400804265935869,-1.3931380595106262,-1.5974361482576471,-1.0278336798657903,516368500.0,0.9999252097238225,0.10182153635550742,136.8235294117647
CIK0001466052,1466052,,18,0.0028764032065589154,0.04201024809980081,0.06846908400989939,0.06846908400989939,,28032696000.0,0.9999997678282698,0.041225791542068846,38.833333333333336
CIK0001466546,1466546,"MITSUBISHI UFJ KOKUSAI ASSET MANAGEMENT CO., LTD.",51,-0.015623985554209208,0.021593725964495384,-0.7235428280627082,-0.763070322839323,-0.6779328118126109,6141551000.0,0.9217222836160675,0.07018345735459333,1066.5686274509803
CIK0001468685,1468685,,20,-0.03020957247640375,0.06867742848975399,-0.43987629035980835,-0.9138697482029645,,241255000.0,0.9999614134517666,0.10469517532043027,119.85
CIK0001469219,1469219,,51,-0.02334457511031018,0.03826883306912188,-0.6100153372046841,-0.49278916129346706,-0.6928957765628951,655506000.0,0.9491372553443862,0.06946267510891703,219.6078431372549
CIK0001472190,1472190,,50,-0.048625409002654746,0.057566543343492524,-0.8446817574371891,-0.7627138226001412,-0.9045780267935333,18681909000.0,0.9667022172667898,0.1212406630018622,320.28
CIK0001473429,1473429,,51,-0.07091302476096906,0.06245158203931396,-1.135488044387051,-0.7829741903198947,-1.4385622390930017,562184000.0,0.9818654757871502,0.15896175832383108,235.01960784313727
CIK0001473438,1473438,,42,-0.0029569394713131556,0.0456814205962683,-0.06472958661502852,-0.1847292522051545,0.022586081891655396,139979500.0,0.9997748463364945,0.1027763623060886,126.52380952380952
CIK0001475150,1475150,,51,-0.022019010289332886,0.04572690761769647,-0.48153289683311956,-1.035571920083306,-0.2647609261589267,581663000.0,0.9833711937483153,0.15413671000223717,40.27450980392157
CIK0001475365,1475365,,35,-0.01841817887370486,0.02692840979031814,-0.6839683076628983,-0.8562961723152739,-0.5248079301590474,85801077000.0,0.9998003781581231,0.06176070096730233,970.6285714285714
CIK0001475940,1475940,,31,-0.07202754264442844,0.0647380699156676,-1.1125994756413256,-1.3457227684011657,,1538540000.0,0.9999671767388952,0.1588543987380416,73.03225806451613
CIK0001476225,1476225,,40,-0.04894457021833894,0.048703980281938175,-1.0049398413229915,-1.1851616528910816,-0.7401329275175587,602886000.0,0.9997943491063788,0.07072049100248302,490.1
CIK0001476329,1476329,,51,-0.02981354889700726,0.059968070004001554,-0.4971570519782202,-0.7648476478501743,-0.35954372564942383,674969000.0,0.9840214140960261,0.06513787190647624,68.2156862745098
CIK0001476804,1476804,,51,-0.056290433270218924,0.06330042753501906,-0.8892583424859084,-0.9249571294273532,-0.8829210761305978,463324000.0,0.9498688552204427,0.10084334391210398,232.33333333333334
CIK0001477024,1477024,,19,-0.026153893325284398,0.0541288024521731,-0.48317886484606765,-0.48317886484606765,,481233000.0,0.9999965546158076,0.10675677838428,724.2105263157895
CIK0001478997,1478997,,12,0.009078359208295408,0.160316168583653,0.05662784539068536,,0.21269325222753235,122735000.0,0.9999622007883281,0.4971127904946828,29.083333333333332
CIK0001480916,1480916,,36,-0.05054988326795948,0.07156781779559848,-0.7063214280323595,-1.1828023540306527,-0.42571947946550376,651903500.0,0.9998875785685173,0.11489613696987297,220.97222222222223
CIK0001481045,1481045,,50,-0.05339321955009225,0.07080372060171276,-0.7541018903361478,-0.701520223393883,-0.833539698697217,13780189500.0,0.9313312296772591,0.13417689139976216,1139.4
CIK0001482010,1482010,,42,-0.025007785722082995,0.03471506689764476,-0.7203726783640132,-1.2991243976953613,-0.22134363072064714,91091000.0,0.9980965168212034,0.1866547854841663,138.8095238095238
CIK0001482012,1482012,,51,-0.03154309778487599,0.03594535800899614,-0.8775291033469901,-1.1080849452134385,-0.6722217780047686,663277000.0,0.9516312776452917,0.08781884127880801,193.8235294117647
CIK0001482171,1482171,,51,-0.01982028880214532,0.04046572449717712,-0.48980437264995397,-0.7161542344806431,-0.2339520074373119,165726520.0,0.9747353668397114,0.12626389995459028,44.72549019607843
CIK0001482689,1482689,,22,-0.016104849513701686,0.02872840318298549,-0.5605897901808433,-0.5605897901808433,,2239491500.0,0.9999911228403575,0.07627326765955851,884.0
CIK0001482935,1482935,,48,-0.021590386921161345,0.062226639086376545,-0.3469637318913832,-0.7253774167046514,-0.21636719931361423,439589000.0,0.971635288315437,0.05289271614129496,108.54166666666667
CIK0001482970,1482970,,51,-0.027729857488334262,0.04442171891380247,-0.6242409831302074,-1.1302736479847268,-0.28676892717172725,425199000.0,0.9672847750199728,0.08060366532858886,70.17647058823529
CIK0001483065,1483065,,39,-0.016680230222539665,0.01981055639249975,-0.8419869634338388,-1.3290051479623177,0.09331448122447618,221658000.0,0.9923832279051188,0.08043092382866388,196.4102564102564
CIK0001483259,1483259,,38,-0.025255218717337904,0.03454030698694461,-0.7311810727513626,-1.2568160751761628,-0.07944088605971535,530903000.0,0.9998935773447748,0.07370445470401898,452.42105263157896
CIK0001483276,1483276,,42,-0.012775474414669372,0.16109849396331302,-0.07930225851409962,-0.6131540840210816,0.11831628779773058,151727000.0,0.9999506386913084,0.15451989871564115,29.833333333333332
CIK0001483467,1483467,,51,-0.03348307342861232,0.04380013187665254,-0.7644514295385356,-1.1418955268391513,-0.5208838517960613,202584000.0,0.949064633687297,0.14130702962274932,136.52941176470588
CIK0001483738,1483738,,16,0.06845378818543177,0.1305202096594439,0.5244688800530884,,0.5093212011249717,1623578500.0,0.9925108955435854,0.22617232396396889,51.125
CIK0001483801,1483801,,16,-0.003578356033921603,0.07193001302575913,-0.049747746222993855,-0.06907600487872831,,198096500.0,0.9999654280442516,0.24072048445545424,84.8125
CIK0001483859,1483859,,13,-0.06717872867680635,0.06456859597426659,-1.040424182391997,,-1.0195278956653009,8739495000.0,0.9939005027703663,0.14038891666334952,298.61538461538464
CIK0001483866,1483866,,47,-0.010265259412167382,0.06016240516882816,-0.17062581495902115,0.28702688255993325,-0.4742756887861135,10081945000.0,0.997692139028912,0.08968880970248627,22.617021276595743
CIK0001483969,1483969,,14,-0.005223149127720621,0.04529813716251022,-0.1153060468855838,-0.1153060468855838,,125310000.0,0.999999894868114,0.10568746898944627,55.92857142857143
CIK0001484040,1484040,,42,-0.06364172759212229,0.10758140721390352,-0.5915680900548238,-0.8699074284976849,-0.5941700319925755,1204306000.0,0.9999486778093867,0.19288775416662415,95.04761904761905
CIK0001484043,1484043,,45,0.02572846628124496,0.12207767914528793,0.21075487723028638,0.8266029307559694,0.01543624181343408,584125663.0,0.9706150808738114,0.08588067535188254,38.71111111111111
CIK0001484085,1484085,,50,-0.03001227761755306,0.10602424970438032,-0.28306993636519917,-0.45476367865223627,-0.16908966547249465,144297000.0,0.98385732370881,0.04478803366364944,39.52
CIK0001484150,1484150,,14,-0.062701701067342,0.07146073658311826,-0.877428698102724,,-0.6375591101926837,3778700884.0,0.9822839607732394,0.05203650632856822,20.714285714285715
CIK0001484368,1484368,,26,-0.053961381512903486,0.04001257866681116,-1.3486104447191023,-1.252274766997138,,469060500.0,0.9999786080670762,0.17104691179978324,217.57692307692307
CIK0001486180,1486180,,18,-0.028706127796108913,0.04904150078406899,-0.5853435832099033,,-0.3762962512208197,477043500.0,0.97174997221533,0.2082317361921044,140.72222222222223
CIK0001486713,1486713,,51,-0.015604264947594166,0.09597350457970726,-0.16258930019909235,-0.21727816897775354,-0.1352995287892617,208269000.0,0.9981738169715672,0.06831835271392922,17.45098039215686
CIK0001487438,1487438,,51,-0.028799135150937044,0.052066140207568695,-0.5531259861979235,-0.6702567360426914,-0.5493924529610675,1206110000.0,0.9659069035530659,0.09941791271231054,189.7843137254902
CIK0001490429,1490429,,51,-0.016527316723783225,0.039419343958919884,-0.41926919788843553,-0.0924693279914909,-0.62250201640154,805008000.0,0.9619581767242263,0.08016543969978997,62.31372549019608
CIK0001491685,1491685,,51,-0.015518179201356855,0.03384275636565815,-0.45853768625615887,-0.526121783295272,-0.44363243112306616,1125242000.0,0.9334598617663584,0.10361150314722453,481.70588235294116
CIK0001492040,1492040,,49,-0.05311054632082181,0.037732442636555105,-1.4075565377406372,-1.9059878211372598,-1.0613816578481152,290475000.0,0.9737967299592132,0.12064019751163411,102.20408163265306
CIK0001492815,1492815,,39,-0.035927587088757325,0.09743316189033162,-0.36874085158458736,-0.8420283140588992,-0.19789785814409977,965259000.0,0.9984303195603411,0.1330273213546837,23.102564102564102
CIK0001494234,1494234,,51,-0.028480175521926127,0.04014106136922783,-0.7095023038513887,-0.5002416544774766,-0.8583729482999746,638232000.0,0.9633814091319354,0.06524087483021421,143.68627450980392
CIK0001496228,1496228,,51,-0.035278797425106846,0.07460555064926365,-0.4728709474984527,-0.2947434765479528,-0.6089761899133407,1074555000.0,0.9833887971144402,0.08464700787338801,113.41176470588235
CIK0001503174,1503174,,48,0.10188419016342087,0.17670602434167126,0.5765745143202858,0.49312773256025494,0.6497719209414418,4503221500.0,0.9894196554358498,0.18670869381034488,21.875
CIK0001503269,1503269,,51,-0.04197569253974189,0.07926097974804826,-0.5295883633045343,-0.745236576012526,-0.482841084053485,358950789.0,0.9891016700425304,0.08011984924381398,27.49019607843137
CIK0001504169,1504169,,51,-0.0185434713197581,0.036232593511362,-0.5117897870854751,-0.4327815853836363,-0.5665609122042963,1091802000.0,0.9246234251608763,0.1269961484917607,440.54901960784315
CIK0001505183,1505183,,40,-0.004124899134081363,0.07989547084381034,-0.051628697977661016,0.6141934284533269,-0.2784237417662103,3678514303.5,0.9848397572376472,0.1145820261010486,14.175
CIK0001505207,1505207,,51,-0.019676462581196482,0.05702730921517528,-0.34503578813903424,-0.45859835893986806,-0.27663577771507114,190430000.0,0.9813754440914049,0.060781697109074447,54.90196078431372
CIK0001505708,1505708,Standard Life Investments LTD,17,-0.03765646986339613,0.030541172310841067,-1.2329739499738661,-1.2329739499738661,,23617426000.0,0.999999142559397,0.14140625083794484,325.5882352941176
CIK0001505817,1505817,,12,-0.04484937496333786,0.05230374642135627,-0.8574792061799678,-0.8574792061799678,,13331319500.0,0.9999997910800068,0.1569282769642636,469.5833333333333
CIK0001506071,1506071,,51,-0.055885636854091515,0.070349818384322,-0.7943963202178965,-0.7225282715607465,-0.8564303467050842,614551000.0,0.9514581835997856,0.13142428482376428,307.0
CIK0001506073,1506073,,51,-0.04901260910920147,0.06642501194525116,-0.7378637605383185,-0.46247479706799405,-1.0498797121772596,279065000.0,0.9518360273071997,0.21188654267426757,192.01960784313727
CIK0001506796,1506796,,38,-0.031222449800951055,0.049012235382384736,-0.6370337846475476,-1.02041739058788,-0.20193914282915565,300545000.0,0.9998757226278603,0.07396473032216071,372.1842105263158
CIK0001507683,1507683,,26,0.019253340704201764,0.1369396551533201,0.14059726295034247,-0.31347041719650726,0.35764799196523955,339000500.0,0.9999693916205666,0.10037723212572608,12.076923076923077
CIK0001508120,1508120,,51,-0.047738853716544336,0.05250031352403242,-0.9093060690556238,-1.040901817336378,-0.8245263874777226,431698000.0,0.9669457378799708,0.06272518750990039,140.47058823529412
CIK0001509508,1509508,,51,-0.008002396180243171,0.03207175505843496,-0.24951538090646178,-0.2888996193741363,-0.21469890581457168,259655000.0,0.967298353102035,0.06593307144331594,78.92156862745098
CIK0001509842,1509842,,51,-0.0007390236166134987,0.08205615102989497,-0.009006315886376908,-1.2569051117256749,0.3924432176509378,4208018000.0,0.9914608303868347,0.4581682985250382,86.37254901960785
CIK0001509873,1509873,,49,-0.06530109326277768,0.07581502225525354,-0.8613212964734052,-0.6886677884897633,-1.0039465755102601,131597142.0,0.981012539229638,0.12813086912957297,58.95918367346939
CIK0001509973,1509973,,47,-0.03509269149737057,0.05038919435383553,-0.6964328750635506,-0.8521197414804811,-0.5305064873869642,322551000.0,0.9899594791531319,0.1009565669755874,79.61702127659575
CIK0001510201,1510201,,17,-0.05604864247107892,0.030418177701210324,-1.8426035582389133,-1.8426035582389133,,136988000.0,0.9999991295447692,0.059967310355664966,105.70588235294117
CIK0001510481,1510481,,19,-0.03349795720439746,0.03551935589179661,-0.9430902211334248,-1.3249949631076692,,6694331000.0,0.9999690972234203,0.11735084498453771,124.57894736842105
CIK0001510668,1510668,,51,0.0035824548074433436,0.07058584735043193,0.050753160042923476,-0.2264251872312283,0.24492854476153814,148404000.0,0.9782745301105317,0.1297526596580087,29.705882352941178
CIK0001510677,1510677,,42,-0.02207284441568979,0.07307596873204227,-0.3020533945437415,-0.06860685785086744,-0.4166315649340131,1206057000.0,0.9845680954464383,0.16731363742672595,12.80952380952381
CIK0001510848,1510848,,51,-0.02756541330062218,0.050252827143914804,-0.5485345773797535,-0.6266899424723356,-0.5133557092575844,159514000.0,0.9696922382303629,0.09526643135573698,115.29411764705883
CIK0001511037,1511037,,40,-0.047891182730711516,0.06318732140106104,-0.7579239263082844,-1.412105156151261,-0.6311248735494328,417426000.0,0.9432016555668501,0.10380038062532693,188.825
CIK0001511144,1511144,,30,-0.05465203236573308,0.05555500428491268,-0.9837463441364126,-0.8294832680507149,,358078000.0,0.9999488129909534,0.11466985251581363,102.36666666666666
CIK0001511381,1511381,,28,-0.021889847291375105,0.04681725587518456,-0.4675593834204768,-0.754501720528548,,3243595000.0,0.9999924426359444,0.16690059034434232,70.32142857142857
CIK0001511506,1511506,,39,-0.037587601034735796,0.04792159301824595,-0.7843562508211227,-0.9051624019765003,-0.6454194168249527,1128310000.0,0.9998529267218035,0.08927298855786077,359.7692307692308
CIK0001511826,1511826,,21,-0.0521428429372896,0.08449324701109945,-0.6171243830788704,-0.7951225164160295,-0.4584970833835712,228786000.0,0.9999859428426473,0.5281036520915162,44.904761904761905
CIK0001511857,1511857,,51,-0.04137350657086518,0.05064660042515232,-0.8169058973736032,-1.2423896408331665,-0.5852755377563527,526231000.0,0.9561134685144378,0.10415056996325464,315.5098039215686
CIK0001511881,1511881,,22,0.03523912254919309,0.19706202274157514,0.17882249486014676,,0.2357994865245516,1792591461.5,0.989627523239762,0.1774236411246979,11.727272727272727
CIK0001511888,1511888,,51,-0.02524098232206125,0.05086313064096244,-0.4962530226313087,-0.17015893289803127,-0.6840167597546872,393539396.0,0.9817826397482522,0.08314823237923276,45.1764705882353
CIK0001511985,1511985,,28,-0.036988496507875425,0.062163926790711345,-0.5950154441049932,-0.8419472373329173,-0.5353309446762509,393231500.0,0.9999156694251334,0.0868526864933267,105.67857142857143
CIK0001512251,1512251,,18,-0.030956868265395614,0.04284212694098786,-0.7225800975425766,-0.7225800975425766,,224873000.0,0.9999990994729409,0.10428480637075024,125.22222222222223
CIK0001512444,1512444,,14,-0.03816213806887648,0.031029906795765477,-1.2298502318293978,-1.2298502318293978,,463897000.0,0.9999995645608551,0.1703724996735434,654.0714285714286
CIK0001512545,1512545,,23,-0.0618525657302237,0.08631550007530255,-0.7165870055184723,-0.7165870055184723,,199460000.0,0.9999992722410597,0.1171087359943635,20.391304347826086
CIK0001512575,1512575,,14,-0.03562705217352623,0.02748434322520388,-1.2962671830652561,-1.2962671830652561,,28668501500.0,0.9999995076537301,0.05949168281164977,815.5714285714286
CIK0001512611,1512611,,41,-0.03736462721772062,0.05894014754103469,-0.6339418677301262,-0.877408726759564,-0.4858308593052759,358839000.0,0.9831453377707091,0.09219849613721695,213.9512195121951
CIK0001512652,1512652,,46,-0.06236089492414733,0.06546839667280262,-0.9525343232996678,-1.1272805757259858,-0.8613232021661668,730139500.0,0.9915028492963671,0.060350538518839654,165.45652173913044
CIK0001512746,1512746,,50,-0.03831799701872853,0.05017928275017577,-0.7636218558159258,-0.27889600688209853,-1.1814171851630877,198354464.5,0.9927435191587709,0.07885578912017623,66.48
CIK0001512857,1512857,,15,-0.04427738973013881,0.07708542895747833,-0.5743937645260326,,-1.4624325494572565,935072239.0,0.8562694114170843,0.5143928138151999,699.5333333333333
CIK0001512991,1512991,,46,-0.03463307301459613,0.04870869278502685,-0.711024481113161,-0.8827287976186319,-0.6497881399922972,1070679000.0,0.9670758746446423,0.6469232425764381,1269.2826086956522
CIK0001513211,1513211,,51,-0.01558714343393038,0.048539265279710614,-0.3211244204762108,-0.9903273462291249,0.04998995501899561,612157000.0,0.9580078688533729,0.19176326296716023,113.17647058823529
CIK0001513865,1513865,,15,-0.044894092714477654,0.050908436093785606,-0.8818595925832057,-0.8818595925832057,,496410000.0,0.9999875290544072,0.048691303401230034,138.46666666666667
CIK0001517857,1517857,,45,0.004694875822098692,0.05171288751271499,0.09078734620577429,0.12720139052919832,0.05403052135085744,7407468775.0,0.9812192379332758,0.20470675786295353,26.266666666666666
CIK0001518195,1518195,,36,-0.015419239412929562,0.02816335402681933,-0.5474930080114456,-1.0306648872994404,0.17373898983595512,207478500.0,0.9998994722545758,0.061836736606635044,229.22222222222223
CIK0001519319,1519319,,46,-0.04824781742030324,0.06016654915508957,-0.8019043487824511,-0.9392336211410348,-0.6893440228611893,164303000.0,0.9927078500243569,0.05844147927651824,96.97826086956522
CIK0001520478,1520478,,45,-0.028932746089426475,0.05576879278018413,-0.5187981422231774,-0.420964629643636,-0.5976487894611936,1591234000.0,0.9986754507005752,0.1879803327540914,84.0
CIK0001521001,1521001,,40,-0.01703831117583568,0.05860742471315659,-0.2907193287991268,-0.9268639837655321,-0.037250145693448755,3105717175.5,0.9549847126117008,0.4888619466420544,1322.425
CIK0001525212,1525212,,33,-0.07130598840090326,0.0457541350604133,-1.558459979707509,-1.310142225474397,-2.301701677718012,751625000.0,0.9998864565572246,0.18524544958183015,400.1212121212121
CIK0001525865,1525865,,51,-0.061418139390050426,0.07041384724539991,-0.8722451874310609,-0.8841665245939248,-0.9034571071563294,237370000.0,0.9631707279306329,0.08830911994627487,298.62745098039215
CIK0001525947,1525947,,49,-0.0017876451251193806,0.06403434552537601,-0.027916973467857577,-0.05600378086005459,-0.013834604561831911,89586000.0,0.9720909051085675,0.2719819180778025,133.6734693877551
CIK0001526411,1526411,,36,-0.010943852305856107,0.031426966617486916,-0.3482312638811967,-0.4898269329790034,-0.1801660020458328,1311235500.0,0.9998859623563181,0.053840558505881014,375.1388888888889
CIK0001527488,1527488,,48,-0.05401949889548841,0.08185402078557612,-0.6599492410480041,-0.5754122954575998,-0.712139453268517,1982859500.0,0.9706160560411327,0.19158033050413972,236.45833333333334
CIK0001527570,1527570,,50,-0.046381655259081625,0.07304843830253942,-0.6349438309100628,-1.0970902509098588,-0.3542631959369343,99485000.0,0.9838889936552678,0.23780258284577746,93.88
CIK0001528214,1528214,,16,-0.051628881998191434,0.039180594655713434,-1.3177156306387843,-1.3177156306387843,,839306000.0,0.9999995091448863,0.1755949081244687,233.0625
CIK0001531593,1531593,CLEAR STREET MARKETS LLC,43,-0.04370838020321326,0.06541623537048114,-0.668157987911365,-0.7033091481822373,-0.6841456545274699,268004881.0,0.9688952227211546,0.5691883185084802,401.0
CIK0001531721,1531721,"PINEBRIDGE INVESTMENTS, L.P.",50,-0.022120748445269376,0.028916567919719728,-0.7649852674478047,-1.1411762061815178,-0.32865678755076516,5252364500.0,0.9472475062912359,0.20327953078636213,900.9
CIK0001531809,1531809,,51,-0.026363661533321488,0.05841502012652504,-0.45131648461844265,-0.9998802574611191,-0.27575725193379913,699365000.0,0.9744745321247429,0.08965274856150682,168.37254901960785
CIK0001531879,1531879,,18,0.016806585248167652,0.15186680575352793,0.11066661450180593,,0.4049101315401959,216576391.5,0.9996116523316376,0.5109948081935148,20.27777777777778
CIK0001532262,1532262,,51,0.04304567874971536,0.08487583010103483,0.507160621551037,0.7932499766582637,0.34480528241132596,596961000.0,0.9785845413808545,0.05338039786772561,16.176470588235293
CIK0001532472,1532472,,48,0.0036656464952911105,0.05979959573336756,0.06129885077338608,0.2824741828609553,-0.022734698046612822,422651500.0,0.9843032172752725,0.23342160894444017,68.85416666666667
CIK0001534259,1534259,,44,-0.07961494778816819,0.08659522523123776,-0.9193918899538778,-1.1417557960065325,-0.8366701809797865,895822000.0,0.9984857814044001,0.1562874702900758,53.95454545454545
CIK0001534380,1534380,,23,-0.041130231472114816,0.04870212784187578,-0.844526374781115,-0.844526374781115,,2620279000.0,0.9999997163173341,0.10391985846842718,12.91304347826087
CIK0001534561,1534561,,47,-0.029298615030657248,0.07528219793732464,-0.3891838420322307,-0.4281419267506906,-0.3350072022773314,1003050000.0,0.9903451231851241,0.1717600079748172,68.97872340425532
CIK0001534866,1534866,,15,-0.01918202442945646,0.03509915648221076,-0.5465095560939031,-0.27547935529417006,,7259182000.0,0.9998753703425116,0.062416379489617375,371.26666666666665
CIK0001535106,1535106,,14,-0.023189224705724494,0.028682456636378327,-0.8084811213379938,-0.8084811213379938,,271893000.0,0.9999998187230299,0.14466207324623853,72.21428571428571
CIK0001535110,1535110,,21,-0.04307314193848801,0.08809170748575754,-0.48895796399989255,-0.38165939933433224,-0.5309709418128127,81940000.0,0.9958485179339944,0.6149152631218601,117.71428571428571
CIK0001535323,1535323,Allianz Asset Management AG,39,-0.021424784992501472,0.04216290024229961,-0.5081430562974161,-0.7749767455613771,-0.41200418997517696,78051395000.0,0.9135833425394153,0.13856161647377316,1741.5384615384614
CIK0001535452,1535452,,37,-0.036370542126874156,0.03657020996785743,-0.9945401504900342,-0.7218889776002483,-1.4819104057212644,3837077000.0,0.9998348777762032,0.1340341301963519,612.8648648648649
CIK0001535782,1535782,,25,-0.03462295763094756,0.03652630387230674,-0.9478910800854936,-0.9821906469867074,,16284350000.0,0.9999753601641181,0.09846400081744579,1180.4
CIK0001536063,1536063,,37,0.00967282420122111,0.12289370070360435,0.07870886909323903,-0.15491420118015314,0.3306307689231372,109542000.0,0.9998761712629718,0.3332200697800408,20.675675675675677
CIK0001536105,1536105,,17,0.01937938417322606,0.04241875730151671,0.45685883805038824,0.873160529096832,,26544151000.0,0.9999536744669345,0.10698499267287216,86.52941176470588
CIK0001536141,1536141,,26,-0.03310366903321494,0.04817016447414422,-0.6872235001316883,-1.2722048596075242,-0.3418648643685842,77987500.0,0.9998412326889224,0.6722093058876953,335.0769230769231
CIK0001537319,1537319,,44,-0.049393035040637766,0.05190382729006373,-0.9516260672397492,-0.9100095309702643,-0.9872790261889706,267312000.0,0.95355124514365,0.08570912356460827,122.79545454545455
CIK0001537703,1537703,"InterOcean Capital, LLC",29,-0.0426893970819008,0.05208955074749471,-0.8195385920527432,-0.8728429622776113,,467924000.0,0.9999503254517482,0.10299550819654081,152.68965517241378
CIK0001537720,1537720,FINEMARK NATIONAL BANK & TRUST,51,-0.04996279258884379,0.056597254261697504,-0.8827776760345568,-1.2452795374242602,-0.7244168550047294,1798423000.0,0.9462086173991902,0.0726862472850863,699.5098039215686
CIK0001539919,1539919,,51,-0.022162083283761503,0.07147434897025293,-0.31007044628507285,-0.4401583599357399,-0.24140730747566935,941255000.0,0.9852201589684185,0.45168951400914914,126.13725490196079
CIK0001539947,1539947,,31,-0.06074098926083297,0.05104892341388462,-1.1898583789121109,-1.2182989602515275,-1.3364530294847403,193568000.0,0.9999435556393748,0.171386597814099,101.83870967741936
CIK0001539994,1539994,,50,-0.008869556480801148,0.040679719972176405,-0.21803386273139458,-0.9643025657108942,0.3946198019061775,4012729000.0,0.9516236734486696,0.14281216990441023,156.62
CIK0001540569,1540569,,16,-0.052935795985490836,0.03281351589694152,-1.6132314546396538,-1.5777142563385909,,564256469.0,0.999979420763123,0.16736319240384673,161.3125
CIK0001540826,1540826,,38,-0.01832311856876842,0.0490006205909784,-0.373936459314845,-0.3459502643842831,-0.41092530099779495,2104097500.0,0.9999315857712204,0.08547242453816772,289.1842105263158
CIK0001540880,1540880,,50,-0.013622431583204551,0.020304549942913638,-0.6709053694941423,-0.7799109064079389,-0.5527745387395274,7216112109.0,0.9317218411542747,0.06896482195634991,584.66
CIK0001540944,1540944,,51,-0.022634730370920064,0.050850678981948734,-0.4451214973563053,-0.9508789211424485,-0.20510619862174115,334917000.0,0.9714328568634187,0.06325600799085768,114.90196078431373
CIK0001541353,1541353,,51,-0.054080715510841704,0.05805121747946173,-0.9316034677155913,-1.1745537951719136,-0.8082221040129495,196855000.0,0.958370306891909,0.07561480208937747,163.13725490196077
CIK0001541399,1541399,,51,-0.03633204137297101,0.043862420086753263,-0.8283182117962271,-0.582557517864638,-1.0149289082952218,280206000.0,0.964196067793797,0.04539085360739025,65.98039215686275
CIK0001541448,1541448,,13,0.007615127202771739,0.045217200875809965,0.168412176228025,0.168412176228025,,6326391000.0,0.9999999515179885,0.11296832990991364,26.692307692307693
CIK0001541496,1541496,,51,-0.02243039001653264,0.048780597773683,-0.459821958715605,-0.5473974853618216,-0.41744700860210826,304882000.0,0.9670682195771313,0.07852102688977157,91.82352941176471
CIK0001541617,1541617,,51,0.00943284503576391,0.1906217888363214,0.049484610826753456,0.21501741490738402,-0.044220156146047754,3633771000.0,0.9776769419932275,0.14175019866854097,22.431372549019606
CIK0001542324,1542324,,46,-0.08457673119736869,0.09652034370064246,-0.8762580814872629,-1.0435540292310261,-0.821373381976459,321632000.0,0.9852462253424312,0.056607414218868675,161.2826086956522
CIK0001543830,1543830,,19,-0.0017022462199969193,0.08392758683126542,-0.020282320560207262,-0.1949677931075503,,210250000.0,0.9999741753137175,0.15570618695595909,213.57894736842104
CIK0001544744,1544744,,12,-0.025332158093222316,0.05895485169055941,-0.42968741954140893,-0.42968741954140893,,150338500.0,0.9999999786384866,0.17991646607773848,29.333333333333332
CIK0001545812,1545812,,42,-0.058890950960830975,0.0788290283224597,-0.7470718872549876,-0.5481900729418533,-0.9506144405163489,823676500.0,0.9989650712731388,0.07052316746981342,58.142857142857146
CIK0001546967,1546967,,51,-0.038952386328335024,0.0525279545366571,-0.7415553617201798,-0.8439857091578021,-0.7103220555887967,224763000.0,0.9560919697989939,0.05764476312404429,102.15686274509804
CIK0001547926,1547926,,51,-0.011196230246295681,0.02298049353550281,-0.487205822104042,-1.2840097784712814,0.31234293151005127,1178512000.0,0.9464137578941814,0.11906287200515513,608.1960784313726
CIK0001548392,1548392,,39,-0.013814013628954869,0.02111124212612901,-0.6543439530992268,-0.857191816680141,-0.2869955684225828,4622726000.0,0.999815620833379,0.05249904445372598,983.4102564102565
CIK0001548882,1548882,,35,0.0042231888074324665,0.19820895570578861,0.02130675070837133,0.0821843964441879,-0.3128354374628802,221843624.0,0.9604331484379316,0.11116457388139968,36.2
CIK0001550057,1550057,,38,-0.04545373856551188,0.061975954558267,-0.7334092534437934,-1.2303048010093423,-0.36809104778991125,853556000.0,0.9998996994768937,0.08566138898478481,208.78947368421052
CIK0001550075,1550075,,42,-0.048838972345037375,0.04550298715467646,-1.0733135426224747,-1.1046666228160273,-1.0539215437664917,2485270000.0,0.9977375380313551,0.055470421752135,857.7857142857143
CIK0001551969,1551969,,38,-0.04655524225493015,0.06730734313666559,-0.6916814731346286,-0.9789051592323108,-0.34640142460362255,244043000.0,0.999913291123734,0.1032171322569583,174.39473684210526
CIK0001553936,1553936,,31,0.004900045603435631,0.18207213424304383,0.026912660873414318,1.1292197848684606,-0.28807612668823107,1384463000.0,0.9942605305634263,0.2528089961280301,23.870967741935484
CIK0001555283,1555283,,42,-0.027910417868326758,0.10419202731426637,-0.2678747941395455,-0.3250328493877151,-0.2639523909422936,330449166.0,0.9767664368676221,0.23690224653326272,80.38095238095238
CIK0001555829,1555829,,34,-0.0237989219198178,0.04332447882119855,-0.5493181352957076,-0.7768790659957437,-0.31604045691092,1122769000.0,0.9995837646933547,0.26150570112565263,155.8235294117647
CIK0001556218,1556218,,51,-0.009140680152066741,0.10665435808711428,-0.08570376603297647,0.24646986974787496,-0.3813721758635481,2487399000.0,0.9763499338740792,0.06450637396591438,307.6470588235294
CIK0001558481,1558481,,49,-0.0222113602032033,0.024552617556509417,-0.9046432686972438,-1.2524694235248535,-0.5654418999788473,9907993000.0,0.9133026722039992,0.06639495346159721,1812.857142857143
CIK0001558858,1558858,,23,-0.10498765407257156,0.15028605134962036,-0.6985854850024282,-0.4811616354565197,-0.8951152055374775,815748402.0,0.9993275012605606,0.2805896131843315,23.82608695652174
CIK0001559968,1559968,,39,-0.03703366113208287,0.027255689128931154,-1.3587497624507012,-1.870779108274096,-0.7353454279069653,295657000.0,0.9998860328317483,0.0854159256763299,195.46153846153845
CIK0001559972,1559972,,20,-0.0111631755876339,0.04479742150177937,-0.2491923689557023,0.34800338302847933,,531257500.0,0.9999883488855208,0.3614789054348358,30.3
CIK0001560808,1560808,,28,-0.03822919697044031,0.04671811018430902,-0.8182950213093931,-1.033509580844854,,1527201000.0,0.9999405409739154,0.12090588473212434,337.5
CIK0001561784,1561784,,24,-0.05427364348434643,0.0533694545203274,-1.016942068644167,-1.016942068644167,,367996500.0,0.9999983722319966,0.19752949518228108,30.416666666666668
CIK0001561790,1561790,,50,-0.031282262995857506,0.05455737820349823,-0.5733828131921654,-0.847480790023376,-0.33854974425861195,601239000.0,0.9613958625732617,0.10213013419579398,195.54
CIK0001562855,1562855,,21,-0.03598716948061168,0.037742485547891086,-0.9534923033365388,-0.9534923033365388,,1437876000.0,0.9999974665752899,0.08675340886507835,117.42857142857143
CIK0001564702,1564702,,45,-0.02750320621857367,0.054939295305911635,-0.5006108299065317,-0.6824400913885783,-0.44339771847398984,1514431000.0,0.9871239001363361,0.3434693449242979,682.4444444444445
CIK0001565061,1565061,,20,-0.025343168543144882,0.09351108013891928,-0.27101781419863025,-1.2030673600296018,0.21391059702101214,542906000.0,0.9999751945790898,0.576580523607227,45.85
CIK0001565854,1565854,,35,-0.03859140232203222,0.11397691535795415,-0.3385896363325457,0.2893228042877348,-0.49543431066566473,5336794524.0,0.9920379483275065,0.3627657799354808,106.68571428571428
CIK0001566030,1566030,,46,0.0055910708678653075,0.042523354752795374,0.13148235599249847,0.09332886343265807,0.16076743558039422,902213500.0,0.9884392835364371,0.07401003188316518,179.06521739130434
CIK0001566493,1566493,,20,-0.10798022171443018,0.1279762662964034,-0.8437519302419069,-1.2837042295206027,,250795500.0,0.9999324424428021,0.46565311510465524,152.45
CIK0001567163,1567163,,37,-0.03456391554669245,0.06767295950930229,-0.5107492829675908,-0.6695812965588513,-0.3712511074676597,376587000.0,0.9998836467319369,0.1499554202077734,452.05405405405406
CIK0001567634,1567634,,41,-0.06279108579304778,0.06507373835585897,-0.9649220619190765,-1.1760697793863681,-0.83418186919879,511887000.0,0.9833330525400704,0.07001367678443184,132.3170731707317
CIK0001567889,1567889,,51,-0.051921486240588344,0.05522442322360967,-0.9401906476863008,-1.0594666844074996,-0.8500184569419857,365043000.0,0.9610891864860832,0.07168605325301358,164.62745098039215
CIK0001567890,1567890,,51,-0.04831601799617942,0.051507558894748104,-0.9380374265655564,-1.0319540314450584,-0.8781381578368727,235259000.0,0.9671163531899114,0.1046991743201112,161.01960784313727
CIK0001567912,1567912,,51,-0.06124493426616822,0.058100953392635386,-1.0541123800530119,-1.1790274620442056,-0.9828174762363917,112430000.0,0.9753285269562905,0.07081321280960867,68.2156862745098
CIK0001567993,1567993,,51,-0.026444231315727464,0.04082450297375936,-0.647753907290174,-0.8568816621896607,-0.5110031897023111,565408000.0,0.9534715394373069,0.05864508033462267,318.5882352941176
CIK0001568049,1568049,,14,-0.04666765480277547,0.04191312958766173,-1.1134376091611753,-1.1134376091611753,,214797787.0,0.999999919674293,0.12642143185819626,53.857142857142854
CIK0001568190,1568190,,25,-0.037371951694589636,0.08097264356637757,-0.46153799663253914,-0.4131583562036586,,978482000.0,0.9999877893093057,0.1319023618903595,137.64
CIK0001568235,1568235,,15,-0.129593814675316,0.058607466708582766,-2.2112167945302987,,-1.958690915503626,489191000.0,0.855827372812519,0.06621192595305884,148.66666666666666
CIK0001568289,1568289,,33,-0.02378218959614446,0.04232179032519376,-0.5619372293157285,-0.6027827240091296,-0.5014500492813809,332716000.0,0.9999224436457191,0.08608074481026182,138.63636363636363
CIK0001568338,1568338,,26,-0.018639123683081252,0.047043166816008765,-0.39621320042480523,-0.3846178656536222,,2753480000.0,0.9999967184232623,0.07712529106049977,28.076923076923077
CIK0001568540,1568540,,47,-0.017919057576716014,0.04195919520840726,-0.42705913416259944,-0.5913883303777544,-0.1771898309191154,497086000.0,0.9936948164947894,0.0915040036614154,64.68085106382979
CIK0001568679,1568679,,26,-0.03493639224140066,0.031172825320849355,-1.1207323006359853,-1.0556615668316198,,2889251500.0,0.99996638317905,0.19688386301384495,1163.2307692307693
CIK0001568680,1568680,,25,-0.021350884932565702,0.03795769342386904,-0.5624916322764383,-0.5259786684080905,,2881084000.0,0.9999730331061554,0.14967889617622515,272.2
CIK0001568820,1568820,,17,-0.056133474457545116,0.0968145549194678,-0.5798040852749714,-0.11193475597969851,,999512000.0,0.9999981393252289,0.1367281706585348,16.764705882352942
CIK0001568887,1568887,,26,0.04049933854329903,0.04771347546042957,0.8488029461444058,0.7144868507858515,,2297527500.0,0.9999948504983691,0.07018411128039401,25.192307692307693
CIK0001568990,1568990,,26,-0.045215099959265544,0.05712475402894789,-0.7915150047695579,-0.8160990791047779,,2585389500.0,0.999995404863766,0.09138183975838576,31.384615384615383
CIK0001569036,1569036,,51,-0.029824869474873346,0.037921578048912344,-0.7864880895734717,-0.8451592219952527,-0.7188063932752704,324492000.0,0.9642422063689071,0.07813769121155918,80.94117647058823
CIK0001569071,1569071,,37,-0.030454859864635458,0.06317238675438577,-0.4820913286382508,-0.894484527080078,-0.13567589603368763,545723000.0,0.9998978799443231,0.12082248326350845,284.4594594594595
CIK0001569102,1569102,,49,-0.062025034054073086,0.08080884780179279,-0.7675525111392805,-0.9585807774277361,-0.6772704413620471,119983000.0,0.9706047829899346,0.09624491343297614,85.22448979591837
CIK0001569117,1569117,,28,-0.056624449556127,0.052727222696454884,-1.0739129932930513,-0.8887893115675861,,132392500.0,0.9999765582432135,0.11960025752596143,120.53571428571429
CIK0001569119,1569119,,51,-0.04444681509865609,0.03978130101181946,-1.1172790724771897,-1.280032556039882,-0.976737913752556,266561000.0,0.95010810485212,0.10544700108289218,157.8235294117647
CIK0001569148,1569148,,51,-0.03271475486429519,0.07089083389072585,-0.4614807453640642,-1.009017158502051,-0.33303080448557215,165474000.0,0.9795804901698449,0.06780293807157416,100.50980392156863
CIK0001569173,1569173,,27,-0.045543975843199774,0.0698455694163024,-0.6520667842284837,-0.9817932866241678,,250694000.0,0.9999666031896353,0.06724488092333923,310.8888888888889
CIK0001569174,1569174,,51,-0.015058533902752965,0.05578610096556638,-0.26993343577655454,-0.5613761636781823,-0.13318729605277196,242141000.0,0.9774849120820319,0.07202865780163883,29.372549019607842
CIK0001569205,1569205,,16,-0.018243628823656974,0.07270142356002107,-0.2509390866066531,0.22730064174080972,,3132638500.0,0.9556477744191414,0.08166185094803179,24.9375
CIK0001569258,1569258,,14,-0.024213932889570078,0.018898899892337933,-1.281235046746002,-1.281235046746002,,248136500.0,0.999999718018535,0.1988792569772294,170.0
CIK0001569395,1569395,,29,-0.04264867263703681,0.062454373528615124,-0.6828772786605639,-0.7924910459025981,-0.6134299001567045,13694092000.0,0.9915165009477552,0.1736810402487324,1262.1379310344828
CIK0001569411,1569411,,25,-0.05424451263248382,0.06399514406334138,-0.8476348233093779,-1.0411535563471421,-0.6501332790071375,1202838000.0,0.9953974298268061,0.0791775840144693,126.52
CIK0001569453,1569453,,51,-0.023258337204458454,0.07276833536533742,-0.3196216745518426,-0.7597366225000717,-0.23054137539433112,184351000.0,0.9927855607859869,0.0861439354548056,59.13725490196079
CIK0001569606,1569606,,47,0.012491479075768306,0.08054664832121788,0.15508378481054177,-0.039018136120025824,0.29027154017487006,663667000.0,0.9957298606532611,0.07290895668000018,18.638297872340427
CIK0001569650,1569650,,48,-0.05575103654312591,0.05043680424074707,-1.1053641756286143,-2.222959330211565,-0.540746017640381,240746090.5,0.9524394797147172,0.08134160771021602,128.08333333333334
CIK0001569758,1569758,,50,-0.014948124637473454,0.06368518333944147,-0.2347190327981101,-0.33252206525050815,-0.17560702647207357,8249036500.0,0.9694898439574081,0.20404088453682442,95.26
CIK0001569855,1569855,,33,-0.06811451743893325,0.07851249302580368,-0.8675627892087417,,-0.7610977049630359,1490528000.0,0.940265541192458,0.12595095740649714,210.45454545454547
CIK0001573485,1573485,"Boyle Capital Management, L.L.C.",14,-0.03645497278182324,0.0977436274342563,-0.37296521254643866,-0.37296521254643866,,104157500.0,0.9999999591435323,0.1331587516079413,23.214285714285715
CIK0001573575,1573575,,12,-0.0176299314353416,0.02458377801723135,-0.7171367810736857,-0.7171367810736857,,466734000.0,0.9999997587621913,0.06187930844025964,399.9166666666667
CIK0001576151,1576151,,45,-0.05918350481342601,0.05734112745823634,-1.0321301208189058,-1.250297898810426,-0.8982191564829213,421239000.0,0.9861063342103389,0.12002243800079873,268.24444444444447
CIK0001576422,1576422,,16,-0.013494913855560717,0.07153315826718638,-0.18865256591604715,-0.18865256591604715,,168747000.0,0.9999999437369882,0.17335656572928584,21.875
CIK0001576707,1576707,,27,-0.0009404833248778615,0.051034284649370834,-0.018428461010133883,0.0370158338390918,,607323000.0,0.9999578779200649,0.09051051032820635,68.62962962962963
CIK0001577001,1577001,,51,-0.03674213469766534,0.043568760761034935,-0.8433137425574538,-1.1618426319073174,-0.6188708616082783,444843000.0,0.9599967517326246,0.07949483291200793,131.2941176470588
CIK0001578985,1578985,,51,-0.050965421215828005,0.04644636355860381,-1.0972962640945543,-1.3686244341574085,-0.8361722892006186,963780000.0,0.9580246576794553,0.1529901491991055,125.15686274509804
CIK0001582202,1582202,,51,-0.01636418174556879,0.027568017715879793,-0.5935929783937809,-0.8265297377511547,-0.336111963977146,94087136000.0,0.9210382453016512,0.058792654263679994,2534.372549019608
CIK0001583000,1583000,,28,-0.021676927467518682,0.03324523855369784,-0.6520310399097291,-0.7671458631721892,,526905500.0,0.9999450315152186,0.060191443565895536,250.10714285714286
CIK0001583672,1583672,,37,0.09365098357979118,0.1721684808020684,0.5439496424805427,0.4363362897288192,0.5978929936474591,93911000.0,0.9744478010603783,0.544129639452639,34.54054054054054
CIK0001583751,1583751,,32,-0.042378646145900575,0.04210236245294232,-1.0065621897406336,-1.3419953536498666,-0.5506787151038965,192817000.0,0.9998479888914464,0.07854113039658343,1291.28125
CIK0001584086,1584086,,48,-0.04910738229110138,0.05214192578450453,-0.9418022359237725,-1.1582018999354844,-0.7860014157265229,160154000.0,0.9833270062006342,0.09375718732985526,101.16666666666667
CIK0001584801,1584801,,51,-0.024665832480492852,0.05631831206922933,-0.43797179946189463,-0.3996493319276843,-0.46793634658370536,635178000.0,0.9805991596125075,0.06968267210395111,46.92156862745098
CIK0001587381,1587381,,51,-0.023492439200005506,0.03591363453304588,-0.6541370569743004,-0.5921830162440196,-0.6962046131969579,8899610000.0,0.9319150888310136,0.13196947623321617,334.5882352941176
CIK0000059951,59951,,32,-0.04328125733866578,0.04370818831722889,-0.9902322425847313,-1.230157491990423,-0.6850873325740799,796139500.0,0.9998528853650328,0.09154408510040686,259.46875
CIK0000728083,728083,,24,-0.02068690144988921,0.07331868310396811,-0.28215047752549316,-0.6524757279180015,-0.008081504614507158,18082656500.0,0.999704906569845,0.06841512442796448,1485.6666666666667
CIK0000767684,767684,,37,-0.06051253339335092,0.0549268102966484,-1.1016939280532,-1.7807622848399216,-0.5523938432595471,128913000.0,0.985879272182393,0.15094643628054444,90.75675675675676
CIK0000799004,799004,,50,-0.03608470280570546,0.04769216432390395,-0.7566170106921756,-0.943545598059167,-0.6466123741308292,2558095000.0,0.9588074706452848,0.08603080193096677,188.62
CIK0000860176,860176,,50,0.04434561629906646,0.12005964393639025,0.36936321685097484,-0.014686870705580328,0.5318239124163845,398161000.0,0.9674955035174038,0.18710296675918542,49.2
CIK0000881432,881432,,41,-0.03774013837901156,0.04933758827237079,-0.7649368300926109,-0.9813786252604169,-0.5700120605771088,1035612000.0,0.9800991231473184,0.18043337538107287,238.609756097561
CIK0000902464,902464,,44,0.0049345317075601604,0.14379649543145567,0.03431607768107047,0.16244362507554952,-0.005132325071993592,7993105867.0,0.9704506163845028,0.14797647672801345,285.54545454545456
CIK0000908195,908195,,37,-0.06219341610974559,0.059819000838838315,-1.0396933288007424,-1.0566122851572348,-1.048914781029626,1000945000.0,0.9898329556374135,0.09576077907385072,282.27027027027026
CIK0000911270,911270,,48,0.02145245615502676,0.17508169574404514,0.1225282635264363,0.8416458551003965,-0.21695760807049905,448881007.0,0.9876749478134302,0.13007168961571464,44.458333333333336
CIK0000918893,918893,,48,0.010338097420453465,0.07988768852211862,0.12940789264834374,0.39593317266371203,0.014923709590591933,277482000.0,0.9668280721510354,0.09822447245526635,67.52083333333333
CIK0000934999,934999,,41,-0.04305651326575619,0.0651723174096855,-0.6606564715778557,-0.24892945503015473,-0.857895318091121,6691989087.0,0.9770867321619181,0.07171816012729486,226.14634146341464
CIK0000939334,939334,,23,-0.09209138164324177,0.1406629823384188,-0.6546952162607443,,-0.44198064097651124,322738000.0,0.9820424720163213,0.3265008957971625,12.043478260869565
CIK0001002784,1002784,,14,-0.021073038331480613,0.02538370272162949,-0.830179842591045,-0.830179842591045,,972696000.0,0.9999971682416725,0.13638941340478802,691.0714285714286
CIK0001003279,1003279,,17,-0.032816749799054946,0.03627047769860711,-0.9047785383456818,-0.9047785383456818,,165339000.0,0.9999993474343793,0.22337562078326395,192.88235294117646
CIK0001013538,1013538,,41,-0.021429161346862784,0.08517306842002463,-0.251595507169981,-0.30865810594359794,-0.25502842867387987,1471521000.0,0.9998114969020079,0.12073712957675917,60.951219512195124
CIK0001029160,1029160,,20,-0.1575226310295848,0.11636642025643079,-1.3536777248948004,,-1.3051276574998767,3647746682.5,0.9517620012708294,0.4014015223528728,164.2
CIK0001034549,1034549,,50,-0.05883417318257247,0.06524212326880721,-0.9017820118815477,-1.0831040864972785,-0.8648126314308752,378958418.0,0.9536971486177831,0.1954471626712794,495.36
CIK0001034886,1034886,,50,-0.04423798268610982,0.07928494743698143,-0.5579619349581566,-0.04959569241812713,-0.8479616509540892,1361611000.0,0.9551121670564823,0.06217060076892145,398.18
CIK0001037763,1037763,,48,-0.047223118095090034,0.0503683424383609,-0.9375555320488262,-1.341121557130258,-0.6803744254510075,265800500.0,0.9523155785269205,0.07703108573492445,713.7083333333334
CIK0001061768,1061768,,48,-0.09994270745149343,0.07832650477104242,-1.2759755812044182,-1.303362011285256,-1.2754509411947477,6441185500.0,0.9987166106067807,0.18830806486609641,33.0625
CIK0001071483,1071483,,19,-0.03006078440890093,0.0672567114353237,-0.44695590620594755,-1.4956498643354734,-0.1308409014988235,3676300000.0,0.9907033064254062,0.14812118543185301,209.21052631578948
CIK0001086762,1086762,,34,-0.024623810637661493,0.09204124248029336,-0.26753018509499754,-1.8308007157763604,0.17770581905243724,286240085.5,0.9983502740085716,0.4032645283226828,35.588235294117645
CIK0001089710,1089710,,47,-0.01599209357266151,0.03925006724850165,-0.4074411763576563,-0.30928433169177644,-0.48292861350295196,222589000.0,0.9838741154673029,0.06805049540040646,106.87234042553192
CIK0001108831,1108831,,43,-0.013977984560730296,0.02824559768785736,-0.49487303169193037,-1.6716417029639914,0.05518949965187027,264513000.0,0.9575626212934484,0.2773815082468404,147.27906976744185
CIK0001128074,1128074,,31,-0.01689254780368345,0.051357990698101444,-0.32891761483281867,-0.4443044114626423,-0.18639207798509744,118772000.0,0.9931660203042149,0.37641511306301606,283.38709677419354
CIK0001134283,1134283,,21,-0.0453167256029743,0.07085670952643675,-0.6395544741572773,-0.6796055421415271,-0.5399738215923306,2636969000.0,0.9999371862033536,0.09998412474608488,205.8095238095238
CIK0001138995,1138995,,50,-0.025365541379007775,0.08070359070516314,-0.31430499134849976,-1.3283516469681884,-0.016487634658882703,9883981500.0,0.9932722415289987,0.18561483482103872,53.74
CIK0001158583,1158583,,44,-0.04375062958789435,0.08878355991015038,-0.4927785012358679,-0.9002138886487588,-0.3400764397659606,435147000.0,0.9987943135263898,0.0972197125041572,73.02272727272727
CIK0001166767,1166767,Ostrum Asset Management,41,-0.02682904260378838,0.059072489569101244,-0.4541715238105247,-0.7909749713734759,-0.20346840206167452,977537000.0,0.9902413164190381,0.17535147697885717,269.2439024390244
CIK0001166850,1166850,,36,-0.09315837989536056,0.07893479126588526,-1.180194162789434,-0.8221438326458184,-1.9479644291347071,1516946500.0,0.999994440927947,0.37190847882426653,25.5
CIK0001179392,1179392,TWO SIGMA INVESTMENTS LLC,35,-0.042041848854168555,0.047984903708941574,-0.8761474047635137,-1.4227743339272378,-0.5607750677702495,26738418000.0,0.9988466710946351,0.42487902741836225,2132.2
CIK0001191672,1191672,,45,-0.03418991871216272,0.04575293241326066,-0.7472727300154175,-1.4262626193885628,-0.4981162258514064,3208665000.0,0.946626098264661,0.19205607260308136,894.1555555555556
CIK0001252007,1252007,,44,-0.04423571794621829,0.04491447278244305,-0.9848878369009854,-1.349127916806441,-0.7461331040977196,150655500.0,0.9694025329006393,0.0813454232596545,56.04545454545455
CIK0001274981,1274981,,30,-0.05888373591444855,0.09484061396863558,-0.6208704630769266,-0.9912227264732528,-0.5163784182097066,13296313500.0,0.9998074543512933,0.3815738751098246,726.8333333333334
CIK0001294588,1294588,,32,-0.017674763381365425,0.07717148862541959,-0.22903229801226685,-1.3485447774767527,0.14474254592065844,108183713.5,0.9779615092707191,0.1448377282755788,328.375
CIK0001299434,1299434,,31,-0.030124716569344404,0.12631372780110528,-0.23849123205596517,-1.0486921482365656,-0.09552167650166815,121663000.0,0.9915324872410184,0.21120769385601326,56.193548387096776
CIK0001333792,1333792,,50,-0.032676842709389364,0.05152706802972497,-0.6341684857611225,-0.6869563477341863,-0.6004119202440129,287893000.0,0.9573330579588537,0.048725220146749175,103.72
CIK0001344114,1344114,,49,-0.009408779899057683,0.04085383580696633,-0.2303034638669769,-0.6446148469049929,0.11488593631551935,1957620000.0,0.97802809653188,0.11473899892880142,86.77551020408163
CIK0001353323,1353323,,20,-0.04028993091285978,0.037498647413944874,-1.0744369114425185,-1.0744369114425185,,51554000.0,0.9999984097790227,0.13231014329360472,51.6
CIK0001356202,1356202,,37,-0.03139292859478615,0.03799610524083334,-0.8262143815571031,-0.5962349924933501,-1.5894096320416937,190507000.0,0.9999265412624649,0.1654838958784748,89.37837837837837
CIK0001364739,1364739,,20,-0.03972944690550443,0.0390294565142873,-1.0179349253537524,-1.0179349253537524,,148812500.0,0.9999978041576801,0.1357786174432571,212.8
CIK0001394096,1394096,,50,-0.037984551094175076,0.05063058666218849,-0.7502293296759669,-0.944560344963417,-0.5860613801073625,390216000.0,0.9678208080404943,0.0957399142528546,102.9
CIK0001409661,1409661,,48,-0.015452739171815761,0.054131050129146485,-0.28546904474192725,-0.7295160048698033,-0.051117281904512174,754613000.0,0.9723310068384019,0.08207239084980598,99.0
CIK0001410588,1410588,,28,-0.08131634760180291,0.06802345259089897,-1.1954163527755368,-0.9307202838042603,,77056606.0,0.9999826351873298,0.19854186082027553,42.357142857142854
CIK0001417889,1417889,,47,-0.0626908761355459,0.07284309171923166,-0.8606289855936101,-0.752708951226928,-0.9769644793919567,530308000.0,0.9824901878090244,0.08211406601294968,90.61702127659575
CIK0001423053,1423053,,47,-0.050641906849232074,0.05023039664993469,-1.008192453668023,-1.4379675112784964,-0.7751070585684962,73955915000.0,0.9427647748177749,0.40183181878683116,4668.021276595745
CIK0001423876,1423876,,35,-0.010954509428513864,0.07358504216691636,-0.14886869811622186,-0.761334368126518,0.10925339614686026,114568000.0,0.998510935544064,0.2561166590334715,23.0
CIK0001454946,1454946,,18,-0.06408921459686717,0.03240633870680619,-1.9776752681860785,-1.917218127941008,,319785500.0,0.9999952982268656,0.7643962020609325,227.83333333333334
CIK0001456114,1456114,ADVISOR PARTNERS LLC,13,-0.0043706990080684405,0.0301627388187648,-0.1449039171820677,,0.09564948462138535,1330561000.0,0.9995808443715564,0.079946837859522,715.9230769230769
CIK0001458461,1458461,,15,-0.017714437875560263,0.1461539287979043,-0.12120398008467263,0.1540435860438815,,54074000.0,0.9999963005518931,0.2566559194864475,19.266666666666666
CIK0001469528,1469528,,22,-0.04308242560708025,0.06615882315839336,-0.6511969764430752,-1.0253233843212681,-0.3484085516004829,1167745500.0,0.9998177124483099,0.16853513380795088,420.77272727272725
CIK0001476179,1476179,,45,0.007471305971220121,0.19707177501533676,0.03791159830251113,0.5004629030918242,-0.17984379650114335,121934000.0,0.9951549247458426,0.18087250864958077,49.48888888888889
CIK0001477872,1477872,,20,-0.0069669112068184115,0.05624668625373026,-0.12386349615589383,-0.27577797777501684,,1230873500.0,0.9999745563121575,0.048609576687674017,47.85
CIK0001478735,1478735,"TWO SIGMA ADVISERS, LP",34,-0.03584265138099283,0.04219658820541116,-0.8494206025570958,-1.2310137966943453,-0.6119333307241638,36506957000.0,0.998858098853192,0.28259339787170906,2300.029411764706
CIK0001505961,1505961,,41,0.01569767955708052,0.05481575629660738,0.2863716678753428,0.026388445208731657,0.4868584909325973,493523000.0,0.9996081444846907,0.17341974517367414,68.90243902439025
CIK0001511098,1511098,,50,-0.04127252819793732,0.04654580149462044,-0.8867078634564711,-1.2829598289893238,-0.650592177672337,643931000.0,0.9775762686757921,0.06508998011079714,47.34
CIK0001512944,1512944,,24,-0.21319771727761916,0.18190794427032678,-1.1720088318872417,,-0.9247136925007152,242370183.0,0.9988360573735058,0.1240502402738181,39.166666666666664
CIK0001533626,1533626,,13,-0.07834742511813599,0.05575703916925159,-1.4051575600616186,-1.4051575600616186,,67922000.0,0.9999997192642659,0.5934806842641496,45.76923076923077
CIK0001535227,1535227,,49,-0.047206698080743834,0.05730868684881143,-0.8237267450157155,-0.29373892674411384,-1.1502227728600796,177180000.0,0.9549457898376177,0.4603255172316337,115.75510204081633
CIK0001535588,1535588,,47,-0.02714071763041729,0.05537387984504015,-0.49013574099175244,-0.9223028305994883,-0.27739434405399643,1598694000.0,0.9741395188275533,0.5734132553532695,437.2340425531915
CIK0001536411,1536411,,47,0.06515116389269303,0.08800813114827524,0.7402857331607964,0.6460629275289962,0.8159787790944226,2307780000.0,0.989614246280326,0.4136655875857783,46.255319148936174
CIK0001537783,1537783,,49,-0.0055703972734229435,0.015402976799538094,-0.36164420327288294,-0.6588997500077256,0.020546121131533816,1502645000.0,0.9202683743283502,0.051826780668340976,501.16326530612247
CIK0001542317,1542317,,16,-0.03354067669393442,0.028097383955014585,-1.1937295210560308,-1.1937295210560308,,105344000.0,0.9999995329342778,0.1308877140539116,66.125
CIK0001542383,1542383,,23,-0.02962446642908597,0.05227414860736485,-0.5667135136042901,-1.122868056979044,-0.33921261188007235,391118000.0,0.9998356655776712,0.13091528057171106,229.1304347826087
CIK0001559706,1559706,,31,0.04916262263980126,0.12667752979768315,0.3880926847685044,,0.5521062675247917,1844717000.0,0.9963723729370058,0.26303847478565306,36.38709677419355
CIK0001569141,1569141,,29,-0.026808906232153776,0.05336978810161085,-0.5023236401109106,-0.5657880929721737,,253344000.0,0.9999549136676644,0.06567560789270513,78.06896551724138
CIK0001579254,1579254,,12,-0.04214280466704811,0.044400408035404966,-0.9491535445247498,-0.9491535445247498,,182002000.0,0.9999998549574062,0.07257282878398347,113.08333333333333
CIK0001581811,1581811,Egerton Capital (UK) LLP,50,-0.008808293446157071,0.05844718165274556,-0.15070518708992175,0.011143132023595962,-0.2566096880639426,9906266939.0,0.9850424872132646,0.2332343733843911,28.76
CIK0001584686,1584686,,49,0.0018979955621046562,0.023121628951133285,0.0820874500646916,-0.42398247570383835,0.3590218369692593,643894000.0,0.9237539960505012,0.07306387170119602,468.6734693877551
CIK0001587973,1587973,,50,-0.03942418117078511,0.04269114606556127,-0.923474415711258,-1.1599671889233325,-0.8016312737452089,20747232000.0,0.9175948747993184,0.1250005121746023,1548.96
CIK0001588873,1588873,,23,-0.05484978607933938,0.03244349476087251,-1.6906250846350885,-1.6831139803180992,,1502938000.0,0.999979971895716,0.11360725969745647,1608.2608695652175
CIK0001589661,1589661,"Lehman Financial Resources, Inc.",21,-0.023614310328469862,0.08390258334888252,-0.28144914477441385,-0.28144914477441385,,193350000.0,0.9999961127370643,0.08657880411481737,223.1904761904762
CIK0001592613,1592613,,46,-0.048014838581726976,0.06885982090369236,-0.6972838144247597,-0.7187336195880173,-0.6919987666250148,328005000.0,0.9402544238046787,0.12515500441683194,319.4347826086956
CIK0000009631,9631,,15,-0.0580683905055485,0.054307326657096665,-1.069255183008016,-1.069255183008016,,18968411000.0,0.9999928741444246,0.20677294112600672,729.8666666666667
CIK0000074260,74260,,49,-0.0290986380517299,0.0926006134833364,-0.3142380698842537,-0.4254869584850154,-0.29453912221198253,3011639000.0,0.9925135568594274,0.0825591712158784,78.40816326530613
CIK0000712050,712050,,13,-0.029772944953314413,0.027816386559918187,-1.0703383376931797,-1.0703383376931797,,107678000.0,0.9999991925031992,0.1442603708189835,104.07692307692308
CIK0000714142,714142,,48,-0.0235015350386385,0.024975960733345383,-0.9409662069727587,-0.8759602409224666,-1.0103592686321254,8595565500.0,0.921503444898701,0.10340144602386013,1726.1458333333333
CIK0000726854,726854,,49,-0.04349283256099023,0.059717373023381475,-0.7283112159422119,-0.8434419214170639,-0.6745822315777085,386731000.0,0.9468633797056291,0.05136469156893058,508.3061224489796
CIK0000860189,860189,,14,-0.018153676736175423,0.06617233020075335,-0.2743393905058533,-0.2743393905058533,,156678000.0,0.9999981905079887,0.1773725990889423,33.642857142857146
CIK0000861787,861787,WASHINGTON TRUST BANK,45,-0.03240946231903104,0.04097503491456534,-0.790956307542488,-0.9216871387811788,-0.6448124901459031,675930000.0,0.9826018808666563,0.1224131651150804,472.77777777777777
CIK0000872573,872573,CAXTON ASSOCIATES LP,36,-0.043003666805310564,0.06645447419052004,-0.647114695102816,-1.1320293406568456,-0.44601717740010444,935061000.0,0.9866142022232834,0.6004278279064625,321.6111111111111
CIK0000884548,884548,,48,-0.02720476424548705,0.04313704674612325,-0.6306589415899372,-0.9875561712101903,-0.398557122555631,731219000.0,0.959287371208786,0.09563840223376388,152.9375
CIK0000923116,923116,,29,-0.011360973660684245,0.050093129489907635,-0.22679704334542664,,-0.12425544218621987,69409000.0,0.9485977634510988,0.14328564420051507,85.03448275862068
CIK0001000490,1000490,,43,-0.0376323723691631,0.04779608001216874,-0.7873526941541504,-0.6561014721957756,-0.9179141092983388,536354000.0,0.992637827298866,0.08211691480194666,233.86046511627907
CIK0001008937,1008937,,49,-0.03491563526748702,0.05296041756293266,-0.6592779451687357,-0.8976496765492209,-0.4985628719392451,410318000.0,0.9440708627409804,0.057139228107720395,226.48979591836735
CIK0001027451,1027451,TIGER MANAGEMENT L.L.C.,35,0.002358560979182198,0.07888094562929752,0.02990026248172149,-0.24918357320597406,0.2379180048303032,377444000.0,0.9999686722970393,0.2740406443070244,40.285714285714285
CIK0001040273,1040273,,32,-0.06391870932798392,0.0762847356896859,-0.8378964513466917,-1.1852180976715145,-0.7318801005086357,7759155610.5,0.9701970250606431,0.274936845586423,52.8125
CIK0001056943,1056943,PEOPLES FINANCIAL SERVICES CORP.,49,-0.029075907127674536,0.050780201024068786,-0.5725835372874554,-0.6095848478552937,-0.5647454621081383,197134000.0,0.9529316317756156,0.05455630558620964,308.8979591836735
CIK0001079563,1079563,,21,-0.05136963731390403,0.05480370747078878,-0.937338725476012,-0.937338725476012,,10906795000.0,0.9999989692879685,0.28118695063815047,60.95238095238095
CIK0001085867,1085867,,18,-0.052179512638428356,0.05216898593098988,-1.0002017809096768,-1.0002017809096768,,151256500.0,0.9999884982555193,0.13663921704497636,291.27777777777777
CIK0001103887,1103887,,39,0.03897389576352895,0.08928022520641331,0.43653446967174825,-0.021989456401312744,0.5942586292331286,892533000.0,0.9694971189707061,0.3050318501755181,37.58974358974359
CIK0001106590,1106590,,24,-0.027128645562868235,0.03160344901308181,-0.8584077500503787,-0.8479119014989043,,122228000.0,0.9999875319077288,0.05530695585626579,77.5
CIK0001123274,1123274,,47,-0.028460286376797563,0.04329560017815555,-0.6573482353489184,-0.9390764003080261,-0.4405298762964756,709748000.0,0.9640268554744191,0.1393699971848045,164.36170212765958
CIK0001126328,1126328,,12,-0.02966058449985799,0.04005285450614394,-0.7405360957188984,-0.7405360957188984,,91440377000.0,0.999978026729675,0.0854068634255287,2229.4166666666665
CIK0001166340,1166340,,18,0.022841713783853905,0.07036748291902921,0.32460609411719765,,0.8360090059757893,19913679.5,0.9975936109291647,0.8389585490367342,84.44444444444444
CIK0001172779,1172779,,49,0.042316975414376186,0.08984587774971982,0.4709951805614828,0.1386458288382163,0.6458403811443862,321052000.0,0.9690890523447961,0.10906969299747243,50.83673469387755
CIK0001260468,1260468,,12,-0.12520038756880345,0.0571862695165807,-2.189343501906938,,,422581000.0,0.9980239476208209,0.1547627667950083,45.0
CIK0001274413,1274413,,42,-0.0569797188533732,0.1598181482091513,-0.35652846370170516,-0.5515265015680137,-0.29471662834231865,828299000.0,0.9924719839569078,0.24784756317075832,89.07142857142857
CIK0001279151,1279151,,35,0.0029271481546945094,0.22419967247019174,0.013055987648945265,-0.8162281423661955,0.20612917856284463,2291820000.0,0.9998350247881197,0.41370745239770473,89.05714285714286
CIK0001326234,1326234,Allen Investment Management LLC,38,-0.02239525531019612,0.05087186385735607,-0.44022871605631786,-0.020700088724100486,-0.6765307820529096,3647817500.0,0.9945962807713217,0.11033721832758858,194.92105263157896
CIK0001326918,1326918,,26,-0.04127162012877497,0.05366522653683729,-0.7690570373145985,-0.7588976815103223,,124622000.0,0.9999677176995262,0.07121578379828618,72.0
CIK0001349654,1349654,"OBERMEYER WOOD INVESTMENT COUNSEL, LLLP",36,-0.029461006286637764,0.05449585869246825,-0.5406100021620227,-0.5797660703143542,-0.4871429809710565,1117665000.0,0.9999040117688494,0.12510342665498014,135.52777777777777
CIK0001353110,1353110,,49,-0.04698256240127826,0.057709416092119784,-0.8141229903392746,-0.9289008847997218,-0.8162371281201236,113809000.0,0.9672356633827495,0.08470319867035991,87.91836734693878
CIK0001353570,1353570,,23,-0.01943913477266745,0.06941767989763398,-0.2800314674989584,-0.42988251375442726,-0.22612917264837634,163915000.0,0.9999327217624273,0.7182864858869493,404.5652173913044
CIK0001358706,1358706,,33,-0.05656906456778886,0.11803900236785729,-0.4792404496145968,,-0.338554083809038,3545811000.0,0.9898920851087164,0.1168935225776789,16.545454545454547
CIK0001367401,1367401,KEMPEN CAPITAL MANAGEMENT N.V.,13,-0.051314574545668706,0.03426334463724142,-1.4976522311513836,-1.4976522311513836,,959269000.0,0.9999988857275585,0.15885506554132503,131.30769230769232
CIK0001374170,1374170,,15,-0.00688191396031171,0.023093302290348772,-0.2980047579679331,,0.24991572859809075,414862674207.0,0.8458802717179214,,2039.5333333333333
CIK0001388391,1388391,,17,-0.05347926073306346,0.08024865979326302,-0.6664193628841173,,-0.6370918509816818,3283575000.0,0.9963962605067872,0.4721161595142865,1448.8235294117646
CIK0001408103,1408103,,29,-0.06095036465285581,0.053450023633488636,-1.140324372324267,-1.1483451736572665,,193996000.0,0.9999198863849538,0.07513016667155933,237.68965517241378
CIK0001420816,1420816,,49,0.007056294894575616,0.09559023940178839,0.07381815275897263,0.8512416865401035,-0.3188686303475162,659359000.0,0.9804271819931444,0.2882199185584746,45.04081632653061
CIK0001425649,1425649,,18,-0.021291106051133418,0.09793821809259114,-0.21739323489191875,0.25837849670320234,,582237500.0,0.9999829736597952,0.20973273178489854,25.555555555555557
CIK0001426774,1426774,R.M.SINCERBEAUX CAPITAL MANAGEMENT LLC,49,-0.00829759060305021,0.05196188305989953,-0.15968610285284918,-0.2532713689820037,-0.11134803753351527,123504000.0,0.9809375671054263,0.05238534256587259,47.95918367346939
CIK0001434997,1434997,,26,-0.0008317147407979406,0.18409472609853042,-0.004517862941623639,,0.009853563540559331,785599022.5,0.9950566330608847,0.38911020173141214,65.65384615384616
CIK0001438637,1438637,,22,-0.09467413804924249,0.08414728741310884,-1.1251002968426471,-1.0182076612047877,,555892500.0,0.9999987602362134,0.13063962294181708,21.318181818181817
CIK0001441843,1441843,,31,-0.01399489375240471,0.1148512842346504,-0.12185230531308917,0.14576775163630482,-0.3834154092929528,1068055000.0,0.9999869911660513,0.2318870675117686,27.322580645161292
CIK0001445911,1445911,,36,-0.04463122568306025,0.04754515304264281,-0.9387124201946199,-1.233319630250936,-0.9261916572328712,1095947500.0,0.9570869443623918,0.7012653835303406,445.1111111111111
CIK0001451428,1451428,,16,-0.015544325685324392,0.03335956008634628,-0.46596314951870715,-0.46596314951870715,,348484500.0,0.9999974140460794,0.5292543239590429,240.6875
CIK0001475373,1475373,,40,-0.03106428841662722,0.13034189320340195,-0.23832927121653757,0.1663094407953787,-0.3588666241798487,438059156.5,0.9969524368089621,0.17850848870122754,31.55
CIK0001477836,1477836,,24,-0.04342058123675105,0.05143575732624384,-0.8441711270946606,-0.7969333572819306,,2379933500.0,0.9999860255129264,0.08902625755456882,86.125
CIK0001478775,1478775,,19,-0.0842894094265079,0.05948617699513943,-1.4169579166360144,-1.3059271648181225,,164731000.0,0.9999607271170408,0.06221402898450712,70.05263157894737
CIK0001483472,1483472,,43,-0.04827368416448617,0.0706238743074502,-0.68353208651464,-1.1366777529964656,-0.4311815935518542,289978000.0,0.9884736765382706,0.12508584152316365,107.30232558139535
CIK0001486083,1486083,,12,0.0328725425442612,0.08683083943000597,0.3785814206023251,0.06657258628991616,,28296000.0,0.9999856274763258,0.04556989336491587,23.333333333333332
CIK0001511229,1511229,,45,-0.02609138105190532,0.050748452522272135,-0.5141315597638421,-1.0795874644652814,-0.15914538139190337,104778280.0,0.9665695331753922,0.12896781413861338,66.37777777777778
CIK0001512566,1512566,,15,-0.001598234457141845,0.14341886422442982,-0.011143823134860077,-0.5662173962204887,,177800000.0,0.9999817089813348,0.31003486736549657,15.8
CIK0001512754,1512754,,13,0.007183759987183883,0.08374823941557556,0.08577804186861851,0.08577804186861851,,200976000.0,0.9999997844784352,0.5886365117987787,18.46153846153846
CIK0001513038,1513038,,49,-0.0432015440749024,0.0532741265631143,-0.810929185710803,-0.48872069747503943,-1.0220902307942656,225836000.0,0.955387681613089,0.05899761734116001,283.18367346938777
CIK0001517429,1517429,,49,-0.018384563914720507,0.04406965485132619,-0.41717058996510203,-1.5451404777125561,-0.04193587926620747,142091000.0,0.9711920662716982,0.13613443533312242,56.775510204081634
CIK0001525109,1525109,"Wills Financial Group, Inc.",45,-0.04082338522172328,0.05716167478667489,-0.7141740575769726,-0.9082911107008751,-0.6041585206971082,151498000.0,0.9883611100609856,0.07181964760214253,65.75555555555556
CIK0001531987,1531987,,15,-0.0390705148558486,0.030734313435315224,-1.2712343464426379,-1.2712343464426379,,336675000.0,0.9999984114655746,0.2729779007417868,229.86666666666667
CIK0001535061,1535061,,47,-0.03324777818224718,0.05769866785079922,-0.5762312964845026,-0.31947600773993046,-0.7524138602550933,1045324000.0,0.9664102644537045,0.4774822130450156,374.5531914893617
CIK0001535602,1535602,,47,-0.03331930468992857,0.05373628935493546,-0.6200522047328193,-0.6604098094634218,-0.6182443957685465,5403618000.0,0.9703731524828934,0.13108699709471605,382.27659574468083
CIK0001536890,1536890,,48,-0.03860295187363774,0.05829180588634778,-0.6622363346844649,-1.0238867263808342,-0.4474111998788296,542291530.5,0.9826401500273837,0.5283999504536591,129.5625
CIK0001537191,1537191,,49,-0.02371862154997113,0.029800093375027894,-0.7959244036548956,-0.9204658752313398,-0.6775576601036812,2189831000.0,0.921821056034188,0.0652308739516915,1471.6938775510205
CIK0001544676,1544676,,12,0.04163032695923691,0.14101435211805205,0.2952204958811219,0.4866343360426803,,436432500.0,0.9999995844698759,0.3365105336134855,57.166666666666664
CIK0001548468,1548468,,23,-0.013618891000401739,0.046341212593435564,-0.29388292273006145,-0.34157478434614574,,265152000.0,0.9999577417341993,0.24816529039992666,127.73913043478261
CIK0001556245,1556245,,26,-0.023229776648631482,0.05510640296113619,-0.4215440565803434,0.2829274680631774,-1.1574921842499868,395842000.0,0.9680991284368383,0.12541494038638315,82.26923076923077
CIK0001556921,1556921,,44,-0.033194838752035896,0.04972249148540069,-0.6676020802466671,-0.5329435391011591,-0.73529719046043,10331128500.0,0.9626766729443884,0.5475618569539938,902.8409090909091
CIK0001566113,1566113,,48,-0.04005050408617466,0.05809506521977127,-0.6893959742240832,-0.7920142432955293,-0.6611552919795235,257362000.0,0.9679481115807805,0.05195471114847191,156.66666666666666
CIK0001569064,1569064,,46,-0.01012262346146783,0.07702078195081342,-0.1314271707559322,0.6774639643866662,-0.47893174446643705,2808127508.5,0.9742498780351554,0.35631868590170507,61.58695652173913
CIK0001569833,1569833,,46,-0.04430005129096016,0.06290955710727253,-0.704186348252491,-0.73878404114327,-0.7174588302485488,221745500.0,0.9677712094471927,0.14287251209722107,45.04347826086956
CIK0001573913,1573913,,19,-0.04696516487132081,0.07930309769503709,-0.5922235856503688,,-0.5524343468009039,1633699930.0,0.9872046086935583,0.1997823152570189,284.10526315789474
CIK0001575129,1575129,,42,-0.041956906131378535,0.049384207765526045,-0.8496016849938912,-0.9810000034631007,-0.8075785406886491,537197500.0,0.9920865517265718,0.671377921428837,491.45238095238096
CIK0001575151,1575151,,49,-0.049482539766212925,0.058730432525457815,-0.8425366140982993,-0.9557605537960516,-0.8120117302172872,137819000.0,0.9470637331437969,0.060798952427739396,177.3877551020408
CIK0001575239,1575239,,30,-0.037493848457886454,0.04555180409505335,-0.8231034796778083,-1.1164299648032558,-0.6597432951784581,416292500.0,0.9967114356756644,0.14517791963550436,454.6666666666667
CIK0001576102,1576102,,48,-0.010229124568692485,0.04994858280806098,-0.20479308907703517,-0.8814958079585605,0.08827332579804809,197985000.0,0.9578117620831526,0.05771256974682814,127.83333333333333
CIK0001577773,1577773,,26,-0.031810331648766954,0.059238546197258136,-0.5369870412040146,-1.0083987828004928,,222630500.0,0.999940685978072,0.17843331817284536,203.6153846153846
CIK0001580830,1580830,,40,-0.020507581772070013,0.050712169743327096,-0.40439172441363935,-0.7636547288047104,-0.14914929039249283,800791000.0,0.9588484006885747,0.14252596850981503,228.525
CIK0001581465,1581465,,45,-0.05886228727411379,0.05696361188262049,-1.0333313729006346,-0.9778573030943174,-1.0633399712609408,137058000.0,0.9673197116681491,0.09871147021617656,112.62222222222222
CIK0001582633,1582633,,49,-0.033171236995389625,0.1225520627963098,-0.27067057247319637,-0.38659987995530015,-0.23522722358830891,2051972000.0,0.9979257288447523,0.10554058167644742,27.3265306122449
CIK0001585047,1585047,,46,-0.028230018670958895,0.03658635720214054,-0.771599602372112,-0.3591465038454583,-1.0546563997722618,389334500.0,0.951411701379115,0.07336486528956057,177.2608695652174
CIK0001585828,1585828,,49,-0.01100594014834178,0.045603643217868695,-0.2413390547610172,-0.12864520771384252,-0.31807124786072777,281794000.0,0.9726679652321257,0.06024016309178956,61.48979591836735
CIK0001587192,1587192,,49,-0.03959306241082081,0.04581277746333857,-0.8642362371671632,-1.4865367878623346,-0.5347845574055949,197176000.0,0.9646447285042034,0.0930883201759894,269.8979591836735
CIK0001587643,1587643,,36,-0.024304483812102776,0.0591299757871074,-0.411034902141462,-1.4783123403046066,0.4549078156241942,187601000.0,0.9999852227450755,0.19430679591850256,34.05555555555556
CIK0001592579,1592579,,23,-0.03936438117298481,0.0772775486623509,-0.5093896203147046,-0.053053840918234584,-0.9789199500267937,644498000.0,0.9999739123292537,0.1550874658009478,16.91304347826087
CIK0001592643,1592643,"Select Equity Group, L.P.",18,-0.04104497384401836,0.044960552424340265,-0.9129107991113572,-0.7710377187901944,,11026813005.0,0.9772347727700418,0.13678143042778568,110.27777777777777
CIK0001593688,1593688,,49,-0.040355755313102676,0.061204102741698796,-0.6593635639443708,-0.5252149872210575,-0.7476427255240845,184221000.0,0.973665791407684,0.05246772688482875,60.12244897959184
CIK0001593921,1593921,,25,-0.021834747739427614,0.039996922090296844,-0.5459107000544137,-0.4588986990061825,,180370000.0,0.9999782266442224,0.739588895161261,257.2
CIK0001594492,1594492,,38,-0.0028207907407463598,0.025697905858060158,-0.10976733886827914,-0.24103850548899788,-0.059222646987653865,144156000.0,0.9308193362022523,0.06292883823116084,225.8684210526316
CIK0001595725,1595725,,25,-0.04955284159084049,0.11958792140680083,-0.4143632651783322,,-0.375091842759316,2737210000.0,0.9980256950076464,0.16566954679954468,122.12
CIK0001596055,1596055,,49,-0.04946911095952688,0.0748535344070821,-0.660878759434033,-0.8537987074938562,-0.6155995602979265,156297000.0,0.9813855936396664,0.0833544817804136,84.73469387755102
CIK0001596077,1596077,,49,-0.03344138735991929,0.046628660883915186,-0.7171852402482507,-0.9562487852822337,-0.5810320856990772,149236000.0,0.9592060949654199,0.19357134856602354,155.53061224489795
CIK0001596355,1596355,,48,-0.02774912593622168,0.07358888555376507,-0.3770831114869054,-0.8992174884265449,-0.1349424257948755,119181500.0,0.9901592964838279,0.0875836360245703,21.395833333333332
CIK0001596452,1596452,,44,-0.04595287245865683,0.08933218993260131,-0.5144044100150036,-0.5741818539789998,-0.48562951656145403,232559000.0,0.9954570238602003,0.2978587233313106,48.61363636363637
CIK0001596461,1596461,,17,-0.0326805081485354,0.023095832761054747,-1.4149958775599025,-1.4149958775599025,,184271000.0,0.9999979944024622,0.1713349265408216,208.11764705882354
CIK0001596901,1596901,,14,-0.06825175950869614,0.06407277201755633,-1.0652225174191667,,-1.1384778377097597,204615783.0,0.8821594965656807,0.07625341036814924,111.42857142857143
CIK0001596906,1596906,,33,-0.015854800389030293,0.08886969161825703,-0.17840503438200675,-0.27434738268492537,-0.12735265275187127,176346000.0,0.9999620382033617,0.09711796787053083,47.0
CIK0001597089,1597089,,49,-0.042041758916587714,0.05769237535386822,-0.7287229665490175,-0.9856748272063041,-0.6504335922976799,132173000.0,0.97602454231203,0.08074918205262442,85.18367346938776
CIK0001597099,1597099,,49,-0.03430819696014008,0.056135942286483824,-0.6111627517327404,-0.8224720586210655,-0.5726232753134848,198616000.0,0.96366259152678,0.06393478353890474,149.81632653061226
CIK0001597200,1597200,,37,-0.0358578982825674,0.0641834575541371,-0.5586781960321291,-0.7637252234057467,-0.3852957995643013,127660000.0,0.9997270985992148,0.09534807380787569,63.0
CIK0001597409,1597409,,29,-0.027059190550605895,0.035204182131030506,-0.7686356822139455,-0.9400972071444984,,334748624.0,0.9998514544214449,0.1066382338972562,1233.4827586206898
CIK0001597690,1597690,,38,0.008520099343663382,0.03280707256783864,0.25970312729141165,-0.5932936800627759,1.8065231051321848,93032500.0,0.9829968007590346,0.09935410361266322,86.21052631578948
CIK0001597843,1597843,,49,-0.04356444034838151,0.06798059517396324,-0.6408364068543069,-1.1529993614073097,-0.3664680708363186,195213000.0,0.9581341985317309,0.06388064754650724,159.73469387755102
CIK0001598147,1598147,,21,-0.01590509518945959,0.07098871459590547,-0.22405103796496792,-0.22405103796496792,,121703000.0,0.9999988753345597,0.18799278738657427,24.285714285714285
CIK0001598177,1598177,,49,-0.017145609046106687,0.04252200425129273,-0.40321733058429393,-0.11459761706856661,-0.5653312160324616,162463000.0,0.9725941854892655,0.05622780343700643,86.53061224489795
CIK0001598244,1598244,,31,-0.00431400191975917,0.030830639794781237,-0.1399257994058741,-0.012395811198370809,-0.37491275378609384,205750000.0,0.9999219372839407,0.04532091210647295,97.83870967741936
CIK0001598352,1598352,,41,-0.049654206130001315,0.053059289044268154,-0.9358249426731373,-1.0603228429720428,-0.9694953227518955,113074000.0,0.9799566445322269,0.0552603630026221,50.75609756097561
CIK0001598379,1598379,,49,-0.0024105531020064607,0.0822822564973533,-0.029296147244399,-0.05281436039711846,-0.01877090920109053,241259000.0,0.9906028268926803,0.10485098342892814,22.020408163265305
CIK0001598697,1598697,,49,-0.008005173909919214,0.020297793136797037,-0.3943864170444317,-0.7335938259245673,-0.10556130368060347,5742705000.0,0.9182686952069414,0.05698443890297975,694.0612244897959
CIK0001598806,1598806,,14,-0.02766121552453273,0.09233077592542312,-0.2995882493858376,-0.2995882493858376,,588122000.0,0.9999998867122333,0.019461474795298417,12.714285714285714
CIK0001598898,1598898,,25,-0.03586598547297708,0.05457014073704252,-0.6572456106442942,-1.064759878264049,,144350000.0,0.9999790105057518,0.0789619683824498,119.24
CIK0001599016,1599016,,49,-0.01176214159735466,0.045308282587002514,-0.25960245953373734,-0.06906631429903734,-0.40073252298506407,156157000.0,0.9694312842855916,0.06550453110779962,45.48979591836735
CIK0001599212,1599212,,22,-0.043299313883189215,0.0631176533088001,-0.6860095648673339,-1.0846535674068742,,161641000.0,0.999952337814777,0.07912358134187104,71.95454545454545
CIK0001599444,1599444,,13,-0.02204510165457075,0.030124250679923865,-0.7318058094569957,-0.7318058094569957,,249983000.0,0.9999997289722017,0.16050636310089786,125.76923076923077
CIK0001599468,1599468,,35,-0.0021526977919259995,0.03357235957577837,-0.06412113473700776,-0.1086871621323391,0.0034085938419637194,176138000.0,0.9999341256536072,0.08503864219802892,69.11428571428571
CIK0001599469,1599469,,43,-0.023309218952585725,0.046786604078973226,-0.4982028384074346,-0.4283326482168468,-0.5538410664924723,218270000.0,0.9947328097659937,0.1571098285005364,74.55813953488372
CIK0001599670,1599670,,47,-0.02768778318162763,0.06396024492832253,-0.4328905120952921,-0.17512744921670936,-0.5579069856541455,176709000.0,0.975173162700569,0.052293887339703526,82.48936170212765
CIK0001599746,1599746,,49,-0.030330329089337235,0.04781409488822542,-0.6343386643409542,-0.802723917028532,-0.561223320477192,244919000.0,0.9706707729971882,0.06856699383139128,91.16326530612245
CIK0001599760,1599760,,49,-0.04806089377706615,0.07958162240379481,-0.6039195020679367,-0.7803555521959196,-0.5260289112549545,230798000.0,0.9728524080675233,0.11406698911299208,80.53061224489795
CIK0001599813,1599813,,30,-0.0032822564848002944,0.04297532945887636,-0.07637536526132689,0.24258821550777282,-0.5387911564426467,162482000.0,0.9999719141856359,0.059626026374067574,44.53333333333333
CIK0001599863,1599863,,14,-0.06506044457391756,0.04893589385496881,-1.3295035493594545,-1.3295035493594545,,194771000.0,0.9999996857707767,0.11223373029032867,136.64285714285714
CIK0001599883,1599883,,22,-0.03489461794864312,0.06860708761927242,-0.5086153509571748,-0.6884914084711733,-0.28918880463439267,1130392500.0,0.9999537141993016,0.22781187259034177,69.13636363636364
CIK0001599950,1599950,,45,-0.022051473201828143,0.030248096114095555,-0.7290202040218379,-0.8359351190342909,-0.6480759364870134,117242000.0,0.9657699272648491,0.10710189596457725,264.31111111111113
CIK0001600035,1600035,,14,-0.03624603182863793,0.04974442656694616,-0.728645083050674,,-0.6858914761534343,596160000.0,0.8517130683370072,0.06296818220612825,440.57142857142856
CIK0001600085,1600085,,49,-0.04351160699193887,0.062346391132839137,-0.6979009722925985,-0.8056364934742214,-0.6847186533994162,187333000.0,0.9632681410640268,0.07337864188430258,101.77551020408163
CIK0001603142,1603142,First Western Capital Management Co,28,-0.027652331794414307,0.03936935582044375,-0.702382124795911,-0.2830344938567053,,170957500.0,0.9999758651637963,0.15212930425329946,74.5
CIK0001603470,1603470,,27,-0.056330984312177285,0.05148377109880149,-1.094150313928739,-0.870709314963716,,106296000.0,0.9999675898621876,0.08989948903005403,87.0
CIK0001603937,1603937,SCHNIEDERS CAPITAL MANAGEMENT LLC,47,-0.03685165528226352,0.04665400576293878,-0.7898926293261215,-0.8353032563654108,-0.7537677237079556,250915000.0,0.9648806541472975,0.07254644803799482,163.7659574468085
CIK0000752365,752365,,46,-0.03791440791517998,0.04995086746829262,-0.7590340235378072,-0.59873067452674,-0.8765519171667882,249251000.0,0.9701777332293596,0.10617112365926167,146.8913043478261
CIK0000779519,779519,,25,-0.014989187963492663,0.08768352735970361,-0.17094645270896452,-1.317929135187463,0.3257127456412039,89415000.0,0.9999804513669345,0.41196597493152914,47.6
CIK0000883948,883948,,47,-0.05095477934809998,0.060302595854417954,-0.8449848406099238,-0.6225437481945165,-0.9939319616118522,747240000.0,0.9481156266114326,0.09521142614876929,259.6595744680851
CIK0001021944,1021944,,42,-0.0619732474456211,0.10315629776042941,-0.6007703726276264,-0.5191947060198571,-0.6411391703255436,17175441500.0,0.9632206825822346,0.12678239485092443,71.5952380952381
CIK0001033475,1033475,,35,-0.010415519521202515,0.04537092844715924,-0.22956372896079724,-0.324353032701882,-0.07052384432082724,1143735000.0,0.9999586561066085,0.07512006078734243,66.57142857142857
CIK0001051359,1051359,,48,-0.02692570236437337,0.17470201087240922,-0.15412359725916305,-0.2865933334136183,-0.12095102852168148,4094776000.0,0.9980089545878319,0.12650241716936905,59.125
CIK0001089877,1089877,,30,-0.07252039927553366,0.08119905337007265,-0.8931187774225471,,-0.7721342805279336,21260413729.5,0.8983651225820365,0.05084419741411462,1058.3
CIK0001091561,1091561,Smith Asset Management Group LP,30,0.0005052366621720229,0.04579552939152843,0.01103244506315108,-0.4068330983177747,0.6221882194011956,2972814000.0,0.9999178043012034,0.19992736622727994,406.7
CIK0001104186,1104186,,24,0.15517190837470998,0.22558322681302323,0.687869885388021,-0.4185102521447389,1.2870771729180197,519989500.0,0.9999982150319626,0.3144556322361102,26.083333333333332
CIK0001106565,1106565,,46,-0.05238494131286872,0.05393654700089122,-0.9712327581901132,-1.0470635358678155,-0.9137044278865749,1437023500.0,0.9726786492330453,0.0625986145040423,166.08695652173913
CIK0001114739,1114739,,18,-0.0541981581869586,0.050541406412186386,-1.0723516030164488,-1.0723516030164488,,538239000.0,0.9999971549828575,0.13949020811826365,130.0
CIK0001134621,1134621,,48,-0.03181049461156437,0.055215431782375105,-0.5761160165474994,-0.7488755339861424,-0.4219708093431158,922979500.0,0.9721891365036367,0.11267306648827673,430.5208333333333
CIK0001162870,1162870,,18,-0.2942121574517162,0.3354400850167996,-0.8770930207557847,,-0.5709423395522213,5304647000.0,0.9999995580178529,0.11499028307981655,12.88888888888889
CIK0001185072,1185072,,17,-0.10121795232558248,0.08814368520224854,-1.1483290276670184,,-0.9186379038688022,305199753.0,0.9961183047451255,0.30286158192011914,115.41176470588235
CIK0001216800,1216800,,17,0.013081299967453316,0.050904363583288606,0.25697796900134157,-0.0696437930761072,,15874000.0,0.9999934116873923,0.7638351406896144,23.058823529411764
CIK0001218179,1218179,,12,-0.005409831468230601,0.07663103383365136,-0.07059583040250939,-0.07059583040250939,,334601000.0,0.9999998959134833,0.1865750938269768,112.58333333333333
CIK0001230239,1230239,,13,0.008987698840165164,0.050183036818961815,0.1790983449692494,0.1790983449692494,,5474804000.0,0.9999988569389562,0.15466168054022927,63.61538461538461
CIK0001232621,1232621,,21,-0.19187140602112868,0.18885516993113374,-1.015971159746714,,-0.9568158351150465,708683889.0,0.9814760700216519,0.26280738846087787,93.28571428571429
CIK0001298088,1298088,,43,-0.032361686882385714,0.037351856649187457,-0.8664010248432162,-0.7049774495552081,-1.0126918254596182,25922591000.0,0.9843482472741925,0.10537730866578439,1056.7906976744187
CIK0001357993,1357993,,21,-0.07261104051653638,0.07036858853948194,-1.0318672297048068,-1.2199130156172746,-0.9264068674416791,540903000.0,0.999998688456542,0.12433705014174985,72.66666666666667
CIK0001409765,1409765,,42,0.015209823746184056,0.04806990242095265,0.3164105392259252,0.018159304596145325,0.6293907897013267,163546500.0,0.9945841421438253,0.08644422659577841,78.69047619047619
CIK0001424717,1424717,,32,-0.057481135672185074,0.07164904754436549,-0.8022595922854092,-0.6578996160206796,-1.0115289372803296,181347000.0,0.9998442269971065,0.11246952412885229,857.875
CIK0001427351,1427351,,48,-0.054609212869920966,0.054359687977359246,-1.00459025612245,-1.2455485454292086,-0.8578122835622303,190345500.0,0.958008842823725,0.062268860091166146,188.375
CIK0001496201,1496201,,35,-0.03828007057583485,0.13648872822658684,-0.28046323731381423,-0.577544487521115,-0.2381721590441984,564651000.0,0.9801161072802098,0.32110967061404655,92.68571428571428
CIK0001510669,1510669,,31,-0.021711277146870895,0.10786974105564352,-0.2012730997033617,,-0.17835156189772336,2207061000.0,0.983017481637786,0.35686650586580515,28.29032258064516
CIK0001518235,1518235,,48,-0.0525512358308158,0.0834650365766426,-0.6296197543902214,-0.8580150834917952,-0.49297952163830916,1253098000.0,0.9898256514202631,0.10315717339238474,61.270833333333336
CIK0001525092,1525092,,19,-0.057042577260062365,0.0800087340291331,-0.7129543786790313,-0.627280161885355,,175646000.0,0.9999997071289021,0.26118519766323434,19.42105263157895
CIK0001535472,1535472,,41,-0.04065210487870751,0.1362091564031403,-0.29845353977372824,-0.09884666342693443,-0.4239664487369014,2236545000.0,0.9849221481123502,0.2681505133163863,28.829268292682926
CIK0001563223,1563223,,37,-0.06359350357753868,0.05878713366180967,-1.0817588750153317,-0.794900250550218,-1.3218575185053452,125662000.0,0.9982630704718713,0.2610066643872392,59.648648648648646
CIK0001568788,1568788,,41,-0.017733230951486458,0.07635427730325293,-0.2322493457778621,-0.020122643614092266,-0.29893995798437406,2480858998.0,0.9789165222575034,0.33531110202733466,25.170731707317074
CIK0001570296,1570296,,37,-0.06262911069884781,0.07791187168102119,-0.8038455417121773,-1.501683585201047,-0.607276515623475,209094000.0,0.9813513599369877,0.09801458225711984,172.67567567567568
CIK0001575677,1575677,,48,-0.031342797351846516,0.055907565389922864,-0.5606181763081156,-0.27441203867620173,-0.7649393670188742,14586098500.0,0.9654499468442808,0.11309590175898745,91.0625
CIK0001582090,1582090,,33,0.02996852121870108,0.1044796990888984,0.28683583011306496,,0.08470325395881845,2207302533.0,0.9993855406235284,0.28161451273944177,16.09090909090909
CIK0001586986,1586986,,35,0.033873656164665,0.1120893177727836,0.30220235823654423,-0.4052691315636482,0.4200446072077332,1612618000.0,0.9973137914011504,0.31706671190732755,37.25714285714286
CIK0001590228,1590228,,38,-0.03417996752972152,0.05888664853189811,-0.5804366249515086,-0.7595650010089832,-0.4726572471761334,1499019500.0,0.9900637340261907,0.5131730396295847,157.1315789473684
CIK0001596800,1596800,"Connor, Clark & Lunn Investment Management Ltd.",19,-0.042302577827938566,0.06545299465730474,-0.6463046961889447,-0.8434112981859634,,14331559000.0,0.99977724404238,0.1593255645482213,855.4736842105264
CIK0001597694,1597694,,42,0.015986033971729693,0.06511679212036187,0.2454978731398518,1.2430144676357686,-0.1782885679231651,4627062000.0,0.9609514623599331,0.44102456720006644,213.5952380952381
CIK0001599273,1599273,,40,-0.050897971838096176,0.04687812595199785,-1.085750993715983,-1.535304719342332,-0.8446404733729947,144953500.0,0.9949808540351495,0.08304897159889936,87.875
CIK0001599882,1599882,,45,-0.0622755051948217,0.10938377939176176,-0.569330348064142,-0.6343122288378611,-0.5542883358232932,907850000.0,0.9944980719810335,0.1878379628811487,91.93333333333334
CIK0001600285,1600285,,47,-0.0028681731955729306,0.057824831809214626,-0.0496010642095231,0.5137860409958527,-0.44134652213694076,2852124000.0,0.9864861978860584,0.22967256655228588,16.404255319148938
CIK0001600581,1600581,,20,-0.028273922196147057,0.047069201482355584,-0.6006883759339847,-0.6006883759339847,,148764500.0,0.9999924683166519,0.7449286264162027,158.05
CIK0001602999,1602999,,13,-0.04755431345518835,0.04237512395389922,-1.1222224035186126,-1.1222224035186126,,104413000.0,0.9999998406562194,0.07639240604058865,32.30769230769231
CIK0001604723,1604723,,13,-0.04189954620711372,0.03695839226176962,-1.133695045717341,-1.133695045717341,,166756000.0,0.9999996574389621,0.12643045887891766,65.84615384615384
CIK0001606152,1606152,,48,-0.04540354748248957,0.09722839871325202,-0.46697825000142895,-0.8655598424984879,-0.3960966951908696,917672500.0,0.9909077965652963,0.06781837369772128,75.91666666666667
CIK0001607231,1607231,,20,-0.03744151841637248,0.050853722145760435,-0.7362591534122617,-0.8246441612231399,,296615500.0,0.9999778408244492,0.09100578164735498,35.25
CIK0001607239,1607239,,35,-0.03498698357319492,0.045464570742572534,-0.7695439107906148,-1.2882479281422041,-0.2148740425613701,735257000.0,0.9998255340590573,0.09346261999549443,599.8857142857142
CIK0001607355,1607355,,48,-0.0364878768813896,0.07191478423318622,-0.5073765745032569,-0.5401921762783054,-0.5058363266414017,153968500.0,0.9630432923307101,0.0831975217810105,389.4166666666667
CIK0001607636,1607636,,35,-0.0005099186872420042,0.041041424051487224,-0.012424488160485194,-0.5907411985402263,0.42986025081960183,198197000.0,0.9999097412283391,0.06598402848754638,115.88571428571429
CIK0001607866,1607866,,36,-0.02325066726567994,0.04230277810200309,-0.5496250673777792,-0.5792701082917399,-0.523386525402404,234124000.0,0.9900240065022048,0.11349173300687979,105.02777777777777
CIK0001611519,1611519,PARUS FINANCE (UK) Ltd,48,0.020597591931056147,0.0768978706878663,0.2678564665870589,-0.05338529564245656,0.490745131765072,348263411.0,0.9746323414634773,0.15442281937433344,23.604166666666668
CIK0001612389,1612389,,44,-0.05701060375713108,0.09863397358600703,-0.5780016933644356,-0.5774569379539823,-0.581830075989473,3591106000.0,0.9976783992909596,0.1474407852888135,29.15909090909091
CIK0001615423,1615423,,47,-0.014515417298789792,0.03500087006101581,-0.4147158991378253,-0.7361823417873176,-0.2124744612427356,3316080000.0,0.952457250942694,0.1121300587426831,629.2127659574468
CIK0001616664,1616664,,48,-0.05548651349991401,0.07460845989423129,-0.7437027057935129,-0.7378570736914966,-0.7701273792863587,226987000.0,0.9561923111883592,0.06847492501379972,176.54166666666666
CIK0000016972,16972,Cannell & Co.,39,-0.037761681520221566,0.04832016721432622,-0.7814890488926703,-1.4260213622304125,-0.30038101887855534,2835323000.0,0.998203620729735,0.13102901917237653,259.12820512820514
CIK0000105495,105495,,30,-0.0078040489973358685,0.03508545725758153,-0.2224297360469672,-0.6277418174531153,0.05058502566891386,3933356000.0,0.9998327090585553,0.05899711754182875,353.1666666666667
CIK0000314984,314984,,47,-0.04080379013694391,0.0519768505629243,-0.785037756105978,-0.646875002079048,-0.8761603903433907,32269799000.0,0.9356454635801553,0.13948918687886383,2160.7659574468084
CIK0000750577,750577,,27,-0.03484244080685363,0.050281363752102924,-0.6929493992495482,-0.6858602875303201,-0.690357439926287,2631311000.0,0.8930527203385923,0.14597491721898706,602.8518518518518
CIK0001062938,1062938,,47,-0.05631116152276269,0.06824390975605595,-0.8251455950047669,-1.423927944326366,-0.6419209864945746,581991000.0,0.9717761843018045,0.23949579242163493,412.51063829787233
CIK0001086131,1086131,,13,-0.08397247196345209,0.061929277942426725,-1.3559414020426042,-1.3559414020426042,,45851000.0,0.9999995267099447,0.1712548396652762,29.76923076923077
CIK0001115418,1115418,,47,-0.012852324015887723,0.02080042683811153,-0.6178875133034919,-0.6147774342292196,-0.6092467539626414,59794054000.0,0.9093488081069195,0.05764516604484197,3278.1063829787236
CIK0001135730,1135730,,45,0.022482444513541772,0.1664182155276929,0.1350960556930763,0.07684371859717538,0.16215446336308065,12108056000.0,0.9661942474866941,0.23933094009278738,86.82222222222222
CIK0001209324,1209324,COUNTRY TRUST BANK,44,-0.044193345823266506,0.056259093388459885,-0.7855324919039769,-1.1742431059496978,-0.596520327292855,2328148000.0,0.9813173438920878,0.07467163993351264,300.3863636363636
CIK0001279030,1279030,,32,-0.039117194244115694,0.059509982866474055,-0.6573215510844715,,-0.4852979389156271,443461933.5,0.9846548969665851,0.21488369913765712,91.28125
CIK0001319111,1319111,"Virtus Fund Advisers, LLC",14,-0.04629549884238149,0.030383207937060744,-1.5237199092089238,-1.5237199092089238,,11412666000.0,0.999996227620492,0.1696068521435864,878.7857142857143
CIK0001322853,1322853,,42,-0.04587766794187188,0.06314925973509873,-0.7264957361791498,-0.7998248765958101,-0.6817256788000029,426334500.0,0.9787414365390784,0.10244260555897979,62.42857142857143
CIK0001325447,1325447,,21,-0.006026112181725811,0.06483644278663993,-0.09294328810373374,-0.7837503176694997,0.15751358229509818,39670705000.0,0.9941862974633172,0.08475580734911024,313.9047619047619
CIK0001331997,1331997,,18,0.02599012785041118,0.07750377807556388,0.33534014076579466,-0.4740973550712319,0.8995001785750043,89137000.0,0.9437251163850251,0.22738810129845086,150.33333333333334
CIK0001350605,1350605,,12,-0.06389720365968145,0.17789678370912343,-0.3591813315941704,,-0.1043103430628697,46674000.0,0.9999380952785164,0.5103398874924163,16.083333333333332
CIK0001374998,1374998,,15,-0.011315952173538082,0.05182403295965437,-0.21835336863711438,-0.39454906204198154,,395037000.0,0.9999734681316099,0.13604839673206595,99.26666666666667
CIK0001389234,1389234,,26,0.10474753964069625,0.12052724603005185,0.8690776823428016,0.3012165063786747,1.3737158325363243,40714000.0,0.9992848183250591,0.6744264986611139,50.73076923076923
CIK0001464332,1464332,,20,-0.0353552386326473,0.1066450269922647,-0.3315226188141776,-0.23326855939314003,,150571000.0,0.9998820935945277,0.1037181464369822,424.85
CIK0001483066,1483066,,34,-0.02061322587698165,0.03241431315242678,-0.6359297443316805,-0.8271604106455335,-0.4299128483810593,25918031000.0,0.9997964450010643,0.10040290361142276,1212.9117647058824
CIK0001484972,1484972,"HAP Trading, LLC",27,-0.06459958315312384,0.05986344093333181,-1.0791157698888092,-1.6209762099799416,-0.8408861056506526,1189897000.0,0.9999063243313283,0.5871909082253015,307.18518518518516
CIK0001535610,1535610,,13,-0.08946590382844147,0.17027649611945095,-0.5254154617125153,,-0.306191877289429,77017000.0,0.9999501026511594,0.5779678166734705,63.84615384615385
CIK0001569667,1569667,,37,-0.05815801307066342,0.07655145363272119,-0.7597244769273054,-0.968700661257493,-0.6439444885736355,210517000.0,0.9993703055208126,0.0966527109689249,178.27027027027026
CIK0001582635,1582635,,34,-0.06426700366679851,0.07607207121860989,-0.844817324355787,-1.15177763387642,-0.769551193126873,204593500.0,0.9988753002535423,0.2407814986294613,42.911764705882355
CIK0001602476,1602476,,23,-0.017582111559246605,0.08963215696425177,-0.19615852339542167,-1.8281943148754871,0.035744900251535816,205542821.0,0.9608284101896024,0.14210264984060003,83.91304347826087
CIK0001603001,1603001,,41,-0.0337460148085841,0.057423670536774836,-0.587667324153328,-1.0283918346152898,-0.2917566156659584,183895000.0,0.9541818269364449,0.1459992158425813,146.65853658536585
CIK0001608485,1608485,LANSDOWNE PARTNERS (UK) LLP,13,0.05083638994134803,0.12159355762013176,0.4180845674351343,,0.40185999298782044,1916305000.0,0.9999847216214491,0.2418124966275788,28.384615384615383
CIK0001608531,1608531,Grassi Investment Management,45,-0.0010817707560650332,0.04336434916067521,-0.024946085366274576,-0.9081392004507817,0.5153696066567854,677504000.0,0.9733357236371198,0.0822886776214838,129.17777777777778
CIK0001612063,1612063,Winton Capital Group Ltd,47,-0.0437186459610168,0.0625853017438034,-0.6985449417274451,-0.5798398996241539,-0.7843338138943768,3139683000.0,0.9724577386789428,0.3675666223380731,832.7872340425532
CIK0001615359,1615359,,23,-0.026968393070308863,0.049504976766899356,-0.5447612508981378,-0.7966623089947628,,123864000.0,0.9999818208477389,0.08498184891424872,68.6086956521739
CIK0001616168,1616168,,24,0.02369939548664266,0.07073461598685608,0.33504664095973025,-0.007583532795616481,,512353000.0,0.9999822567454584,0.20686021878063673,20.791666666666668
CIK0000314169,314169,,44,-0.03283333414184901,0.0759075240340344,-0.4325438691197799,-0.7582890064508431,-0.25047786676270684,299722936.5,0.98466915493267,0.15498279592048547,55.22727272727273
CIK0000754811,754811,,40,-0.04650847371621818,0.12278692956637477,-0.37877381476763455,-0.8370849691566871,-0.2259300546876941,908143519.0,0.9948037025262924,0.19945929361579343,148.7
CIK0000822581,822581,,34,-0.04129776694132761,0.04854100395665828,-0.8507810628824317,-1.1328121572476093,-0.6102171478169506,3708614000.0,0.9987930190974081,0.10308307489305912,1339.2941176470588
CIK0000938506,938506,,12,-0.03192202455805976,0.038480939737810416,-0.8295541838089485,-0.8295541838089485,,304924000.0,0.9999993408791118,0.4988689825829845,100.33333333333333
CIK0001013701,1013701,,46,-0.039753977060711,0.1049338118158219,-0.37884811741832874,-0.5979045814839037,-0.3113597024599848,306885000.0,0.9811509788409726,0.08494356293919848,71.84782608695652
CIK0001047859,1047859,,20,-0.008034034061096759,0.11849866618316024,-0.0677985189178684,,-0.00959548010170517,52443222.5,0.9978004870146024,0.2816847163621943,14.7
CIK0001156175,1156175,,18,-0.016271900512521302,0.05243701066991644,-0.3103132749944498,-0.3103132749944498,,2013933500.0,0.9999984824632789,0.37463079180042813,45.166666666666664
CIK0001166620,1166620,,45,-0.01919894548888901,0.07094697639658502,-0.2706097773783622,-0.3691836035228012,-0.23015036029273953,407233000.0,0.963122886910926,0.10764745446120773,116.68888888888888
CIK0001299582,1299582,,29,-0.062083365653815475,0.0649936103520825,-0.955222602892621,-0.9958559866826581,-0.8750689759942011,760631000.0,0.9999072909204972,0.08461887561664362,227.48275862068965
CIK0001314273,1314273,,46,0.037383204152353314,0.10536312156409929,0.35480349857422416,0.5196025705510534,0.31456889863141907,167698000.0,0.9784180081763334,0.15679167289293533,27.5
CIK0001352900,1352900,,23,-0.02823953161899483,0.06993427081067456,-0.4038010447644051,-0.7509284179843759,,167117000.0,0.9999743814753761,0.09036812116735415,74.47826086956522
CIK0001399069,1399069,,19,0.027570103112330314,0.12944113797288698,0.21299336164426505,0.026306883316195524,,5103000.0,0.99999948626441,0.199717342632446,16.473684210526315
CIK0001468395,1468395,,46,0.014988481619407159,0.1442831000799421,0.10388244784659334,0.6415132528067252,-0.0684986473189107,186130500.0,0.9989577120508706,0.19881340127977903,21.804347826086957
CIK0001478417,1478417,,12,-0.06452144325477584,0.037218369929813866,-1.7335913252778865,-1.7335913252778865,,289168000.0,0.9999990118055666,0.05871003570991453,92.91666666666667
CIK0001507971,1507971,,42,-0.04568395183664158,0.06205624915001448,-0.736170046706063,-0.80673284027685,-0.6845686816734358,170043000.0,0.9712883330026072,0.13492658414399492,114.16666666666667
CIK0001512367,1512367,,46,-0.0029196269173465974,0.07978413254423335,-0.0365940798523407,-0.09656313178683475,0.02835546525454415,719287500.0,0.980026461261367,0.43796868593869936,45.391304347826086
CIK0001535385,1535385,,46,-0.008946303197020137,0.04851814019379631,-0.18439089299212794,-0.518573442890499,-0.024784936842561493,7438184710.5,0.959304346556055,0.29866414619300935,226.52173913043478
CIK0001537530,1537530,,45,0.06458911010870023,0.21755765729830026,0.29688272483807027,0.9402025972604672,0.08574398250422602,2963215000.0,0.9757089547146524,0.19366697093323457,22.977777777777778
CIK0001538846,1538846,,46,-0.035437967383283635,0.053625902452631984,-0.6608367553956689,-0.8013152640977488,-0.6436587619651074,4807155000.0,0.9409282143572036,0.08591960082214625,588.0434782608696
CIK0001541349,1541349,Myriad Asset Management Ltd.,18,0.07946644774821282,0.1263723002827082,0.6288280546384002,0.47449674889766524,0.7312298617004799,444176000.0,0.9999893785523457,0.5563693925015128,63.333333333333336
CIK0001557406,1557406,,46,-0.045348333402218895,0.07436427750151751,-0.6098134067136451,-1.189171686920116,-0.3623184411004493,98779500.0,0.9787683967387248,0.0842839057397404,104.95652173913044
CIK0001572748,1572748,,33,0.02145344952500929,0.11403383418819137,0.18813231772272207,-0.5760481121770886,0.48880048103128576,214597593.0,0.9654257179768243,0.556949221075573,116.75757575757575
CIK0001577774,1577774,,43,0.021253200789127173,0.10149801075490208,0.20939524460268213,0.7063414949130177,-0.05371561066541086,818407000.0,0.9907417104019967,0.16167034335055988,25.674418604651162
CIK0001582151,1582151,,46,-0.047369217632889614,0.06827788040288617,-0.6937710624874602,-0.7759434323592711,-0.6490835040344427,470186000.0,0.9461542195000913,0.06317597722297055,327.9782608695652
CIK0001583119,1583119,"DAVIS CAPITAL PARTNERS, LLC",32,-0.028355560564489214,0.06810759090182326,-0.41633480480216867,-0.4036361719080126,-0.4198634517722804,973751000.0,0.9999836033677496,0.08363989448816454,28.9375
CIK0001583977,1583977,,18,-0.23834411224273466,0.22183040223350234,-1.0744429520968042,,-0.9392898606745762,1716869598.0,0.9996638136870659,0.26163317650481016,58.0
CIK0001588539,1588539,,20,-0.07086507195606465,0.08277840329891334,-0.8560816484760918,,-0.8653529591015198,2849362955.0,0.9151521885385762,0.09127627367181324,2185.25
CIK0001593051,1593051,,46,-0.02195863280195059,0.030833593208997527,-0.7121658721928824,-0.700178075211403,-0.7114868586530989,21417911703.0,0.9203904561981429,0.07517588242975193,934.5217391304348
CIK0001600585,1600585,,19,-0.0027321254404643423,0.05366812476763966,-0.05090778655284636,,-0.24174042822781594,115564000.0,0.9998976286342433,0.07214982030665654,66.57894736842105
CIK0001602198,1602198,,36,-0.02221174045129775,0.0919040541604017,-0.24168401115415272,-0.16266896510004009,-0.3024251063326593,239668000.0,0.988071886031632,0.2475604744708273,154.25
CIK0001608046,1608046,,46,-0.008687760742956938,0.019178774693861284,-0.45298831029240505,-0.42874670202968085,-0.46428626233158227,35731211500.0,0.9156989354894279,0.06288633638748412,485.8478260869565
CIK0001611848,1611848,,43,-0.044139584616697376,0.053071586842008446,-0.8316989794640095,-0.9535559376865841,-0.7573282732926592,702085000.0,0.9440964675606092,0.09561908312228519,196.2093023255814
CIK0001625244,1625244,,46,-0.01889995138229792,0.060487545757280325,-0.31246021218174796,0.0922390584105655,-0.5423501670680396,7350923500.0,0.9805137389702796,0.08200738787694282,103.6086956521739
CIK0001625959,1625959,,22,-0.04833375952828092,0.06073659052986883,-0.795793097785427,-1.132165524480201,,1265293000.0,0.9999736462561295,0.057828085501603975,128.1818181818182
CIK0000011544,11544,,25,-0.008063994301165524,0.14823661177033562,-0.05439947800176617,0.5555328619453223,-1.2492472630510747,1367197000.0,0.9626461100959324,0.3008260315746575,125.28
CIK0000225816,225816,,45,-0.02119118299165205,0.05867891755343656,-0.36113793291486346,-0.2094348790063553,-0.43305199274330786,295037889.0,0.9636936342668463,0.06252971910312095,152.9777777777778
CIK0000711089,711089,,45,-0.02991463441115259,0.07522471095053905,-0.39767031381518236,-0.2671723236105754,-0.462071325655457,256604000.0,0.9624763494086193,0.051843764306439666,111.04444444444445
CIK0000773411,773411,,13,0.021735276803079073,0.07884843673647446,0.2756589439454701,-0.22950775919305916,,192259000.0,0.99993916988936,0.103057725713144,700.7692307692307
CIK0000791490,791490,,45,-0.014977306991219786,0.036559947607582445,-0.409664345013837,-0.26808542190974866,-0.4805787083759028,661447000.0,0.9449570192149376,0.05201796078857808,268.22222222222223
CIK0000810386,810386,,16,-0.023471793363919805,0.10481044578551504,-0.2239451725213037,,-0.20605893870954903,295140000.0,0.9999596059922746,0.2282260996457529,48.75
CIK0000814375,814375,,45,0.00535727941637819,0.08909298652519458,0.06013132599099643,-0.6299711043117292,0.4297080483874589,3573838000.0,0.9992329856925092,0.09930821030751527,66.15555555555555
CIK0000816788,816788,,41,-0.008223194372586158,0.10054519165320741,-0.08178605298983747,-0.5910270115181504,0.17169372553007117,40896000.0,0.9804173595972772,0.13168001150981284,51.97560975609756
CIK0000825293,825293,,45,-0.03302017014400494,0.04354180932207059,-0.7583554899669931,-1.0181126965714327,-0.5846042862474035,68295000.0,0.9616045173779703,0.17026894515659785,93.57777777777778
CIK0000867926,867926,,45,-0.035109943350471476,0.06331674495246703,-0.5545127655523052,-0.24996223392252764,-0.7269035438906261,156921000.0,0.9641611671938879,0.068657220240542,171.86666666666667
CIK0000915191,915191,,23,-0.09651029196256308,0.11152214823618167,-0.8653912562412512,-1.0608434832901568,-0.713867942631208,1337765000.0,0.9895773373211603,0.11185751767577172,38.26086956521739
CIK0000936936,936936,,44,-0.01658880921693345,0.05220428795067594,-0.31776717713248925,-1.1303886007801114,0.17325181423817063,143305000.0,0.9592173334869156,0.11002527274486093,91.06818181818181
CIK0001037766,1037766,,45,-0.01412813208664342,0.0834240898130619,-0.16935314629099663,-0.28257966000036044,-0.10599747745008031,442589000.0,0.9912818784253713,0.06815716760934588,12.911111111111111
CIK0001054880,1054880,,12,-2.4257330202737588e-05,0.03307423876550734,-0.0007334206653478108,-0.0007334206653478108,,106015000.0,0.9999989346278898,0.20478789102882794,74.75
CIK0001079114,1079114,,28,-0.05752592406733462,0.10996308166562871,-0.5231385224471141,-1.3362821848781758,-0.20264333762528797,1741085520.5,0.9999832346365982,0.1883140299254404,36.82142857142857
CIK0001089707,1089707,,40,-0.02980130035231767,0.030480866124024893,-0.9777051685179312,-0.7906454586007722,-1.0594271777234194,119263000.0,0.9571215736985177,0.07768320992399418,86.625
CIK0001105467,1105467,,13,-0.03777150443547266,0.03555485917363777,-1.0623443689900407,,-1.315429423008457,879610811.0,0.824187297426598,0.12647570557428467,177.84615384615384
CIK0001134119,1134119,,15,-0.019269102110210615,0.04195908777686858,-0.45923548700014666,-0.45923548700014666,,949039000.0,0.9999936832193573,0.6506073624876121,573.7333333333333
CIK0001161927,1161927,,12,-0.042820099457030754,0.044078208210208254,-0.9714573525965368,-0.7927826945491512,,4955541500.0,0.9999876694199812,0.22540919298871798,280.0833333333333
CIK0001166588,1166588,"BNP PARIBAS ARBITRAGE, SNC",39,-0.04341952952488162,0.05214368598551018,-0.8326900698059928,-0.9444715993815764,-0.7799692593016185,40652416102.0,0.8979170452034543,0.23587540770642834,3526.5384615384614
CIK0001169069,1169069,,40,-0.04808961020204151,0.0998579078506939,-0.4815803899374824,-1.5515361399579057,-0.18854590419200812,516611863.5,0.9701348639872169,0.13602358682128915,114.85
CIK0001184820,1184820,,45,-0.018586225485491183,0.038429321290408026,-0.4836469877796936,-0.7521592427939042,-0.3365496411029151,224674000.0,0.9366328854041437,0.0786431700257855,189.22222222222223
CIK0001291424,1291424,,45,-0.0025481525639974374,0.05023888086957823,-0.05072072705025184,-0.7581494615161235,0.27370401055612015,137272000.0,0.971737975443369,0.12696850725038852,78.77777777777777
CIK0001332342,1332342,,43,0.0013913847245235465,0.09526861221296463,0.014604859797726645,-0.8107393972090094,0.34921468398193856,1488669000.0,0.9617335237996655,0.06090534689046913,447.27906976744185
CIK0001350780,1350780,,44,0.0074529155402221015,0.08077438188167026,0.09226830792658557,-0.6226462319590517,0.32171215818359644,419216000.0,0.9711470498368314,0.11595199354490424,95.79545454545455
CIK0001389400,1389400,,45,-0.05179877193911113,0.0775256124749474,-0.6681504380828174,-0.7221582357514115,-0.660606588943892,274301000.0,0.959817886441103,0.09415855324568355,152.88888888888889
CIK0001404599,1404599,,30,-0.01894629796803374,0.0771648084904298,-0.24553029208764843,-0.1671260508608624,-0.3337749273499106,174540500.0,0.999992040881179,0.06460722908921997,14.0
CIK0001428242,1428242,Argent Trust Co,14,-0.04557254581903443,0.025280087147940087,-1.8027052497381297,-1.8027052497381297,,325085000.0,0.9999947790335975,0.1206640540083769,172.5
CIK0001473434,1473434,KEYWISE CAPITAL MANAGEMENT Ltd,13,0.08193883444773535,0.16858863594702342,0.4860282188445454,0.23099134877616367,,223961000.0,0.9999992109268535,0.37588685621599993,14.0
CIK0001481669,1481669,,34,-0.04466981630414446,0.07851940027368129,-0.5689016491123076,-0.9562632853155639,-0.48014124911763123,8420029000.0,0.9999941137512316,0.11174896425179968,40.11764705882353
CIK0001484429,1484429,,45,-0.008616871281529045,0.04000103080075878,-0.21541623074710264,-0.41170791899208975,-0.1107993423495284,13708789000.0,0.9617682496396753,0.07234017946417436,37.37777777777778
CIK0001488542,1488542,,38,-0.02225434286622421,0.0673393877642138,-0.3304803266623978,-0.37906256053714693,-0.32284955428143713,2135904000.0,0.947534456114952,0.5561533164265609,2247.2631578947367
CIK0001510099,1510099,,16,-0.06159712671435724,0.0661048313382567,-0.9318097552855513,,-1.0639412911246757,339432500.0,0.998044093674715,0.6852981708669739,51.875
CIK0001511697,1511697,,33,-0.02349367120626792,0.09533497793481766,-0.24643285932093179,-0.6710410276703952,-0.10899885292355815,944315000.0,0.9977188522174392,0.10817114906640041,98.9090909090909
CIK0001513125,1513125,,34,-0.023035393761115654,0.08201967218495754,-0.2808520583770226,,-0.35657215724386054,756466552.5,0.9988971791237766,0.0824036420367844,34.05882352941177
CIK0001518934,1518934,,43,-0.02332251787487489,0.0629219507696907,-0.3706578958351042,-0.8751753753719159,-0.1631691616301772,227646000.0,0.9865227555080487,0.11614244499720824,36.74418604651163
CIK0001535630,1535630,,30,-0.061137172306705234,0.0798746580994305,-0.7654138842017817,-0.5865089613227968,-0.855102218929,507891500.0,0.9881949961421914,0.5490326651642635,184.63333333333333
CIK0001536262,1536262,,26,-0.0622749526503839,0.0804975008599074,-0.773625913644399,-0.843915124359086,-0.9524024778084594,690252500.0,0.999963539170679,0.09906498139576582,145.8846153846154
CIK0001536558,1536558,,24,-0.0380172461778632,0.0711178027265808,-0.5345672211352621,-0.13560437867017874,-1.038860628426803,2816166000.0,0.9999157090160532,0.16473266368057657,107.33333333333333
CIK0001536562,1536562,,24,-0.06979294176535152,0.14298610114958762,-0.48810997155143127,-1.634312513934556,-0.19373704678849296,116361500.0,0.9951164752895562,0.5165912229482167,40.625
CIK0001549042,1549042,,29,-0.04911861739598897,0.07144896589135798,-0.6874643569971546,-0.5489664578456703,-0.8553936463200336,164257000.0,0.9999097304114763,0.08933662963991822,191.31034482758622
CIK0001553562,1553562,,32,-0.004291055870124123,0.022950714974427973,-0.18696828724209005,-0.5355340562863184,0.19475645623119428,9661178500.0,0.9998975267555656,0.11217947463698666,189.53125
CIK0001567752,1567752,,20,0.0073463812219622,0.11500753383298422,0.06387739113250597,,0.029040516714716424,827433500.0,0.9999604739573114,0.3352760749856678,68.3
CIK0001568621,1568621,,27,0.010193241574258946,0.10660712362822047,0.0956150135859159,,0.051374828118921405,912911000.0,0.9970693729931002,0.06606643392593241,23.77777777777778
CIK0001569175,1569175,,25,-0.054204611310801044,0.11329629477615792,-0.4784323390004719,0.028065655814386862,-0.8197581684991039,495761000.0,0.9999602792081608,0.3949371329775079,40.68
CIK0001570396,1570396,,45,-0.02206273462092793,0.052946206876781,-0.4167009484067481,-1.0403937555890612,-0.13584684908370806,150856000.0,0.9721691340923171,0.0962773428072941,89.0
CIK0001577524,1577524,,27,-0.152840487536799,0.1594581306590854,-0.9584991803374915,-1.7031290570571362,-0.7613445700625991,781897166.0,0.9999033201098423,0.13593951225281306,11.62962962962963
CIK0001584728,1584728,,17,-0.026178295715249315,0.04770601629850205,-0.5487420192529012,-0.2870411169147741,,1506860000.0,0.9999040807970526,0.267559202839492,743.4705882352941
CIK0001591744,1591744,,45,0.00044499373427213043,0.0640500289828843,0.00694759614202748,-0.1555568131517291,0.07641604120387563,1116967000.0,0.9866204347725016,0.48225088963685114,87.04444444444445
CIK0001594585,1594585,,30,0.012828627819752107,0.0996861744685408,0.12869014071297535,0.5855203886162443,-0.22706181067614847,622747000.0,0.9999748930457063,0.3328467800787239,34.2
CIK0001595533,1595533,,28,0.003843676704489133,0.07671782729301425,0.050101480190627434,-0.5149310953475396,0.49474852229343896,103116500.0,0.9999936114975465,0.1320119415942428,31.678571428571427
CIK0001595849,1595849,,31,0.08904397367918941,0.15317838412716306,0.5813090024771757,,0.31066013420970456,1457469000.0,0.998856750842346,0.24112907297087566,27.548387096774192
CIK0001596510,1596510,,36,-0.03624929297312493,0.052552631268038996,-0.6897712273788881,-0.7756725928920042,-0.6439276095161044,741323000.0,0.9899873713178557,0.16365243687499223,13.833333333333334
CIK0001597858,1597858,,12,-0.03772922793040313,0.03755763619893083,-1.0045687574306938,-1.0045687574306938,,484827000.0,0.9999975679132547,0.29253817143165967,542.9166666666666
CIK0001599923,1599923,Community Bank of Raymore,32,-0.03821083344597497,0.07221741220938185,-0.5291083171760721,-0.6277600897528821,-0.4391381117665957,241953500.0,0.9999439477902423,0.0855479951191859,52.96875
CIK0001602189,1602189,,44,-0.018008035040965587,0.19503918386149435,-0.09233034451974122,0.4584155440776774,-0.30449126471257987,3123986096.0,0.9949971550259591,0.2314155651627487,27.75
CIK0001606430,1606430,,45,-0.03461983694715261,0.06173619992194463,-0.5607704554184127,0.2015241931872732,-0.9191867535157499,1550078462.0,0.9926110496505053,0.15781370689809604,17.0
CIK0001607978,1607978,,38,-0.04464834118903228,0.07325634682335759,-0.6094808589824099,0.17084071151458194,-0.8191291663831675,1596980009.0,0.9751381264279226,0.10468082964519254,129.8421052631579
CIK0001608108,1608108,,37,-0.003800223682618116,0.04840904433633773,-0.07850234877717911,0.20858394006505857,-0.3095448976781502,3591631000.0,0.9986796916656513,0.19771989613841334,109.32432432432432
CIK0001609674,1609674,,45,-0.03166156307560575,0.05447764496543102,-0.5811845041123628,-0.9826239614584394,-0.39577540894923335,363034000.0,0.9594376162593999,0.07624612449512924,152.2888888888889
CIK0001611457,1611457,,23,-0.008786881579001506,0.04160115218942604,-0.21121726481442202,-0.7560618060265762,,532381000.0,0.9999236591791483,0.5540232482313794,955.1739130434783
CIK0001615963,1615963,,17,-0.034840586824952495,0.04743537280473126,-0.7344853589937105,-0.7344853589937105,,169782000.0,0.999992970008661,0.17801582938761387,137.88235294117646
CIK0001616034,1616034,,38,0.008558896697007287,0.029433336528547478,0.29078921066676927,-0.2577199428381534,0.8131526015933739,423528000.0,0.9044644738118773,0.14363848437723845,420.0263157894737
CIK0001620081,1620081,,45,-0.018469534094904223,0.05850188481286282,-0.31570835971103456,0.10754514802506465,-0.5267553671216257,171955000.0,0.9791217842560903,0.05041052989851256,70.53333333333333
CIK0001620220,1620220,,31,-0.031396816115226586,0.05284031180907015,-0.5941830212411595,-0.8108918952725019,-0.4433907126371777,1651339000.0,0.9629425738323325,0.5807388642126776,1271.483870967742
CIK0001620943,1620943,,40,-0.03536794013473797,0.04464044087535198,-0.7922847409126206,-0.21482903181178867,-1.0318367785402562,549152500.0,0.9521165041250272,0.11847375573361077,191.525
CIK0001621915,1621915,,32,-0.045407587931701646,0.06552256464103128,-0.6930068775403317,-0.8843943761500511,-0.47992443566992865,2103452000.0,0.9999253006275681,0.09043273037232495,104.4375
CIK0001623883,1623883,,26,-0.0798867687449393,0.06361568793890914,-1.2557715137678607,-1.5776547468474735,-0.9829992629265271,433013273.5,0.9998098434993749,0.4051012781093845,678.1153846153846
CIK0001624729,1624729,,36,-0.026853313644229538,0.04577311430088014,-0.5866612760176529,-0.5878733309431853,-0.5939297672831564,229062500.0,0.9992582385888062,0.19299825992849456,108.22222222222223
CIK0001625292,1625292,,45,-0.03707721710482641,0.05058076632250176,-0.7330299597866291,-0.750886790262553,-0.7262444159194585,1124328000.0,0.9280846941185396,0.08056312680192505,445.6222222222222
CIK0001625986,1625986,,34,-0.0019778447870604688,0.07423709952226426,-0.026642269158347356,-0.3041035093616828,0.1733819142379782,122198000.0,0.9872449817851449,0.1256315523371546,47.64705882352941
CIK0001628110,1628110,,30,-0.004668394366176391,0.07237563513116309,-0.064502292209071,0.502440568333328,-0.6754865196405471,6809261500.0,0.999971501492566,0.3711836613415797,49.46666666666667
CIK0001629984,1629984,,33,-0.046378926912524605,0.10235303855131753,-0.4531270157491709,,-0.3858574873060108,395983000.0,0.9830854568371183,0.17228221404418934,23.666666666666668
CIK0001630363,1630363,,34,0.00365471893974841,0.10480798944882538,0.0348706139569938,-0.21789449100316538,0.17184446060549374,528102500.0,0.9999851175323231,0.08411088714344093,21.176470588235293
CIK0001630365,1630365,,45,-0.02990413584390617,0.05029246671629752,-0.594604675316639,-0.6691028954762326,-0.5359429449484812,167031000.0,0.9588001192912026,0.06036515073192641,106.53333333333333
CIK0001631054,1631054,,33,-0.043192752731087324,0.06576300556211936,-0.656794079902174,-0.7672862334749129,-0.6366330143187369,117207000.0,0.962289049452721,0.05658308758761727,74.27272727272727
CIK0001631185,1631185,,28,-0.03226158790047514,0.05085272279139484,-0.6344122030898518,-0.47382880506610114,-0.8502305464066737,135672000.0,0.9998967673407156,0.044767379458684434,231.25
CIK0001631208,1631208,,29,-0.0717648986285874,0.10466711790077515,-0.6856489417741445,-0.6268302090285877,-0.7622859373547085,93290000.0,0.999975310683843,0.20033322363523073,37.41379310344828
CIK0001631408,1631408,,32,-0.036193926680471764,0.07345687225616843,-0.4927234929533362,-0.4940227739513109,-0.4820479052017294,203975500.0,0.9998945209499556,0.04802672223516078,122.125
CIK0001631507,1631507,,44,-0.044032901112406854,0.047807148936323624,-0.9210526477789764,-1.5579445749488108,-0.680708857113528,124380500.0,0.962367552997469,0.09641390750312229,122.6590909090909
CIK0001631738,1631738,,29,-0.054659351493917624,0.06390614095723113,-0.8553067150273949,-1.157121877890745,-0.622617681000732,226675000.0,0.9734879929749993,0.09247939194329874,228.20689655172413
CIK0001631775,1631775,,45,-0.033169241793364064,0.0544222634214727,-0.6094792775387938,-0.1891429753967929,-0.8212122649983901,118524000.0,0.9617774044954569,0.06032906343101906,122.95555555555555
CIK0001631941,1631941,,18,0.012103097926664426,0.06510388893637253,0.18590437720427488,-0.19792987635361237,,205128500.0,0.9999739659835076,0.12153949319862167,114.11111111111111
CIK0001632096,1632096,,45,-0.035037170094165855,0.05670637775262621,-0.6178700083044444,-0.35406070882278756,-0.7984149424072627,262708000.0,0.9815837599054351,0.09017934899523594,48.37777777777778
CIK0001632105,1632105,,45,-0.028505655592921317,0.046138619945544544,-0.6178263594647972,-0.5828424030088318,-0.6692958592168149,175800000.0,0.9352776527432316,0.06154185059451925,204.4
CIK0001632253,1632253,,43,-0.021628527885014577,0.03979814073171673,-0.543455736531205,-2.3362033023111612,-0.17446704430098917,160260000.0,0.9613067440548201,0.08561549655222175,153.62790697674419
CIK0001632512,1632512,,45,-0.03871686245324479,0.05539413157674571,-0.6989343699378463,-0.5961085489519354,-0.7547710971351184,330261000.0,0.9588617673324674,0.0657524058412796,134.9777777777778
CIK0001632665,1632665,,40,-0.027989444222762467,0.06769535699425312,-0.41346180099636165,0.07014899975360098,-0.5992799854795614,192011000.0,0.9942506375889039,0.11532085703360564,88.325
CIK0001632801,1632801,"Blue Chip Partners, Inc.",45,-0.039663145848126,0.0547289022888357,-0.724720288328669,-0.6731081601510609,-0.7556123178561184,525745000.0,0.9631583430623761,0.09465175837911333,146.75555555555556
CIK0001632802,1632802,,45,-0.03705515727609265,0.07144374087755319,-0.5186620524051763,-0.6163869560535924,-0.49199464601849613,175645000.0,0.9716145781405328,0.05675247683488664,102.0
CIK0001632932,1632932,,33,-0.047871841417465866,0.06804413571404738,-0.7035410313276398,-0.6778198272811321,-0.7251430613553842,186789000.0,0.9272621281187207,0.16259786837453433,644.4242424242424
CIK0001632966,1632966,,23,-0.03568733769286559,0.052147565021324165,-0.6843529065432611,-1.0735804747633604,,171114000.0,0.931590517286715,0.10420060242698248,170.56521739130434
CIK0001633050,1633050,Swedbank,25,0.018748831124867006,0.04417153571268323,0.42445504376327664,0.0899174801341405,,18180061000.0,0.9999218528861817,0.1011632010671737,84.0
CIK0001633172,1633172,"Bison Wealth, LLC",38,-0.06288564683682234,0.07217491123152978,-0.8712951046569214,-1.2247873288504099,-0.7368050442709286,171239000.0,0.9829093539158267,0.12829856652394553,292.94736842105266
CIK0001633207,1633207,,45,-0.052400772929411144,0.06210702692149158,-0.8437172977860078,-0.8661281659778929,-0.8372331301980522,262154000.0,0.9508196387181349,0.07709061234721262,368.15555555555557
CIK0001633343,1633343,,35,-0.03789380639591743,0.05724404680841508,-0.66196938384557,-0.6099519243056634,-0.6831696975848928,1204007000.0,0.9983413476444318,0.1697196351533994,97.57142857142857
CIK0001633648,1633648,,35,0.006569641195413844,0.124213920777087,0.05288973372878129,-0.9736319402348191,0.21555516266934183,249180000.0,0.9993898609949006,0.13013679561161792,22.914285714285715
CIK0001633677,1633677,,16,-0.14693428552828808,0.09322376930047896,-1.5761461548667597,-1.5289475345435208,,119705500.0,0.9999978733137191,0.060283804147629357,11.25
CIK0001633703,1633703,,25,-0.0713418977833726,0.09980991893769607,-0.7147776347406565,,-0.8325383229517027,452951000.0,0.9990188054145867,0.13066449434758648,26.96
CIK0001633716,1633716,,33,-0.015960879370086327,0.05854114069505281,-0.27264380536558047,-0.23066034877705216,-0.3079937041427192,247323000.0,0.9993294686181745,0.576976967873699,266.5151515151515
CIK0001633862,1633862,,33,-0.005407931869429591,0.050357736394288026,-0.1073902890882963,-0.0195254229620778,-0.20438028143915565,198280000.0,0.9953105079141267,0.05303955538403412,76.84848484848484
CIK0001633896,1633896,,36,-0.07593992104026125,0.06710902260416117,-1.131590330050334,-1.5266010031320922,-1.0219832858450124,87815461.5,0.9666706260414966,0.18303002790101242,224.08333333333334
CIK0001633910,1633910,,45,-0.012747457151939066,0.043614668524447134,-0.2922745393378203,-0.1605697486141912,-0.36510300560416803,193883000.0,0.9598707619821389,0.14752291635403886,87.55555555555556
CIK0001642575,1642575,,42,-0.048217276231689,0.042258891367984074,-1.140997188249408,-0.8541211651263297,-1.310070562568724,10800783000.0,0.9314998884733006,0.4947187183177513,1960.357142857143
CIK0000901541,901541,,42,-0.039756693797634635,0.05187901633674532,-0.7663347650626666,-0.7632178947347174,-0.7696849505279814,13681478500.0,0.9117153067155486,0.07878819164764547,2559.9285714285716
CIK0000905608,905608,,18,-0.0035890777593888257,0.09377292466959487,-0.038274136931936896,-0.5027493363235522,,95266500.0,0.9999768759020391,0.19314541291671525,47.111111111111114
CIK0000922439,922439,,32,-0.004814017369375951,0.01891352726919282,-0.2545277409311259,-0.2183829494920664,-0.2988285615095987,3352633194.0,0.8801619274432542,0.07282139565771692,571.21875
CIK0001056466,1056466,,30,-0.060428999131580535,0.0776949901817945,-0.7777721444925895,-1.1855922977788536,-0.5057223656332671,615130500.0,0.99995170042068,0.1908914150982271,95.93333333333334
CIK0001056488,1056488,,44,-0.0208098930495216,0.07281077257683512,-0.28580788683418934,-0.4714938299509926,-0.2181057552820731,94532339.5,0.9823000280409621,0.07609686618302847,60.68181818181818
CIK0001056527,1056527,,43,-0.024498119949006924,0.03807311934468783,-0.6434492463286473,-1.0448941285918116,-0.4638913974387995,10204421692.0,0.9295036882788703,0.30771518587636054,620.1860465116279
CIK0001079373,1079373,,18,-0.05868673385160962,0.04786207346138917,-1.2261636323904874,-1.6516858125660168,,324221000.0,0.9999672982152349,0.06574719288764765,149.38888888888889
CIK0001122490,1122490,,26,-0.0062541000143819326,0.052251992634101525,-0.11969112944528934,-0.11155302118423929,-0.12360358894238475,114822500.0,0.999888756664965,0.06192925112084686,83.76923076923077
CIK0001123320,1123320,,44,-0.014801355389133549,0.10431122562312975,-0.14189609316188243,1.2563116158081549,-0.6451251349461494,253918500.0,0.9733736146845093,0.05536234559232907,60.70454545454545
CIK0001132556,1132556,,31,-0.052054926249489396,0.08591712529453076,-0.6058736959579271,-0.8331730965728512,-0.48984734650334527,942654000.0,0.9998580677941991,0.07375612594047813,266.80645161290323
CIK0001167212,1167212,,44,0.006081326586128006,0.0842728150529684,0.07216237623201927,-0.5463756759051966,0.3074990530511698,503526500.0,0.9941300566253758,0.11159821767169471,112.75
CIK0001171592,1171592,,30,-0.04439438326625837,0.07348278766785558,-0.6041466944029673,-0.3594040448022667,-0.7258276254012241,655283319.5,0.9999800989191556,0.06731278210968052,33.233333333333334
CIK0001201001,1201001,,19,0.11447314789432035,0.33114769213291845,0.3456860809033841,1.0223232470876427,,233942000.0,0.999998771249087,0.20642391647243336,35.0
CIK0001213206,1213206,,44,-0.03316098647078126,0.08373305973893373,-0.3960321833858674,-0.28675229270276914,-0.46516245082234603,284384000.0,0.9693521012031314,0.09272285837523105,131.8181818181818
CIK0001299910,1299910,,30,-0.015342477970838646,0.03840527392418079,-0.3994888306311419,-0.5029457987284687,-0.29540805531811454,724674500.0,0.9999479856208755,0.10570652925469315,161.26666666666668
CIK0001352122,1352122,,41,-0.008765657275432912,0.06891616801884022,-0.1271930452195511,0.33734540853370387,-0.35898607352267026,180506000.0,0.9961872351698928,0.09178489224344459,27.146341463414632
CIK0001389957,1389957,"PEAK6 Investments, L.P.",14,-0.02384731710831033,0.03473780781435273,-0.6864945892493617,-0.6864945892493617,,2280301500.0,0.9999919260635738,0.48625282718494217,1115.9285714285713
CIK0001423296,1423296,,44,-0.01713858256676948,0.06695027679236523,-0.25598971934664094,-0.12918746310899487,-0.3256238207911309,459467500.0,0.9650121779880265,0.10924547598420348,90.77272727272727
CIK0001425419,1425419,,24,-0.054275840334430496,0.0673894241591645,-0.8054059076781492,-0.4261462596464481,,166115500.0,0.9999930736822913,0.10670261108583236,58.625
CIK0001426749,1426749,,37,0.03240359317585568,0.11261368566030565,0.2877411656077419,0.15256775634368236,0.34925561051221693,533616000.0,0.999054685734769,0.15833355135778504,16.08108108108108
CIK0001454949,1454949,,39,-0.05502090602978294,0.09131372992304164,-0.6025480075663205,-1.3292736999498294,-0.462199076242011,1074442000.0,0.9976990428242812,0.11357668597499464,61.64102564102564
CIK0001483532,1483532,,16,-0.0007597371497083498,0.23555830144465145,-0.0032252616233115977,0.029466729450980007,,395835500.0,0.9999804967083294,0.3319250523212241,40.6875
CIK0001492162,1492162,,40,-0.07716157817316331,0.08594399049570055,-0.8978123743885013,-1.476578086415278,-0.6661954992798392,105828500.0,0.9791918606436439,0.10685960128096024,60.25
CIK0001512275,1512275,,19,-0.0768123729926213,0.20391480049206573,-0.3766885621176706,-0.0415759136835158,-0.9435770827080059,166701000.0,0.9999726145126374,0.1463844284627415,17.57894736842105
CIK0001542302,1542302,,28,-0.018397955778915207,0.07248970164033984,-0.25380095878570036,-1.2916496505443145,0.3058571988139351,6634333000.0,0.9998415784292621,0.09127648343316436,34.035714285714285
CIK0001549408,1549408,,41,-0.013114570098714815,0.20527355807158504,-0.06388825829195982,-0.8094008156982977,0.013676488618937024,94708755.0,0.9977291895748102,0.32142735428630337,57.8780487804878
CIK0001585822,1585822,,24,-0.032555940832517866,0.0725136128458506,-0.4489631609009379,,-0.15450462163092873,263785500.0,0.9272228048753076,0.1418081975726491,424.2083333333333
CIK0001595880,1595880,,44,0.016724313347745986,0.05147352064993031,0.3249110054242774,0.6479045167185516,0.10840152900171451,2546523500.0,0.983311895490434,0.5434817045260392,50.29545454545455
CIK0001595961,1595961,,12,-0.017200124398662118,0.09096731838912113,-0.1890802620421197,-1.0436589662647786,,128727000.0,0.9999949982166401,0.3990631071478546,18.083333333333332
CIK0001598558,1598558,,13,-0.056566362642633664,0.08890027758961769,-0.6362900563987356,-0.7646760167765501,,318590000.0,0.9999990798028361,0.5579606433766717,36.61538461538461
CIK0001600746,1600746,,18,-0.047873660831034455,0.05025105053351497,-0.9526897511764398,-0.2105493916688509,-1.4865864739133487,156592500.0,0.9363822922193538,0.1539233128082584,38.833333333333336
CIK0001601407,1601407,,22,0.005637788686990467,0.07260128991754922,0.0776541118379274,0.2235428841947127,-0.19334902631753328,2144694500.0,0.9999443242827087,0.09800306880632094,38.72727272727273
CIK0001601539,1601539,,44,-0.03438028935792896,0.04570858449658474,-0.7521626349858518,-0.6446796311862165,-0.8058511360861091,287602000.0,0.932129280420946,0.08527059065164168,241.0909090909091
CIK0001632554,1632554,,17,-0.05763202122264559,0.036730634973147436,-1.5690450563035565,-1.5690450563035565,,216283000.0,0.9999826961675808,0.2264469574286717,344.94117647058823
CIK0001633673,1633673,,30,-0.04333573829717221,0.07839635291877642,-0.5527774785769081,-0.31961682479222436,-0.7759393300972655,333500000.0,0.999927037774875,0.1323394588286263,254.53333333333333
CIK0001633969,1633969,,25,-0.019140369748363167,0.08309384155392711,-0.23034642989132423,-0.10904515590858703,-0.2882198778940992,1611928000.0,0.9888601669978044,0.07501986879689256,10.64
CIK0001635236,1635236,,24,0.08972161541181047,0.14137487472425764,0.6346362151375008,,0.46884368614079125,340930000.0,0.9999795311868303,0.12436026847860329,10.75
CIK0001637246,1637246,,42,-0.03194287448176626,0.0598873685402048,-0.533382502175813,-0.5746322073277815,-0.5216108982081227,332069500.0,0.9718324743046071,0.12562771344068482,201.33333333333334
CIK0001641652,1641652,,35,0.029706220668285165,0.095092438349804,0.3123930901675276,-0.6949460667984285,0.7032187189528836,404557000.0,0.9990614992592604,0.09004303156199478,452.6857142857143
CIK0001641864,1641864,,42,-0.025929959741819893,0.05853002240448726,-0.4430198157406806,-0.15061129189314357,-0.6473190198174488,1048074000.0,0.9909435022188378,0.06825251616642479,44.38095238095238
CIK0001641992,1641992,,31,0.002209405539729165,0.05153215873004858,0.042874305949754526,-0.15667704887579764,0.2875287608720895,1288876000.0,0.9999548591859854,0.13159984451134768,64.58064516129032
CIK0001642570,1642570,,44,-0.051372878183304826,0.05284316096098283,-0.9721764793611051,-1.030450985418037,-0.963477648449755,356252000.0,0.9453890362141494,0.06317568428432063,209.11363636363637
CIK0001650142,1650142,,34,-0.007494788128454297,0.058252853887421976,-0.12865958709389966,-0.03803979688830568,-0.20484776861434403,813621000.0,0.9999602365733546,0.10290618824143509,28.205882352941178
CIK0000710127,710127,,30,-0.02062698023636349,0.05100570845640698,-0.4044053275563054,-0.9220995174048844,-0.051342431361440996,159860000.0,0.9998762608822788,0.11324768127930156,135.63333333333333
CIK0000808722,808722,Knott David M,19,-0.04166010963392843,0.1174010090773272,-0.3548530797190928,-0.06423234619800304,,242591000.0,0.9999689146336422,0.14063488463960153,93.57894736842105
CIK0001008894,1008894,,29,-0.07241448331227487,0.06859549772382365,-1.0556739977558838,-1.032552471593403,-1.1426215279589904,4317774371.0,0.9999538128532145,0.1597809216281378,226.06896551724137
CIK0001061165,1061165,,43,0.023058734057495298,0.11170990337719126,0.20641620268190616,0.4531118441822352,0.15935874510545497,18661040000.0,0.9814636960068647,0.24092082004344706,31.790697674418606
CIK0001081198,1081198,,39,0.047770693559019445,0.13323874884967263,0.35853454021997705,0.5749326316720506,0.3152884273006141,636853000.0,0.9661006531291858,0.16512093937858308,16.205128205128204
CIK0001159363,1159363,,30,-0.05787429420486206,0.14492832486414375,-0.39933045702636066,-0.49453631915728163,-0.42818124440519184,34402000.0,0.9990073030107026,0.17549144671329422,36.03333333333333
CIK0001164062,1164062,,42,-0.06255094387858959,0.07080798385784541,-0.8833882913881649,-0.9300383956261762,-0.851983354170633,224945000.0,0.9678941837675894,0.1369385530031581,104.85714285714286
CIK0001169883,1169883,,43,-0.019753609837604186,0.1333894321905066,-0.14808976627995482,-1.033226184177367,0.08453147248208998,122882475.0,0.9952045662178591,0.10469943825555711,38.093023255813954
CIK0001374022,1374022,,18,0.017539170135625323,0.08074619159431509,0.21721358975431523,-0.1711752937724484,,17094500.0,0.9999682861388955,0.3678830359240968,187.66666666666666
CIK0001409775,1409775,"BBVA USA Bancshares, Inc.",24,-0.05768507666270084,0.06867418189144353,-0.8399820001089545,-0.7572739192991995,-0.9644801140694662,1551092500.0,0.9998472540206217,0.07645823116530924,518.7916666666666
CIK0001489859,1489859,"Yost Capital Management, L.L.C.",13,0.08710583236904976,0.13811823393557685,0.6306613535792647,,,146426000.0,0.999996363760385,0.28627939687776177,11.846153846153847
CIK0001491998,1491998,,36,-0.04155971822482135,0.05220643982897946,-0.796064975113658,-0.5414684450488827,-1.1015873777282634,206552500.0,0.9973325449852337,0.20825863352740756,85.36111111111111
CIK0001542943,1542943,,15,-0.10037239192191988,0.05107354997791831,-1.9652519153531616,-1.6843840170187965,,2370588000.0,0.9999978775297292,0.29561615289892534,59.6
CIK0001547007,1547007,,41,0.0045409026962413244,0.12075075357964225,0.0376055847400664,0.14093953321986305,0.021813169905673155,1924169000.0,0.9827881494388745,0.23102981131187575,22.024390243902438
CIK0001574886,1574886,,41,0.006319199132781479,0.09094299074985865,0.06948527952004185,0.31304889217382664,-0.049176630433625065,303519000.0,0.9782416294505045,0.1563805842715847,29.634146341463413
CIK0001591590,1591590,,30,-0.014173981104769617,0.05602571517233309,-0.25299063225993595,-0.7229127564664397,0.026281254304852026,269484000.0,0.9999748816055134,0.12467731506851552,65.43333333333334
CIK0001598245,1598245,,29,0.014341333008453298,0.0895170757845266,0.1602077914458846,-0.29183908552521987,0.4259822624054992,344733000.0,0.9999973267551927,0.4120670585212273,23.896551724137932
CIK0001599390,1599390,,20,-0.054721337809350436,0.08616498619703561,-0.6350762673244982,,-0.5507823204798693,121437000.0,0.9384985040494558,0.4048071240665469,85.0
CIK0001599747,1599747,,13,-0.019901313501605174,0.06699985401431732,-0.2970351770730479,-0.2970351770730479,,256587000.0,0.9999884467255042,0.21189881220022022,249.30769230769232
CIK0001600145,1600145,,26,-0.02361024653554037,0.05511365970760093,-0.42839192062267295,-0.5110018503922458,-0.3304966962037294,341067500.0,0.9999028859061296,0.19431049908098755,212.84615384615384
CIK0001601489,1601489,,34,-0.05257259230694644,0.07234246021918536,-0.7267183359013086,,-0.8891601548920111,563267500.0,0.9490454656402733,0.19649628460144392,250.41176470588235
CIK0001602987,1602987,,22,-0.0041284422985361675,0.08802892908486601,-0.04689869956798253,0.46910552179142184,-0.4239230020852624,62530000.0,0.9999859473473353,0.46236252549654083,47.68181818181818
CIK0001632108,1632108,,33,-0.04267738895121707,0.11986327512695082,-0.35605058267683787,-0.7490273520952279,-0.21314723153947152,200746000.0,0.999966258922343,0.13575247033561777,34.54545454545455
CIK0001632813,1632813,,41,-0.0015092957031595069,0.1092365290095883,-0.013816767310497333,-0.8484732281512545,0.29799692880816675,90705000.0,0.9768225582179931,0.5589920569936849,51.292682926829265
CIK0001642044,1642044,,15,-0.04766185203439145,0.08864434060935521,-0.5376750698993416,,-0.9973864712657824,20801000.0,0.9883185906710146,0.8592751177112059,53.333333333333336
CIK0001645890,1645890,Fiduciary Group LLC,43,-0.04978741550873127,0.063122351057398,-0.7887446312302503,-0.6818048915559235,-0.8392809607553374,661943000.0,0.9407125118212115,0.05876535822427384,215.88372093023256
CIK0001648711,1648711,,24,-0.03335483439019613,0.05276666698614591,-0.6321194097343562,-0.6776888162354004,-0.5102510548438013,14467519500.0,0.9998557516309692,0.09267895970130219,1387.3333333333333
CIK0001649147,1649147,,43,-0.042247250175623426,0.07351060465941514,-0.5747095996585989,-0.7845266567064495,-0.4971208661166671,259757000.0,0.9677103599231235,0.10340534189834924,121.0
CIK0001649647,1649647,,43,-0.05109500661507746,0.048801888960084826,-1.0469882970057616,-1.169262052493526,-0.9743001010174765,3586948000.0,0.9489478007569588,0.11729212376793827,675.953488372093
CIK0001649888,1649888,,30,-0.029792646960244907,0.06448445072889554,-0.46201288252534917,-0.721547268338084,-0.2617649254917105,316015000.0,0.9998934217958602,0.06822456326897218,124.2
CIK0001650092,1650092,,43,-0.02003887383922468,0.03817745746284028,-0.5248875951909471,-1.5679511951908909,-0.07030629824873294,146793000.0,0.9596210220323903,0.099097881783987,94.74418604651163
CIK0001650373,1650373,,25,-0.04810480631002578,0.13944545586197163,-0.34497220445069066,,-0.3104429591659751,354333000.0,0.9998547879259526,0.061686590806369505,100.92
CIK0001650654,1650654,,15,-0.07738046206531539,0.09395902943787987,-0.8235553573361212,-0.8108207411060102,,242800000.0,0.9998874763644984,0.14833028975501314,122.0
CIK0001652103,1652103,,30,-0.038274487778346175,0.06365997454150002,-0.6012331618541965,-0.539749482867707,-0.6460464560408834,681721500.0,0.9998903843697076,0.13128219430756005,166.3
CIK0001657111,1657111,,21,-0.000982966309549051,0.02604975253813802,-0.03773418991349247,0.08399308440254213,-0.24147634594927284,1079112000.0,0.9834206359133413,0.08020973905399524,91.19047619047619
CIK0000712534,712534,,34,-0.05992356458521047,0.08008061485426805,-0.7482905156605468,-1.0116362334767572,-0.6500454964469115,874710500.0,0.9959015982228747,0.07795092513359447,202.35294117647058
CIK0000885415,885415,,37,-0.06196369060992815,0.08431741527853917,-0.7348860304097776,-0.7970945342845178,-0.7048496022356998,762456000.0,0.9475442734367394,0.05493977573107144,160.32432432432432
CIK0000898358,898358,,42,-0.04617016379353776,0.05609459258380531,-0.8230769075096391,-0.6491801315351926,-0.9083908087549566,5415813489.5,0.9459330199489477,0.10779025537498388,462.9047619047619
CIK0001034550,1034550,,28,-0.012539056795441771,0.04363469831238053,-0.2873643517619857,-0.7373588766899732,-0.10862722482043544,109894000.0,0.9995586115592193,0.06058586638047444,42.32142857142857
CIK0001050463,1050463,,19,-0.057987484190107914,0.07617484773576262,-0.7612418785493866,-0.782670609649263,,265870000.0,0.9999701546124473,0.09553510326158754,162.3684210526316
CIK0001053321,1053321,,41,-0.05073847182813376,0.054370010952495065,-0.9332069451043387,-0.968696642316378,-0.9042829046574812,7710499000.0,0.9320296331190989,0.1826182134199068,472.3170731707317
CIK0001080380,1080380,,42,-0.04974736042569429,0.07966651545516508,-0.624445039929509,-0.5753304252625097,-0.6465754207598005,678562000.0,0.9869927999559776,0.12212708980279317,100.16666666666667
CIK0001127799,1127799,,42,-0.004279486832539108,0.0376284297294889,-0.11373014667571608,-0.7905322630714201,0.03413934242408839,6148638000.0,0.9340307151542235,0.20629213700736787,314.5
CIK0001167483,1167483,,38,-0.004384490074944439,0.15498202141384465,-0.028290314159602183,-0.35740828041564277,0.02459398079482847,18382852527.5,0.9637454136195949,0.17509823609149366,66.0
CIK0001218710,1218710,,42,-0.04538792625635282,0.048293519308958185,-0.9398347211787057,-1.1610128926461891,-0.8298932367048227,20484314500.0,0.9474793278849978,0.5307469793198015,1537.952380952381
CIK0001263508,1263508,,17,-0.0453324168096702,0.16510598524695966,-0.2745655570348613,-1.3510029381242736,0.2397354955293519,9550432067.0,0.9989385502741922,0.1014707447336176,102.41176470588235
CIK0001269950,1269950,,42,-0.009883575302869405,0.06554386713230526,-0.150793289059632,-0.796288009378977,0.05927711688237828,488535500.0,0.9524455341219626,0.19578469141565197,185.8095238095238
CIK0001315281,1315281,,21,-0.04609159932115882,0.04824474549429345,-0.9553703485636575,-1.0571317360128354,-0.7850965091060805,1886137000.0,0.9999013311487436,0.6574298566796268,1008.952380952381
CIK0001317267,1317267,,38,0.0181192654921972,0.11439496701853495,0.1583921562645726,0.19879274212934367,0.15084566871377839,80789932.5,0.9872047364805947,0.4360358285046121,25.026315789473685
CIK0001317583,1317583,,42,-0.039221107173824134,0.04963681236538999,-0.7901616824933608,-1.676109100476791,-0.5590565288669056,3286672585.0,0.9833531287027432,0.4770113927927138,143.52380952380952
CIK0001321219,1321219,,12,-0.06953611683894395,0.021973295831224694,-3.1645738248243105,-3.1645738248243105,,250664500.0,0.9999948787608329,0.07630356550119631,132.66666666666666
CIK0001439805,1439805,,22,0.052505894582470035,0.09663829151854697,0.5433239118399188,,0.6585279962170091,1186580000.0,0.9437307964528809,0.10514269969422294,236.22727272727272
CIK0001452689,1452689,,42,-0.011745533025222037,0.16652725879228747,-0.07053219461044148,-0.20187939912428823,-0.0355970507740655,793051500.0,0.9803130830955618,0.19701219809539244,18.738095238095237
CIK0001454027,1454027,,24,-0.05359455274868078,0.04688027231303071,-1.1432218735533528,-0.8929311623961782,-1.3790388324386422,1548546500.0,0.8912166350173932,0.5005824593582926,1463.75
CIK0001483170,1483170,,37,-0.05026933076241091,0.0743890029642372,-0.6757629321262252,-0.9001709128495889,-0.5632678029108831,214346000.0,0.986903399495068,0.14855119985272125,151.05405405405406
CIK0001512173,1512173,,40,0.021682504009622176,0.10677577102783675,0.2030657685774365,0.5067498441275734,0.13798246153081598,1189674500.0,0.9802558070515571,0.5391299760466924,60.475
CIK0001517137,1517137,,28,-0.04944550253559395,0.1125365106131913,-0.43937298451227536,,-0.25743794913803536,4715442228.5,0.9984822660263315,0.17688406241631816,52.57142857142857
CIK0001520354,1520354,,41,-0.026719696853163413,0.03063017365601121,-0.872332529077091,-1.0127131167141639,-0.7931216150767804,17595766000.0,0.9334335206544666,0.1388403622477023,947.390243902439
CIK0001535631,1535631,,26,-0.07618189511499027,0.046683335424997,-1.6318862912895944,,-1.3977579527015165,146902000.0,0.9636082354896848,0.1188076373211907,57.84615384615385
CIK0001536520,1536520,,12,-0.14617404303593226,0.10303050796335765,-1.4187452427690732,,-1.5641976704768272,455487066.0,0.9980835345053762,0.37706893945723813,19.0
CIK0001574947,1574947,COMGEST GLOBAL INVESTORS S.A.S.,30,-0.04786215668699438,0.07980713989676318,-0.5997227409440861,-0.7743370001203965,-0.41762509070175613,4570977500.0,0.9999349376024915,0.099826546756837,55.733333333333334
CIK0001591902,1591902,,23,-0.059175945725886095,0.04951559513085137,-1.1950971318655428,-1.183442602643533,-1.1516250474303946,404136000.0,0.9998952407588328,0.5179343924284362,473.0
CIK0001593410,1593410,,30,-0.04874489275465506,0.06493402201791368,-0.7506834050677809,,-0.802447042670539,259787663.5,0.9907503479903256,0.14120585297788082,30.4
CIK0001595686,1595686,,32,-0.08876935818363069,0.10404717888327171,-0.8531644887893866,-0.8230401028317911,-0.8606614379336359,111460000.0,0.9993146777622515,0.08613475397421687,19.15625
CIK0001600133,1600133,,26,-0.08956337106505013,0.08394529583442244,-1.066925432481353,,-0.9632374698286666,193994130.5,0.9995273449549349,0.22741783377616187,26.76923076923077
CIK0001601904,1601904,,25,-0.027848152482920625,0.08028796040549231,-0.34685340543688653,,-0.19012113154141916,291539773.0,0.9378046717619911,0.21858246974928383,115.72
CIK0001602237,1602237,,28,-0.03460839988824178,0.06545114786759802,-0.528766889729635,,-0.4081686408911645,434382268.5,0.9215277048740688,0.22080465618746914,164.10714285714286
CIK0001604903,1604903,,38,-0.02070287731411741,0.04361191913168071,-0.4747068628339483,-1.115114442734742,-0.3128974199149235,186345041.0,0.9789857513970568,0.2503311739817786,115.21052631578948
CIK0001634155,1634155,Impax Asset Management (AIFM) Ltd,12,-0.03231858432024276,0.05463638119003029,-0.5915213199544229,-0.5915213199544229,,328430500.0,0.999999948546224,0.08482554358943505,24.083333333333332
CIK0001638555,1638555,,42,0.022247119893743422,0.12833441194900638,0.17335272399297388,0.5836393547507684,0.10293359057311893,1234728000.0,0.9855404232611442,0.3661203394832147,59.73809523809524
CIK0001651424,1651424,Quadrature Capital LTD,35,-0.02215887850901862,0.0463521469679781,-0.4780550623333746,-0.5477484659936114,-0.4428454561314094,1579617000.0,0.9913405097302306,0.6783762026176723,618.8857142857142
CIK0001656735,1656735,,41,-0.05432675930034589,0.07647390825063496,-0.7103960101120375,0.41490205709785255,-1.363804573677378,2317838000.0,0.9971420494745366,0.08329606415788612,19.853658536585368
CIK0001657134,1657134,,22,-0.02708048917398863,0.1682699283601383,-0.16093481133306226,0.005450583659252815,-0.35719138564262404,76813000.0,0.9999899999420485,0.401576576348645,27.318181818181817
CIK0001657428,1657428,,42,-0.011322790912700815,0.05349745783034168,-0.2116510086925227,0.1371690678392039,-0.41903597215576704,420577247.5,0.9729864678336361,0.11696181898546973,44.07142857142857
CIK0001658652,1658652,,22,-0.02222607872248901,0.03664625934466596,-0.6065033408249105,-0.4780971252160573,-0.8312665910727235,75808000.0,0.9999516057767562,0.18073147941640227,74.72727272727273
CIK0001664385,1664385,,17,-0.05508514686746871,0.03134848462263118,-1.757186911171685,-1.758764929406904,,110680000.0,0.999984605443615,0.10444009644413166,70.82352941176471
CIK0000021175,21175,,28,-0.06017300050683726,0.058733696373594824,-1.0245055942339856,-1.3721580397333977,-0.8389125111244407,372731000.0,0.999961694447503,0.1744980835588235,175.25
CIK0000062039,62039,,15,-0.04242439596761526,0.04400227879554165,-0.9641408837668075,-1.062928468339336,,11355478000.0,0.8758173047335394,0.14925432190031082,317.73333333333335
CIK0000089014,89014,,41,-0.01902125660894434,0.020265647783856387,-0.9385960325541371,-1.563724006922797,-0.5622550394552509,1354536000.0,0.9075047406885822,0.09806485161502179,481.6829268292683
CIK0000312069,312069,,41,-0.03267198014107956,0.04032551459707199,-0.8102061552323363,-1.1358940551039916,-0.6453066789722319,89613809000.0,0.9001733096198166,0.17633043716841074,4070.951219512195
CIK0000750641,750641,,21,-0.06132070124335108,0.06646168257076235,-0.9226474393906157,,-0.9006177306867054,3018979813.0,0.8570509546508122,0.11138814376656657,688.8571428571429
CIK0000759944,759944,,27,-0.0454258295623179,0.059124014956938094,-0.7683143574377748,-0.5936200927953584,-0.9136141411436592,1267920000.0,0.9350948747659168,0.08473624645626981,642.7037037037037
CIK0000842766,842766,,41,-0.060784801877304236,0.09894411469188596,-0.6143346884790541,-0.6290312605950598,-0.6005559804832116,251289000.0,0.9541501418002196,0.0889709678624705,112.58536585365853
CIK0000924223,924223,,14,-0.09153196578508936,0.15086342785068232,-0.6067207081789898,-0.6067207081789898,,3367510500.0,0.9999994898131754,0.08648217191804525,30.357142857142858
CIK0000928566,928566,,23,-0.060547132135832474,0.05692574318216196,-1.0636160153404561,-0.7991560623780092,-1.4080452758015178,94101000.0,0.9999693271856718,0.14654423048900603,100.08695652173913
CIK0000949853,949853,,29,-0.07225575460916234,0.17939237740813077,-0.4027805175019764,,-0.3696195855460563,80178000.0,0.9999387721349173,0.17469902653343952,45.310344827586206
CIK0001005817,1005817,,21,-0.06919921735202494,0.07615755815849252,-0.9086323015530022,,-0.9469956417274823,614402948.0,0.9605565890357516,0.07476904410866463,529.2380952380952
CIK0001009022,1009022,,30,-0.057707659342175005,0.07265218639926165,-0.7943003810436307,-1.077864319217883,-0.6558430468832164,432921500.0,0.9998645068708485,0.09306541398609423,152.23333333333332
CIK0001016287,1016287,,38,-0.030989041069512346,0.05085620690689046,-0.609346291299892,-0.824770839652295,-0.5370065652408793,611425500.0,0.9829802145879349,0.07510392752273515,81.57894736842105
CIK0001081407,1081407,,41,-0.05322232083247075,0.07087963607417921,-0.7508830995586527,-0.9079181178248077,-0.684659230112371,14680316000.0,0.9444945690730482,0.09376031748935432,1129.1463414634147
CIK0001106500,1106500,,27,-0.056987358410703695,0.13116771292938895,-0.43446178283608994,,-0.49803637434506604,566234000.0,0.9957036558705489,0.15182778365847077,14.37037037037037
CIK0001119032,1119032,,40,3.4540649226852405e-05,0.04544763573156661,0.0007600098150175379,-0.646274130320248,0.2118486448300097,253463256.5,0.9543379724310761,0.1239441688189679,76.675
CIK0001157436,1157436,,41,-0.06830359287835791,0.0782283423686307,-0.8731310265370158,-0.7453034363149766,-0.9436089624427308,598912000.0,0.9533708283076964,0.10384125348691593,324.0487804878049
CIK0001214822,1214822,,41,-0.021513088126776304,0.0655417633157071,-0.32823480843037095,-0.03397353933412468,-0.4258159869828693,5319220000.0,0.9747510949108582,0.2887463873175796,52.73170731707317
CIK0001276144,1276144,,37,-0.04615834234771273,0.05402784989652738,-0.8543434994064211,-0.5795399265509044,-0.937948942143303,1045165000.0,0.9589448467348095,0.32236978098612556,129.1081081081081
CIK0001277050,1277050,,12,-0.02806539621555479,0.06304757174494106,-0.4451463464477752,-0.25979623509095806,,1247087000.0,0.9999968125215499,0.37560821386306675,21.666666666666668
CIK0001353394,1353394,,39,0.01846343850770631,0.13087942393940802,0.14107212540889547,1.089753936261398,-0.06002973594758587,874821000.0,0.9775774742167318,0.26141561171686983,15.179487179487179
CIK0001387322,1387322,,41,0.10132521773987983,0.14849214997018925,0.6823607696356797,1.1473355550261783,0.5656274449822931,5594138489.0,0.9727226310614312,0.3041783464507245,38.65853658536585
CIK0001398318,1398318,,41,-0.025007758902446945,0.045145991202130545,-0.5539308858979911,-0.579435009489012,-0.5344097079236416,15398387000.0,0.914296458858839,0.12712476635589648,971.4634146341464
CIK0001421097,1421097,,41,-0.027302280663444083,0.058392878229825126,-0.4675618241500531,-0.6915578887236342,-0.40233444555659,5100811487.0,0.9777522681475159,0.35623906318450627,97.04878048780488
CIK0001421669,1421669,,30,0.025710852962405203,0.19527308075330477,0.13166614088822248,0.244956030940515,0.1273946283922725,423085950.0,0.9832968800509676,0.2801550391095402,17.466666666666665
CIK0001484165,1484165,,32,0.07553429655772922,0.1338047912024972,0.5645111499952814,1.1586191244889346,0.38954337800810335,388112000.0,0.9962004909979221,0.4808871512498077,24.8125
CIK0001533950,1533950,,41,0.003942523511526271,0.07049659383384659,0.05592502129544803,-0.3199094419855178,0.14147330191534851,1052663000.0,0.9669420365632801,0.34198825494315105,123.21951219512195
CIK0001534653,1534653,,41,-0.018042646419437078,0.032008931926178215,-0.5636753659860082,-1.320573510086076,-0.17806029506488283,13681869000.0,0.9158593797857371,0.14940307878791703,850.0487804878048
CIK0001542161,1542161,,16,-0.009385683734800771,0.07213468486490512,-0.13011332553983135,0.23883671595571943,-0.45002864973439516,48556500.0,0.9999835226091458,0.5488816568381799,21.3125
CIK0001558971,1558971,,27,-0.13418969176246356,0.23012563663181662,-0.5831149181174914,0.32038549585833365,-1.0195395148260267,386021000.0,0.9999860683050484,0.19625679014015535,13.407407407407407
CIK0001568839,1568839,,22,-0.00017678275710057573,0.08932246420575163,-0.0019791522621834933,,0.07746205232764378,116259349.5,0.9564477042649572,0.08788938682631743,57.95454545454545
CIK0001579111,1579111,,25,-0.07019515966908674,0.08576563503211111,-0.8184532142876152,-1.2099439131722176,-0.6334836788772481,143793000.0,0.9999477522456052,0.12754729033325748,89.88
CIK0001590531,1590531,,40,0.009837702892021344,0.14088700156257122,0.06982690228887109,0.9498249452679759,-0.1859193845320144,2510985434.0,0.9864278901491783,0.1545694880214006,21.625
CIK0001599731,1599731,,38,0.0018466619153739954,0.11777568053933762,0.01567948414210897,0.8835851780573859,-0.16038390794951635,702700598.0,0.9780576411037964,0.34557476758957706,66.73684210526316
CIK0001603328,1603328,,41,-0.008071791226243,0.03771477224424695,-0.21402200637831603,-0.44867149876177864,-0.0585999788710169,6630793000.0,0.9067428779445524,0.17008318107013456,437.8048780487805
CIK0001603466,1603466,,41,-0.02176774151089928,0.046827653941717916,-0.46484800492166223,-1.478029414574847,-0.1448276816833862,19371244000.0,0.9559302924596368,0.48547155708558465,987.4634146341464
CIK0001606134,1606134,,41,-0.037878357292333055,0.05996626497983121,-0.6316611065206341,-1.0855090542011296,-0.5180564684943364,158461000.0,0.9653650095837533,0.20230242470612456,51.5609756097561
CIK0001611613,1611613,,29,-0.01971597195496931,0.17180888277092338,-0.11475525384230305,0.1952851598405586,-0.22076217681254973,2532035000.0,0.9999607224034073,0.3825023931562557,38.6551724137931
CIK0001616667,1616667,,31,-0.020180898699914098,0.05177194926610851,-0.3898037254769838,-0.9744739355443469,-0.22583749997459923,4064778000.0,0.9985806633734061,0.22821851707267427,1200.032258064516
CIK0001621855,1621855,,41,0.03532904392242483,0.15020057611836302,0.23521243949233556,0.4405395120298207,0.1489445083824517,515273405.0,0.9805327816537919,0.3990569598246685,27.097560975609756
CIK0001626494,1626494,,40,-0.05429313755268457,0.0794180828706903,-0.683636970181189,-0.8660368005231922,-0.6459856951674784,123624162.5,0.9872044482325834,0.15679632479531863,108.375
CIK0001626757,1626757,,41,-0.009903698005402172,0.058058656145801406,-0.17058090321949712,-0.44435486396298735,-0.08557460462509403,187762000.0,0.9453475232822315,0.1053480666081906,87.65853658536585
CIK0001632548,1632548,,14,-0.023428157775508024,0.12376081795355762,-0.1893018983109909,-0.1893018983109909,,260583500.0,0.9999992043253652,0.4350171069532547,51.642857142857146
CIK0001632551,1632551,,41,-0.0403156819452567,0.04640498520326299,-0.8687791142897363,-1.053985571637848,-0.8105076197293103,488449000.0,0.9692347906036085,0.7081615341015547,537.0975609756098
CIK0001633570,1633570,,17,0.004941001924330838,0.06619376967634805,0.07464451636974889,0.0465375516782824,,202163000.0,0.9999945497496796,0.6429657203957924,28.294117647058822
CIK0001633861,1633861,,26,-0.041383158944899086,0.08698286210589026,-0.4757622127169025,-0.7594246372875775,-0.27970308485265183,241113500.0,0.9998532554447108,0.08579548642305235,195.69230769230768
CIK0001633869,1633869,,36,-0.054006203309573675,0.07860707498333926,-0.6870399810659052,-0.5701411498859797,-0.7423683776274468,367432472.5,0.9884239286390721,0.07409573084030652,528.4722222222222
CIK0001637643,1637643,,14,-0.005174560213634234,0.07099353112455306,-0.07288777063941311,-0.07288777063941311,,722102500.0,0.9999960265027911,0.1113133228313712,44.5
CIK0001639668,1639668,"SkyBridge Capital II, LLC",15,-0.06867947306638829,0.06540844712250139,-1.05000922794667,-1.1091802898651015,,288557000.0,0.999995878043696,0.19427121628791583,30.0
CIK0001641643,1641643,,41,-0.01615683052192344,0.10123509448769438,-0.15959712986259114,0.21150214452631183,-0.25597207675150735,148831428.0,0.9919998342577108,0.07460911314582522,32.073170731707314
CIK0001641865,1641865,,12,0.026838582089946186,0.07760384045879926,0.3458409007928339,0.3458409007928339,,417936000.0,0.9999996743091942,0.22903052102997523,11.083333333333334
CIK0001643569,1643569,,20,0.010208745130052113,0.09997644240126898,0.10211150631739536,-0.06770676863730933,0.21690926697422344,267930500.0,0.9992823913462751,0.3408527811487267,13.55
CIK0001643792,1643792,,22,-0.039191905788571686,0.06987041826063653,-0.5609227304358317,-0.5768746641944184,-0.5290471042311238,91446500.0,0.993755597855429,0.21919370378416062,50.18181818181818
CIK0001649339,1649339,,13,0.06541508733105884,0.16669817061102843,0.3924163480048789,,0.7200137153070396,98181000.0,0.9991612396858968,0.6108650246133787,16.53846153846154
CIK0001653169,1653169,,28,-0.012231660211489736,0.04619561598240737,-0.264779675534976,-0.5661028898732318,-0.02514019048970781,193180500.0,0.9998917201741807,0.7532049746644557,314.75
CIK0001653926,1653926,,23,-0.07443385264562742,0.08680019371306183,-0.8575309507945422,-0.44968901777148407,-1.354740925997674,154876000.0,0.9998556417548504,0.0594643187691841,274.0
CIK0001654847,1654847,,41,-0.007567543322773765,0.044460117635527076,-0.17020970084852616,-0.4857595003412307,-0.10066826063952647,281106000.0,0.9427615700483236,0.05933412548197563,131.17073170731706
CIK0001659189,1659189,,20,-0.04541927649246165,0.06267072573165336,-0.72472874632872,-2.1511052926846927,,597231500.0,0.9999698978872958,0.19060440108582152,49.0
CIK0001659997,1659997,,33,-0.04593862303171942,0.060587040313812755,-0.7582252374808576,-0.8804153910366046,-0.7167500201602959,454422000.0,0.9968899562838259,0.16854420394613803,119.57575757575758
CIK0001660071,1660071,,28,-0.015346342916876376,0.06758906459119839,-0.22705363669762502,-0.024494136194370842,-0.41057512099906357,140383000.0,0.9999573437174731,0.1921995984315118,61.142857142857146
CIK0001661222,1661222,,28,-0.001835365620754146,0.049496440318637404,-0.0370807599266668,-0.442050752907869,0.22713250355253004,216979500.0,0.9837195805244635,0.15410582265958936,70.85714285714286
CIK0001662918,1662918,,12,0.03470690388240802,0.07254303515537001,0.47843192398990725,0.47843192398990725,,91809500.0,0.9999960501583681,0.1056203992679632,46.833333333333336
CIK0001663138,1663138,,13,-0.03353778033903897,0.04400197997530919,-0.7621879823665578,-0.7621879823665578,,155675000.0,0.999991111280466,0.08749772108125464,105.6923076923077
CIK0001663897,1663897,"FORT PITT CAPITAL GROUP, LLC",36,-0.04099238714453566,0.04772964983504554,-0.8588453358549317,-0.587065236235108,-1.0188968184775606,1730198000.0,0.991011215924979,0.08402426777089526,137.41666666666666
CIK0001663900,1663900,,39,-0.09585401813185636,0.08229481942682218,-1.1647636971214415,-0.8222828498432315,-1.297574240258079,569741000.0,0.9995353210753731,0.2290651049699991,19.153846153846153
CIK0001664017,1664017,,17,-0.026322450874137884,0.03689838873330667,-0.7133767022447496,-0.5816381807652946,,811687000.0,0.9999894663616992,0.1214808490552112,23.294117647058822
CIK0001664713,1664713,,41,-0.01828416019335538,0.05016708966113006,-0.36446523639566825,-0.045162970167934864,-0.5145143870423214,2433162000.0,0.9804315821628926,0.10124683368636316,27.75609756097561
CIK0001664771,1664771,,16,0.0031764467206770695,0.06527414141922533,0.04866317122700871,0.9215592340814593,,153520000.0,0.9999609489708079,0.1318308302414609,36.3125
CIK0001665302,1665302,,32,-0.04400120728557663,0.05608999197568059,-0.7844751930627064,,-0.6710705302336327,148679040.0,0.935888476977633,0.12116355087511602,93.1875
CIK0001665359,1665359,,16,-0.16029274922943682,0.13355951449635592,-1.2001597177968923,-0.86331462070262,,164081500.0,0.9999783635472536,0.058968799258895206,50.75
CIK0001665518,1665518,"PHYSICIANS FINANCIAL SERVICES, INC.",41,0.003258311024297422,0.030301082581963956,0.10753117533898926,0.31803549091047373,0.02311762280840541,206919000.0,0.9391596505529818,0.05691627765350602,133.26829268292684
CIK0001665633,1665633,,41,-0.025234151525174886,0.07800204141180524,-0.32350629634558264,-0.9537910660274467,-0.14427053931641268,542567000.0,0.9554080896336967,0.08766110035467149,291.390243902439
CIK0001665642,1665642,,12,-0.08166559059092122,0.10324591736256261,-0.7909813063363951,-0.7909813063363951,,159131000.0,0.9999927132626557,0.05561756185540385,135.41666666666666
CIK0001666179,1666179,,17,-0.05918180512611143,0.04671003495661277,-1.2670040854936038,-1.0119237642242698,,322836000.0,0.999947061367092,0.10739054522568559,335.52941176470586
CIK0001666239,1666239,,40,-0.042160265311590006,0.058432903976057715,-0.7215158316865736,-1.5499999830881641,-0.45231976885499176,320258500.0,0.9675590483022816,0.16357443874737884,142.3
CIK0001666256,1666256,,25,-0.09518768985938031,0.08500640300081548,-1.119770823101733,,-0.8710814675565561,186347069.0,0.9868742310455721,0.48670541312033844,34.36
CIK0001666470,1666470,,41,-0.006242079301059486,0.045389393956801596,-0.1375228606648771,0.2556495476158191,-0.27041357781989245,356531000.0,0.9627961568258723,0.06532606971717646,54.09756097560975
CIK0001666624,1666624,,37,-0.03232490317734864,0.06113196343134605,-0.528772533416065,-0.9787638526306432,-0.4027677072137048,104254923.0,0.9531686662116383,0.058353205034303295,77.5945945945946
CIK0001666868,1666868,,18,0.010277457525450444,0.14754202010405512,0.06965783387039755,0.10162846122437853,0.03575633027935071,141558500.0,0.9999968552457248,0.6994496783547722,18.0
CIK0001667019,1667019,,41,-0.03505347086983167,0.0460715876438281,-0.7608479034693273,-0.6621995403679174,-0.8096111038153163,151092000.0,0.9466863979456953,0.05773619561236341,107.82926829268293
CIK0001667134,1667134,,39,-0.03708959856196093,0.06320072077973775,-0.586854043801953,-0.7944334109894905,-0.4984067736961954,954217000.0,0.930341190737474,0.13682410333418515,304.6923076923077
CIK0001667164,1667164,,25,-0.027420112333788053,0.055729851530868506,-0.4920183991090689,-0.8546320354485962,-0.03603503012963863,131238000.0,0.999938156635857,0.16464609061178329,76.4
CIK0001668188,1668188,,39,-0.033308050190891766,0.04607227153402158,-0.7229522027115569,-1.4247928558366754,-0.6201258798276164,215981000.0,0.9602830760357633,0.13403787485681207,149.6153846153846
CIK0001670053,1670053,,22,-0.04708328683866387,0.06839625351784956,-0.6883898520114063,-0.5225732367881297,-0.8877120719045762,123477000.0,0.9999354063879818,0.0531357278614185,56.63636363636363
CIK0001670903,1670903,Bridge Creek Capital Management LLC,40,-0.0397849876702445,0.04759400862907442,-0.8359242857360126,-0.9528670914491459,-0.7953097396561843,227131000.0,0.9639268391026178,0.058333498287108286,92.0
CIK0001671716,1671716,,30,-0.05641906503745327,0.07632304564937076,-0.739214015320679,-0.7307738541221057,-0.7443883165916003,496062000.0,0.9641230595937037,0.07458533929256332,207.5
CIK0001673907,1673907,,41,-0.07160293218073777,0.06154557873585152,-1.1634130939888427,-1.2395652887646786,-1.1081927354921812,1735902000.0,0.9767077734599202,0.1992405949143416,130.82926829268294
CIK0000810384,810384,,30,-0.07091012293221773,0.06962305102418026,-1.0184862899150096,,-0.8727029335574538,934402477.0,0.9249729045525432,0.11790599683726925,468.3333333333333
CIK0000866780,866780,,40,-0.07029645964052969,0.08462359305984238,-0.8306957563141699,-0.7701592051674815,-0.8477857581709989,563127000.0,0.9505235307493486,0.0787517278204066,540.625
CIK0000896159,896159,Chubb Ltd,13,-0.03777180596284161,0.09310796338556107,-0.40567750156468146,-0.40567750156468146,,229757000.0,0.999998354784756,0.10295137641746237,20.923076923076923
CIK0000903514,903514,,23,-0.02609648475524815,0.06887832852935807,-0.3788780202958506,-0.14027683665196805,-0.5785434834289037,359002000.0,0.999974128937286,0.3407116610576723,51.30434782608695
CIK0000924181,924181,,13,-0.04697244578689659,0.10801904622807794,-0.4348533654597026,,-0.31237620818510436,1068148000.0,0.9997882532678661,0.05887126730070967,385.38461538461536
CIK0000933482,933482,Dubuque Bank & Trust,18,-0.061324084844455694,0.07854065530844638,-0.7807941581600125,-0.7704513853866483,,617362000.0,0.9998579528278887,0.10527146619710613,475.44444444444446
CIK0000942618,942618,,12,-0.06492918815453105,0.07125784771742559,-0.9111864900857891,-0.9111864900857891,,299757000.0,0.999984215094108,0.2423544757603809,169.83333333333334
CIK0000944804,944804,,40,-0.024242635588669566,0.06539423564714367,-0.37071517616227423,-1.103446123608159,-0.22146007736628648,4211356422.0,0.9774862302381526,0.07787899294714407,108.85
CIK0001016683,1016683,,25,-0.058725129859719595,0.07790732150908275,-0.7537819131847014,,-0.8294453118549195,592664000.0,0.9915759595951169,0.08300015843405381,140.84
CIK0001017284,1017284,,24,-0.0701879588642547,0.240120863896222,-0.29230262512300753,,-0.2599511359903132,81454185.0,0.9635629094430921,0.20380482281367154,410.0833333333333
CIK0001128286,1128286,,34,0.006944732141416094,0.0651215500076728,0.1066426112459633,0.46047803364157824,-0.016282187709677,221142000.0,0.9582071788339839,0.05568351471083238,57.911764705882355
CIK0001135439,1135439,,40,-0.05823118573924563,0.0678504759802819,-0.8582281096222788,-0.8946431312945299,-0.8479417642926952,823949000.0,0.9521515648351635,0.06324144237975421,192.075
CIK0001143565,1143565,,12,-0.04050599591552969,0.056942607887668875,-0.7113477484911385,-0.7113477484911385,,173697500.0,0.9999786563668355,0.4937792296476701,340.3333333333333
CIK0001174850,1174850,,30,-0.06344346532549977,0.08629148357582621,-0.7352227901874021,-0.7138698251278597,-0.7488372756294335,248621500.0,0.962438002723573,0.06588472959290335,181.96666666666667
CIK0001301540,1301540,,33,-0.058515647390861535,0.07098310746000944,-0.8243601820641544,-0.9808329164423907,-0.7696065260092402,292819000.0,0.9677214242624218,0.09577476723508359,92.24242424242425
CIK0001343781,1343781,,23,-0.011201492050588915,0.09871636481517061,-0.1134714803501409,0.042776085147430094,-0.1709949028032419,2465508000.0,0.9999821248439322,0.4443989006210177,49.30434782608695
CIK0001358331,1358331,,40,-0.06265162400604081,0.12752803517000885,-0.49127726245869596,-0.8290116731628545,-0.41166566731384235,395899500.0,0.9914695351076231,0.059916009633633575,35.35
CIK0001381055,1381055,,36,-0.03164545563099407,0.06377998616980228,-0.4961659217948345,-0.675312781145114,-0.43143941002568853,128657482.0,0.9697573812013375,0.09620326269429168,106.61111111111111
CIK0001389974,1389974,,15,-0.07291365501854455,0.05011978664042109,-1.45478781740924,-1.172892381728847,,243535000.0,0.9999903573080388,0.24857487524185357,144.06666666666666
CIK0001453072,1453072,,39,-0.041683753410083936,0.04808487539708772,-0.8668786819997618,-2.643336699538533,-0.5150020292569467,10377285000.0,0.9620205449964215,0.4768157676730031,455.3076923076923
CIK0001483870,1483870,,39,-0.04017752353572458,0.09897087400057072,-0.4059530032510473,-0.8068194403112028,-0.300562312329743,2165863000.0,0.9567157911072051,0.06862683731451247,360.9230769230769
CIK0001510387,1510387,,40,-0.037975913583240935,0.04705049070381735,-0.8071310843639208,-1.3444635687359885,-0.6722899046440359,6528475776.5,0.9316371739837479,0.25032999320758353,1143.85
CIK0001512814,1512814,,40,-0.00754889688159652,0.06107224542055846,-0.12360601496417485,0.09304552590069587,-0.202917409971777,1008353500.0,0.9433431097800107,0.12059123160092412,166.1
CIK0001518320,1518320,,29,-0.06867384318443205,0.08845727833936144,-0.7763503973004455,-0.7220878774435886,-0.8036190127732068,115818000.0,0.999834208956323,0.06783513574841565,84.44827586206897
CIK0001548179,1548179,,14,-0.06035060690249046,0.054751819152809834,-1.1022575657595988,-1.9610389015287915,,725974000.0,0.9998988565214522,0.300974381625719,373.14285714285717
CIK0001553733,1553733,,39,-0.00701434870776346,0.0934673202818373,-0.07504600203004222,-0.8333610283389602,0.07466747794220267,2855826000.0,0.9982141547902541,0.12836509950273128,23.487179487179485
CIK0001562668,1562668,,30,-0.04277811464233228,0.2644309169091445,-0.16177425522714808,0.12639567422141337,-0.22686516485472322,644666500.0,0.9994292836837658,0.2885713932939356,51.0
CIK0001567992,1567992,BTG Pactual Global Asset Management Ltd,18,-0.06544250677893558,0.08006882795406539,-0.8173281469143594,-0.8761305651727894,-0.7612793484726362,152566500.0,0.9999368555291858,0.438180239340318,49.44444444444444
CIK0001568891,1568891,,24,-0.02210306256615814,0.06403082530975018,-0.3451940914168109,-1.4119866532272638,0.13995549991335032,83959000.0,0.9728629834382518,0.09055323609816245,36.25
CIK0001569049,1569049,,38,0.052033767788113694,0.18859372822264447,0.27590402012803616,0.7165068221984396,0.19525784631239532,822110000.0,0.9735685073468873,0.35801309872423304,29.236842105263158
CIK0001607863,1607863,,17,-0.06091209553870406,0.07018441928329305,-0.8678862938382682,-0.760728272411985,,127313000.0,0.9999155250076255,0.16672125817805022,418.1764705882353
CIK0001618832,1618832,,18,-0.05201534964078822,0.05068354046442312,-1.0262769562289635,-0.9120731220249091,,374034500.0,0.9999353337134613,0.09211420975023532,114.44444444444444
CIK0001629290,1629290,,33,-0.03144857966774862,0.06376528726477647,-0.493192785851907,,-0.36558377100725886,350696000.0,0.9706749798717834,0.4559457141221159,40.27272727272727
CIK0001633446,1633446,,22,-0.05820692515205556,0.07469558115689771,-0.7792552685042196,-2.0194938106101294,-0.5046960481925106,243543000.0,0.999863188348336,0.15480649363425236,156.5
CIK0001636974,1636974,,20,-0.06995128640935815,0.08989617057241557,-0.7781342182029083,-0.009250327301112788,-1.1453834317955112,833246000.0,0.999172606394156,0.23077232141200896,11.55
CIK0001640361,1640361,,36,-0.03919711061668343,0.05979942456366774,-0.6554763846203867,-0.6167597290654411,-0.662043561964943,119232000.0,0.9832815503407176,0.29992462523035024,31.38888888888889
CIK0001656456,1656456,APPALOOSA LP,39,0.013312745627805019,0.11542826123410334,0.11533350225708065,-0.6852005897580347,0.352241523527485,5566701854.0,0.9744838104920547,0.22065398316063015,38.46153846153846
CIK0001665198,1665198,"Kovitz Investment Group Partners, LLC",40,-0.03356133726542936,0.04539455055052515,-0.7393252462450574,-0.3073635085150722,-1.0000596187095443,4164198500.0,0.9281055480444358,0.13804005121966748,438.35
CIK0001666789,1666789,,32,-0.012218948860878053,0.02506425030391219,-0.487505060464379,-1.6872491636753368,-0.010977489722177202,797400000.0,0.9586804896918698,0.10482154736228998,501.40625
CIK0001666940,1666940,,39,-0.009506009573864086,0.021124382211468586,-0.45000177888294396,-0.4585768525440599,-0.44991034577543615,10720344000.0,0.9152482665754105,0.0838726148053816,497.4102564102564
CIK0001667232,1667232,,25,-0.008215358413019782,0.038398632556086325,-0.21394924417144953,-0.7252807720803183,0.1302517516624812,13885104000.0,0.9997963326000875,0.14059858853738402,757.88
CIK0001670104,1670104,,38,-0.015902444723279223,0.09643685203162956,-0.16490008111975393,1.009772756906327,-0.5498088720778992,2370026500.0,0.9962849811730049,0.12285129132707029,11.789473684210526
CIK0001672594,1672594,"Douglas Lane & Associates, LLC",40,-0.030181126183999783,0.03682752767168391,-0.8195262644678294,-0.3269969054167748,-1.0782589877924007,5650615000.0,0.9573021445284733,0.07138087589869971,222.525
CIK0001673922,1673922,,27,0.008130205069218273,0.04080031839619053,0.19926817702429606,-0.5861823280124296,1.0430212835010588,128821000.0,0.9999371628361259,0.08155112062061667,64.85185185185185
CIK0001673995,1673995,,34,-0.0019291241441997545,0.09232370002649687,-0.02089522130941791,0.06944292844132281,-0.07174974277967312,1053232500.0,0.9949742276617445,0.16120168168008542,61.588235294117645
CIK0001674546,1674546,,40,-0.045062695164180974,0.10399907038434196,-0.43329901889295147,-0.11040307252202919,-0.5432384190468127,5616731500.0,0.9922862819966995,0.14018684601194498,165.525
CIK0001677443,1677443,,13,-0.02433287202061831,0.045561070822436,-0.5340715567108167,-0.5340715567108167,,164317000.0,0.9999833093846809,0.14523835318594833,176.84615384615384
CIK0001679807,1679807,,15,-0.04276872901137603,0.032769111458197116,-1.305153759305464,-1.0843176213682293,,104742000.0,0.9999873638445683,0.0955580356497597,92.73333333333333
CIK0000039263,39263,,39,-0.03351856253693911,0.03760479627331782,-0.8913374318408225,-0.7291640678799147,-0.9523048049410123,4374870000.0,0.9193340273983983,0.0663497659190579,938.1025641025641
CIK0000732905,732905,,26,-0.04506397942444985,0.06237184233080503,-0.7225051840539917,-0.7798994416677499,-0.687958553510709,3176783500.0,0.9999711210134554,0.07421590250653129,47.0
CIK0001000097,1000097,,32,-0.037067114886433244,0.06247550722519208,-0.5933063456634092,-0.8108106863199066,-0.5029719582388318,654349691.5,0.9800645340623314,0.4345196509359974,61.625
CIK0001054587,1054587,,21,-0.05789700311182174,0.08691168795178962,-0.6661589997263108,-0.33410530457523624,-0.850811422769256,7525376000.0,0.9833384609994679,0.3477066795981445,224.04761904761904
CIK0001127544,1127544,,32,-0.08829754510329926,0.0937142734433402,-0.9421995375635036,-0.9922612761590774,-0.9088635417300444,251320000.0,0.9947783724157346,0.05961664635443526,118.9375
CIK0001273087,1273087,,39,-0.047481021540538224,0.05562869733426895,-0.853534664914424,-1.3350145993980749,-0.6922386885801626,75572333000.0,0.9259527411774483,0.3795385495900091,3852.2820512820513
CIK0001316507,1316507,,26,-0.01705241043946765,0.03254767310570379,-0.5239210306383307,-0.6877983472217675,-0.4077843844834802,10540061500.0,0.9997714532857992,0.12042543064933373,561.2307692307693
CIK0001319998,1319998,,39,-0.01937043272133189,0.07380116180000862,-0.26246785617411095,-0.29261042667887205,-0.2549790948111302,3872985752.0,0.9884754972750108,0.2888765221805749,40.94871794871795
CIK0001332811,1332811,,30,-0.03991867994967479,0.06516000418491723,-0.6126254970021876,0.03263280554493136,-1.2599865977844387,160924000.0,0.9970453842451857,0.16526524751987567,57.233333333333334
CIK0001340807,1340807,,21,0.03579926158890758,0.15498494010695543,0.23098542067210184,-0.3967605415077101,0.555167540923461,3293157000.0,0.9999976202222814,0.11000562559390081,21.857142857142858
CIK0001352272,1352272,,39,-0.00048702197594973327,0.12779172715107948,-0.0038110602837876833,0.06586930480463428,-0.018884217872863675,383399000.0,0.9707875361210037,0.3420349159939415,23.41025641025641
CIK0001352306,1352306,,15,-0.006366832322517861,0.06305794367491752,-0.10096796614775201,-0.23204463851667775,,168638000.0,0.999977609605664,0.21653228917627318,115.53333333333333
CIK0001352924,1352924,,19,-0.24774691678842373,0.22184749939953025,-1.1167442385276434,,-1.0293466879964885,6153221880.0,0.9991706660808408,0.10338677074896453,13.947368421052632
CIK0001371726,1371726,,26,-0.03150430047688731,0.1523232404401773,-0.20682530377789926,,-0.18019139570980636,316294168.5,0.986264243177367,0.04020074476145576,121.8076923076923
CIK0001401388,1401388,,16,-0.02012629005302869,0.09216911289188812,-0.2183626317007039,-0.47070043407184753,,2954515000.0,0.999990792556558,0.2376697437191194,30.8125
CIK0001454502,1454502,,22,0.014888366884762501,0.08628976317661631,0.17253920205974127,,-0.04680109804269547,829114000.0,0.9785469953353118,0.07671446702668948,10.318181818181818
CIK0001484148,1484148,,14,-0.09433324093521764,0.07768910556507062,-1.2142402753469441,-0.8895914256186661,,1069356000.0,0.9993810812421796,0.12584091951911977,24.928571428571427
CIK0001512171,1512171,,36,-0.04733364252338936,0.07709737789312784,-0.6139462043414139,-0.5616742985636869,-0.6203150891533386,2635792544.5,0.990988971678805,0.09661017684485772,14.25
CIK0001512596,1512596,Odey Asset Management Group Ltd,15,-0.026683334293085812,0.10138626242664953,-0.2631849094137796,,-0.04058984069525098,581639000.0,0.9999109791941013,0.37667378461178486,64.73333333333333
CIK0001536114,1536114,,14,-0.060921903308680435,0.08090998343223456,-0.7529590382155883,,-1.4769871148545575,194480530.5,0.7513033853937703,0.09622481081897466,275.5
CIK0001569147,1569147,,26,-0.06721562833574696,0.12429129691676044,-0.54079110928966,-0.6206801036870179,-0.5131376479875753,342115000.0,0.9999403997151879,0.07885630073741239,34.69230769230769
CIK0001569688,1569688,,26,-0.017072749136735368,0.0916509410398374,-0.18628012917992726,,-0.2063667953129199,336437513.0,0.9734871975965604,0.3017429155797004,69.0
CIK0001573767,1573767,,37,0.07941045801204974,0.1951531679869788,0.4069134968720283,1.1024451217277036,0.2449859325854596,186742000.0,0.9994581169138297,0.38189978559594756,45.37837837837838
CIK0001596053,1596053,,33,0.011630617199537369,0.17975312805886542,0.06470328124470343,-0.8430709612527465,0.1743628023667894,323901000.0,0.998106555741094,0.5004893975117896,44.09090909090909
CIK0001597864,1597864,,21,-0.06186279063025383,0.06488072551823926,-0.9534848775844222,-0.9617733035928746,-0.9267510425460497,101565000.0,0.9999957872527544,0.17304964638613135,61.0
CIK0001598013,1598013,,17,-0.06809850772840029,0.047447524249228726,-1.4352383776196032,,-2.3386030679564556,339328000.0,0.9999777650570962,0.22000007417049883,104.11764705882354
CIK0001601160,1601160,,23,0.013201632355071928,0.0942272992996663,0.14010411476197823,0.6233452390877474,-0.10396186461850941,639647000.0,0.9999757600160811,0.1406262615921216,12.652173913043478
CIK0001607841,1607841,,23,-0.05538949130242315,0.3123939135202953,-0.17730656361994085,,-0.185234727945593,12336144497.0,0.998365288638972,0.13758807189760813,17.695652173913043
CIK0001614986,1614986,,13,-0.0305927225688657,0.2796947686420011,-0.10937895877417889,0.23148122486731137,,2136492000.0,0.9999981448244776,0.1157504506228472,23.23076923076923
CIK0001622093,1622093,,13,-0.0032990219177184057,0.10134466948631204,-0.03255249569982443,,-0.6386426485402451,321901000.0,0.999986914593217,0.29808833214634156,15.923076923076923
CIK0001622757,1622757,,29,-0.0027960083200682067,0.0912590235005907,-0.030638157332341306,,-0.08598708026052893,228279070.0,0.9417895326996587,0.11344944892489843,52.275862068965516
CIK0001627436,1627436,,22,-0.04043166770807811,0.2227749253356954,-0.1814911065362917,,-0.26904066679879635,2305288500.0,0.9999819343674496,0.1752937430360823,22.545454545454547
CIK0001632187,1632187,,31,-0.06381894425061907,0.09539863710596719,-0.6689712367524929,,-0.7271451365285578,739874298.0,0.928337640855676,0.0587569621240043,454.06451612903226
CIK0001633275,1633275,,34,-0.027851420877171382,0.08937512264228635,-0.3116238619108837,,-0.5214593750405142,867042860.0,0.9793703898245241,0.28650538760834965,223.14705882352942
CIK0001633445,1633445,,39,-0.03752752802184952,0.04338567528838192,-0.8649750815373137,-1.0599542419065595,-0.7948966119608524,1554047000.0,0.9517495643041898,0.6086373854767667,1152.3076923076924
CIK0001641173,1641173,,15,0.04857398867990884,0.10724249990701175,0.4529359975860382,0.11427367031071263,,290011000.0,0.9999920489789823,0.41973162158670646,16.266666666666666
CIK0001652062,1652062,,19,-0.04989240892597814,0.17464625936805359,-0.2856769398092997,,-0.2973981269014274,650080000.0,0.9941279278242977,0.6147600565865363,28.842105263157894
CIK0001661149,1661149,,16,-0.09638010828713926,0.05389110243936542,-1.7884233931195361,,-1.9364130773806283,433048544.0,0.9986467868769114,0.20354887696682133,307.1875
CIK0001661191,1661191,,25,-0.022755587302688972,0.1884193388824784,-0.12077097519507075,0.9039264348056312,-0.4924957050686172,455053000.0,0.9999867861623433,0.2824519599802667,16.24
CIK0001665241,1665241,,22,-0.024060579269827884,0.05706353261637354,-0.42164545666562475,-0.435903377765985,-0.39849603020044644,3754903500.0,0.9997282011081405,0.5319885385635094,1321.090909090909
CIK0001673954,1673954,,39,-0.020783372174037237,0.043359172914119004,-0.47933045711559014,-0.7822073902593574,-0.40957410726721494,255812000.0,0.9281128502814155,0.07967780654579915,329.4102564102564
CIK0001678953,1678953,,20,-0.09078127774896488,0.11461541674357885,-0.7920511945655571,-0.6781235205738904,-0.9070940268220455,297164000.0,0.999775683239761,0.10376918875134827,199.65
CIK0001680365,1680365,,16,-0.05616696079853124,0.1741052132914886,-0.32260355526431467,,-0.1942838267667243,50798713.5,0.9876995941825677,0.08761010263130016,41.9375
CIK0001681372,1681372,,39,-0.016903892422283767,0.052748825351865467,-0.3204600729757301,-0.2570571897774539,-0.36188057093773207,111637000.0,0.9649044249783668,0.08761399258007026,45.205128205128204
CIK0001681490,1681490,,38,-0.04148236716238994,0.056528566666343864,-0.7338301607003272,-1.5002327312703456,-0.5121935646168441,127198577.5,0.9614608983128451,0.09614513414668707,188.1315789473684
CIK0001682266,1682266,"Carnick & Kubik Group, LLC",24,-0.04138256281778139,0.05719349807579861,-0.723553624250958,-1.0925455782628917,-0.49353415906724474,557158000.0,0.9998440766692785,0.23870796434985422,203.83333333333334
CIK0001682501,1682501,,39,-0.034427715366049,0.048362761557218005,-0.7118641338107591,-0.9191164305706064,-0.6249638660478879,288348000.0,0.9445372887810108,0.13373319458392977,242.23076923076923
CIK0001683182,1683182,,39,-0.024828550547036983,0.07888413995441372,-0.3147470525856736,-0.26230936033259794,-0.3372128212130588,421833000.0,0.9854945136358952,0.07865853347483305,65.02564102564102
CIK0000877338,877338,,38,-0.01147826685674637,0.0772755752447137,-0.14853680247737147,-0.41324893275100355,-0.06404676726698898,872759500.0,0.9784979526210996,0.15545917837274406,47.13157894736842
CIK0000944733,944733,,38,-0.02704043432028943,0.10013943081746451,-0.270027841171167,-0.3677486154280312,-0.243383782612872,148758000.0,0.9827108392938511,0.039715457167302855,43.55263157894737
CIK0001020317,1020317,,25,-0.05765273377514004,0.08471961138518606,-0.6805122548503578,-0.8399391541754176,-0.5497707660197574,490145000.0,0.9998504433682668,0.1147095113836879,221.32
CIK0001028074,1028074,,23,-0.08779480606099375,0.15434878212998449,-0.5688078963002113,,-0.5157337382125894,942625000.0,0.991670723564485,0.20059299228690755,37.04347826086956
CIK0001037389,1037389,,38,-0.033782762565256086,0.06323391146107173,-0.5342507174332406,-0.7778428409918625,-0.4427086120167828,79234268000.0,0.9523274420495277,0.24662538096381104,3494.3947368421054
CIK0001084580,1084580,,13,-0.08407080775869175,0.06829233367727189,-1.2310431234276147,-1.692035882481688,,3592730000.0,0.9998785744395253,0.5161312049620184,1305.6153846153845
CIK0001092838,1092838,,16,-0.045788082936803816,0.09447354475594624,-0.4846656601498225,,-0.5151766096655687,154162070.0,0.9274731324549128,0.12862380264988935,94.375
CIK0001304229,1304229,,23,-0.05223244228350609,0.06275513801520748,-0.8323213673625248,-1.4281082971660388,-0.5318976449305699,304495000.0,0.9998736641265041,0.09868940558787885,211.69565217391303
CIK0001346824,1346824,,20,-0.14385315733921372,0.19785953566859577,-0.7270468762178136,,-0.8375744410255694,3458132000.0,0.9999982251361214,0.23066302860764834,57.0
CIK0001351063,1351063,,14,-0.015361305995152588,0.12839886728097444,-0.11963739494132968,,-0.38046454387560974,157617215.5,0.9985464142857055,0.2112374315922948,32.285714285714285
CIK0001351407,1351407,,15,-0.030256446444954763,0.07299969091882495,-0.41447362397425397,,-0.7835341737645821,449984153.0,0.9963029596868485,0.5498761448102807,36.06666666666667
CIK0001381843,1381843,,23,-0.016617558089067275,0.16181289621366624,-0.10269612915721617,,-0.05770762959336465,108536000.0,0.9935940171141625,0.2843623756380865,25.130434782608695
CIK0001425294,1425294,,14,0.05311186441806264,0.06926934356333872,0.7667441567129124,0.6977352281788166,,438066500.0,0.999993400083144,0.14886222865383347,28.142857142857142
CIK0001425949,1425949,,26,-0.04833758328289114,0.08525588701563473,-0.5669706218984357,-1.4534449589142007,-0.2566612810039749,277971000.0,0.9973338277761692,0.08560385063794211,235.80769230769232
CIK0001446194,1446194,,36,-0.04060864887019464,0.060312350731955906,-0.6733056890672965,-0.5170402404956557,-0.7173752413986304,54335366613.5,0.9151125808708849,0.3194136596419818,4753.222222222223
CIK0001450008,1450008,,15,0.03595385827826561,0.06494333936415461,0.5536188719147241,0.38419410381419633,,137514000.0,0.9999923807002016,0.1700650362187612,21.133333333333333
CIK0001493215,1493215,,38,-0.030946205025590843,0.17364342749955264,-0.17821696721181188,0.2196107739912244,-0.3528966613201584,4538606696.0,0.9988292593096171,0.19750627813471452,68.10526315789474
CIK0001499066,1499066,,15,-0.07502595379564725,0.08818828100619182,-0.8507474342160959,,-1.222165931170513,2479082000.0,0.9994256012813418,0.337715823808775,32.13333333333333
CIK0001525234,1525234,,30,0.06314813811460136,0.13091668561394681,0.48235362679323246,,0.5467176955423464,2642196108.5,0.9807390362176648,0.48304735156170653,30.166666666666668
CIK0001539436,1539436,,26,0.003940111291962732,0.07960264996030007,0.04949723776568713,,-0.026467512701735897,1952399644.0,0.9841674704530654,0.18802218558927483,21.23076923076923
CIK0001562744,1562744,,24,0.0037354116996022786,0.04715156006246622,0.07922138089376418,0.3264667387184759,-0.11273830085489109,4019729000.0,0.9999471002026018,0.11194290938695112,35.291666666666664
CIK0001582968,1582968,"Polaris Greystone Financial Group, LLC",20,-0.054268041120786,0.06451550161565787,-0.8411628176185931,,-0.6503495671600475,1325281500.0,0.998761833104829,0.383398912440594,152.55
CIK0001587114,1587114,,36,-0.058412515266691875,0.20770728582868409,-0.28122516277213194,0.4018939455312856,-0.47355029067842763,1926962466.0,0.9998916301000627,0.2629605244868867,48.888888888888886
CIK0001592746,1592746,,35,-0.020651782464233777,0.12743862836267864,-0.1620527679028104,-0.551350040932416,0.06859871102311972,1344129000.0,0.95309833166183,0.2863165627020876,62.885714285714286
CIK0001600152,1600152,,26,-0.03490452006411316,0.07578842144467314,-0.4605521450090231,-0.7353086629327038,-0.30819322184801895,163629000.0,0.9998762712159945,0.14692711480157933,131.92307692307693
CIK0001663865,1663865,,36,-0.03421215647168244,0.07557968606467401,-0.4526633841995792,-0.763797674181407,-0.3125897708350609,14444030000.0,0.9915561193673894,0.15917287202716487,68.86111111111111
CIK0001677440,1677440,,15,0.013568434371871326,0.030077022957657573,0.45112291831777096,0.03757481903374797,,4701887000.0,0.9998749256248545,0.08414707942548792,1176.9333333333334
CIK0001686242,1686242,,37,-0.01631610597802018,0.06763446909779744,-0.24123950694349497,-1.0136623264583398,-0.054951854923634316,365315850.0,0.9480707497221678,0.25498669200863483,152.78378378378378
CIK0001690717,1690717,,35,-0.05010651094943472,0.07472177006460724,-0.6705744645070587,-1.3615117851239686,-0.5366600099349049,164223476.0,0.9571707697659627,0.1040950407648159,140.45714285714286
CIK0000811407,811407,,37,-0.02418750148869505,0.06440320767165993,-0.375563614956207,-0.8369644590951971,-0.2235888732525547,156155000.0,0.964069280534231,0.06980755555822608,36.351351351351354
CIK0000811454,811454,,37,-0.06137827220380963,0.06901532439786844,-0.8893426603081597,-0.4450921341391064,-1.0269268005127485,166558279.0,0.9893215256261708,0.05754040375460074,69.70270270270271
CIK0000872359,872359,,21,-0.06917176626300468,0.0863572856915815,-0.8009951413763097,-1.0285358506965439,-0.7170407846194636,120409000.0,0.9999338710105935,0.17816801485584588,53.57142857142857
CIK0000899211,899211,,26,0.01936789221146012,0.04774524279853522,0.40565072194465857,2.2753278902420653,-0.11321831049483239,158971000.0,0.9998635025272252,0.06442744292747637,80.15384615384616
CIK0001036288,1036288,,20,0.03168274785498067,0.1446160128814379,0.2190818791313055,1.237877161144032,-0.22420513961057403,276473000.0,0.9999854662698577,0.1876995072243243,13.1
CIK0001074902,1074902,,37,-0.06668810945682273,0.07818721449311643,-0.8529285751826863,-0.8371961227954599,-0.8471652773199804,184028000.0,0.9360244373370158,0.06869259439489246,152.05405405405406
CIK0001113629,1113629,,37,-0.06442399738943017,0.07633923318300533,-0.843917271651144,-0.5362163352573759,-0.9352690179022631,1486345000.0,0.9758681808526593,0.10019453227691978,61.86486486486486
CIK0001166308,1166308,GREEN SQUARE CAPITAL LLC,13,-0.05709961810076274,0.06570085414852725,-0.8690848671455897,-0.7941909317372143,,554349000.0,0.9999467078136759,0.13839622608854057,222.0
CIK0001170152,1170152,,34,-0.0506215787449028,0.06738631747815771,-0.7512144992907295,,-0.6420916634128507,796113148.5,0.9645655107934002,0.17827871886755445,186.3235294117647
CIK0001328785,1328785,,32,-0.03390901175675372,0.13637276102727044,-0.2486494480336556,,-0.2633337433935406,2593051404.0,0.9988799071164174,0.19169146575937174,58.625
CIK0001376879,1376879,,37,-0.016309134517290557,0.10445113029259526,-0.15614129278727834,1.2271289309783107,-0.6709074634367139,6373090000.0,0.9823135942402946,0.11647411683533775,22.972972972972972
CIK0001421578,1421578,,26,-0.0004647689935884327,0.023980294883035942,-0.019381287670422076,-0.1664521560619771,0.05531064908973829,47797817000.0,0.9997149282085822,0.11660445655433924,995.5
CIK0001423686,1423686,,22,-0.06422447325165517,0.17295673404272602,-0.37133259717454503,,-0.38290624574037724,1977566062.0,0.9976234111631765,0.24981271209397388,38.04545454545455
CIK0001427119,1427119,,33,0.03259199817817908,0.07817873620846351,0.41689082937384375,1.6253611391461693,0.15865955865202627,4272515000.0,0.9972178628768953,0.1613505199264011,32.75757575757576
CIK0001533457,1533457,,32,-0.04471729944819183,0.06531066129063726,-0.6846860614046945,,-0.5939370381601898,253074825.5,0.9632944555818973,0.7334286645210447,552.65625
CIK0001538383,1538383,,18,0.0816643545003471,0.12189345940253275,0.6699650243687343,,0.8532566776667193,42488059000.0,0.9997782787809513,0.14877828667642407,745.0555555555555
CIK0001546007,1546007,Assenagon Asset Management S.A.,37,0.0013008758826282432,0.040350397849550565,0.03223948094425676,0.00889811353307586,0.04067849095959113,23315962000.0,0.9215227587512249,0.45865886283536167,982.8108108108108
CIK0001566475,1566475,,23,-0.049361172422396765,0.07369711240546466,-0.6697843485302832,-0.7056866953885216,-0.6549574784027969,1588204000.0,0.9997612934048459,0.20028101247808255,591.6086956521739
CIK0001575662,1575662,,36,-0.029378002467764945,0.06500677844425189,-0.4519221405819227,-0.9385946918472395,-0.32383121867928005,286746578.0,0.9942271840618305,0.10212818648539891,14.972222222222221
CIK0001580677,1580677,,23,0.008578028219197483,0.040108504457759195,0.2138705577467693,-0.4734810614616367,0.6311462337194855,150410000.0,0.9998804551369374,0.36319079077737626,78.26086956521739
CIK0001602119,1602119,,13,-0.011170332850995689,0.11570256761279418,-0.09654351741082197,,0.03845529660123432,66540000.0,0.9999258027944653,0.7473094072387687,16.307692307692307
CIK0001609251,1609251,,35,-0.011952012123871232,0.1614567669757956,-0.07402608356152043,-0.6778632625905762,0.03645985977290425,296165000.0,0.9991569283308332,0.12509969338936017,13.057142857142857
CIK0001619724,1619724,,16,0.016274895665153073,0.07948281220197456,0.20475993757477093,-0.0017795766634643574,,77686000.0,0.9999874000760491,0.08266697249211273,18.375
CIK0001623796,1623796,,22,-0.05180356789183616,0.12738435765989922,-0.4066713436616139,0.6709210944234214,-1.0358760269856881,169021500.0,0.9999778599035269,0.8156711866229038,32.63636363636363
CIK0001626220,1626220,,17,0.0051070838314417185,0.10093683723548334,0.05059682838511984,,-0.6411490880005043,459330000.0,0.9999982701074243,0.22640060800960868,32.05882352941177
CIK0001630243,1630243,,36,-0.06651758732350038,0.09164576928808346,-0.7258118715000839,-0.07568240453431994,-0.932887979977495,980053268.5,0.9979680692283998,0.13377614807328317,28.72222222222222
CIK0001633517,1633517,,28,-0.05224168334563346,0.07404778846538873,-0.7055130804972135,,-0.7744234788415543,304586000.0,0.9867416805871477,0.14898299677265353,245.78571428571428
CIK0001638022,1638022,,33,-0.06846757812426794,0.09547417488012278,-0.7171319177023678,-0.6843569197799279,-0.7228889962303112,250208000.0,0.9582792733421597,0.08526837546203887,123.27272727272727
CIK0001646192,1646192,,14,0.050715317354020184,0.058454550077646,0.8676025610481838,1.0954776854993724,,125865000.0,0.9999861016617617,0.34998969455687257,17.214285714285715
CIK0001650717,1650717,,15,-0.1013275066615908,0.06272780932549335,-1.615352229703634,,-1.4722503129043965,1164240065.0,0.764900740666312,0.08382152456919974,2577.866666666667
CIK0001656001,1656001,,27,-0.040639461655513416,0.08707175538593709,-0.4667352975077795,-0.07615110821485035,-0.6230953923951137,211928000.0,0.9997756393000271,0.12834223306258902,25.14814814814815
CIK0001660694,1660694,,25,-0.03795726973934274,0.07929278320520315,-0.4786976595354848,-0.9520742668933089,-0.28420648692814254,23326000.0,0.9998497550523142,0.1477707976026494,102.6
CIK0001662970,1662970,,14,0.05150815871542077,0.15368718814068758,0.3351493337726963,,0.7272927026868808,537784000.0,0.9999855123601602,0.534310611856176,24.0
CIK0001666613,1666613,,29,-0.013896474923188875,0.0683021481929489,-0.20345589839320094,1.0820360408389493,-0.5734851648998534,159227000.0,0.994624743355188,0.13780973040203104,40.93103448275862
CIK0001666664,1666664,,35,-0.011919825229231953,0.054301889059483854,-0.21951032340211246,-0.7860087332244627,0.02781882967364816,518464000.0,0.9585616052893463,0.11699263526799816,193.4857142857143
CIK0001675688,1675688,,33,-0.014364468286439998,0.12786918957967291,-0.1123372122200328,0.6817553950533236,-0.21017359737115845,550069000.0,0.9868646556484294,0.5636817446487776,28.03030303030303
CIK0001677253,1677253,,37,-0.036608668061330646,0.06278036057360163,-0.5831229340781756,-0.36124825409813666,-0.6438750735497488,291036000.0,0.9390582143908599,0.13682450942272256,343.43243243243245
CIK0001680964,1680964,,37,-0.020933709778797265,0.1678019519972118,-0.12475248070353552,0.8831576825083465,-0.37393359236448,1709210000.0,0.9858134083272226,0.1808367442234663,15.621621621621621
CIK0001681596,1681596,,26,-0.05264739139799461,0.13284135311368764,-0.39631778932683365,-0.7573311596114171,-0.3228646225580066,1005489500.0,0.9984802375871349,0.09020469786146262,17.192307692307693
CIK0001684868,1684868,,36,0.007273256976357969,0.10154767720707471,0.07162406050296148,1.4721052402227206,-0.23196950949141878,314079185.0,0.9964758141532868,0.337766821349389,21.805555555555557
CIK0001686444,1686444,,37,-0.003411668848936659,0.06171212485416213,-0.05528360685827194,1.0023801301764346,-0.2625899317065207,626130000.0,0.9370858197162746,0.07973190410686529,158.7027027027027
CIK0001686776,1686776,,33,0.028782047471019964,0.11289530493354719,0.25494459213739545,0.3450218681485755,0.22450993343062386,666586000.0,0.9938830953109651,0.07922785977694122,21.696969696969695
CIK0001687156,1687156,,24,-0.011003835053837528,0.09177014717695928,-0.11990647712898567,-0.16490883393655473,-0.11393803414299236,342025000.0,0.9999063379182839,0.05640153410724024,164.54166666666666
CIK0001687241,1687241,,36,0.01967263475130369,0.09642669518786279,0.20401647813988186,-0.9768374282438149,0.4222675222629794,1253850000.0,0.9884376074141237,0.5337174275816629,45.55555555555556
CIK0001688774,1688774,,37,0.005295374552804104,0.08393755141692659,0.06308707441768525,1.4562152549725662,-0.19155682707998706,584481000.0,0.9868588264392731,0.09205859967739236,19.16216216216216
CIK0001688882,1688882,,32,-0.02281302283683899,0.048387731461551564,-0.47146295448926095,-0.40704319465723837,-0.489621672439753,504644000.0,0.9823813066752365,0.4846927640692691,74.0625
CIK0001689013,1689013,,22,-0.052268181674612973,0.09264566384688619,-0.5641729952938468,-0.6597397156596699,-0.5391827075170512,176015500.0,0.9998646918044961,0.15430235266852846,141.0
CIK0001690186,1690186,,15,0.047629980994402445,0.13519531628046413,0.3523049636933348,,-0.02704228330645548,499057000.0,0.9999909124154962,0.41772254515870916,21.533333333333335
CIK0001691827,1691827,,37,-0.029055049133844518,0.046401535362602254,-0.626165684077975,-0.992881501138465,-0.518675973048512,2588318000.0,0.9197729267001036,0.06549590677483434,389.4054054054054
CIK0001691982,1691982,,37,2.869096109929563e-05,0.07141510818320598,0.00040174917924774796,0.9336968812067732,-0.2203998569200313,648372000.0,0.9655144671260114,0.07516607398999121,30.054054054054053
CIK0001692227,1692227,,37,-0.06103274837578568,0.07494567663842616,-0.8143598285009577,-0.8538579569428792,-0.7840693000156669,175866505.0,0.9374374492426738,0.0683284792397362,226.8918918918919
CIK0001692252,1692252,,34,-0.013376605793729554,0.06555496502030693,-0.20405175701303152,-0.19739685885736902,-0.2023497403202877,378785907.0,0.9650845688448471,0.09644825204597686,125.55882352941177
CIK0001692632,1692632,First Bank & Trust,25,-0.03661601269899831,0.07114797121634224,-0.5146459143104638,-0.7520355635857744,-0.40771804860301925,132899000.0,0.9851003261972618,0.10436683807629793,358.04
CIK0001693800,1693800,,12,-0.009395415529806384,0.027503207510910326,-0.3416116293125471,-0.31484585515840585,,2824749500.0,0.9999609716874186,0.10945282199694885,891.9166666666666
CIK0001694127,1694127,,28,-0.008284512463832354,0.08609763803169858,-0.09622229660458048,,-0.05495831511159574,198198000.0,0.9997629674847328,0.06101343536920731,11.142857142857142
CIK0001694217,1694217,,37,-0.00829618333771586,0.031252577359139694,-0.2654559731778014,-0.2838143810614714,-0.2542307570780379,52412691000.0,0.9211459199461794,0.1753982084515263,829.7297297297297
CIK0001694283,1694283,,31,-0.05630815166868793,0.0799169072338381,-0.7045837184679864,-1.4406108618640892,-0.5554436016614167,121697000.0,0.9911472519714751,0.16360283847479093,71.16129032258064
CIK0001694284,1694284,,25,-0.03879934541081016,0.10014925942463528,-0.3874152004012848,0.192275124019477,-0.6366106111470689,597015000.0,0.9796988714738726,0.07137762752391637,66.44
CIK0001694584,1694584,,12,-0.013593858737861376,0.029478159084707373,-0.4611501925163052,-0.32311807394740294,,3698903000.0,0.9999509389867419,0.10694985747562707,1016.4166666666666
CIK0001694896,1694896,,28,0.002120534950256605,0.043599272581140866,0.048636934164736086,-0.5676393969717868,0.4676706463894202,143478000.0,0.9675776089956744,0.21299693106429712,62.607142857142854
CIK0001694909,1694909,,12,-0.019417748160461004,0.030358072576633758,-0.6396238796176856,-0.647595132111725,,2851887500.0,0.9999576152666517,0.10990217643547928,972.4166666666666
CIK0001695345,1695345,,32,-0.05696518982087185,0.06504404980947508,-0.8757940193758054,-0.841363790480291,-0.8719313382566001,252391500.0,0.9866781850198466,0.052672741855702275,109.90625
CIK0001695426,1695426,,23,-0.03944698571393419,0.08333395226709396,-0.4733603128117072,-1.2524931744141508,-0.2124096570629611,120612000.0,0.9999929609606717,0.10091971419104404,12.08695652173913
CIK0001695508,1695508,,12,-0.008302413454857082,0.026168979731257907,-0.31726164105303745,-0.23676323340317987,,4606841000.0,0.9999388877772243,0.10367205104766902,1318.4166666666667
CIK0001696064,1696064,,25,-0.014694885733692516,0.04849620608351489,-0.30301103776614113,0.08062357225118226,-0.4731177191583208,218742000.0,0.999810795079396,0.08764541441159342,500.72
CIK0001696417,1696417,,12,-0.02412460655510072,0.03524161650332529,-0.6845488075569774,-0.550236687072538,,4414059000.0,0.9999385785028349,0.11088292327539216,1282.3333333333333
CIK0001696438,1696438,,37,-0.046012698737646164,0.06901339263127035,-0.6667212983160042,0.09699117203152462,-0.9108714005664464,165183000.0,0.9803212403317132,0.06217861636188224,59.78378378378378
CIK0001696494,1696494,,27,-0.03346842208997106,0.07661138041168053,-0.4368596664000926,-0.7517901125609479,-0.26287795441337536,285813704.0,0.9823915339402826,0.12878696672717305,92.74074074074075
CIK0001696726,1696726,,12,-0.011933957193709238,0.025358640484583583,-0.47060713684643696,-0.5135010561859886,,2961836500.0,0.9999591169523994,0.11122596369896764,855.8333333333334
CIK0001696731,1696731,,17,-0.058571540254376234,0.11032648198711491,-0.5308928481935556,-0.39445437234424413,-0.6141667504774354,61378000.0,0.9998839298225041,0.1963325028868427,133.52941176470588
CIK0001696867,1696867,,35,-0.05734582203756709,0.07952974273978451,-0.7210613295173894,-0.9190211707671733,-0.6734485532668185,312556000.0,0.9642789009198107,0.14592000726667465,212.77142857142857
CIK0001696899,1696899,,33,-0.01675456562363742,0.031023921768841098,-0.5400531160243182,-0.2219728103528108,-0.7103891214338155,1714820000.0,0.9060507459462049,0.12059438904510046,561.8484848484849
CIK0001697233,1697233,,15,0.08861963047455508,0.06941539997636323,1.2766566280994969,1.0935165832324607,,6139889000.0,0.9999483289113126,0.2642149687317797,50.13333333333333
CIK0001697360,1697360,,36,-0.03147095054502458,0.04413553085193794,-0.7130524984320341,-0.1128101404618418,-0.9144042011380223,309535517.5,0.9541518806388688,0.06361256257774753,140.52777777777777
CIK0001697375,1697375,,29,-0.04207453233528981,0.06052324860871761,-0.6951796755972406,-0.7932514092093305,-0.6546293976410851,124076000.0,0.9970809381580558,0.07424971556360528,312.3448275862069
CIK0001697457,1697457,,24,-0.030308412596626626,0.08042086164336422,-0.3768725176096609,-0.6420186533394466,-0.2671332791989244,739205000.0,0.9998242615936158,0.11557137207882884,277.0416666666667
CIK0001697551,1697551,,22,0.05451105942814793,0.17933020050503268,0.30397032554486103,1.1970872412922502,-0.16175851367453312,188962500.0,0.9999682907567652,0.27848017614462395,20.0
CIK0001697646,1697646,,31,-0.05973542957334054,0.0799844859645236,-0.7468377004803405,-0.748783223245645,-0.7360069546615352,471048000.0,0.9893909908903753,0.059615781787033285,196.70967741935485
CIK0001697715,1697715,,33,-0.03236055446509383,0.07563008191650722,-0.4278794051811674,-0.48619110143717553,-0.42889562539273374,498182000.0,0.9231029787716656,0.10263613140953333,197.87878787878788
CIK0001697717,1697717,,37,-0.0016884118181244947,0.06534487006889526,-0.025838475404307473,-0.6036834173583991,0.04928536969652338,279227174.0,0.9376896488567273,0.10619366246110533,133.27027027027026
CIK0001697728,1697728,"Dai-Ichi Life Insurance Company, Ltd",37,-0.03409270928178016,0.05204565380722197,-0.6550539149099761,-0.6303633781287544,-0.6545802806686707,4419675000.0,0.9015565950467772,0.13846932046269753,502.43243243243245
CIK0001697790,1697790,,37,-0.01355773916012026,0.07390871803200881,-0.1834389706757154,-0.6389098339674778,-0.03789114938142815,236544000.0,0.9736555378295041,0.08436776333922863,78.43243243243244
CIK0001697791,1697791,,37,-0.05360580650568828,0.07448927352111821,-0.7196446410374963,-0.6353035027411805,-0.7370543483180255,148445000.0,0.9382962358636799,0.06544864906000081,85.5945945945946
CIK0001697847,1697847,,24,-0.04782485436345946,0.08046876289898179,-0.5943281919508167,-0.7642885998883647,-0.4772496826178045,265588500.0,0.9998856904012325,0.08089728987989642,113.04166666666667
CIK0001697848,1697848,,37,0.041926405738714985,0.1681705435158456,0.24930885553251433,0.30396039443066536,0.2603247460045305,547397273.0,0.9908327181865917,0.26240719384157013,28.675675675675677
CIK0001697855,1697855,Camden National Bank,33,-0.04736422062634659,0.0711959930230958,-0.6652652574092369,-0.5578478311439751,-0.6963344528619863,479213000.0,0.9825130169735462,0.06441479376286986,119.12121212121212
CIK0001697934,1697934,,32,-0.07174213122139358,0.06480932156681198,-1.1069724151520492,-0.8541822252320255,-1.2002674325485052,450825373.5,0.9409610301459993,0.13827358397806208,379.5625
CIK0001697953,1697953,,31,-0.0471440023739145,0.07693626174862477,-0.612767000906847,-0.6486720007848552,-0.6364719162972555,967768000.0,0.972569690139757,0.2495314672774877,356.5483870967742
CIK0001698006,1698006,,27,-0.04474865240771554,0.09870033184503635,-0.4533789458485919,,-0.45142072685699847,236598000.0,0.9985361515439427,0.12704560852317115,16.59259259259259
CIK0001698055,1698055,,32,-0.06363750694166836,0.09523331199166654,-0.6682273839840891,,-0.5762888472972154,1071358500.0,0.993446928464571,0.49619771190352935,91.5
CIK0001698068,1698068,,37,-0.007292395756936561,0.07424163369829194,-0.0982251520268995,0.49758487633241943,-0.2665246754757325,298363000.0,0.986477806562677,0.07668766637348737,21.27027027027027
CIK0001698091,1698091,,15,0.011413096944680888,0.10075219426293272,0.11327889211692604,,-0.024383760638783402,234302055.0,0.9197275719173963,0.04468701706917627,124.66666666666667
CIK0001698094,1698094,,20,-0.076037482641781,0.06646408471435661,-1.1440386633815844,-0.8181011262848792,-1.4906194835889084,185871000.0,0.9999109165384426,0.1463652396170258,109.6
CIK0001698146,1698146,,26,-0.058091913387307834,0.08421745906844617,-0.6897846839420214,-0.631222053654733,-0.7123542885273119,195228500.0,0.9998383531100395,0.05466091104657075,172.26923076923077
CIK0001698220,1698220,,21,-0.07765191041811137,0.07605351245788405,-1.0210167539476946,-0.6709085155939144,-1.2936712461324378,149160000.0,0.9999234052820682,0.056171547741498795,61.714285714285715
CIK0001698246,1698246,,30,0.00018563341844361436,0.016123793828435234,0.011513011168203673,0.01637714228934527,0.008595440390439527,2770470000.0,0.9927074709699819,0.08270888692162418,558.7666666666667
CIK0001701057,1701057,,19,-0.05621385895037365,0.08076785262761985,-0.6959929863203822,-0.40475020532449185,-1.016384830332078,153066000.0,0.9999928794580207,0.08486287563110527,35.0
CIK0001701132,1701132,,37,-0.03932543284658865,0.06679958766273876,-0.5887077184362204,-0.668270915467209,-0.5526243316657989,286501435.0,0.9390055124468083,0.08012396380121718,337.94594594594594
CIK0001703556,1703556,,36,-0.06606589973113323,0.07647252465886081,-0.8639168122684753,-0.830207515868908,-0.866939115381749,133443310.5,0.9591010641298114,0.10050420783430683,280.75
CIK0000049969,49969,,36,-0.02187996300617016,0.03895336478102402,-0.5616963548090076,-0.5538134117883431,-0.6250413565498046,912195500.0,0.8901220922341171,0.0894100480159101,611.3611111111111
CIK0000820743,820743,,19,-0.09780810683710205,0.06261806726191692,-1.5619790119817873,,-1.513502816946569,1842391925.0,0.98857894735809,0.17831294020614957,112.15789473684211
CIK0000883677,883677,,20,-0.012305411294405063,0.028222038049127665,-0.43602135579692397,,-0.12347939933101268,18688492000.0,0.9776159483848339,0.1693141896075357,2139.9
CIK0000884300,884300,,35,-0.013609018861863378,0.10916434782216149,-0.12466541625645362,1.4002737694481222,-0.4129855029285188,112723369.0,0.9826474117758236,0.1521957705423928,102.88571428571429
CIK0000927337,927337,,25,-0.06693888360836886,0.04739503949434079,-1.4123605406750845,-0.6473328233693072,-1.769226750485349,3473013000.0,0.9605128428542367,0.45749874506162974,1380.8
CIK0000935359,935359,,35,-0.0508944629400333,0.08733504060849953,-0.5827496338727838,0.09258257685463646,-0.7809760456540864,371413000.0,0.9721933609505286,0.08973206791644402,77.94285714285714
CIK0001103738,1103738,,15,-0.0023367977830983434,0.07899843303927338,-0.029580305496407305,0.4853232923566339,,88594000.0,0.9948247573871505,0.1683495609025389,33.0
CIK0001135631,1135631,,23,-0.06248856033865811,0.07872158055911863,-0.7937919931643476,0.06299445869281507,-1.152050905661964,123907000.0,0.9998843226799758,0.3728328401766129,45.391304347826086
CIK0001228773,1228773,,16,0.04116085085850202,0.06328693502769951,0.6503846463600412,0.7324202196211743,,3835314500.0,0.9999279293157881,0.29315208189406733,175.3125
CIK0001269786,1269786,,32,-0.020741757215350425,0.05873290904332761,-0.35315392260483475,,-0.32455313435014915,442712499.0,0.9527006023376776,0.16620138913913154,74.25
CIK0001300714,1300714,,20,-0.23345750468305487,0.33701274240114204,-0.6927260465534204,,-0.8416155535558836,1068166000.0,0.9999748841400151,0.18715526906704338,17.1
CIK0001360798,1360798,,13,-0.0867458219581248,0.09537021277701914,-0.9095693448762898,,-0.99037310289083,1704999000.0,0.9828220638086258,0.05935152394204327,372.53846153846155
CIK0001388168,1388168,,32,-0.046551730045819466,0.07977959589201782,-0.5835042096184658,,-0.6215076185970021,214268238.0,0.9212629283693745,0.059481974723722804,174.34375
CIK0001389215,1389215,,19,-0.014224106203363545,0.028161535289636594,-0.5050898701388562,-0.5774565980608743,-0.4007222368460495,2043176000.0,0.9997308045342117,0.06383835038398605,1143.7894736842106
CIK0001389256,1389256,,36,-0.027308955551486432,0.07681040527670376,-0.35553718864516964,-1.1468929542919246,-0.14120542721710436,766024500.0,0.9551041793550102,0.07589877800351046,160.47222222222223
CIK0001406995,1406995,,32,-0.05844145683918159,0.07832483861892835,-0.7461420651247416,-0.5646413593725889,-0.7888896351015494,328421559.0,0.9756610195892081,0.11905761889801565,249.0625
CIK0001425845,1425845,,26,-0.03632382963162756,0.049052413304982764,-0.7405105515258461,-0.8718933787143817,-0.641208601165706,842760000.0,0.9997015171825283,0.08813496093019657,433.34615384615387
CIK0001444043,1444043,,24,-0.07372577020965511,0.1281398860945772,-0.5753537985361487,,-0.6322070330564489,2565745500.0,0.9990235412910561,0.23008257480362224,33.458333333333336
CIK0001535176,1535176,,13,-0.05705716622142652,0.099934446550133,-0.5709459369614,-0.7453705445585711,,1747498000.0,0.999989774759719,0.3582211618821509,48.76923076923077
CIK0001580572,1580572,,18,-0.07494728817497626,0.05949556455959665,-1.2597121941314164,,-1.2398495636626707,93417000.0,0.9999639410043591,0.22169148584961135,27.27777777777778
CIK0001582844,1582844,,15,-0.023966656856709165,0.24289864907876618,-0.09866937073305836,,-0.12263740087562482,153941445.0,0.9994025369637343,0.3437662388259901,33.53333333333333
CIK0001606716,1606716,,22,-0.005574231973203073,0.061253646390186565,-0.09100245130735783,-0.13174207354836487,-0.07410316650225378,220935500.0,0.9999453887186405,0.11762536805800823,91.36363636363636
CIK0001609074,1609074,,24,-0.057843819919787896,0.09281064066618853,-0.6232455621827665,,-0.7104899994676196,1751302262.0,0.9987463221353216,0.2810906145055083,43.375
CIK0001609098,1609098,,34,0.05041631017260497,0.12682146069421021,0.3975376872008505,0.42269284450009104,0.39104904989708955,2844955890.0,0.9973450992720572,0.18076481320467627,13.558823529411764
CIK0001634083,1634083,C PARTNERS HOLDING GMBH,34,-0.023562510755950054,0.06503304221366062,-0.36231598512357405,0.20437223850439004,-0.4811945296401309,372630588.5,0.9892657262991748,0.15642548883584664,45.76470588235294
CIK0001635409,1635409,,26,-0.05408560475052738,0.0925288501692433,-0.584526930253981,0.001264325148171,-0.8238789800104354,786585500.0,0.999966599021318,0.1770546169853841,21.692307692307693
CIK0001654198,1654198,,16,-0.10656612612933787,0.11732330189007854,-0.908311685835131,-0.5737206607775327,,210949500.0,0.9999980652642235,0.03516990970322633,14.4375
CIK0001655789,1655789,,34,-0.024319939169642767,0.05340624696001788,-0.455376300584067,,-0.3925538707194965,382851500.0,0.9645605595688499,0.6467075126836069,424.4117647058824
CIK0001657335,1657335,,26,0.018609804237178788,0.15420178023274428,0.12068475609586822,0.7991361515082462,0.01573621407593637,153347184.0,0.9998607224285828,0.10902381806212516,10.307692307692308
CIK0001694126,1694126,"Harvest Fund Management Co., Ltd",29,0.02957661849478813,0.11146595917196336,0.2653421610864023,0.15186026835382171,0.3423412430967632,628052000.0,0.9034941495734207,0.19064890888549005,543.8275862068965
CIK0001697162,1697162,,36,0.014365047924904716,0.12401239757389781,0.11583557939127052,0.5202222403175042,0.022756785324748813,504394000.0,0.972987460741254,0.18185119682828796,34.30555555555556
CIK0001697300,1697300,,36,-0.03932036443065587,0.057868743368116655,-0.6794750005053826,-1.4073649870451106,-0.5738546803422557,797672000.0,0.9190027927926868,0.2037082437605643,380.30555555555554
CIK0001697597,1697597,,19,0.01839204654994565,0.045907660374756964,0.40063131945747205,,0.4184380522964294,286107000.0,0.9999908424965738,0.1813780378302922,15.736842105263158
CIK0001697765,1697765,,36,-0.0015777145269714893,0.01926946958442031,-0.08187638584942394,-0.3203644573272593,-0.015838532488853765,2958961000.0,0.9247853470059617,0.19225739000400963,468.77777777777777
CIK0001698219,1698219,,23,-0.02948692325168143,0.05829283878151204,-0.5058412639876739,-0.5657332490977129,-0.46785599902628117,724255000.0,0.9998194316834698,0.07758909402360636,250.69565217391303
CIK0001698926,1698926,,36,-0.03934036207807113,0.03136874228901515,-1.2541262162537918,-0.8987335903903743,-1.3552776531944573,151557000.0,0.9698674606490891,0.08424569387915694,85.61111111111111
CIK0001703100,1703100,,15,-0.06166942708795046,0.08375477493613598,-0.7363093881334112,-0.7520908923720399,,199776000.0,0.9998652714967241,0.10867832060105188,162.2
CIK0001703383,1703383,,30,-0.07859147750587643,0.09278721414922907,-0.8470076208752669,,-0.7439646921324307,255025500.0,0.9074537490549176,0.07243635441436148,756.2666666666667
CIK0001703658,1703658,,29,-0.0069444341995291686,0.10942626938499304,-0.06346222199140986,0.3240019936511304,-0.1659615830916434,131687000.0,0.9982658968212225,0.10240125527403189,29.06896551724138
CIK0001704300,1704300,,34,-0.028906828390559358,0.0787083752230974,-0.3672649614210555,-0.8636433729239044,-0.31768134835135836,132601000.0,0.957443526779916,0.07211480758702087,354.88235294117646
CIK0001705711,1705711,,36,0.0064764826184807766,0.04472068787901346,0.14482072895910042,0.36050225364039296,0.07954984486205897,349552000.0,0.9343413021237724,0.14153423723240127,172.19444444444446
CIK0001706016,1706016,,36,-0.0347422837631667,0.06678331683456717,-0.5202239931896222,-0.3264351285696502,-0.5683537840336103,210236500.0,0.9447045723547424,0.07399806477408556,115.25
CIK0001706028,1706028,,35,-0.040868395401725606,0.057026993867355456,-0.7166500043006303,-0.7214347325611713,-0.6998996430400684,613928585.0,0.9363406462194372,0.06721309501026457,276.74285714285713
CIK0001706170,1706170,,19,-0.04138505494027148,0.07787905516022994,-0.531401605400351,,-0.36909861911199066,298266000.0,0.9997495416368561,0.17883222808244564,871.9473684210526
CIK0001706351,1706351,,25,-0.048290478243223696,0.08266084210932777,-0.584200172775714,-1.1927407303520332,-0.36920381328028895,239637000.0,0.9998235918029253,0.1242742322878618,129.52
CIK0001706836,1706836,,34,-0.059693085096680865,0.08591040130559345,-0.6948295455279722,-0.26306653160061005,-0.7916508749322559,555546500.0,0.9352150425145408,0.11122757284080413,300.29411764705884
CIK0001708001,1708001,,36,-0.04690099601704778,0.06240575657334119,-0.7515491933893178,-0.21628739240283476,-0.8940977700125107,153758500.0,0.9239560195624937,0.1273696850953534,362.25
CIK0000310051,310051,,33,-0.031156007700720117,0.03458472134990203,-0.900860451749936,,-1.134219301599435,18538693000.0,0.9237959424269896,0.06298068731231794,494.7878787878788
CIK0000837592,837592,,20,-0.03921986903091338,0.08664168237843767,-0.4526674454300372,,-0.43266210266359223,5076683569.5,0.9289191990851602,0.06758442014042133,276.85
CIK0000898399,898399,,24,-0.03833913043514853,0.09762448456112059,-0.39272043900380116,-1.2322236403501634,-0.20708700367635627,152039000.0,0.9977152872544522,0.11536058006980587,53.25
CIK0000900169,900169,,29,-0.07501693731999216,0.09962588492849624,-0.7529864088266573,,-0.716654779987195,474614000.0,0.9983507178632083,0.07555989689590385,42.06896551724138
CIK0000908431,908431,,32,-0.024699797927827543,0.035440215038536914,-0.6969426652624889,-0.5370512023191885,-0.7621811827608953,454425033.0,0.9706789765508457,0.08063256678964482,198.875
CIK0000937886,937886,,19,-0.05950969068089145,0.0892919247532265,-0.6664621783439402,,-0.517053809643671,941461591.0,0.9942867740655436,0.2553388104578848,186.0
CIK0001014894,1014894,,26,-0.019349595294474435,0.10453496788317436,-0.1851016524511573,-0.3370990121797374,-0.11945350812678472,1137295000.0,0.999985079184558,0.20462275561711912,20.076923076923077
CIK0001048921,1048921,,33,-0.043763933662900226,0.06493515141412086,-0.6739636808182656,,-0.8116496788818256,208936329.0,0.9262073875336572,0.09719135527878982,121.12121212121212
CIK0001058022,1058022,,34,-0.04562044941516548,0.06172513756283006,-0.7390902833914338,-0.4919595449735781,-0.7960609847581819,284473000.0,0.9653251186763219,0.12172102031149815,87.44117647058823
CIK0001058800,1058800,,24,-0.05540052429519724,0.06832865600501674,-0.810794877767069,,-0.7683125208064907,811441000.0,0.9649929632781008,0.1484757168715617,154.83333333333334
CIK0001131181,1131181,,34,-0.020297161057370696,0.04626543581400264,-0.43871111769253374,-0.22242687116325724,-0.49615648982304583,354422000.0,0.9551583449424949,0.11333856291028642,88.91176470588235
CIK0001142495,1142495,,35,-0.05524912290714807,0.06936938188089145,-0.7964482514839035,-0.6429720229434566,-0.8266899922069522,1819299000.0,0.9006600264759109,0.10943791197340774,1025.4
CIK0001344717,1344717,,24,-0.009749048220767881,0.05505971494718951,-0.17706318003579474,,-0.1702094771123013,631677777.0,0.9236311149014979,0.0474514390216535,365.5
CIK0001346378,1346378,,19,-0.03320720204765983,0.07587589905077001,-0.4376515133555776,,-0.5148599573384846,598052139.0,0.9233177107579987,0.07783198755077513,205.78947368421052
CIK0001352187,1352187,,14,-0.027765211093079837,0.07932583845911521,-0.3500147194370985,,-0.32601281296851015,7466739000.0,0.9979831350767597,0.2578741954647107,323.7142857142857
CIK0001353316,1353316,,15,-0.057361619337602775,0.05682585007398102,-1.009428266553081,,-0.7436397601220738,1564895000.0,0.999957263472068,0.2677685194780775,36.86666666666667
CIK0001387921,1387921,,35,-0.041963736286028515,0.06803292927750171,-0.6168150736774489,0.18593597960295086,-0.9057445770149045,351016000.0,0.9882903730730608,0.24813247957817913,34.77142857142857
CIK0001388325,1388325,,24,-0.014580081988707036,0.2516401910913412,-0.05794019598124859,-0.35127808664269,0.3278379382293885,1304397259.0,0.9973523635057105,0.18031710734658193,30.291666666666668
CIK0001389875,1389875,,30,0.04333416927915636,0.08106873029267002,0.5345361783963383,,0.45033409464711316,867348305.0,0.9819316345709055,0.3351161867367834,20.266666666666666
CIK0001434845,1434845,,24,-0.03801711270185772,0.07120462572520313,-0.5339135247688495,,-0.510826589476512,492801547.5,0.9467628737699668,0.05444935907066957,135.66666666666666
CIK0001513300,1513300,,15,0.03519383026741021,0.11541470232278898,0.30493368313138397,,0.041048151263899574,236018000.0,0.9862356646190727,0.2561038690354129,12.266666666666667
CIK0001534270,1534270,,25,-0.027498802691111587,0.07131081030743289,-0.3856189906100967,0.24190173449592503,-0.5901842498243612,956101000.0,0.9972085373009645,0.4886733435224102,1801.16
CIK0001536630,1536630,,27,-0.025626580731583835,0.10477501752732037,-0.24458674725978893,,-0.39127259870058384,207930000.0,0.9895806506448355,0.3160086636441339,45.592592592592595
CIK0001541741,1541741,,20,-0.013012040972925954,0.07629780298518214,-0.17054280023124582,-0.3956957409136466,-0.04247243787321314,7706624008.5,0.9997813318293624,0.1698694265403158,460.1
CIK0001569709,1569709,,30,-0.07924630089842685,0.24544315659168275,-0.32287028083498215,,-0.32310829909521666,5688457565.5,0.9812344213373189,0.20113895341887045,99.26666666666667
CIK0001635999,1635999,,19,0.009900670825958158,0.1794629941881254,0.055168314061835276,,-0.13821431978724458,328297000.0,0.9999859412592714,0.2421941894645539,17.842105263157894
CIK0001665590,1665590,,22,-0.0405877624210566,0.08180091724662013,-0.4961773508932293,,-0.452987552558886,340749000.0,0.9994502450025441,0.3040613740273055,36.59090909090909
CIK0001666786,1666786,,35,0.0077249867714193465,0.08097856402113096,0.09539545266834762,-0.6785440093960148,0.2136059877091198,576753000.0,0.9421070103182844,0.09573918133492458,201.0
CIK0001671657,1671657,,22,0.0108860749815667,0.14374716982929983,0.07573070825910856,,-0.19212632139719707,775916152.0,0.9945659388907969,0.1501318799036793,10.5
CIK0001694895,1694895,,28,-0.05960878695469193,0.05715551887162307,-1.042922680598759,,-1.1760932676556533,185093000.0,0.9265345402822368,0.23950994176547913,86.46428571428571
CIK0001700286,1700286,,23,-0.02995715861633709,0.10991452046327171,-0.2725496002668935,,-0.2774383497289102,217962853.0,0.9941477959173293,0.3442933747257432,35.04347826086956
CIK0001713520,1713520,,12,-0.04520829457293136,0.11791241441008501,-0.38340572363259057,-0.3879434520025743,,456260500.0,0.9999415087094771,0.09274966668516549,148.5
CIK0001714093,1714093,,35,-0.04289577898678602,0.07454297354160322,-0.5754503335139232,-0.7059511602014263,-0.5285834743594587,193066000.0,0.9449601395314344,0.08746866582609798,167.05714285714285
CIK0001714107,1714107,,25,-0.033611753436232766,0.05818749854524768,-0.5776456159039103,-0.9292177009900716,-0.42489055943391063,166460000.0,0.9875930329217514,0.12168755048209413,115.48
CIK0001714341,1714341,,35,-0.03744568414213384,0.05052079326243607,-0.7411935110784097,-0.35835606841939616,-0.8469954682503412,155841964.0,0.9389640161279571,0.06254422095561551,118.05714285714286
CIK0001714590,1714590,,35,-0.007038111699625261,0.037574209461919285,-0.18731230277468974,0.08275313678294056,-0.24876894459142634,151105000.0,0.9468684122214898,0.14973688363514626,122.85714285714286
CIK0001714678,1714678,,35,-0.02568762429858045,0.0569127289490576,-0.45135112604898386,-0.5722654225954096,-0.4241360133687007,148152000.0,0.9305298250805899,0.06161552751364008,126.08571428571429
CIK0001718570,1718570,,35,-0.0070820824334774215,0.057386008662420794,-0.12341130875457275,1.2013803581000573,-0.28450217789010757,1882843000.0,0.9541606518562905,0.189649355384276,211.6
CIK0000764112,764112,,34,-0.03145453096615293,0.07220762147417258,-0.435612340125792,,-0.2038428351115737,394721234.5,0.9887118200630236,0.0963787738307546,57.970588235294116
CIK0000897070,897070,,34,-0.04683742066725124,0.10631560649106019,-0.4405507546091888,,-0.6911090211668736,747689500.0,0.9858971035518648,0.13197644968165223,100.05882352941177
CIK0001009005,1009005,,33,-0.007266085983566614,0.06021174822182736,-0.12067555249444219,,-0.10809469633339937,195575000.0,0.9508235805947859,0.1499894822086175,84.72727272727273
CIK0001345576,1345576,,25,-0.05387612699493145,0.05437700330842698,-0.9907888209168842,,-0.9599709529881849,2612889000.0,0.9967328481589414,0.12073803385867389,333.68
CIK0001386364,1386364,,34,-0.019771701168905767,0.05199560751687781,-0.3802571431005464,,-0.49808810654868096,145097038.5,0.9542222860830755,0.055710116613265366,85.44117647058823
CIK0001388312,1388312,,12,-0.08017021950042022,0.06350559069731235,-1.2624119958195794,,-0.8349882955325243,3706879000.0,0.9959214166122855,0.45513577403510747,485.3333333333333
CIK0001418226,1418226,,12,-0.22413860176438005,0.23937360135343053,-0.9363547212191163,,-1.4346440015122979,5082999648.5,0.9996251900688091,0.13662840517928884,12.75
CIK0001496637,1496637,,33,-0.0496893589088943,0.07014781918692475,-0.7083521552547349,,-0.7818325120673093,6325255000.0,0.8861577852089788,0.07427042027446022,536.060606060606
CIK0001505791,1505791,,19,0.020303549931119356,0.21847000798458985,0.09293518189629778,,0.3100880413776378,38570000.0,0.9999880842325053,0.17558803821297705,40.89473684210526
CIK0001533504,1533504,,34,-0.03678867624719959,0.050715076876187135,-0.7253992010218687,,-0.8311100522612797,468644861.0,0.9206686815186941,0.1135101884991656,146.73529411764707
CIK0001539948,1539948,,32,-0.04655621708433754,0.0701219833381261,-0.6639318351638316,,-0.6905869111702876,732838774.5,0.9183195269724904,0.13765364002318797,209.84375
CIK0001540531,1540531,,28,-0.06379564466880107,0.18242240654438954,-0.34971386397414944,,-0.4722981935294142,1101140796.0,0.9993805160890684,0.16653201299037085,18.357142857142858
CIK0001554871,1554871,,27,-0.054833316770940416,0.12117783776565523,-0.45250284854955974,,-0.47441791324443117,68788000.0,0.9845422171969316,0.23401347907245826,152.8148148148148
CIK0001556168,1556168,,14,-0.07500493806297662,0.06480187238966252,-1.1574501676378541,,-0.931468246434587,209731000.0,0.9999200366592029,0.11297784202903827,53.07142857142857
CIK0001593404,1593404,,27,-0.011243015523841545,0.1482312893761067,-0.07584778875641422,,-0.04316521545935682,387209828.0,0.9994813075220558,0.3591601129217774,72.77777777777777
CIK0001647251,1647251,,28,-0.0014974909661854285,0.08095862330668575,-0.01849699148756113,,0.08865226024246169,31036415000.0,0.988802897702897,0.08627163696266228,12.464285714285714
CIK0001664214,1664214,,34,-0.0469621195457334,0.07060887409192787,-0.6651022289813284,,-0.7180423817126192,1034947352.0,0.9188007247462918,0.08824230185530288,352.79411764705884
CIK0001694164,1694164,,34,0.0011396712824813082,0.036431950222103035,0.03128219256643891,,-0.3946843122760955,14683183960.0,0.9313210856043913,0.1649960292195072,172.55882352941177
CIK0001695582,1695582,,34,-0.011178488577579393,0.06057269358313698,-0.18454666477507142,,-0.4568162977594893,267160500.0,0.9260318595917388,0.10107921118088645,157.14705882352942
CIK0001712671,1712671,,34,-0.023787697879200115,0.07479385022928121,-0.31804349964124895,,-0.30643804003755876,151981405.5,0.9529294337123562,0.2623081798377191,71.5
CIK0001715528,1715528,,18,-0.03657236878707469,0.06035947130052335,-0.6059093626545031,,-1.295799278573196,159997000.0,0.9999974064935265,0.32574194934713274,11.38888888888889
CIK0001719739,1719739,,30,0.0056266611951029995,0.033798275942589585,0.1664777577509457,,0.16341915140493135,348208438.0,0.9784088094324146,0.08538131624799329,118.16666666666667
CIK0001722439,1722439,,33,-0.004530201525236514,0.04037966433922756,-0.11219017292848538,,0.04201377939688874,200604000.0,0.9248682077810839,0.08129261568205289,149.72727272727272
CIK0001723397,1723397,,21,-0.06056694538220214,0.08187015545680583,-0.7397927247454329,,-0.982790179616865,6461279000.0,0.8863811651893744,0.09101640602213198,3173.8571428571427
CIK0000825217,825217,,33,-0.01028757735064392,0.04075587855832639,-0.25241947208710924,,-0.2862825294941131,228932270.0,0.9280637430874643,0.06576409396367885,214.84848484848484
CIK0000842941,842941,,33,-0.050984054036441656,0.06901698522250363,-0.7387174891890294,,-0.8154764385075678,8121518398.0,0.9416014135122083,0.06287686124695109,335.45454545454544
CIK0000869589,869589,,33,-0.03593175738751597,0.04740121858039143,-0.7580344654022012,,-0.8754135104350715,10462345546.0,0.8837677606611547,0.10599626327919771,732.969696969697
CIK0000904793,904793,,33,-0.04037590560252804,0.10363657537485893,-0.3895912756254931,,-0.6125289385258831,133614000.0,0.9987153466546286,0.06855132087881956,20.90909090909091
CIK0000932540,932540,"GROUP ONE TRADING, L.P.",24,-0.051375271759564245,0.08159817862883187,-0.6296129720247469,,-0.642777897451101,2671541676.0,0.984496931063544,0.44315303096151587,1690.5416666666667
CIK0000938077,938077,,32,-0.0492612974728026,0.13279503559628034,-0.3709573723962352,,-0.26726531696921657,299436500.0,0.946033475127041,0.1077652365323047,164.34375
CIK0001103882,1103882,,23,-0.03045135265266915,0.07106805369038713,-0.4284815901174894,,-0.5016442137423045,2295353000.0,0.9719493602149903,0.637957600121343,1094.695652173913
CIK0001173889,1173889,,29,-0.019430378036721162,0.10681696542249337,-0.18190348283631105,,-0.6899156754621998,190073000.0,0.964967067512668,0.1166981480239176,14.551724137931034
CIK0001277779,1277779,,32,-0.03943040973670622,0.0911611597143251,-0.4325351921740092,,-0.35786830541627823,128801311.0,0.9946007594891335,0.10463580422276234,45.21875
CIK0001307877,1307877,,18,0.00041559976869836836,0.12699956015248332,0.003272450457252209,,-0.1187320106188467,58384500.0,0.99992732664393,0.30256616031516687,55.611111111111114
CIK0001313978,1313978,,33,0.015931221623996735,0.19734430975324765,0.08072805161575276,,0.08058412889005143,282115124.0,0.9941952933103826,0.08660929366787956,25.12121212121212
CIK0001318011,1318011,,20,0.017548389277140742,0.061245174314674536,0.28652688922730424,,0.3919039834399202,132761000.0,0.9998709267311071,0.11283889840197531,127.55
CIK0001324290,1324290,,29,-0.04770828308274264,0.05565163952032307,-0.8572664434011118,,-0.7952765461361608,3507433000.0,0.9612639113388395,0.378163582813104,354.9310344827586
CIK0001353311,1353311,,26,-0.02957940364926697,0.13709182632042935,-0.21576343712643015,,-0.1512518813003011,161339326.5,0.9952515764250545,0.16869058576896462,17.0
CIK0001459270,1459270,,28,-0.09971577931335286,0.0913962577390097,-1.0910269389357086,,-1.3382290625128601,577417132.0,0.9886435948237671,0.2093510504126054,17.892857142857142
CIK0001467517,1467517,,14,-0.013379584403754769,0.05558641986044785,-0.2406987972397468,,-0.13407205586405652,129251500.0,0.9998689397795231,0.10786848317557837,83.92857142857143
CIK0001495741,1495741,,16,-0.1900536393717926,0.16372785907446155,-1.1607898646194157,,-1.8174853756910607,6711947000.0,0.9999876581340321,0.23523110286111434,52.9375
CIK0001512073,1512073,,33,-0.010571476211245746,0.06216774272971706,-0.1700476122619832,,-0.23759334798906306,136448083.0,0.9336981504098488,0.08046270391010873,135.6969696969697
CIK0001529735,1529735,,16,-0.02887248658161759,0.017467719461251547,-1.652905328732769,,-1.7617690348075898,14384867810.0,0.7477158356556186,0.09329155443127664,2700.75
CIK0001549553,1549553,,28,-0.024125986353019286,0.10474846262750886,-0.23032305913979795,,-0.25965956138813207,23173247.5,0.9943348716131248,0.2906821397292448,29.107142857142858
CIK0001559077,1559077,,27,-0.00989157224783009,0.040456705813707784,-0.2444977179528436,,-0.2766555865640151,913149000.0,0.9879094159485335,0.07499228430315773,224.5185185185185
CIK0001566887,1566887,,30,0.05187384867007454,0.16178202948790346,0.3206403630466998,,0.27696781293974376,201716500.0,0.9612384976238519,0.39041786260489697,50.13333333333333
CIK0001582384,1582384,,19,0.047275634127353854,0.18140319554085693,0.26061081220691545,,0.11321237574665548,248987891.0,0.9987474113657828,0.20017187260448854,20.473684210526315
CIK0001600004,1600004,,28,-0.045102610625701124,0.1625481821376235,-0.27747225488476684,,-0.6110079978824865,925845245.0,0.9997978862449417,0.20564309124189978,62.785714285714285
CIK0001602730,1602730,,14,-0.05529375003980207,0.08067840646387152,-0.6853599675793344,,-1.1324129414935111,184142000.0,0.9998460060832933,0.12838337534662977,158.71428571428572
CIK0001626420,1626420,,12,-0.0619745067169758,0.06922865998127209,-0.8952145936661329,,,89947500.0,0.999972275841814,0.424504103121125,53.25
CIK0001643833,1643833,,28,-0.05314848310509141,0.07112216421069965,-0.7472843900832978,,-0.910498491677232,433026269.5,0.964127890488965,0.13503259887936137,164.17857142857142
CIK0001647363,1647363,,17,0.001982599317785703,0.12003296989811209,0.016517122915775256,,-0.25052406680544975,498637658.0,0.9997024194484166,0.12223344263558265,12.411764705882353
CIK0001652442,1652442,,26,-0.005126159446965351,0.08316995240736433,-0.06163475267767717,,-0.10662455711722237,2350462000.0,0.9981091817870577,0.18923685671252663,40.03846153846154
CIK0001654599,1654599,,32,-0.05499263717724214,0.06627452931186933,-0.8297703166898808,,-0.9371341472944809,2097524908.0,0.9337011474492583,0.09162954478933791,259.6875
CIK0001661762,1661762,,32,0.07837633010371563,0.08695099956245311,0.9013850386575322,,1.0012349985058036,293066000.0,0.9606897916664605,0.1668870603978429,68.0
CIK0001675855,1675855,,15,0.017627537837419553,0.12342731748227243,0.14281715098981812,,-0.033696349992692706,224551000.0,0.999950205853871,0.23038936660171053,27.533333333333335
CIK0001675884,1675884,,33,0.06023104020937544,0.11760634193339763,0.5121410905073552,,0.3004634703320069,3740480000.0,0.9710363923960936,0.20145224918131974,40.84848484848485
CIK0001681004,1681004,,33,-0.016308240601831867,0.043943563447627246,-0.3711178457460806,,-0.6754686082526056,511155000.0,0.9432225870905285,0.11252865462094355,61.45454545454545
CIK0001682475,1682475,,31,-0.014674106515874375,0.09657954862910097,-0.151938031641918,,0.09636062110840789,95848740.0,0.9996135674748243,0.186598394196165,24.580645161290324
CIK0001688511,1688511,,31,-0.04963038152641355,0.14382411080092108,-0.34507692242520405,,-0.36522742686170717,453005131.0,0.9909949094271052,0.29315540248023003,18.903225806451612
CIK0001693141,1693141,,18,0.03841545520013629,0.10135501580365966,0.3790187875239932,,0.6185445145669662,174320500.0,0.9999898737082772,0.4886008905457999,25.38888888888889
CIK0001694165,1694165,,15,-0.021577408128743775,0.057671273210769196,-0.3741448198852362,,-0.6972220585574124,290192000.0,0.9999610141240441,0.31583642149416874,29.533333333333335
CIK0001694620,1694620,,16,-0.03495009189199961,0.13446991012932935,-0.2599101305107275,,-0.4664339308550034,86934000.0,0.9999919450645409,0.4583344068197649,15.8125
CIK0001697267,1697267,,22,0.00796232770127401,0.0412742521662228,0.19291270666326538,,-0.03897940358391027,1088157500.0,0.9998439340490145,0.1627300373075214,93.0909090909091
CIK0001697274,1697274,,33,-0.034108742348599085,0.05614461297790885,-0.6075158512679529,,-0.712856840163901,275336905.0,0.9197738368631332,0.1391237649294294,479.3636363636364
CIK0001698777,1698777,,32,-0.06015584631426962,0.09778552399688198,-0.6151815100459799,,-0.6201363109522127,109168710.5,0.9648469071044672,0.19277479384705035,112.9375
CIK0001698819,1698819,,21,-0.02923685994217687,0.12577331023996247,-0.23245678980644663,,-0.4671094081509278,462278471.0,0.994192671422335,0.6121156523320562,41.80952380952381
CIK0001700362,1700362,,19,-0.15265160174631862,0.2073167323955649,-0.7363207010883394,,-0.7057857805260807,149151000.0,0.9976878947953997,0.2837222400289914,11.31578947368421
CIK0001700574,1700574,,33,-0.014309482315375866,0.039531781108265156,-0.36197413608718343,,-0.4355551714919175,16327775000.0,0.9371460205035074,0.4749604240814328,691.7878787878788
CIK0001702698,1702698,,12,-0.24578086966219526,0.20788777746271642,-1.182276671864031,,,103683500.0,0.9999820026533602,0.058379109522275936,24.083333333333332
CIK0001702973,1702973,,20,0.06262719631942294,0.07670739611146218,0.8164427355451822,,0.6672862788149736,113011500.0,0.9999515226912342,0.5212722499574736,28.2
CIK0001703208,1703208,,33,-0.014661416077571062,0.0384672818713892,-0.38113990288753674,,-0.5526582690473416,216873271.0,0.9370929232698035,0.13604238102670996,95.48484848484848
CIK0001704404,1704404,,12,-0.030189317712767356,0.05544441107095552,-0.5444970399819613,,-0.5311613085774707,911681202.0,0.7488043694141792,0.14398517759439555,420.8333333333333
CIK0001705655,1705655,,20,-0.03627785221079096,0.06501045447071722,-0.5580310506214904,,-0.44918813597350277,117678000.0,0.9998567442704743,0.1416804438802032,184.5
CIK0001707856,1707856,,24,-0.10170395706275116,0.10952733680701707,-0.928571441850106,,-0.8300894179339574,288541500.0,0.9970710257187877,0.04588781352204872,47.291666666666664
CIK0001708139,1708139,,30,-0.009384591786063542,0.0906682157475377,-0.1035047586244289,,-0.30191029445121687,1785190000.0,0.9718356520994007,0.12340385180970935,19.8
CIK0001710951,1710951,,32,-0.016587367363163078,0.08546033742523326,-0.19409433501578074,,-0.11536514289486584,1260163500.0,0.9866165997683065,0.41362036201561564,72.84375
CIK0001712686,1712686,,33,0.01727387682291095,0.07140899570558053,0.24190057081389843,,0.026049347625624313,265537000.0,0.9452426144678208,0.10823139350744584,67.81818181818181
CIK0001714062,1714062,,18,0.00279803403658952,0.04463203054512366,0.06269116601440042,,0.008384915173005344,114804500.0,0.9998793216919574,0.05483105816997045,76.5
CIK0001714267,1714267,,33,0.050220222204229656,0.0655585859167655,0.7660357754887848,,0.6224586727797897,291679000.0,0.9601700584063043,0.3311791373565265,35.39393939393939
CIK0001715228,1715228,,25,-0.015620173269875408,0.06361210038258355,-0.2455534902233942,,-0.2237075073584413,145811000.0,0.9480087087511464,0.09827202890516426,81.52
CIK0001717977,1717977,,23,-0.03764331342500623,0.14329535045253983,-0.2626973820546152,,-0.10960165371271094,189320000.0,0.9667001638684772,0.37884934490494493,19.652173913043477
CIK0001718982,1718982,,20,-0.04007688855003214,0.06642715579812776,-0.6033208567685667,,-0.7363837659715128,380838500.0,0.9998707527688471,0.12118036271453665,126.7
CIK0001719165,1719165,,25,-0.01471846225528395,0.11305931549667539,-0.13018354295145537,,-0.030576392093027045,79044000.0,0.9831282259510119,0.5772497548703972,46.04
CIK0001719387,1719387,,19,-0.06814313416612162,0.06205197846190881,-1.0981621513608242,,-1.1019305381423679,561485000.0,0.9999483592585264,0.1196847171510317,12.631578947368421
CIK0001720346,1720346,,24,-0.0020579921599840345,0.11661560923240613,-0.017647656034170484,,0.15705847494730688,123386333.5,0.9994073485395528,0.24415768528557216,36.916666666666664
CIK0001720887,1720887,,12,-0.02449536373555444,0.19914902109493007,-0.12300017143258778,,-0.43269256585183397,101083690.5,0.9977951743348618,0.5287500549753854,12.583333333333334
CIK0001722117,1722117,,21,-0.032322325350919154,0.0803830084183055,-0.4021039518938213,,-0.46413046226538973,112274000.0,0.9998369641051775,0.08557611987022333,203.57142857142858
CIK0001722329,1722329,,33,-0.0628450338516686,0.11998535014105567,-0.5237725587060418,,-0.5797474853611744,36333930000.0,0.9934724284392661,0.05626417166904096,52.72727272727273
CIK0001722436,1722436,,33,-0.019448083373602286,0.04621391772326578,-0.42082741154337916,,-0.44301807256606124,200786000.0,0.9348541064825872,0.06549055721819813,180.24242424242425
CIK0001723223,1723223,,33,-0.01405377963514776,0.058025211716258164,-0.24220126422607452,,-0.38635111712243553,212612000.0,0.9406071313129869,0.0934800485882494,124.03030303030303
CIK0001724090,1724090,,33,-0.03325337301326717,0.05900527387474952,-0.5635661158479996,,-0.6115895937584059,346044692.0,0.9467814820397742,0.10036437533671462,85.51515151515152
CIK0001725247,1725247,,33,-0.05862818823850573,0.07648139817077038,-0.7665679451370057,,-0.8930184201556611,444659000.0,0.9433755372164915,0.10084347743880329,123.03030303030303
CIK0001725248,1725248,,26,-0.01670533656017095,0.044346750003056774,-0.3766981020766138,,-0.5425097593626969,8880681000.0,0.9951961355561283,0.12357577746071687,248.1153846153846
CIK0001725362,1725362,,26,0.029463887983496032,0.04313492485353644,0.6830633896355169,,0.8525910324194378,173705500.0,0.9298116068152462,0.0886286539946632,74.38461538461539
CIK0001725888,1725888,,31,-0.03850523936761759,0.07498728490490696,-0.5134902459186242,,-0.6448507357311358,251832000.0,0.9326867273904289,0.08906313346245806,170.74193548387098
CIK0001726375,1726375,,19,0.013429495541716078,0.03867307573641927,0.3472569813829087,,0.560431381717714,168666000.0,0.9998462374084587,0.07362387987214943,90.84210526315789
CIK0001726948,1726948,,33,0.008339228651735218,0.1191233134215159,0.07000500919653724,,0.3208504478477616,183599000.0,0.9940433150442197,0.18846948387517884,17.0
CIK0001727454,1727454,,32,-0.03307784654224136,0.0592867601238517,-0.5579297379722716,,-0.5315694840747756,245078500.0,0.9358604417242273,0.12713544497900084,183.40625
CIK0001727573,1727573,,25,-0.028405308605705126,0.06221384912973696,-0.45657532851820953,,-0.8494095325624158,327761308.0,0.9610217615535949,0.06418263299479732,70.12
CIK0001727605,1727605,,12,0.0028493841346232812,0.1017470928369073,0.028004575414597974,,-0.1215003165520339,103639000.0,0.9998538475760843,0.20432953943525448,164.66666666666666
CIK0001727762,1727762,Taylor Hoffman Wealth Management,20,-0.016994504793624875,0.05152045167012017,-0.3298593906314936,,-0.15989012145019776,157201000.0,0.9998224174399926,0.09364943126019101,274.6
CIK0001727862,1727862,,30,0.008070450234796685,0.34010954033396235,0.02372897339729031,,0.019734304314962887,239893000.0,0.9945448753491453,0.12650799923006814,12.433333333333334
CIK0001728121,1728121,,33,-0.03614817244145864,0.06292173682694666,-0.5744941933139543,,-0.5642415994627763,755249000.0,0.8994042790398635,0.10054777344020376,952.5454545454545
CIK0001728318,1728318,,15,-0.033736694016437904,0.05623705010542339,-0.5999015587054166,,-1.2336509375018236,125182000.0,0.9998696371311157,0.06658100115192431,102.26666666666667
CIK0001729048,1729048,,33,-0.002446954221683242,0.058335140812998294,-0.04194648692875215,,-0.19022490859331279,222727000.0,0.9487374086359462,0.07420146307608826,64.78787878787878
CIK0001729049,1729049,,33,-0.025478721686418505,0.04643373016382889,-0.5487114990638549,,-0.7093086070521429,197072000.0,0.9477155362205292,0.05854157354826374,69.96969696969697
CIK0001729212,1729212,,33,-0.02583685379905478,0.08369456392810323,-0.3087040852573436,,-0.4856749631703145,1469497000.0,0.9881376947065191,0.07618856569504631,94.24242424242425
CIK0001729254,1729254,,33,0.013045424956605892,0.042454139463014434,0.3072827554862195,,0.38903726213218065,206416000.0,0.9387169138224726,0.07703853090622252,870.2121212121212
CIK0001729269,1729269,,33,0.0025333196327380555,0.1064462955600694,0.023799039876036487,,-0.347353395594196,297136000.0,0.9797350301092799,0.13099984682801494,40.45454545454545
CIK0001729300,1729300,,33,-0.013240206634062873,0.0719636928082655,-0.18398453604890852,,-0.5128529861688284,169896000.0,0.9533926358896956,0.15795522990618574,122.81818181818181
CIK0001729515,1729515,,19,-0.05864078322611356,0.08053355586500394,-0.7281534087847195,,-0.7821331242040681,163819000.0,0.999822604055886,0.0700353056941153,165.26315789473685
CIK0001729673,1729673,,33,-0.05090846212695567,0.04927391455722481,-1.0331726752857482,,-1.1839194788282843,625176207.0,0.958179208258702,0.15793011138427715,72.63636363636364
CIK0001729754,1729754,,21,-0.03451154976510454,0.08863094984506123,-0.3893848573738246,,-0.26532160509763403,195951000.0,0.9938115904811372,0.06848701844711912,125.23809523809524
CIK0001729854,1729854,,32,-0.059034909963828,0.07879944074893594,-0.7491793012899881,,-0.8163272331776006,819020591.5,0.9285989497050471,0.07080693000589507,169.625
CIK0001729867,1729867,,21,-0.02361157249020726,0.07360847672026938,-0.32077246455317365,,-0.20685595302510126,121476000.0,0.9998522854767915,0.060356482049664414,157.61904761904762
CIK0001729869,1729869,,25,0.011838737054484443,0.0750815761173673,0.15767832358317585,,0.2811065141771348,208077000.0,0.9677979898120703,0.060113904864902146,57.88
CIK0001730126,1730126,,31,0.0031730910462835975,0.058696476032685685,0.05405931089301704,,0.017124817331934196,271306000.0,0.9401327442383254,0.09848750206514052,124.38709677419355
CIK0001730299,1730299,,33,-0.02101387487158888,0.04609516116361439,-0.45588027767358374,,-0.41131168793528405,153459000.0,0.9466933083938426,0.16457059158485537,188.78787878787878
CIK0001730467,1730467,,19,-0.01757083783847192,0.09115660489322361,-0.19275441267989338,,-0.15619401085600748,185325000.0,0.9999850645093082,0.10310175748801553,36.78947368421053
CIK0001730471,1730471,,12,-0.05007166691393897,0.11201204796724708,-0.44702036809188733,,,301348000.0,0.9998382998434349,0.19228586874898942,179.08333333333334
CIK0001730478,1730478,,33,-0.023941055384321286,0.04842004502050208,-0.4944451285246687,,-0.7886461271762003,814729000.0,0.9672866280259349,0.07368592218596604,56.333333333333336
CIK0001730479,1730479,,33,-0.04829828691261059,0.06357459551868393,-0.7597104868232594,,-0.8271582663635979,223339000.0,0.9061441838223129,0.07522231383537274,444.42424242424244
CIK0001730511,1730511,,33,0.0026650582213193336,0.12267435750667455,0.021724656036049606,,0.02406393400285318,318258000.0,0.9470230376544599,0.06887638569689408,554.4848484848485
CIK0001730521,1730521,,32,-0.07345660381608674,0.10468736246709248,-0.7016759433381827,,-0.810947474576747,159719169.0,0.9541310922379169,0.07695884496844389,132.1875
CIK0001730565,1730565,,33,0.009920467207480785,0.057951940915242355,0.17118438227371197,,0.15133658460953575,186750037.0,0.9689851448757716,0.10869188471208677,50.18181818181818
CIK0001730578,1730578,,21,-0.03402225143675445,0.06593910135108558,-0.5159647422941774,,-0.4532848603300602,88493000.0,0.9705119142832563,0.1886198285810712,127.23809523809524
CIK0001730580,1730580,,29,0.050045554661824594,0.10553151658295871,0.47422377959986156,,0.5553769143002062,163422000.0,0.9771449693396143,0.06403136204244497,15.827586206896552
CIK0001730660,1730660,,28,-0.03702258462589001,0.05433176420857492,-0.6814169420746342,,-0.8658186893956824,180227415.5,0.9806098303420778,0.1526247992144247,67.07142857142857
CIK0001730754,1730754,,31,-0.04019445390639508,0.13965892090620785,-0.2878044141040819,,-0.3892513118701272,223487990.0,0.9849783789843718,0.2699849183368239,48.064516129032256
CIK0001730769,1730769,,22,-0.04180746529905436,0.07739629320046065,-0.5401740001900398,,-0.6684144540263316,114216015.5,0.9679660533864947,0.21796723324836376,267.54545454545456
CIK0001730808,1730808,,28,-0.05473549595803454,0.06886293494697479,-0.7948469811603553,,-0.7013762944160766,205619500.0,0.9923313141427741,0.09364678053709906,53.0
CIK0001730814,1730814,,33,-0.047320630864179966,0.060268616547605625,-0.7851620556982839,,-0.8373197705885076,333444000.0,0.94623542105765,0.16570221357531462,277.8181818181818
CIK0001730815,1730815,,33,-0.05543611441646832,0.07601144889552724,-0.729312691976218,,-0.6336347413931528,285724000.0,0.9612674478996744,0.12421178471448384,140.27272727272728
CIK0001730817,1730817,,20,-0.023833226568612843,0.07259178554270988,-0.32831850587190425,,-0.3716393901808676,251246500.0,0.9997686251176681,0.09987981664378957,291.05
CIK0001730818,1730818,,20,0.0036803223522642744,0.06312846741536728,0.058298933948961684,,0.26919403795716784,128239000.0,0.9999128242138147,0.05305507599848119,39.95
CIK0001730896,1730896,,33,-0.012965584060584935,0.058949905775448716,-0.21994240515893954,,-0.3758838854940637,1711875480.0,0.940515325824381,0.10199381445123094,53.15151515151515
CIK0001730945,1730945,,20,-0.03205864035875241,0.05099879588396591,-0.6286156330129054,,-0.8528300258765599,132519000.0,0.9998540729000103,0.12498379071679408,106.9
CIK0001730959,1730959,,33,-0.03555956783564239,0.08951895531323885,-0.3972294773818598,,-0.3053532152866841,175931000.0,0.9849344641716556,0.06848209444805144,78.39393939393939
CIK0001730961,1730961,,14,-0.07063902716656309,0.09304981397038814,-0.7591528037608405,,-0.8346453153877273,126504979.5,0.9652420731661294,0.3113691263514865,45.07142857142857
CIK0001731012,1731012,,22,0.02630248772600994,0.06438800729827389,0.40849979412079207,,0.5065523105521019,966158000.0,0.9996400784058893,0.22565253658795018,26.0
CIK0001731123,1731123,,33,-0.06115465125950424,0.09293092391500397,-0.6580656759005332,,-0.6999615381498283,414026000.0,0.9398033508729553,0.1028205148120507,211.3939393939394
CIK0001731124,1731124,,32,0.0028061631482262407,0.06424811998842472,0.04367696904819098,,-0.1397760824992024,117388000.0,0.9524563625769271,0.08084708619818108,70.21875
CIK0001731127,1731127,,19,-0.014781277648232815,0.08609887918631998,-0.17167793341307536,,-0.17658264660443526,106712000.0,0.9999202055424496,0.09130811473719079,56.31578947368421
CIK0001731134,1731134,,33,0.0581722854551488,0.1372442612696967,0.42385951089049595,,0.34756124973875174,416235000.0,0.965177873357603,0.09373960765728934,45.15151515151515
CIK0001731152,1731152,,19,0.01779590446161701,0.060560814143264384,0.29385180355949,,-0.07187005729521952,646002000.0,0.9998853174597769,0.11981283067416906,69.15789473684211
CIK0001731159,1731159,,14,0.0034866051200403148,0.07573872170538891,0.04603464438587388,,0.19626182739400141,23412500.0,0.9999488436866564,0.883159229170032,104.21428571428571
CIK0001731216,1731216,,33,-0.04949339786998239,0.10399627236412629,-0.47591511449311724,,-0.5944969172463582,197229000.0,0.9786239947470758,0.08407760514329864,63.666666666666664
CIK0001731358,1731358,,19,-0.083933099643311,0.06529337102872816,-1.2854765854225947,,-1.602227162566873,209229000.0,0.9699787952640806,0.05265379484244244,97.6842105263158
CIK0001731372,1731372,,32,-0.06033075245590293,0.07130287973167844,-0.8461194369882784,,-0.8445079856132643,179715500.0,0.9701366888320682,0.0917435554249681,157.625
CIK0001731444,1731444,,19,-0.031076918953173636,0.08783960416085582,-0.3537916552487715,,-0.39922739238568683,384797000.0,0.9996852056634175,0.1390870174696932,740.8947368421053
CIK0001731466,1731466,,28,-0.050433041518369845,0.06679457532895168,-0.7550469670401494,,-0.8956594230986961,130285700.5,0.9870593423030469,0.0753468941178988,102.42857142857143
CIK0001731530,1731530,,32,-0.037056063821257756,0.09549831466825305,-0.3880284583995954,,-0.4419759245906952,232938647.5,0.9907897884879096,0.2748333835308117,25.28125
CIK0001731671,1731671,,20,-0.012029641426740982,0.05426804866051278,-0.22167079383215052,,-0.10118436572530475,122088500.0,0.9998784815079178,0.2198053907259061,73.85
CIK0001732008,1732008,,28,-0.05154236486531771,0.08237552875440106,-0.6256999577840351,,-0.9551982689127608,4705786559.0,0.9832153774569948,0.06269073632271126,25.535714285714285
CIK0001732080,1732080,,13,-0.0007821471735471277,0.06939013768540424,-0.01127173399007542,,0.028524687437490003,927013000.0,0.9999547700928452,0.18517071830657084,16.23076923076923
CIK0001732687,1732687,,32,-0.059356939517092436,0.0749609538530484,-0.7918381032326594,,-0.7706541737746886,137473217.0,0.9905711299090507,0.17797736092148495,91.0
CIK0001733082,1733082,,32,-0.04856631254232181,0.0721847837449349,-0.6728054033185912,,-0.6775696414456126,584225500.0,0.9192259850843398,0.06858020334449835,214.09375
CIK0001735513,1735513,,33,-0.047022626387688025,0.0674310013690682,-0.6973443287446633,,-0.7309939594143475,509006000.0,0.9490027422119023,0.09971106541785392,207.63636363636363
CIK0001736260,1736260,,32,-0.04950588543301174,0.08192750812474289,-0.6042645085265562,,-0.6429854084421374,227986500.0,0.9299799964620014,0.07113047029575502,154.03125
CIK0001736666,1736666,,32,-0.0655486858264744,0.08811239187656544,-0.7439213081039969,,-0.8042989006507733,188382500.0,0.9637804777357041,0.09458562481103334,120.8125
CIK0001736736,1736736,,33,-0.017664713868651965,0.053846692718443605,-0.328055688774834,,-0.4042645827730742,316400000.0,0.9376639242721347,0.10307182451161442,120.9090909090909
CIK0000784045,784045,,16,-0.04238336798156851,0.07262025377547397,-0.5836301276423711,,-0.40374643306545593,133808500.0,0.9997902057292503,0.0984718799164004,243.375
CIK0000919458,919458,,25,-0.051077225129475906,0.0880350424746472,-0.580191974610849,,-0.581712162877741,984477000.0,0.9570892088859128,0.10219648421308965,159.12
CIK0001022314,1022314,,30,-0.04739884106782196,0.06332516707829582,-0.7484992658246066,,-0.8533298073402967,648063000.0,0.9508969338214118,0.07771522458392705,175.9
CIK0001032165,1032165,,15,-0.24837370104468512,0.23425231954066233,-1.0602827819574736,,-0.8076622901598195,881971000.0,0.9999995821942819,0.20447730302634232,25.8
CIK0001077148,1077148,OAKWOOD CAPITAL MANAGEMENT LLC/CA,14,-0.03950598845111992,0.02543205740179662,-1.5533933343993738,,-3.2704868575140167,239387000.0,0.9999007342811428,0.10619460447803018,52.0
CIK0001082621,1082621,,32,0.005609384197035948,0.12482768379544389,0.04493702059022593,,-0.048149728377947114,1069608000.0,0.9658121925747889,0.26545082542773735,25.3125
CIK0001102598,1102598,,13,-0.017622644723898736,0.035280758740599674,-0.49949732806115404,,-0.3465795884343286,83959314000.0,0.9996214236812538,0.20743593955469417,1500.7692307692307
CIK0001104329,1104329,,28,0.07530291084544931,0.15147814361166004,0.4971206343636404,,0.5121774848825894,530399070.5,0.9936409758497515,0.17087086494443668,21.392857142857142
CIK0001105410,1105410,,17,-0.011602715086678865,0.06644646660864406,-0.1746174880098173,,-0.028182930950823214,92247000.0,0.9998574188520791,0.2270689357443505,108.76470588235294
CIK0001133742,1133742,,32,0.06764503378068723,0.23357009397596357,0.2896134202312273,,0.2928897079832641,268407042.5,0.9750119021638989,0.5078572764815498,74.5625
CIK0001281446,1281446,,29,-0.0004777110066866526,0.3223088080470987,-0.0014821531238261437,,-0.0366658856766893,499223928.0,0.9999008086359705,0.3700955301773346,32.6551724137931
CIK0001301050,1301050,,30,0.08074789530834806,0.1163672152491015,0.6939058834922469,,0.7357618127169977,507416577.0,0.9976850265895068,0.34515226061422905,28.833333333333332
CIK0001317829,1317829,,29,-0.060005619037345595,0.08075190776617824,-0.7430860854657344,,-0.8868623672219964,436387261.0,0.9731816152701531,0.06989205109409244,128.3448275862069
CIK0001445893,1445893,,18,0.03405967130321779,0.12592531853882574,0.2704751649460822,,0.3993813073080333,1242721500.0,0.9423181710949952,0.62865018326443,40.888888888888886
CIK0001446179,1446179,,30,-0.04488213104157907,0.06547579861138492,-0.6854766492669251,,-0.6599401523986936,2834761826.0,0.9715390647437318,0.40686069608867853,824.1666666666666
CIK0001449434,1449434,,28,-0.10690355806716288,0.17329880581470114,-0.6168741761569622,,-0.5352164368026807,8810981762.5,0.9994499154241294,0.12704174753711744,87.14285714285714
CIK0001450144,1450144,,15,-0.042683965560108374,0.04436638555383571,-0.9620789484054323,,-0.7184712573758404,1201010000.0,0.9391688985706761,0.5506823823741028,1272.2666666666667
CIK0001482416,1482416,,26,-0.042976290618819246,0.1735411873184025,-0.2476431749857384,,-0.20551629343926742,282034601.0,0.9988361778050519,0.447491465254742,54.15384615384615
CIK0001519113,1519113,,25,-0.03870206651477548,0.06133824586658445,-0.6309614167593515,,-0.6985461363072402,162812000.0,0.993753410165496,0.07263681584845787,504.32
CIK0001535387,1535387,,32,-0.05923539329545209,0.06515900407730356,-0.9090899121686702,,-0.8734238802108559,728041500.0,0.9628627349033643,0.6904587930800408,960.0
CIK0001561089,1561089,,18,-0.030221255191286475,0.0880961490092029,-0.3430485387896279,,-0.2721770189117935,132434500.0,0.9990194429039018,0.14035363098893777,36.833333333333336
CIK0001565951,1565951,,20,-0.03142109902145357,0.10376282663518681,-0.30281652919228386,,-0.14177210302100224,122132500.0,0.9986748017790841,0.4180512230114565,167.05
CIK0001566531,1566531,,29,-0.018928748807814744,0.11103175931157622,-0.1704804906707469,,-0.1326069108028216,198468780.0,0.994575504743689,0.08572118836597102,30.448275862068964
CIK0001595853,1595853,,12,-0.1333307249256707,0.05844540459074202,-2.281286712868923,,,96984500.0,0.9999292612389595,0.1404631279538335,39.916666666666664
CIK0001607278,1607278,,16,0.08427761079429583,0.1762409781082364,0.47819531926100234,,0.44892093542947226,220898000.0,0.9858801591023523,0.1850342816447609,34.875
CIK0001631052,1631052,,26,-0.049471107857304464,0.06964420965734704,-0.7103405738866747,,-0.7527149826935675,364440000.0,0.9331575326905648,0.1460686025345247,106.0
CIK0001631134,1631134,,23,-0.04079265978212586,0.1874769768550015,-0.2175875697699166,,-0.25508417144986884,1514807979.0,0.9946503110527598,0.30199731329425844,58.34782608695652
CIK0001633055,1633055,,20,-0.06401834242011385,0.12016473908997698,-0.532754807307597,,-0.3515011103309118,252621007.0,0.9998119754042717,0.5085121585544765,52.65
CIK0001653857,1653857,,23,-0.11799289216262591,0.11994901307534518,-0.9836920632814384,,-1.0330084750679507,1217502000.0,0.9905745983886909,0.17321466606329694,33.08695652173913
CIK0001686278,1686278,,14,-0.029661955514133927,0.05620841139576614,-0.5277138203431375,,-0.41253242442459864,150138500.0,0.9999844458178357,0.502309787181331,17.428571428571427
CIK0001697323,1697323,,19,-0.05871605584856282,0.07620228158492434,-0.7705288427825498,,-0.7781444969428519,393076000.0,0.9998644378686203,0.12794305180125684,100.10526315789474
CIK0001720792,1720792,,32,-0.03143903731782045,0.06410142933575483,-0.49045766440192784,,-0.528090199952376,7443504500.0,0.9851835793878547,0.08956790191800776,39.90625
CIK0001729045,1729045,Tower View Investment Management & Research LLC,29,-0.0367084647819019,0.07053835543849271,-0.5204043183693126,,-0.43600766943396374,161346000.0,0.9445660722842922,0.1069361411936718,172.55172413793105
CIK0001730525,1730525,,32,-0.0011297040218328398,0.06724314255976321,-0.016800285929456676,,0.12106680341392408,3283385000.0,0.9852515570369293,0.12302428823089837,33.1875
CIK0001731132,1731132,,32,-0.0194226417876968,0.07490711753445398,-0.259289670013596,,-0.12505593815565744,178021763.5,0.9658741583952208,0.18086625610351262,58.75
CIK0001732538,1732538,,19,-0.0068293172998036234,0.027600777255743697,-0.24743206454041378,,-0.2543856733574014,1598644000.0,0.9996998528452512,0.0938617623595498,595.578947368421
CIK0001734493,1734493,,20,-0.0252060327145723,0.05417972503611438,-0.4652299858819946,,-0.37064489917232996,712216500.0,0.999870399380104,0.16393669761674878,108.0
CIK0001738071,1738071,,26,-0.004197243753345279,0.32711909090525493,-0.012830934879723315,,-0.1298881653419346,246179500.0,0.9893294003857213,0.6637576766672625,15.423076923076923
CIK0001738723,1738723,,32,-0.012809332523265167,0.0435879655612384,-0.29387314497808115,,-0.11123621628588358,176126649.0,0.9197735369874713,0.0826751900000261,311.1875
CIK0001738738,1738738,,20,-0.05254461057054971,0.10175280822433291,-0.5163946969765453,,-0.6842527640659619,66264000.0,0.9998343444899012,0.11599502045608,126.75
CIK0001740053,1740053,,32,-0.007954598298554315,0.06949768686219253,-0.11445846124488473,,-0.3243925855910956,2178022760.0,0.9267746357998596,0.09483218896042803,253.1875
CIK0001740063,1740063,,31,-0.03640752612554583,0.06304018767878075,-0.5775288346206099,,-0.5415215306942655,179557333.0,0.9394916278479926,0.0640360356298274,426.741935483871
CIK0001740316,1740316,,23,0.029491196617224408,0.03796629057380595,0.7767731893201518,,0.9232150477827556,379822000.0,0.9989356164175204,0.07204592280292334,128.69565217391303
CIK0001740839,1740839,,20,-0.013754342257538165,0.04512950935550407,-0.3047749123213349,,-0.34096625719263,142823500.0,0.9807079650307919,0.07540738540785723,360.4
CIK0001740840,1740840,,31,0.019443460245812314,0.07657851344703032,0.2539022941305022,,0.2097989479779315,193301706.0,0.9695159625374589,0.21416481532008944,15.580645161290322
CIK0001740871,1740871,,15,-0.005530924350275127,0.06286025728901708,-0.0879876187058737,,-0.3906141632695391,94096000.0,0.9998983147077976,0.17847340618530952,61.86666666666667
CIK0001742418,1742418,,28,-0.009031360081695191,0.041731727784859486,-0.21641471754589064,,-0.23930801109167288,698976500.0,0.9886384846182779,0.07497171273067364,42.357142857142854
CIK0001744349,1744349,,30,-0.03627124986692891,0.05061828206446945,-0.7165642211898713,,-0.6808704282846295,808939000.0,0.9360328638396044,0.13772991002375004,510.8
CIK0001744955,1744955,,32,-0.034116160501874285,0.08806246782006105,-0.3874086355473182,,-0.359875401260806,122945578.0,0.9442070419655555,0.11279776466733159,85.9375
CIK0001745796,1745796,North Growth Management Ltd.,32,0.022297889871997455,0.08810403981004716,0.2530858961696384,,0.3423275863056898,469148500.0,0.9812394291442335,0.09533332889134374,46.71875
CIK0001748965,1748965,,24,0.04011652698294824,0.08098741226464294,0.4953427435225193,,0.41591620793759343,568850000.0,0.9986275673070093,0.07339548472363204,31.541666666666668
CIK0000012933,12933,,19,-0.027066955336987927,0.06284164929179409,-0.4307168198346589,,-0.432516993670578,416964000.0,0.9997339483358589,0.08883974160024215,326.89473684210526
CIK0000033250,33250,,31,-0.038899923150055284,0.05008115371798396,-0.776737759827865,,-1.0041310863592474,1330095990.0,0.9088434218373546,0.10309861579582576,366.1290322580645
CIK0000709428,709428,,31,-0.03965095311176826,0.054484359456632804,-0.7277492753103431,,-0.6898698764604344,641975000.0,0.9158743055622662,0.09120754286488107,335.48387096774195
CIK0000883965,883965,,31,-0.05532570156586578,0.07693171834650836,-0.7191533317276866,,-0.8699141360732537,1996238000.0,0.973820774189331,0.07509026907818003,58.225806451612904
CIK0000942257,942257,,22,-0.1000214186282171,0.15402385596420107,-0.6493891352140005,,-0.6322714155008015,305302500.0,0.9999406897482377,0.29336882780587287,60.95454545454545
CIK0001033324,1033324,,31,-0.039466077588005626,0.0953618092211507,-0.41385621675500434,,-0.4398548407489844,1104407027.0,0.9371725374950727,0.07137782642835609,290.06451612903226
CIK0001097833,1097833,,30,-0.07944767002471081,0.12917038519339416,-0.6150610289233982,,-0.6955564471964423,463405500.0,0.9731348447365283,0.08544933540806339,71.03333333333333
CIK0001125243,1125243,,30,-0.052526405196581354,0.08133455483980616,-0.645806758255996,,-0.6938025300989678,76495342.0,0.9405102777179014,0.05834502050862679,91.03333333333333
CIK0001316397,1316397,,12,-0.06668004151047624,0.07733825298539236,-0.8621870670048156,,-0.97413043574732,190591015.0,0.9861878940230663,0.19682219069389204,113.91666666666667
CIK0001385925,1385925,,31,-0.05147663236097087,0.10157440733383635,-0.5067874252101047,,-0.5092938695422544,253676000.0,0.9798202215280848,0.09429341377135612,197.90322580645162
CIK0001390457,1390457,,12,0.14649115060534076,0.1381916871124617,1.060057617532412,,1.0548292720210464,32198968.0,0.9999344054694941,0.345660353197145,15.25
CIK0001393825,1393825,,15,-0.026528962870089122,0.049659686735820066,-0.5342152682144301,,-0.025166567520308627,11657705042.0,0.8572549155046152,0.40446822328499976,750.7333333333333
CIK0001442891,1442891,,30,-0.0503985970972967,0.09681970498125543,-0.5205407009452563,,-0.5369385110733479,5526979072.5,0.9845059453237274,0.16494314208125935,155.66666666666666
CIK0001510912,1510912,,28,-0.09344496901803649,0.0799535179986078,-1.1687411805610122,,-1.358439070507248,439035669.0,0.9757704928988018,0.18254189119324674,42.07142857142857
CIK0001533421,1533421,,21,-0.05603889961617564,0.037531338997678056,-1.4931228437295123,,-1.3972001403639287,3918298000.0,0.8078461283516086,0.3362184555069993,5739.238095238095
CIK0001535839,1535839,,31,0.32253988536801753,0.4156994795917615,0.7758967744756781,,1.0831385010982189,889438000.0,0.9903420254079525,0.10968756587695268,47.54838709677419
CIK0001573311,1573311,,14,-0.07772335437332527,0.09766965310681658,-0.7957779299853911,,-0.9296379290452224,717944000.0,0.9998145202745997,0.06837697802460921,240.92857142857142
CIK0001582561,1582561,,30,-0.04050309987267559,0.061032912042279945,-0.6636271892661818,,-0.8117327576779555,136753615.5,0.9312988283498562,0.22927069218999313,102.86666666666666
CIK0001598843,1598843,,16,-0.1278311741213063,0.1103764535150428,-1.1581380815208777,,-1.4046941743850099,789534610.5,0.9990533493730165,0.09549498473039855,18.6875
CIK0001630888,1630888,,19,-0.04371258242782368,0.19626171527994932,-0.22272597773348837,,-0.16724561221770595,161456221.0,0.9999320845306343,0.8008440394611396,142.52631578947367
CIK0001688666,1688666,,13,-0.01955361598088496,0.04269850864363239,-0.4579461110261773,,-0.23637872674031454,980491000.0,0.9997888118731919,0.16235253988572695,286.38461538461536
CIK0001689470,1689470,,13,-0.08456810242865725,0.05308837376475236,-1.5929684115059426,,-2.0482931104870623,164674974.0,0.9522350936709648,0.13066506496627756,106.76923076923077
CIK0001706766,1706766,,28,-0.04880037863937092,0.09558215956684879,-0.51055948996653,,-0.4044864811771025,842945960.5,0.9581822078364157,0.6048805638768985,394.82142857142856
CIK0001729359,1729359,,21,-0.04383139894075888,0.09486917894123638,-0.46201937688303146,,-0.46311184400974453,137306000.0,0.9926956021700593,0.16824840112921885,88.95238095238095
CIK0001729829,1729829,,27,-0.040291924410970265,0.060965288600019873,-0.6608994287551906,,-0.592982158977474,15683671000.0,0.9110112969805995,0.487961700197614,2152.8518518518517
CIK0001731876,1731876,,30,-0.038290185632585884,0.06592357061795007,-0.5808269375050864,,-0.6620738735300664,607976000.0,0.9482704949121225,0.058207598323366916,155.96666666666667
CIK0001734565,1734565,,27,-0.010103930766126005,0.04219463383869996,-0.23946008879403974,,-0.34981149368792785,493735000.0,0.9655644663836156,0.15295975433586573,181.14814814814815
CIK0001739439,1739439,,31,-0.043818281973679006,0.05438337068543601,-0.8057294246346188,,-0.8938684101133013,19347543000.0,0.8832932396033656,0.10842489663358493,2521.9032258064517
CIK0001742315,1742315,,31,0.004110092885203859,0.043115170348376315,0.09532823022159266,,0.11816320300106593,746286000.0,0.9514100740009207,0.09224122583852794,79.7741935483871
CIK0001743987,1743987,"Grosvenor Holdings, L.L.C.",16,-0.07197084648653879,0.1439187397353033,-0.5000797437353056,,-0.7149032657947715,708024500.0,0.999969746609094,0.30797182245106497,19.5
CIK0001745879,1745879,,27,-0.06367495203340637,0.08429487922684237,-0.7553833947675831,,-0.9291163063897976,2457733000.0,0.9716073877659182,0.19797858876026123,208.1851851851852
CIK0001748278,1748278,,18,-0.01857086000704357,0.06894277587192271,-0.26936629359114495,,-0.3867709348225651,358311000.0,0.9998212609521898,0.09206807786415855,135.72222222222223
CIK0001748305,1748305,Lee Capital Holdings LLC,19,-0.023696479328575295,0.08621507701640237,-0.2748530784646559,,-0.25862466494309305,123114000.0,0.9998977389952808,0.2858130559524128,56.1578947368421
CIK0001748728,1748728,,31,-0.04070163630843957,0.0754479235231081,-0.5394666202429625,,-0.7055611201838522,141338000.0,0.9550609620313457,0.11256267559080002,75.16129032258064
CIK0001748729,1748729,,31,-0.021134750407959844,0.05767223596721743,-0.36646316989063027,,-0.5968406035050169,746193000.0,0.9826313784961412,0.08767480855159371,42.61290322580645
CIK0001751817,1751817,SP Asset Management,18,-0.04261297662003854,0.07008365502296333,-0.6080301691579881,,-0.52135396668896,563987500.0,0.9998539897494358,0.07403192536778991,95.55555555555556
CIK0001752045,1752045,,31,-0.03819388744367317,0.08104746674418603,-0.4712533158289061,,-0.5325866312414285,179252000.0,0.9528038348571249,0.05091473620228263,80.6774193548387
CIK0001755651,1755651,,31,-0.013216712696883095,0.07860733026949741,-0.16813588060088847,,-0.1880609463206976,175345000.0,0.9639865782424796,0.08535152759404278,74.7741935483871
CIK0001756283,1756283,,13,-0.01396682598514713,0.07825763731172371,-0.17847236978489545,,-0.13555070828340093,113884000.0,0.9998494036464414,0.14879237274102128,267.84615384615387
CIK0000749044,749044,,28,-0.028460631957953324,0.05588634873665579,-0.509259105314703,,-0.6002281057596467,651138500.0,0.9154214843076316,0.11310488132482478,471.2857142857143
CIK0001020066,1020066,,30,-0.0035339840954134506,0.1612350671035239,-0.021918210218503865,,-0.06846898106360703,33707635691.0,0.9507692669668181,0.10507945752348406,71.5
CIK0001040592,1040592,MARATHON ASSET MANAGEMENT LLP,12,-0.03314641827412137,0.07087252853646875,-0.4676906406144363,,-0.9924282476364269,7342270500.0,0.9999174848690578,0.09295944761220248,103.58333333333333
CIK0001133385,1133385,,13,-0.07919462903109957,0.09645054424252826,-0.8210905355839127,,-1.305234612472073,323058000.0,0.9998061890197576,0.09921379883119562,149.53846153846155
CIK0001342857,1342857,,30,-0.06919751561534931,0.08448354841464972,-0.8190649766992044,,-0.944162538582887,1198509614.0,0.9219296634729515,0.07667519734501606,1151.3666666666666
CIK0001389403,1389403,,30,-0.06764583662773556,0.12179489388337857,-0.5554078210486985,,-0.5382881229104094,143953165.5,0.9883135897645527,0.10728489722367976,20.833333333333332
CIK0001406313,1406313,,24,-0.12822851240880614,0.11618709033197203,-1.1036382100646627,,-1.4972220636811515,852543845.0,0.9998836120165361,0.1274896161621072,15.375
CIK0001453620,1453620,,30,-0.04820884795751189,0.06970439543536973,-0.6916184790789577,,-0.8796152453003914,2187604593.5,0.9098987944016368,0.06293511692876158,219.23333333333332
CIK0001471265,1471265,,27,-0.03801807009735629,0.08951883502997275,-0.42469353051542363,,-0.4993861739809312,441117000.0,0.9578757707989111,0.0947390095890731,182.5185185185185
CIK0001533954,1533954,,29,-0.03373457334826554,0.06240320076199598,-0.5405904334273983,,-0.6389235683356086,547798968.0,0.895372923264187,0.10201705632206173,470.7931034482759
CIK0001556915,1556915,,24,0.005880267243700911,0.151267467518785,0.03887331056754109,,-0.06832195140310018,1500626500.0,0.9971491441096522,0.19452915028319095,85.45833333333333
CIK0001566691,1566691,,23,-0.031971352661465995,0.11095463853957499,-0.28814795921746206,,-0.5898341538401719,1595156410.0,0.9973396474700209,0.16213340090979933,13.565217391304348
CIK0001569352,1569352,,14,-0.14355770952020386,0.1724294025226673,-0.8325593397545227,,-0.9707207178678005,163153500.0,0.9999969952417824,0.17058558506065544,12.714285714285714
CIK0001597823,1597823,,30,-0.037302395519747004,0.0822562600694771,-0.4534900503296995,,-0.5634891919424578,569203000.0,0.964102739702228,0.2726740590268147,108.8
CIK0001598340,1598340,,26,-0.03502584383488808,0.06583910137363762,-0.5319915233206489,,-0.6634912452062687,438480888.5,0.9467377969720178,0.12827062753801827,127.57692307692308
CIK0001610520,1610520,UBS Group AG,25,-0.047879327024787234,0.08213501390014165,-0.5829344240670883,,-0.7886959771776211,218230620183.0,0.8821336820195963,0.09483332424433608,8136.16
CIK0001623678,1623678,,30,-0.029012202379449736,0.05904420412179605,-0.4913641027088925,,-0.5806699343888081,328277383.5,0.914660414601763,0.05689922867104717,165.46666666666667
CIK0001665887,1665887,,24,-0.10245003914275329,0.19684389051447362,-0.5204633929656016,,-0.5501512837150881,971370500.0,0.9999044785631787,0.2570924332804527,18.333333333333332
CIK0001720980,1720980,,23,0.08236567821398309,0.1281525601252954,0.6427158234854482,,0.7051062224008929,368262285.0,0.9619144387961147,0.4537050142800656,27.130434782608695
CIK0001735445,1735445,,30,0.0016273826009057062,0.0674306549800352,0.024134165704593435,,0.043336961916645954,1610596500.0,0.9573650990554827,0.2534687780372789,81.7
CIK0001750405,1750405,,29,-0.03787816453477146,0.06965589038607065,-0.5437898262981435,,-0.7643236828616818,182345000.0,0.9273529725466679,0.13559106693673317,690.4827586206897
CIK0001753219,1753219,,30,0.001524556913266667,0.06340891800315326,0.024043257024867794,,-0.0025302688647245316,244609000.0,0.9450995240769967,0.12995521649922598,91.63333333333334
CIK0001755785,1755785,,30,-0.04692363807483313,0.11593912327961267,-0.4047265215285181,,-0.4580283395540507,314582000.0,0.9542599709192029,0.07393067365404228,237.7
CIK0001756111,1756111,PEAK6 Investments LLC,25,-0.0393494653468126,0.06053074940899739,-0.650073982722961,,-0.7554301137293312,2412256000.0,0.9850444087094652,0.524728181368156,1242.64
CIK0001756695,1756695,,30,-0.055163545196533395,0.0771464621883436,-0.7150495775221459,,-0.8897488841422704,778646923.0,0.9491650178475216,0.05507723902451186,100.6
CIK0001756959,1756959,,22,-0.0007047931557534294,0.06038409559392771,-0.011671834260294204,,0.0025391274474614663,450522196.0,0.9979159848680211,0.07578218574340134,105.0
CIK0001759176,1759176,,30,0.011885015908915154,0.11434557968569638,0.10393944340809516,,0.24350692315555927,278470255.0,0.9776053872943861,0.18952736043002533,19.4
CIK0000701516,701516,,25,-0.0345169547859763,0.05984308442258911,-0.5767910380600891,,-0.49333928830926066,498937326.0,0.9669129891693753,0.06698368225808393,173.08
CIK0000733444,733444,,29,-0.046649453448211184,0.0635600070296676,-0.7339434909906312,,-0.6301935323892124,205485000.0,0.9139678306820278,0.12549700251248627,191.31034482758622
CIK0000826794,826794,,28,-0.012475971730447507,0.0684993070667026,-0.18213281658359712,,-0.14264334099650186,179344500.0,0.9602869736408175,0.20874616287860034,45.785714285714285
CIK0000846600,846600,,29,-0.03652354594767669,0.07743573161064846,-0.47166269611005895,,-0.4251261693333562,153862000.0,0.9844245827454401,0.07630237065256386,21.551724137931036
CIK0000909661,909661,"Farallon Capital Management, L.L.C.",28,-0.04049970589360809,0.07149651578147789,-0.5664570566803362,,-0.5217992439602815,15063114212.0,0.9771437213779797,0.23635084301959897,169.32142857142858
CIK0000919219,919219,,27,-0.029450366434546064,0.0709040189825077,-0.415355389670942,,-0.3897899019608987,1469980000.0,0.941246767159466,0.21817297002829528,123.66666666666667
CIK0001037792,1037792,,27,-0.012681974581860586,0.08481136249335784,-0.1495315510649264,,-0.056682585292911716,1800263682.0,0.9932495508497459,0.10321801639409278,141.37037037037038
CIK0001055966,1055966,,23,0.003211317075546412,0.10424362162954401,0.030805885533189026,,-0.01545284665803897,2868811000.0,0.9791810554406103,0.17748791200745656,79.0
CIK0001091370,1091370,,29,-0.04994570504399789,0.05695073816874667,-0.8769983787436317,,-0.7893457079085185,542868000.0,0.8921324737732947,0.11614268010815668,395.0344827586207
CIK0001094584,1094584,,28,-0.05910599329417744,0.09880150775294169,-0.5982296691339832,,-0.5114445538647096,104341500.0,0.9192555589452216,0.11882177770660031,438.5
CIK0001099281,1099281,,23,-0.04385919435208634,0.10297969549516636,-0.4259013792995066,,-0.2995590348323191,605991973.0,0.9987821902876116,0.10029837005373683,58.17391304347826
CIK0001104883,1104883,,29,0.009841856931149879,0.06779686465803987,0.14516684481650913,,0.23123953083051776,768217439.0,0.9596144080405075,0.23062680956884934,64.96551724137932
CIK0001302720,1302720,,13,-0.05814362596265358,0.054464105966374465,-1.0675586228554947,,-0.8108126611033918,131854000.0,0.9997720063385331,0.05001104395343744,197.84615384615384
CIK0001362033,1362033,,22,-0.045090869685723296,0.07114101577166078,-0.6338238102922579,,-0.45984811784220875,1005719500.0,0.9314886829937166,0.5497170109297292,1460.0454545454545
CIK0001390043,1390043,,29,-0.047343954875216594,0.07706293073671404,-0.6143544557854773,,-0.5402808570244754,247496560.0,0.9678717755577357,0.15231365189061258,65.93103448275862
CIK0001426266,1426266,,22,-0.06146801899848095,0.09285036229668438,-0.6620116225367912,,-0.6015776596967413,423864069.5,0.9999437707534746,0.23010881665154903,52.22727272727273
CIK0001520309,1520309,,14,-0.10682546389187642,0.33041878264111635,-0.32330324274349154,,-0.421983261408801,349868500.0,0.9998248969219158,0.32206269210661753,144.35714285714286
CIK0001535264,1535264,,26,-0.04945979607949597,0.12572610160592781,-0.3933932210332466,,-0.3380961003419916,739589666.5,0.9996855963462121,0.1714715032731671,103.11538461538461
CIK0001546865,1546865,,29,-0.07183611406157786,0.06336353280785592,-1.1337138394279063,,-1.0629564044059898,522686000.0,0.9230618120210674,0.07973646480661743,142.13793103448276
CIK0001564835,1564835,,28,-0.010069285026855041,0.03199347290129007,-0.3147293529931088,,-0.21581474540624548,528970000.0,0.9045161434592417,0.14090953882754892,190.46428571428572
CIK0001565432,1565432,,29,0.006544060095691341,0.1953933374252717,0.03349172587897035,,0.041893804263990794,194855569.0,0.972012844471043,0.10980065527083838,16.20689655172414
CIK0001569518,1569518,,29,0.007420067207052,0.028142982247704097,0.2636560383407845,,0.3125037610611068,809528908.0,0.9028417179740436,0.072138323644778,258.0
CIK0001569537,1569537,,29,0.014779911584491393,0.11943140386563691,0.12375230555668282,,0.17003986041219732,211962714.0,0.9990188783515537,0.3021673748483285,27.20689655172414
CIK0001606666,1606666,,29,-0.031094014966652563,0.057224287318959045,-0.5433709430447381,,-0.4963574088072205,307603000.0,0.9203429536240363,0.07085477471791103,180.55172413793105
CIK0001619083,1619083,,15,0.20348234400402948,0.23083040197529645,0.8815231540602836,,0.7240590439791119,303029331.0,0.9654188599721641,0.30311183957100474,11.8
CIK0001630413,1630413,,16,-0.030177906360442902,0.1215312590221536,-0.24831394492873005,,-0.17788004708003652,78462069.5,0.999922424145391,0.37379175513471513,32.8125
CIK0001632368,1632368,,29,-0.013466167622053377,0.10707233343502472,-0.12576701366066326,,-0.1595264634234462,197591000.0,0.990904812544301,0.1787113445360912,26.862068965517242
CIK0001632553,1632553,,29,-0.048904862997771775,0.06692372086064083,-0.7307552892665325,,-0.6568193404884607,182704000.0,0.9491110696752955,0.054341531784259656,209.41379310344828
CIK0001633256,1633256,,16,-0.02163339087982922,0.05111721348401249,-0.42321146644170843,,-0.2174972961927641,1430427000.0,0.9996631105284064,0.433107140232914,1098.875
CIK0001641447,1641447,,26,-0.10420234436105104,0.13599423175399014,-0.7662262069174947,,-0.7296772053084862,196003500.0,0.9447675419717569,0.20636372964504227,155.69230769230768
CIK0001643354,1643354,,13,-0.03459833080116121,0.14842869622459218,-0.23309731662901073,,-0.15138597827632314,31941161.0,0.9990133996203011,0.22231096637969183,24.923076923076923
CIK0001651473,1651473,,29,0.030094082100156797,0.10188661631630129,0.29536835344635126,,0.2836722775050094,266458000.0,0.9491493410592539,0.48716985657119377,47.93103448275862
CIK0001654344,1654344,,27,-0.02696690871468779,0.1437689694388866,-0.1875711345748761,,-0.1715871944720328,1456600952.0,0.9982036430008137,0.14866950089449732,25.185185185185187
CIK0001670139,1670139,,25,-0.059214934124790376,0.06951375595093176,-0.8518448372274002,,-0.7158301335280911,759958000.0,0.9864777683650015,0.18890759495432885,659.32
CIK0001675187,1675187,,12,-0.10110739055764821,0.10693287424960074,-0.9455220507750888,,-1.3658978784827884,121846500.0,0.9999946377343553,0.16708161181325412,17.666666666666668
CIK0001676924,1676924,,16,0.010482695407032047,0.09477897193621111,0.11060148883938085,,0.20848017601402963,70600000.0,0.9998848957167822,0.8220978450465392,157.25
CIK0001689144,1689144,,29,-0.011832036867380994,0.04743503406757075,-0.2494366684764577,,-0.1159440664721772,149806688.0,0.9340596914896421,0.08340879792145886,298.6896551724138
CIK0001695658,1695658,,29,-0.05876639162183128,0.09414116890009044,-0.6242369019546596,,-0.5859305869014116,443139000.0,0.9988619069623706,0.07495321013229032,42.03448275862069
CIK0001705399,1705399,,23,-0.032889216209818294,0.07679366620490119,-0.42828032355177037,,-0.39161368473830194,382306743.0,0.9244414183905468,0.1675042221982164,106.47826086956522
CIK0001708759,1708759,,29,0.038900498023619334,0.12170114414878379,0.31963954238115355,,0.33645371565948295,235872821.0,0.9643462121525201,0.5730011805009525,46.6551724137931
CIK0001709622,1709622,,15,0.11787093018197871,0.14380921795513993,0.8196340391553223,,0.9405625530526371,150763000.0,0.9999427583292043,0.45190197210773136,42.13333333333333
CIK0001713587,1713587,,20,-0.03604209509219098,0.05244808224385735,-0.6871956713924996,,-0.46374131704120436,179233757.5,0.9993397940363238,0.7140857460951165,535.6
CIK0001714260,1714260,"Pearl River Capital, LLC",23,-0.03822400606099226,0.05388857255572119,-0.7093156164054952,,-0.5292051393385208,363120000.0,0.9926647279024207,0.666157348688869,416.9130434782609
CIK0001715329,1715329,,20,-0.04546873971413894,0.08190744420355946,-0.5551234097846842,,-0.4717612726118128,177228000.0,0.9997286554821156,0.7565465600798563,39.1
CIK0001715635,1715635,,19,-0.09136338021523015,0.17384122431421803,-0.5255564701329974,,-0.4577507633392726,629419418.0,0.9693170588331474,0.31457642713936923,89.05263157894737
CIK0001715862,1715862,,26,-0.038143752805349256,0.05937095068253651,-0.6424649153425802,,-0.5600257853454371,196117500.0,0.949688578598757,0.3821393446877943,111.5
CIK0001719087,1719087,,16,-0.041709230785393,0.08564247388692012,-0.4870157165180755,,-0.32019355269042643,182183039.0,0.9746896542626925,0.5109940507049698,268.5
CIK0001721508,1721508,,14,0.004480415400494764,0.14092734942844623,0.03179237684241016,,0.14051253009624454,589915500.0,0.9999678394774039,0.6604012912654285,81.35714285714286
CIK0001722967,1722967,,19,0.0287725979740084,0.1491693425688661,0.1928854647887139,,0.15281881332952274,424665000.0,0.9999462966661621,0.5361815240066338,43.8421052631579
CIK0001725357,1725357,Emerson Point Capital LP,17,-0.04007511310532969,0.12306174325796365,-0.325650458409909,,-0.5402976424959929,459072000.0,0.9999409444303079,0.2515811730182787,29.941176470588236
CIK0001727783,1727783,,26,-0.012392205648052048,0.05012923614811383,-0.24720515610776786,,-0.14683467563523037,137430500.0,0.9592795647857989,0.7377898950203104,338.0769230769231
CIK0001727827,1727827,,29,-0.03720955289408639,0.05306125710331977,-0.7012565273421664,,-0.5666283741433492,467573000.0,0.9589621494639101,0.6196050031673693,525.8275862068965
CIK0001729428,1729428,,16,-0.07223052033095335,0.10056513915114983,-0.7182461133072574,,-0.5471070790253525,319459791.0,0.8767933590295695,0.15052049122330324,152.8125
CIK0001730235,1730235,,15,-0.06750110864074882,0.12861271711557576,-0.5248400792204735,,-0.4991177048745407,309898000.0,0.9979850137316805,0.21976989582263687,10.866666666666667
CIK0001730532,1730532,,27,-0.07233808686574957,0.09828327870710445,-0.7360162157375052,,-0.7141219929702277,139355000.0,0.9994473525458567,0.245219914386642,14.666666666666666
CIK0001731260,1731260,,29,0.03356476921183088,0.09518653415015348,0.35262098269255576,,0.3346931030488534,216293115.0,0.9465323041023747,0.09528209988416163,63.275862068965516
CIK0001732539,1732539,,16,0.14533259456826042,0.32246074200336916,0.45069856772158806,,0.5681345849387394,732705500.0,0.9999420657749296,0.19374848021437446,39.0
CIK0001732621,1732621,,24,0.020407774696797665,0.09144396924738843,0.22317245045587467,,0.3813449062973821,268684500.0,0.9953690036918927,0.648325645327187,30.041666666666668
CIK0001734341,1734341,,17,-0.16286830577969907,0.12805221396694963,-1.2718898075373513,,-1.3119192236678654,473082316.0,0.9999711077512669,0.1129519601408233,18.294117647058822
CIK0001737090,1737090,,29,-0.0577354863651875,0.06901288694804725,-0.8365899314859481,,-0.7387929512063824,360572720.0,0.9170054521108187,0.06356441001283726,168.89655172413794
CIK0001738887,1738887,,15,-0.04677414603638805,0.05025172791608751,-0.9307967700659355,,-0.7143281576316688,82530000.0,0.9998897076202263,0.19210266465246692,90.86666666666666
CIK0001738902,1738902,,20,-0.0958749404119286,0.058710973443797054,-1.6329986505919876,,-1.5439745151345394,969836722.5,0.9436792850600557,0.49059559099463335,414.0
CIK0001741675,1741675,,27,-0.06883710916486692,0.0994163755322639,-0.6924121785262849,,-0.6186197178360829,306831000.0,0.9977936411871042,0.22387540280938772,39.96296296296296
CIK0001743863,1743863,,29,-0.017222816833188586,0.054390003821025046,-0.31665408388696625,,-0.4082167461236712,195897506.0,0.9410432757929437,0.10798385386809652,94.58620689655173
CIK0001744373,1744373,,12,0.009069624095055276,0.05239821126227581,0.17309033793752399,,0.39079423846452244,53153000.0,0.9998971840908512,0.63958251060966,222.25
CIK0001746438,1746438,,14,-0.04837282394951133,0.10188168130606164,-0.47479412715270647,,-0.252566082638032,149409500.0,0.9998779722485412,0.16487278740185707,52.5
CIK0001747057,1747057,,29,-0.010072942528203592,0.15258861638284632,-0.06601372216914565,,-0.18830279517060833,6942931823.0,0.9833951524973522,0.33395223682748526,36.96551724137931
CIK0001748814,1748814,,29,-0.04046075426390024,0.05046706523734867,-0.8017259191119636,,-0.7397329399934099,195418000.0,0.9144714095642636,0.1842015642469676,118.17241379310344
CIK0001749611,1749611,,23,0.05499481142900462,0.1797361153716698,0.3059752978118554,,0.16400749987883861,190185006.0,0.9998021523010318,0.1382910825592415,11.043478260869565
CIK0001749980,1749980,,14,-0.09634306831409627,0.18346189945101452,-0.5251393809904938,,-0.5537770454603423,216640500.0,0.9999792027074184,0.4888514269525102,23.428571428571427
CIK0001750451,1750451,,15,-0.008674235284754965,0.34147499694455785,-0.02540225598453557,,-0.07368862600071846,1356136000.0,0.9993412738959634,0.24158283701527386,16.0
CIK0001751412,1751412,,19,-0.07451315262519143,0.08152766495037707,-0.9139615695937932,,-0.7628507169677341,1077169000.0,0.9996760692294551,0.1756584253350341,305.1578947368421
CIK0001752212,1752212,,27,-0.04911064060383325,0.06979676362001516,-0.703623464116363,,-0.6247664102655198,284254000.0,0.9344227837866361,0.07642924261499853,277.1111111111111
CIK0001752761,1752761,,29,-0.07940324416460406,0.08548183438355679,-0.9288902693227676,,-0.8102510840371959,272458000.0,0.9320769970145285,0.20898562282892902,142.31034482758622
CIK0001756870,1756870,,17,-0.038364604455439454,0.06357695348897845,-0.6034357160709719,,-0.4386967383137305,199768000.0,0.9997186175756693,0.44034636423699897,45.529411764705884
CIK0001757128,1757128,,28,-0.06191533915799861,0.07955489174706074,-0.7782719301950356,,-0.6866935137509618,444589000.0,0.9280609202900149,0.05361983350039904,594.7857142857143
CIK0001757282,1757282,,23,-0.017327228549759016,0.07329474319345694,-0.23640479240853685,,-0.12617392605961567,207440000.0,0.9481695881318387,0.22912784656386337,89.43478260869566
CIK0001759364,1759364,,29,0.06779068660546135,0.08309468820385987,0.8158245499100474,,0.8143431164444992,112146112.0,0.9820087250362943,0.30195194780841794,15.10344827586207
CIK0001759654,1759654,,13,-0.07732556437598596,0.041553481181888,-1.8608685042245818,,-1.5945004728728533,148481000.0,0.9998801179876954,0.4616419460529508,342.15384615384613
CIK0001759751,1759751,,29,-0.02277230673019251,0.0634511043037313,-0.35889535697388286,,-0.2924049445462615,358037868.0,0.9437281391403691,0.0873223989048627,129.48275862068965
CIK0001760145,1760145,,27,-0.05299394905175982,0.050273872213935575,-1.0541051786132767,,-1.0294110800335128,132181000.0,0.9229021014002631,0.11956245143949476,259.22222222222223
CIK0001761435,1761435,,13,-0.16752339566323765,0.1793798147096699,-0.9339032707359525,,-1.0720871267387968,110103000.0,0.9974602524042891,0.33127486222366603,10.692307692307692
CIK0001761645,1761645,,17,-0.005372747270173739,0.040883433613480145,-0.13141624357449755,,-0.1351059518822951,208454000.0,0.9998067441483687,0.10018320503543542,115.94117647058823
CIK0001762575,1762575,,12,-0.11129526273704753,0.058903895506768424,-1.889438071553012,,-1.6375900208109966,86041500.0,0.9999036537793543,0.0595953879075249,81.5
CIK0001762718,1762718,,29,0.013336202191707154,0.06627015675324409,0.20123993732143744,,0.2403450211781464,180931571.0,0.9481449872183776,0.09898814059326241,20.93103448275862
CIK0001763404,1763404,,29,-0.04308052990876231,0.07683673267775057,-0.5606762339611518,,-0.5902598986108392,162730039.0,0.9544502177145122,0.0772448983623326,45.48275862068966
CIK0001764008,1764008,,21,0.053264205466767786,0.20620364800272573,0.25830874469081694,,0.2077018540915638,210730000.0,0.9990744816232665,0.23341856756146906,13.047619047619047
CIK0001764386,1764386,,22,-0.0818916946341427,0.0811184085671246,-1.009532806161491,,-0.9173552354164892,229960500.0,0.9920816209415442,0.10819666373538767,297.09090909090907
CIK0001765387,1765387,,29,0.023819241749067948,0.10789859926310368,0.22075580138482404,,0.0823578973557433,154958000.0,0.9458070308702267,0.08494679684612201,57.275862068965516
CIK0001765768,1765768,,12,-0.11194845322843454,0.08539378407575304,-1.3109672376914794,,-1.2456042001061585,313657500.0,0.999965835273064,0.13928348525910983,36.083333333333336
CIK0001765885,1765885,,29,-0.06598755977837568,0.06968023125349951,-0.9470054646692583,,-0.8588135454379167,191079000.0,0.9163492469429481,0.08510868228765678,211.3793103448276
CIK0001765893,1765893,,12,-0.08861485307714807,0.06866838658999225,-1.290475245962483,,-1.1688643712901163,149789500.0,0.9998818652423999,0.12221836448371355,60.583333333333336
CIK0001765923,1765923,,14,-0.05309095496884816,0.1056952999204574,-0.5023019472748359,,-0.4124201423136038,131369240.5,0.9972820699626533,0.5526231961527308,31.642857142857142
CIK0001766328,1766328,,25,-0.038438052501294215,0.07213839490987627,-0.5328376455873445,,-0.46469272952954527,151489310.0,0.9404691286592652,0.06004974712344675,82.56
CIK0001766393,1766393,,17,-0.059913909996505706,0.0739707299905252,-0.809967807571455,,-0.7822975852846679,218536000.0,0.9998813961874272,0.5176067392502967,109.05882352941177
CIK0001766506,1766506,,16,-0.05511668934795696,0.09435420934315826,-0.5841465868929486,,-0.43974832050859153,319919000.0,0.9704349187163939,0.09614209294053569,300.5
CIK0001766509,1766509,,29,-0.01794117473555324,0.05192330939433035,-0.34553218860932666,,-0.2766315359471833,170582924.0,0.9192300821758654,0.15538184038484054,166.20689655172413
CIK0001766510,1766510,,20,-0.05051995646246824,0.06565632385515885,-0.7694606321910268,,-0.6658811227539324,433424000.0,0.9733653077526363,0.11029283074893403,248.9
CIK0001766561,1766561,,29,-0.058680997769499234,0.0711291225196139,-0.824992572510197,,-0.9487857524931467,129100000.0,0.9735157459621103,0.18884525936561694,33.58620689655172
CIK0001766564,1766564,,29,-0.046057830723399265,0.049699818982747765,-0.9267202912254836,,-0.8738121690360098,369750000.0,0.9046143897058471,0.12132595827490114,221.79310344827587
CIK0001766788,1766788,,27,-0.09323668916002754,0.0889004658549471,-1.0487761595091978,,-0.9659277858199313,103038873.0,0.9944749116523726,0.14962700355239889,24.296296296296298
CIK0001766791,1766791,,27,0.007674649827259645,0.06301600827973301,0.12178889200578516,,0.10568912945612781,170233000.0,0.952234052037151,0.23416353101565995,115.14814814814815
CIK0001766907,1766907,,29,-0.028211476095390722,0.0487303027430586,-0.5789308603926425,,-0.4980370810058036,357524781.0,0.9559279416105572,0.13365407498344697,35.51724137931034
CIK0001766929,1766929,,28,-0.01595310782259556,0.08875025947757191,-0.17975280203285002,,-0.14650750286712014,274093420.0,0.9857561785656176,0.0911216688469454,31.821428571428573
CIK0001767040,1767040,,29,-0.04291568868114117,0.0785841290185121,-0.5461113995414937,,-0.47421634876562463,142098000.0,0.9444556190688228,0.07431148608265556,92.03448275862068
CIK0001767049,1767049,,26,-0.09206695293919473,0.09197177925334074,-1.0010348139899496,,-0.9136912837784462,338204560.5,0.9233580515764739,0.07996086883587962,244.46153846153845
CIK0001767107,1767107,,29,-0.05183364901576008,0.05592756935741578,-0.9267996018681535,,-0.8663802163109116,133325175.0,0.9188327216046035,0.0616710516306584,143.3793103448276
CIK0001767297,1767297,,18,-0.06259614914287379,0.08479479430891092,-0.7382074530820493,,-0.5642117339921616,148041500.0,0.9997727705069648,0.059555984431980076,110.61111111111111
CIK0001767349,1767349,,29,-0.032823807146967504,0.054763517185608596,-0.5993736128108768,,-0.4733521668478294,328293000.0,0.927932741461909,0.09640116877289998,559.6206896551724
CIK0001767471,1767471,,17,-0.05212278418271149,0.05489141055216752,-0.9495617557737214,,-0.8810057265350777,2865549000.0,0.9802842885902207,0.3625364436454684,449.1764705882353
CIK0001767559,1767559,,29,-0.05454580055057458,0.06252561794991379,-0.8723752333407372,,-0.920709844225104,1094999859.0,0.9559347296913303,0.14514701755626663,86.58620689655173
CIK0001767724,1767724,,27,0.03619094870583807,0.13279113750406915,0.27254039226965715,,0.2758167677552264,216540000.0,0.9778262450361696,0.04591721074447391,56.0
CIK0001767735,1767735,,29,-0.03160045616348093,0.05576990009209603,-0.5666220687174273,,-0.6493965897756542,157425762.0,0.9639632471382579,0.07714111004176316,28.96551724137931
CIK0001767750,1767750,,28,0.11052238894923647,0.13014136874601515,0.8492487055613674,,0.9185427451225842,299534000.0,0.9727642512193116,0.384835270314104,32.142857142857146
CIK0001767812,1767812,,29,-0.03213581884832319,0.07983205466726044,-0.40254280040091694,,-0.34421970436669586,363270000.0,0.9575648973990202,0.09343073961726832,63.62068965517241
CIK0001767840,1767840,,15,-0.035492236388384606,0.058390926647429765,-0.6078382109171617,,-0.42214425665612376,962202000.0,0.999629212576659,0.18680306339587696,608.5333333333333
CIK0001767910,1767910,,16,-0.17996765894625677,0.12064519240844955,-1.4917101572848839,,-1.459315160077365,87384000.0,0.9995297064802598,0.054011130025224126,14.8125
CIK0001767952,1767952,Lehman & Derafelo Financial Resources LLC,17,-0.06351528307511928,0.12199870223791881,-0.5206226124455989,,-0.4097867915369611,307708000.0,0.9998128458899558,0.0607902299327471,188.23529411764707
CIK0001768041,1768041,,21,0.011086154715386431,0.13722501446451335,0.08078814754354975,,-0.03096385036107458,1027113914.0,0.9989161470532241,0.23194783233111976,13.571428571428571
CIK0001768065,1768065,,26,-0.07323319092157479,0.08622918164674745,-0.849285468345142,,-0.7695763493956485,121291500.0,0.9647104857792844,0.3651035195864288,86.15384615384616
CIK0001768089,1768089,,29,-0.019977362788425646,0.04260502325948433,-0.4688968872476952,,-0.572279017267087,252615503.0,0.9328961388031656,0.0853177673256594,140.0344827586207
CIK0001768095,1768095,,28,-0.06777882598574245,0.08394613520646226,-0.8074085342634089,,-0.7169148055217114,393752119.5,0.9161311632736021,0.08418515476601326,187.32142857142858
CIK0001768635,1768635,,29,-0.03784886130892875,0.06982796021244196,-0.5420301723363354,,-0.5239649613328495,274148000.0,0.9571536408721515,0.08190661860057562,124.27586206896552
CIK0001769031,1769031,,22,-0.04316954511828391,0.04985764511992093,-0.8658560790971561,,-0.7373214809274473,140317000.0,0.9953081918001697,0.2265310478003376,69.54545454545455
CIK0001769288,1769288,,29,-0.03812117545638882,0.06115059451765003,-0.6233982801939731,,-0.5692080034455324,202955108.0,0.9543620749638412,0.0586294365478222,63.58620689655172
CIK0001771687,1771687,,16,-0.03552950214589887,0.04825632187758091,-0.736266270656918,,-0.556419449982729,166087500.0,0.9998285927839137,0.09849033121306476,113.1875
CIK0001773205,1773205,,29,-0.05309975590864398,0.0627643872417409,-0.8460172757273161,,-0.7357005502007627,609041516.0,0.9119016403059824,0.07989357860561393,198.6551724137931
CIK0001776074,1776074,,29,-0.035200133280925444,0.11376880140694788,-0.30940058122258607,,-0.26798909052165465,258048921.0,0.9942977520183272,0.12719669023680788,31.724137931034484
CIK0000906396,906396,,28,-0.04573099466994516,0.06834716996747833,-0.6690985843359303,,-0.6416164594420982,176013306.5,0.9155139623624688,0.09856223437600592,146.89285714285714
CIK0001075444,1075444,,28,-0.0556105913630953,0.08776899589164876,-0.6336017724354467,,-0.6047007898176623,379014391.0,0.9476412921884647,0.06410379438437167,99.17857142857143
CIK0001127761,1127761,,25,-0.044402680827095475,0.06779421305917904,-0.6549626999435112,,-0.6321087606308922,183981000.0,0.9687645337499527,0.08828173492915611,166.48
CIK0001313559,1313559,,27,-0.07569873929542989,0.05454612297204413,-1.3877932136707731,,-1.3536860924161165,104776177.0,0.9943721626432861,0.21756889871136317,222.96296296296296
CIK0001350290,1350290,,24,-0.06380359495475084,0.0668449747275001,-0.9545009959678086,,-0.9321858866495866,1179093101.5,0.993250115029337,0.35048372289155083,120.25
CIK0001387304,1387304,,28,-0.04648933183155072,0.10014176066888071,-0.4642352153597487,,-0.4476649089702118,748645582.0,0.9386604732493293,0.08514953139418917,75.60714285714286
CIK0001387369,1387369,"KETTLE HILL CAPITAL MANAGEMENT, LLC",20,-0.05741109606759735,0.07756243242498385,-0.7401920526621354,,-0.8151098291224819,428773138.0,0.9990877928947736,0.5664755481142734,43.6
CIK0001389709,1389709,,25,-0.010954015065310957,0.03469585741436513,-0.31571535857604244,,-0.3076141808529712,260141858.0,0.8972446113634308,0.06762108233966392,154.4
CIK0001432450,1432450,,12,0.02783273932347741,0.16579042501660257,0.16787905164218275,,0.20796426755332786,129956500.0,0.9998979224887127,0.3550140854050834,12.166666666666666
CIK0001471085,1471085,,24,-0.03182960275546682,0.06669297574131391,-0.4772556989805301,,-0.3553366450809395,797758500.0,0.9817584507777238,0.1173385862003545,21.833333333333332
CIK0001510769,1510769,,14,-0.04235514612094133,0.2034649739847815,-0.20816922584273898,,-0.13735384308384882,2024754000.0,0.9999903487856002,0.16605527034476722,66.57142857142857
CIK0001588225,1588225,,28,-0.0558026374406939,0.15507267146557718,-0.3598483015259152,,-0.32394810646252237,148546500.0,0.9978957819754964,0.054734922804437765,24.535714285714285
CIK0001637359,1637359,,26,-0.15794209575644727,0.33296885379532526,-0.4743449543559561,,-0.4796338855002335,279792031.5,0.999912184388623,0.19342056434071303,15.423076923076923
CIK0001657516,1657516,,28,-0.05541952161277741,0.06999773172457921,-0.7917331068562865,,-0.7929436735201777,318412560.0,0.9470240923686662,0.09299944441105268,48.964285714285715
CIK0001665853,1665853,,18,-0.06713260373942215,0.08602115125357668,-0.780419731188729,,-0.8415429406966384,80016500.0,0.9999433048850768,0.31191564344620726,20.72222222222222
CIK0001697796,1697796,,26,-0.025645896196338263,0.06883248110174144,-0.37258421874530195,,-0.34361902840809305,242621660.5,0.9333711144263719,0.09250897166227821,101.3076923076923
CIK0001728850,1728850,,12,0.04806227578117814,0.2241608124374392,0.2144098036500602,,0.3186418226508857,211012569.0,0.9676560757114956,0.23973604976234214,23.166666666666668
CIK0001736225,1736225,,28,-0.037003019826619354,0.06829185887939977,-0.5418364711799877,,-0.5170219722891336,7110584777.5,0.9349865572735913,0.5722010508274857,1536.2857142857142
CIK0001741024,1741024,,20,-0.06448599901005658,0.06361398722733036,-1.01370786235396,,-0.963666622970355,1056839500.0,0.9953866119787336,0.6455781366969595,473.4
CIK0001755670,1755670,,15,-0.07364567378194178,0.10261538429614217,-0.717686478354641,,-0.6637684734977108,125487000.0,0.9997338974174609,0.22819512472153164,446.46666666666664
CIK0001759115,1759115,,18,-0.04781257430914207,0.0872285105311423,-0.548130124163656,,-0.5715870017114979,707442598.0,0.9989803596733198,0.19754144338943413,18.333333333333332
CIK0001759271,1759271,,28,-0.05332627910781945,0.07311284699947129,-0.7293694787558518,,-0.6826178088892398,414967725.0,0.918004066180358,0.192774294729867,205.75
CIK0001759476,1759476,,21,-0.04610823742758148,0.05845848355863016,-0.7887347501883173,,-0.7431557321231904,222522000.0,0.9890759061405835,0.12433155694090481,89.0
CIK0001761013,1761013,,12,0.007307809007459099,0.09174603392514981,0.07965258763405299,,0.1515126251035938,4941213500.0,0.9996013178712083,0.09831221856084058,885.3333333333334
CIK0001761054,1761054,,28,-0.004588085685627518,0.015863746398860026,-0.2892182949532515,,-0.27564854566672414,17444623000.0,0.8528789326480993,0.06096479210123457,1016.3214285714286
CIK0001761755,1761755,,12,-0.08092615071899353,0.0710396494244259,-1.1391687792998875,,-1.1035729949856563,3953199000.0,0.9724984414879928,0.11681244913859762,835.6666666666666
CIK0001767217,1767217,,28,0.007019037488959698,0.05997026459857588,0.11704196297463554,,0.14694729265437423,155973217.5,0.9611765087062044,0.07385787029694059,19.75
CIK0001768099,1768099,,23,-0.03789389604347578,0.054860725529873755,-0.6907290356825423,,-0.615946717658333,402273000.0,0.965658715514341,0.17681547475265463,338.7826086956522
CIK0001769700,1769700,,28,-0.028236209797594385,0.08579235759034501,-0.32912267001406914,,-0.36475728904134186,139458956.5,0.9996219829806611,0.4786097308786489,43.964285714285715
CIK0001772031,1772031,,21,-0.06542238643795828,0.08664572031680928,-0.7550561781613606,,-0.7332225783576073,433841000.0,0.9841627354885942,0.10356098271462108,236.23809523809524
CIK0001773368,1773368,,28,-0.02526401488624181,0.03999977361728906,-0.6316039467298076,,-0.6140997309345013,817429500.0,0.9233754978073264,0.06538018416591743,97.75
CIK0001774207,1774207,,28,-0.026642141806849765,0.031321808860881775,-0.8505939718705807,,-0.828175298054249,188788944.5,0.9268729054744356,0.1263739414255464,80.0
CIK0001775321,1775321,Bremer Bank National Association,18,-0.04533001944335286,0.08282210405081293,-0.5473178925090746,,-0.5024153842098397,486299000.0,0.9596831135570301,0.09716230324281908,229.88888888888889
CIK0001776296,1776296,,15,0.008860856746636817,0.04596620316413505,0.1927689505833479,,0.27615080669093456,137444000.0,0.9998390484292626,0.21993481056132946,95.53333333333333
CIK0001776792,1776792,,25,-0.05791013818923605,0.05372385401800629,-1.0779222608949617,,-1.0434457051499366,381441000.0,0.9055112846693126,0.13269887289277835,565.64
CIK0001780565,1780565,,27,0.06536319672949899,0.07485857167332355,0.8731558092370787,,0.9111076328943533,205094000.0,0.9751767685986906,0.08944488585373904,48.44444444444444
CIK0000949615,949615,,13,-0.05616599684741205,0.18353851436321364,-0.3060174974264545,,-0.3060174974264545,3300160000.0,0.9999854640615792,0.10173002679433947,88.38461538461539
CIK0001053994,1053994,,13,-0.04263346292570588,0.060407456853365966,-0.7057649029619556,,-0.7057649029619556,457091000.0,0.984645382109136,0.18235594498494379,292.9230769230769
CIK0001085393,1085393,,19,-0.08887921358016997,0.07220636701336398,-1.2309054901108425,,-1.2309054901108425,1539256915.0,0.9871236512767517,0.15597023670350108,105.05263157894737
CIK0001086416,1086416,,20,-0.0035882674537497604,0.1325033155156543,-0.027080586170477153,,-0.027080586170477153,142134927.5,0.9878158939483432,0.4173580241714173,33.65
CIK0001135778,1135778,"MILLER VALUE PARTNERS, LLC",15,-0.04586002702585872,0.09268536919012109,-0.494792516074448,,-0.494792516074448,2525547000.0,0.9999594577575448,0.16234777871051984,88.06666666666666
CIK0001315421,1315421,,24,0.008666355433280861,0.10713163962911046,0.08089445343244983,,0.08089445343244983,1534199761.0,0.9370111539471768,0.5066369491231807,669.2916666666666
CIK0001335325,1335325,,22,-0.02959538652040553,0.12467025931749182,-0.23738930745753556,,-0.23738930745753556,170360500.0,0.9618189395728738,0.29012023021728117,122.13636363636364
CIK0001400240,1400240,,13,-0.11055197545211012,0.3745241863676121,-0.2951798027351112,,-0.2951798027351112,3132284248.0,0.9999987997472604,0.11676924669772278,11.615384615384615
CIK0001470876,1470876,,13,0.019068962572743473,0.13400554619944596,0.14229980111478185,,0.14229980111478185,2220627644.0,0.9936908232411965,0.094309632292736,541.8461538461538
CIK0001515070,1515070,,16,-0.11674459197899166,0.2827069285008652,-0.41295270900234926,,-0.41295270900234926,228832092.5,0.9993057833881727,0.24416086912165416,22.125
CIK0001542108,1542108,,27,-0.017728783187944134,0.09141093065480399,-0.19394598720918424,,-0.19394598720918424,721713000.0,0.953974247918668,0.13698250203277137,109.07407407407408
CIK0001567195,1567195,,27,-0.002511796826808585,0.1050705749393277,-0.023905806437351216,,-0.023905806437351216,357579729.0,0.9845168738698737,0.3106377107031538,22.444444444444443
CIK0001593600,1593600,,23,-0.061150450887861994,0.07105827835290288,-0.8605675834481112,,-0.8605675834481112,105693000.0,0.9315835104261055,0.09764655686292836,477.4347826086956
CIK0001619844,1619844,,27,0.052731182873195434,0.2021562701360545,0.2608436673133353,,0.2608436673133353,2077994425.0,0.9593728255129391,0.08618589816690955,21.74074074074074
CIK0001639997,1639997,,27,-0.01979078258374059,0.05252407650683069,-0.37679448929317655,,-0.37679448929317655,154007985.0,0.9327020338179915,0.06420477826704443,112.18518518518519
CIK0001658020,1658020,,14,0.004913777256033655,0.05244312659885394,0.09369725976547026,,0.09369725976547026,9948373500.0,0.9997274011961398,0.1159840325994364,274.7857142857143
CIK0001666733,1666733,,26,-0.034500682969205054,0.07857437463218803,-0.439083137852855,,-0.439083137852855,391420887.5,0.9361290663768768,0.10923136002367066,140.65384615384616
CIK0001687509,1687509,Rubric Capital Management LP,20,0.00246508618069224,0.11058556242534295,0.022291211678846897,,0.022291211678846897,2444425181.0,0.9990443919596815,0.25786827304629134,65.9
CIK0001697013,1697013,,25,-0.015606824536090094,0.13665861876336713,-0.11420300217497348,,-0.11420300217497348,1019780533.0,0.9975623377220922,0.28459332892230416,70.56
CIK0001700272,1700272,,20,-0.018973226508209505,0.10947099189068986,-0.17331738920213877,,-0.17331738920213877,831920556.5,0.9961750858049131,0.47014218044136324,43.1
CIK0001728681,1728681,,27,-0.015754686402553033,0.07249136495912187,-0.21733190444134265,,-0.21733190444134265,466164000.0,0.9596194480573781,0.21523841765942622,75.51851851851852
CIK0001728718,1728718,Growth Interface Management LLC,12,0.07700659921285342,0.21630098225269265,0.3560159478248637,,0.3560159478248637,403921500.0,0.9999859069156024,0.14487645827974355,10.0
CIK0001732074,1732074,,27,-0.03351447820012296,0.037725141395143665,-0.888385754404634,,-0.888385754404634,166498000.0,0.8897585771706034,0.07629096908387287,460.6666666666667
CIK0001742654,1742654,,14,-0.12365585373103676,0.17723867379978706,-0.6976798634214897,,-0.6976798634214897,254679500.0,0.9999993702984945,0.1577052061509545,12.714285714285714
CIK0001743413,1743413,,27,-0.040612088149389866,0.07460691949272308,-0.544347473725441,,-0.544347473725441,950987000.0,0.9001043258173347,0.10435018047532021,296.6666666666667
CIK0001744348,1744348,,25,-0.06452197592684326,0.09492629866064965,-0.6797060123047916,,-0.6797060123047916,275943000.0,0.9098692357376938,0.06977715872426805,208.16
CIK0001759760,1759760,,14,0.15643221577524913,0.14752377739362765,1.0603864579452227,,1.0603864579452227,7393377000.0,0.9754536142255267,0.08646988970059806,12.357142857142858
CIK0001766721,1766721,,27,0.09318650446400586,0.35704719776852034,0.260992118257425,,0.260992118257425,262045000.0,0.9998768394729993,0.12594917670363587,15.88888888888889
CIK0001768111,1768111,,26,-0.02672724282829457,0.101373044019121,-0.26365236524539964,,-0.26365236524539964,1908234643.5,0.9816239657803381,0.3868699667978953,32.46153846153846
CIK0001770710,1770710,Enterprise Bank & Trust Co,25,-0.06052176301045389,0.07696303917527261,-0.7863743903232725,,-0.7863743903232725,242537650.0,0.94018039128415,0.07121583608520249,102.84
CIK0001777127,1777127,,13,-0.010525143074841068,0.061895544725220235,-0.17004686074298903,,-0.17004686074298903,211971000.0,0.9997921520601338,0.06720570474440456,206.0
CIK0001784260,1784260,,27,-0.03270642177058233,0.08289989617733122,-0.394529104111674,,-0.394529104111674,5582751000.0,0.9941085304242419,0.07552278609578132,35.2962962962963
CIK0001784777,1784777,"Sound View Wealth Advisors Group, LLC",27,-0.0681010019483247,0.0873078316193618,-0.7800102314265045,,-0.7800102314265045,525992000.0,0.888931225601559,0.069238018852921,318.55555555555554
CIK0001785438,1785438,,13,-0.005592486925139146,0.05028095341593624,-0.1112247589788978,,-0.1112247589788978,584962000.0,0.9999080532741296,0.11184289954997446,36.46153846153846
CIK0001785498,1785498,,12,-0.019185451529832517,0.08161212320416457,-0.23508090190678124,,-0.23508090190678124,156509000.0,0.9997376180841894,0.15484546120505338,157.75
CIK0001785717,1785717,,16,-0.022191709739896908,0.08720064190499532,-0.25449021078956835,,-0.25449021078956835,106785500.0,0.9998465072190813,0.19577186328865473,69.9375
CIK0001786379,1786379,,27,-0.04414983934227778,0.07515091694100019,-0.5874823773043802,,-0.5874823773043802,2737659169.0,0.965192543564271,0.16756232113955544,199.62962962962962
CIK0001790295,1790295,Delta Financial Advisors LLC,27,-0.03684226850944964,0.05564111626472044,-0.6621410744680801,,-0.6621410744680801,230633646.0,0.9187798788724187,0.05846964297033589,114.74074074074075
CIK0001791002,1791002,,27,-0.00942349082962168,0.03911899424853425,-0.2408929730981768,,-0.2408929730981768,285168629.0,0.9236606104646001,0.10355571572563312,118.62962962962963
CIK0001792397,1792397,,22,0.03807614133159815,0.10920200645549201,0.34867620629681084,,0.34867620629681084,149175096.0,0.947746048872019,0.4165568818395724,43.13636363636363
CIK0001793399,1793399,,18,-0.01252298416951006,0.048189611403839365,-0.2598689593913719,,-0.2598689593913719,126586557.5,0.9836826301925969,0.131210141830654,57.72222222222222
CIK0001794153,1794153,,24,-0.0598357733483727,0.08881565277732603,-0.6737075219955024,,-0.6737075219955024,272682000.0,0.9644193416026554,0.06701398129427302,123.5
CIK0000018349,18349,,22,-0.14746616234508098,0.09202782649205814,-1.6024084014915019,,-1.6024084014915019,8169329530.0,0.8889582204440866,0.07589781791933632,998.1818181818181
CIK0000052234,52234,,26,-0.014499755813197696,0.08559513009651194,-0.1693993080740673,,-0.1693993080740673,285970745.0,0.984859594530033,0.14132157758840058,76.11538461538461
CIK0000898382,898382,,21,-0.06410285914141581,0.0872259519142055,-0.7349058133867874,,-0.7349058133867874,1909694005.0,0.9874919224778257,0.13449729504834276,49.61904761904762
CIK0000903064,903064,,15,-0.13106778019348955,0.07662525647998067,-1.7105036408499552,,-1.7105036408499552,536434101.0,0.9684409261558845,0.0684993593243708,135.66666666666666
CIK0001042046,1042046,,24,-0.07000290590834972,0.09675699411585138,-0.7234919454306858,,-0.7234919454306858,272253500.0,0.9968216761615191,0.13463240631083348,84.20833333333333
CIK0001269094,1269094,,22,0.034235182197951165,0.3112100449946574,0.11000667474701492,,0.11000667474701492,4410189857.5,0.9984035444075835,0.06490610261547614,10.363636363636363
CIK0001278951,1278951,,15,-0.08235399232219343,0.12075765121853577,-0.6819774274326769,,-0.6819774274326769,1067083987.0,0.998690621302584,0.3593476180665977,26.466666666666665
CIK0001279150,1279150,,23,-0.039217324134536914,0.07661072162079888,-0.5119038602407066,,-0.5119038602407066,818639242.0,0.9922036178313769,0.25010722165794064,24.17391304347826
CIK0001322613,1322613,,22,-0.03801694185605206,0.2325800703244778,-0.1634574355519234,,-0.1634574355519234,417280500.0,0.9985482620530977,0.1261986273708935,21.818181818181817
CIK0001362255,1362255,,25,-0.004417158343157328,0.18352751839134332,-0.024068098243939105,,-0.024068098243939105,883907000.0,0.9985793842175669,0.11831060907476468,21.92
CIK0001401561,1401561,,25,-0.08633920230444479,0.07549357957864014,-1.1436628490005518,,-1.1436628490005518,1519720000.0,0.9284243590135378,0.05659483062801487,701.2
CIK0001411784,1411784,,26,-0.06335488252033487,0.09184104307940556,-0.689831913866426,,-0.689831913866426,219067573.0,0.946798636722264,0.09847645203731814,207.46153846153845
CIK0001427196,1427196,,26,-0.033793883793122426,0.10571687700199121,-0.3196640380499187,,-0.3196640380499187,135137709.0,0.9833363794081608,0.07593764735192451,44.69230769230769
CIK0001470766,1470766,,12,-0.057524210688247056,0.31850481505386935,-0.18060703628030444,,-0.18060703628030444,1797610624.0,0.9988763386747771,0.14278491720879888,15.5
CIK0001512022,1512022,,26,0.0008490862505608018,0.10567381510412406,0.00803497299409601,,0.00803497299409601,541066424.5,0.9727651618436035,0.10840082210687589,97.15384615384616
CIK0001512901,1512901,,24,-0.0661216192879057,0.08071885018179648,-0.819159578429909,,-0.819159578429909,411059957.5,0.9649415613976089,0.10459911704055198,90.5
CIK0001522877,1522877,,19,-0.07777426737471269,0.0960489923815698,-0.8097353802955334,,-0.8097353802955334,2065571302.0,0.8987684352262965,0.15289716421030297,318.4736842105263
CIK0001599623,1599623,,19,-0.05931034381477606,0.12219688663595887,-0.4853670616870862,,-0.4853670616870862,239302143.0,0.9082323505262682,0.060768708650685885,96.42105263157895
CIK0001600136,1600136,,18,-0.031447575464466804,0.08251507905839472,-0.38111307439273717,,-0.38111307439273717,834303960.0,0.9728030178396084,0.34094869118736704,107.94444444444444
CIK0001601086,1601086,,26,-0.05186864645312942,0.10547046923388456,-0.4917835942980899,,-0.4917835942980899,3748750565.5,0.9723294845963198,0.302740171377397,185.5
CIK0001603837,1603837,Ion Asset Management Ltd.,18,0.04476222986402492,0.16103901049238484,0.27795892266480177,,0.27795892266480177,904503000.0,0.9955026030738939,0.2105922630594008,40.72222222222222
CIK0001624095,1624095,,25,0.0039833646088638045,0.1784746375429731,0.022318939338706052,,0.022318939338706052,163428250.0,0.9875353355592812,0.2753683698226488,15.6
CIK0001642274,1642274,,22,0.005373245605459468,0.13209420089027155,0.04067737697161723,,0.04067737697161723,114619000.0,0.976628836674045,0.19342599317587644,18.227272727272727
CIK0001652529,1652529,,26,-0.08241542733226676,0.08406830972514777,-0.9803388173231316,,-0.9803388173231316,282309450.0,0.9396927589163684,0.12655891893086635,90.34615384615384
CIK0001662906,1662906,,21,0.011076117151965366,0.11058762311863801,0.10015693293165938,,0.10015693293165938,1145856000.0,0.9973438635796876,0.17855914944980808,12.571428571428571
CIK0001679543,1679543,,24,-0.0422821786038722,0.07448752575745922,-0.5676410670480991,,-0.5676410670480991,5688302000.0,0.9021585513537783,0.23549826118910597,346.375
CIK0001689232,1689232,,12,-0.0070562119133584416,0.11141631339752052,-0.06333194572733734,,-0.06333194572733734,465316845.0,0.9054711220940855,0.28489629789744464,178.0
CIK0001698060,1698060,,24,0.02054784370537589,0.10309759042861319,0.19930479092239323,,0.19930479092239323,1561238813.0,0.9935686431105699,0.0983816210018698,11.25
CIK0001733248,1733248,,22,-0.01946086797215603,0.0943150672504258,-0.20633890786581074,,-0.20633890786581074,147751000.0,0.9858569021193346,0.17814028386116898,41.22727272727273
CIK0001762304,1762304,"Hillhouse Capital Advisors, Ltd.",14,-0.009133315854028616,0.19043562595254257,-0.04796012200053765,,-0.04796012200053765,7347079000.0,0.9942927445497821,0.18167025031838477,71.14285714285714
CIK0001766504,1766504,,12,0.03812059803477283,0.1803849849752737,0.21132910834887703,,0.21132910834887703,267073774.0,0.9973830358578395,0.12177399799391035,10.583333333333334
CIK0001767868,1767868,,19,-0.08283157218925528,0.08623943708594826,-0.9604836834078869,,-0.9604836834078869,365975000.0,0.8744760871003583,0.17153111272238725,288.89473684210526
CIK0001788587,1788587,,26,-0.026943597201914724,0.041714791271408196,-0.6459003240677937,,-0.6459003240677937,6908975348.0,0.9096339127250476,0.06352791895628075,512.3846153846154
CIK0001790548,1790548,,25,-0.015136510307506597,0.08297852465384915,-0.18241479190290263,,-0.18241479190290263,443800000.0,0.9674135138854271,0.33369715302162356,130.0
CIK0001790837,1790837,,26,-0.06647737885866224,0.09167340830878033,-0.7251544377328974,,-0.7251544377328974,193382500.0,0.9461717310901053,0.04247287723018852,90.11538461538461
CIK0001793269,1793269,,23,-0.05628278021236098,0.06958544244122006,-0.8088298103196843,,-0.8088298103196843,151365000.0,0.9048570504041937,0.10050148988274399,262.95652173913044
CIK0000070858,70858,,23,-0.08450505151486035,0.08765821080391216,-0.9640289339462637,,-0.9640289339462637,869189175444.0,0.8507306803948829,0.07757761976920496,6801.0
CIK0000709089,709089,,25,-0.06730664968805236,0.07592007362821523,-0.8865461592659094,,-0.8865461592659094,199328879.0,0.9257227519661579,0.07043196968407318,190.36
CIK0000842180,842180,,25,-0.030028761262583692,0.049051010513978754,-0.6121945490358774,,-0.6121945490358774,7377115753.0,0.8642151363945011,0.16265517418849323,714.76
CIK0000869178,869178,,23,0.038163613153523665,0.09309369327341666,0.4099484273399385,,0.4099484273399385,48453332000.0,0.9179364745371439,0.11164309183998791,1289.9130434782608
CIK0000873759,873759,,25,-0.028878122513263063,0.030439810987011647,-0.9486958550329917,,-0.9486958550329917,153395251.0,0.9375418393141852,0.08380646572713889,97.2
CIK0001004140,1004140,,22,-0.03579001239696044,0.09538080830880387,-0.3752328485237472,,-0.3752328485237472,215411786.0,0.9666236263264711,0.15248672894500628,83.31818181818181
CIK0001021296,1021296,,25,-0.047456590170142164,0.07825667653176076,-0.6064222539487591,,-0.6064222539487591,133103000.0,0.9788342304991328,0.09585235084262067,40.16
CIK0001041283,1041283,,25,-0.025530715867445694,0.09612742844269306,-0.26559241499042907,,-0.26559241499042907,464407000.0,0.9153308623198783,0.08186442445031046,258.88
CIK0001107075,1107075,,14,-0.048250238215938324,0.06982009761112874,-0.6910651784431981,,-0.6910651784431981,130718315.0,0.9997555547284932,0.13036299074548918,143.85714285714286
CIK0001133119,1133119,,25,-0.06481868952832705,0.08302839047858582,-0.7806810315500857,,-0.7806810315500857,134498000.0,0.9213758167093234,0.07134420280597327,129.72
CIK0001299939,1299939,BancorpSouth Bank,25,-0.024394676250976063,0.09547358524305713,-0.25551230938233804,,-0.25551230938233804,1082797476.0,0.9076803643473041,0.0876834124536181,268.6
CIK0001313756,1313756,,23,-0.048850763106521464,0.15747938238106265,-0.3102041827144954,,-0.3102041827144954,993708000.0,0.9758214574102834,0.3347244243196122,145.8695652173913
CIK0001317961,1317961,,23,-0.024231041025926596,0.19362743129880716,-0.12514260434660626,,-0.12514260434660626,123962155.0,0.9823086121005676,0.033089774025435954,19.52173913043478
CIK0001322924,1322924,,25,0.016484134385607533,0.1337299319653927,0.12326435931805341,,0.12326435931805341,202083757.0,0.9995559568604316,0.1535987304283415,34.52
CIK0001326150,1326150,,23,-0.04810810413070402,0.16973128893950276,-0.2834368632367147,,-0.2834368632367147,65474228.0,0.9995021755214901,0.34318851712072224,23.08695652173913
CIK0001336800,1336800,,23,-0.09648834319701578,0.11624726806905297,-0.8300267593216893,,-0.8300267593216893,906414000.0,0.9999107168421398,0.11284830698007264,19.304347826086957
CIK0001354821,1354821,,25,-0.032117599466922775,0.06432559096170633,-0.49929738671260887,,-0.49929738671260887,941775792.0,0.9403310558047002,0.14868932861295103,237.8
CIK0001389933,1389933,,20,-0.08342091331908566,0.1808092022357523,-0.46137537407743545,,-0.46137537407743545,383768859.5,0.9992239011363683,0.15088372707981623,79.25
CIK0001451460,1451460,,13,-0.01195254122029087,0.058177454786633345,-0.2054497100933014,,-0.2054497100933014,101156000.0,0.9998971425114322,0.16300714297398167,46.30769230769231
CIK0001454984,1454984,,25,-0.012141942679881931,0.023108337660262136,-0.5254355746978177,,-0.5254355746978177,49170050000.0,0.8539910865377278,0.09675549014727151,1813.6
CIK0001468792,1468792,,25,-0.039643038888403384,0.06370921967931974,-0.622249638069687,,-0.622249638069687,737502000.0,0.8888391243073085,0.07043754547620645,1243.24
CIK0001469026,1469026,,21,0.003330487963080154,0.13218767342412785,0.02519514775287556,,0.02519514775287556,2559844513.0,0.9994046163966877,0.17074263744647616,12.714285714285714
CIK0001479465,1479465,FARLEY CAPITAL II L.P.,25,-0.011314717294956865,0.07197889808828345,-0.15719492233355345,,-0.15719492233355345,102271000.0,0.9759095171764648,0.07818752347622665,15.44
CIK0001484047,1484047,,25,-0.08097760763083325,0.115909526924192,-0.6986277123052842,,-0.6986277123052842,1178500522.0,0.9942005125114384,0.1030148714065886,24.92
CIK0001513779,1513779,,21,-0.08923301966715534,0.12576095718606134,-0.7095446922665943,,-0.7095446922665943,199156000.0,0.9988724599134153,0.14240369550785764,75.0952380952381
CIK0001531964,1531964,,23,-0.10085147932040515,0.19631442502958715,-0.5137242426488938,,-0.5137242426488938,120091000.0,0.9995724056985295,0.3160929000983638,28.304347826086957
CIK0001536925,1536925,,25,-0.052422243999295445,0.07123288819901087,-0.7359275374510439,,-0.7359275374510439,2758363000.0,0.8658971817645997,0.1607627448452246,1174.68
CIK0001541910,1541910,,22,-0.03722899899601281,0.03974248505891342,-0.9367556895083895,,-0.9367556895083895,4166737000.0,0.9252981652544547,0.16494774037753296,907.5454545454545
CIK0001544554,1544554,,20,-0.1010570208865054,0.08536386408486815,-1.1838384071235053,,-1.1838384071235053,563447583.5,0.9978364920883763,0.46296776380845517,28.1
CIK0001550660,1550660,,24,0.14667287296534323,0.1797160881074939,0.8161365769100274,,0.8161365769100274,699493000.0,0.9946109496247023,0.07108789538285414,16.166666666666668
CIK0001555512,1555512,,24,-0.07242211986104094,0.09127412783308508,-0.7934572652602485,,-0.7934572652602485,172979222.5,0.9728200223647697,0.18475192575176627,18.375
CIK0001566601,1566601,,16,-0.048816575850651925,0.07494669612397308,-0.6513506048165124,,-0.6513506048165124,2299506000.0,0.9934840590314731,0.12402468924136947,694.9375
CIK0001604831,1604831,,16,-0.0980506422023519,0.10183699382976223,-0.9628194874284537,,-0.9628194874284537,98149000.0,0.999841783414282,0.413037807175263,63.75
CIK0001618205,1618205,,23,-0.11911514907603092,0.20715063290925967,-0.5750170656106955,,-0.5750170656106955,133413992.0,0.9988772477523561,0.13900963936220917,59.95652173913044
CIK0001620275,1620275,,15,-0.008776362996855995,0.11156251089243241,-0.07866767184149119,,-0.07866767184149119,1379896000.0,0.9995833891061092,0.10615718531090329,38.8
CIK0001629931,1629931,,25,-0.01174473878784687,0.0756960094871609,-0.15515664388528472,,-0.15515664388528472,540854885.0,0.9148631224800721,0.22670804214375098,188.36
CIK0001630709,1630709,,15,0.05978869619569707,0.08571112176076949,0.6975605378398817,,0.6975605378398817,105537000.0,0.996546859701372,0.1809918557738136,11.333333333333334
CIK0001633799,1633799,,23,0.08700323618840619,0.11780918528524593,0.7385097857715616,,0.7385097857715616,328274000.0,0.9678912758612866,0.6124710437641061,41.69565217391305
CIK0001650135,1650135,Hosking Partners LLP,25,0.015669477643320315,0.07426424973595826,0.2109962424532684,,0.2109962424532684,2710584621.0,0.9678030680434524,0.08136811214528684,140.36
CIK0001652327,1652327,,16,0.0015867290066835654,0.09197661725381254,0.017251439050758207,,0.017251439050758207,402726279.0,0.993031085630504,0.23460203834917712,25.5
CIK0001658363,1658363,,16,0.06522882851827957,0.18122205714143577,0.3599386826662689,,0.3599386826662689,1322915722.0,0.9976885380551851,0.31814817721779004,28.125
CIK0001677501,1677501,,19,-0.07895340975489461,0.07692241910882903,-1.0264031041605615,,-1.0264031041605615,487982000.0,0.9622369790187204,0.20732763580078473,444.4736842105263
CIK0001690295,1690295,,25,0.18275640581739797,0.38516661250640244,0.47448662444336637,,0.47448662444336637,473867000.0,0.9557673192863092,0.12629426569561386,78.28
CIK0001697719,1697719,,12,-0.02710312193791804,0.08467514069631422,-0.3200835772388345,,-0.3200835772388345,202599000.0,0.9997937598412716,0.13357078129852476,147.91666666666666
CIK0001719305,1719305,,25,-0.048394906010064354,0.06779605436945173,-0.7138307156477087,,-0.7138307156477087,848116000.0,0.8759257336665326,0.10217721433892814,519.92
CIK0001725910,1725910,,24,-0.0401802341361836,0.07231463138935224,-0.5556307674270821,,-0.5556307674270821,540584005.5,0.9429089220139731,0.16682335380337798,95.20833333333333
CIK0001728120,1728120,Broad Peak Investment Holdings Ltd.,15,-0.08824357766333223,0.12243986912399746,-0.7207095065784876,,-0.7207095065784876,769787543.0,0.9998173656903653,0.2594947741770041,15.533333333333333
CIK0001732811,1732811,,15,0.07173981343940122,0.11242403812590149,0.6381180985314276,,0.6381180985314276,2206483000.0,0.9999604705061884,0.20464944285665426,14.533333333333333
CIK0001741129,1741129,,25,-0.00992835988909175,0.25104424238099177,-0.039548247730553786,,-0.039548247730553786,243184776.0,0.9995411852691625,0.17077074268427253,27.64
CIK0001741224,1741224,,25,-0.052478103851420904,0.053998680465286025,-0.971840485680269,,-0.971840485680269,626941956.0,0.9381885165022495,0.6834241934314417,708.92
CIK0001742435,1742435,,16,-0.028841440474870132,0.054854634586530567,-0.5257794658776294,,-0.5257794658776294,529394500.0,0.9986350151030077,0.7056505398958333,588.5625
CIK0001748240,1748240,,25,-0.025421997377922053,0.14439084753336193,-0.17606377282116928,,-0.17606377282116928,364276893.0,0.960716949963773,0.493835501085832,41.84
CIK0001748726,1748726,,15,-0.017915578328694726,0.056430753753041685,-0.31747898329453195,,-0.31747898329453195,162210000.0,0.9997838698545755,0.11999807569918013,72.26666666666667
CIK0001750312,1750312,,20,0.03019588879959493,0.24264614911776647,0.12444412948293151,,0.12444412948293151,118838848.0,0.9828451144316178,0.6230033443590893,20.95
CIK0001751006,1751006,,25,-0.053601867545354336,0.07277472600103226,-0.7365450959323563,,-0.7365450959323563,135709558.0,0.9552101015394591,0.08951795612517481,36.24
CIK0001755784,1755784,,21,-0.0418175323283423,0.17165611898910696,-0.2436122439102142,,-0.2436122439102142,336143850.0,0.9582597722637132,0.08965701826988241,12.523809523809524
CIK0001755911,1755911,,25,-0.05063527856565661,0.1046036267224679,-0.48406809736179524,,-0.48406809736179524,644005149.0,0.9246724378730188,0.21662491855382138,80.88
CIK0001761663,1761663,,18,-0.0746333902575371,0.08679770338024935,-0.8598544356508869,,-0.8598544356508869,132326622.5,0.9986630777745784,0.6167900476824302,68.22222222222223
CIK0001764725,1764725,,20,0.07668391091660084,0.06544743909835339,1.171686959347914,,1.171686959347914,442133725.0,0.9749674629725916,0.3154848738570251,22.9
CIK0001765515,1765515,,25,-0.041381276395624854,0.08208539204066602,-0.5041247335959103,,-0.5041247335959103,234510000.0,0.9348855949903316,0.09765419960942445,76.92
CIK0001766357,1766357,,12,0.020475174308084158,0.14791581247494454,0.13842451300651576,,0.13842451300651576,253656000.0,0.9999745579333874,0.3431458787217179,22.666666666666668
CIK0001767301,1767301,,21,-0.06836906992847466,0.10391757738339608,-0.6579163183810213,,-0.6579163183810213,270736000.0,0.9462486544332608,0.09073673160367864,330.2857142857143
CIK0001769456,1769456,,22,-0.050426195020696125,0.09055194473214441,-0.5568758922709468,,-0.5568758922709468,1758609270.0,0.9951270827748041,0.33046830850944914,140.1818181818182
CIK0001770632,1770632,Quilter Plc,25,0.002180246662201091,0.035588543535628916,0.06126259873197244,,0.06126259873197244,3679140000.0,0.9139158654456924,0.09579499125443823,195.36
CIK0001771174,1771174,,17,0.019582895632471627,0.06608473596204226,0.29633008813301437,,0.29633008813301437,210340000.0,0.9974916599145596,0.27158977132584305,137.2941176470588
CIK0001771524,1771524,,15,-0.10095024572866453,0.09947602417973525,-1.0148198679938794,,-1.0148198679938794,296521638.0,0.9980116431467628,0.32575251351953244,19.0
CIK0001771673,1771673,,12,-0.05897933901009115,0.14582806340659354,-0.404444368467253,,-0.404444368467253,529609500.0,0.9981524189689269,0.31440467445342,13.916666666666666
CIK0001773206,1773206,,25,-0.05721408642777003,0.13017172526667484,-0.43952775696626883,,-0.43952775696626883,486158000.0,0.9934722239519063,0.42152021063980555,67.2
CIK0001775446,1775446,,25,-0.027025133460419955,0.04660288508840835,-0.5799025834557651,,-0.5799025834557651,2036106000.0,0.8806844267267623,0.16138562179286317,219.32
CIK0001776023,1776023,,25,-0.011767390734291519,0.15680335455255942,-0.07504552927276233,,-0.07504552927276233,308204070.0,0.933535478972863,0.2551200512069372,31.64
CIK0001776082,1776082,,16,-0.047471864823464285,0.0926356074967085,-0.512458072066145,,-0.512458072066145,909103260.0,0.9617649827701076,0.18253980520404195,413.875
CIK0001776090,1776090,,25,-0.03947809388466938,0.10784402554032492,-0.36606658260522407,,-0.36606658260522407,1173831000.0,0.9994249592372192,0.2748712831564258,15.88
CIK0001777015,1777015,,25,-0.07685208142452983,0.11834967916327134,-0.6493645100398497,,-0.6493645100398497,457446000.0,0.9966028282796002,0.29046626794930686,85.28
CIK0001777813,1777813,,24,0.112841555164734,0.1982368750859187,0.5692258572714506,,0.5692258572714506,2845729291.0,0.9602937032997652,0.3870901952856508,36.458333333333336
CIK0001778131,1778131,,25,-0.008161226753855545,0.031153026981864142,-0.2619721915973908,,-0.2619721915973908,3754350000.0,0.8659707547095014,0.18133657273372997,564.24
CIK0001778253,1778253,,14,0.03747116336119134,0.21282585193825898,0.17606490480164805,,0.17606490480164805,339062000.0,0.9987539336042514,0.4093190939589283,118.57142857142857
CIK0001779763,1779763,,24,-0.07881660005572362,0.09146282216688863,-0.8617337425931008,,-0.8617337425931008,707226485.0,0.9968711320537098,0.46487051589076067,25.333333333333332
CIK0001781880,1781880,,12,-0.03273972062389699,0.08837212506356208,-0.3704756516787147,,-0.3704756516787147,457206500.0,0.9999562959227403,0.1838884019413472,35.0
CIK0001783599,1783599,,25,-0.04350924721318194,0.06903375876051483,-0.6302604405890667,,-0.6302604405890667,304922000.0,0.904372966743953,0.09361300810479016,222.36
CIK0001783773,1783773,,25,-0.06273209765075857,0.07345908011540717,-0.8539733624556145,,-0.8539733624556145,213568000.0,0.9089601896784584,0.08719482793748395,197.2
CIK0001784547,1784547,,25,-0.05428443420527839,0.08016817943561756,-0.6771319317226049,,-0.6771319317226049,7075724721.0,0.9144268020717139,0.45248814122869274,586.36
CIK0001785445,1785445,,19,-0.09381038301757523,0.10291389474768778,-0.9115424427940022,,-0.9115424427940022,331172613.0,0.9635031463057546,0.140121049703907,235.10526315789474
CIK0001787258,1787258,,24,-0.001622581449349375,0.055767020237760256,-0.029095717188642654,,-0.029095717188642654,1823310806.0,0.9598554484486618,0.5657354538219503,354.4583333333333
CIK0001787596,1787596,,23,-0.053956240124812566,0.08227619666251527,-0.6557940487310255,,-0.6557940487310255,682814808.0,0.9716768149652333,0.27760512928693776,75.04347826086956
CIK0001789082,1789082,,23,0.03900199886939365,0.09973567571016854,0.39105363843877883,,0.39105363843877883,1240383451.0,0.9577678466232896,0.3355878662387792,18.0
CIK0001789382,1789382,,25,-0.02636304707526351,0.0866565872185825,-0.3042243864065052,,-0.3042243864065052,154791000.0,0.9355682580504124,0.1041989140346108,78.56
CIK0001789779,1789779,,24,-0.040173724199464966,0.06443239769594782,-0.623501928141726,,-0.623501928141726,2779364035.5,0.9808606601267672,0.49022434748841925,63.166666666666664
CIK0001792430,1792430,,21,0.07591876953050643,0.1264872527513109,0.6002088580307092,,0.6002088580307092,110287000.0,0.9457998755586571,0.1716079110236692,42.333333333333336
CIK0001792565,1792565,,13,-0.01026022163742559,0.04626322977695216,-0.22177919022189765,,-0.22177919022189765,148151000.0,0.9971635914789522,0.06557728100723488,86.07692307692308
CIK0001792942,1792942,,20,-0.05693942153901947,0.110110464410104,-0.5171118098813536,,-0.5171118098813536,207464506.0,0.9891215879323745,0.08174549080880766,90.65
CIK0001793755,1793755,,24,-0.02043286977647955,0.04012822726779286,-0.5091894451031658,,-0.5091894451031658,2193601500.0,0.8760134899735678,0.114705722139297,1057.3333333333333
CIK0001794499,1794499,,25,8.714139436120538e-05,0.090099450997253,0.00096716898266037,,0.00096716898266037,204302578.0,0.9694583044421335,0.12015464797835688,62.36
CIK0001794820,1794820,,25,-0.04036516718277958,0.08771112305233526,-0.46020579576633824,,-0.46020579576633824,176125602.0,0.9251818246033239,0.04565455108993716,133.96
CIK0001795356,1795356,,25,-0.03338830994493366,0.045863048089982594,-0.7280002384047896,,-0.7280002384047896,176157865.0,0.9521777412727644,0.07893584603108317,87.6
CIK0001795816,1795816,,24,-0.03207196695648968,0.12602466008631213,-0.2544896128584291,,-0.2544896128584291,245929373.0,0.9989127772501808,0.5589531818066278,34.166666666666664
CIK0001796409,1796409,,25,0.02010293832450581,0.09528447966872002,0.210978098363728,,0.210978098363728,1092217455.0,0.9939687585023088,0.08223206824463515,22.0
CIK0001798485,1798485,,25,-0.046065560970903446,0.10381611671117202,-0.4437226360351689,,-0.4437226360351689,117986000.0,0.9547820279647277,0.1339567636320649,42.48
CIK0001799367,1799367,,24,-0.05061039636521685,0.05973968817019111,-0.8471821315728938,,-0.8471821315728938,189941500.0,0.945476292489363,0.09266084393305435,38.541666666666664
CIK0001799425,1799425,,25,-0.049493690460163366,0.06688663012276878,-0.7399638816881486,,-0.7399638816881486,228649000.0,0.9530034927101937,0.05609526397489143,40.8
CIK0001799544,1799544,,24,0.06449484525719357,0.12341662985561781,0.5225782403197965,,0.5225782403197965,324680000.0,0.9266327732533672,0.12915586885826277,292.8333333333333
CIK0001799802,1799802,,25,-0.12656525002115415,0.3090945732770473,-0.40947095472586115,,-0.40947095472586115,3615715162.0,0.9977141330273901,0.04497467814369396,40.88
CIK0001799859,1799859,,25,-0.025547523919834624,0.06492299804755956,-0.39350499341285333,,-0.39350499341285333,158021757.0,0.9546988846412648,0.059110491766304785,88.68
CIK0001799877,1799877,,25,-0.038669793453739755,0.06282711505479416,-0.6154952908275865,,-0.6154952908275865,489591000.0,0.9331345934642071,0.09045638323919213,161.8
CIK0001799900,1799900,,25,-0.0028331143844218974,0.07582581827786947,-0.037363452827703196,,-0.037363452827703196,153713000.0,0.9319928305932532,0.09404151689730122,469.68
CIK0001800135,1800135,,25,-0.05865507443031723,0.07784763826905552,-0.753459908778321,,-0.753459908778321,201430569.0,0.957138227466781,0.07892463612884695,82.48
CIK0001800358,1800358,,25,-0.057483846789472465,0.08716102470334038,-0.6595132054012028,,-0.6595132054012028,145207000.0,0.9569061440076186,0.1026406048793836,68.92
CIK0001800911,1800911,,13,-0.04467826999780322,0.10509035124000995,-0.4251415041416576,,-0.4251415041416576,132790609.0,0.9996812901816993,0.06066574001015796,327.46153846153845
CIK0001800916,1800916,,16,-0.018256893553288394,0.09402285127150514,-0.19417506814572677,,-0.19417506814572677,1141307225.5,0.9912092178287695,0.10894582216283837,63.3125
CIK0001801097,1801097,,25,0.008573313762857386,0.03555533312007431,0.24112595805029025,,0.24112595805029025,397638000.0,0.9088565620711746,0.07644581744367394,199.8
CIK0001801107,1801107,,14,0.01928681941684422,0.07126693580712815,0.27062787529548715,,0.27062787529548715,116056486.0,0.8144870286172606,0.11350283171926327,120.07142857142857
CIK0001801112,1801112,,13,-0.039914821555624966,0.10496405179426291,-0.3802713488337926,,-0.3802713488337926,313700000.0,0.9996857054593463,0.11921683175224707,225.53846153846155
CIK0001801145,1801145,,25,-0.06328275083847529,0.08032049934580707,-0.7878779558434488,,-0.7878779558434488,113928985.0,0.9131207960121915,0.09933847036200938,119.2
CIK0001801547,1801547,,25,0.06245123678102564,0.11770026700282932,0.5305955404371617,,0.5305955404371617,779730301.0,0.9684349650835654,0.17083032381712837,18.08
CIK0001801563,1801563,,25,-0.047841607172247766,0.0617211700111219,-0.7751247612784504,,-0.7751247612784504,169655000.0,0.9460511736080582,0.08434105930970803,51.56
CIK0001801577,1801577,,15,-0.038066019990413376,0.2630423370575677,-0.14471442284134312,,-0.14471442284134312,199480961.0,0.9999315360593307,0.12579119513013026,12.866666666666667
CIK0001801583,1801583,"Mission Creek Capital Partners, Inc.",25,0.00971126477235081,0.09399616854878087,0.10331553851691687,,0.10331553851691687,384425091.0,0.905030504955305,0.21052744008446408,213.36
CIK0001801585,1801585,,24,-0.02840226783817275,0.07587383753844469,-0.3743354594794664,,-0.3743354594794664,233688331.0,0.9435337147914297,0.27322522684173306,73.54166666666667
CIK0001801619,1801619,,18,-0.02574448976294968,0.09988820060470376,-0.25773304160633664,,-0.25773304160633664,160313627.5,0.9777883111439868,0.06806071774243218,531.7222222222222
CIK0001801792,1801792,,25,0.011171258787035999,0.059131347650046816,0.1889227834408964,,0.1889227834408964,145637000.0,0.9547984123032087,0.052920721291791435,39.52
CIK0001801857,1801857,,16,-0.046370632335125866,0.049920452159115024,-0.9288904712935624,,-0.9288904712935624,423847186.5,0.9986431610406078,0.07891133891628262,143.5
CIK0001801868,1801868,,13,-0.05807699444695136,0.08872730795765177,-0.6545560299582349,,-0.6545560299582349,1323954000.0,0.9996753266612561,0.193316440259055,338.3076923076923
CIK0001802131,1802131,,21,0.01528298578375604,0.1827702979262812,0.08361854172691156,,0.08361854172691156,124053000.0,0.9961533059777743,0.22514958385151723,33.42857142857143
CIK0001802136,1802136,,24,-0.03633650445284407,0.06713440814943705,-0.5412500899818579,,-0.5412500899818579,162175000.0,0.9139927172601574,0.06392789165161825,197.54166666666666
CIK0001802279,1802279,Hummer Financial Advisory Services Inc,12,-0.03806221103835173,0.08945132843343695,-0.42550749892802087,,-0.42550749892802087,93848000.0,0.9998215246994051,0.06571647201289565,97.0
CIK0001802291,1802291,,16,-0.02532834121175242,0.062248760687352536,-0.4068890839152844,,-0.4068890839152844,176323000.0,0.9962735229248865,0.08916638017744358,133.625
CIK0001802376,1802376,,14,-0.08161478401620216,0.10390710750322778,-0.7854591083877103,,-0.7854591083877103,259944500.0,0.9907293308239454,0.13333505988046357,153.28571428571428
CIK0001802473,1802473,,25,-0.05998260486930539,0.07351601871292864,-0.815912040910411,,-0.815912040910411,795798000.0,0.9335919702862274,0.10156890538256529,278.2
CIK0001802493,1802493,,25,-0.008373238893795733,0.09945213671497521,-0.0841936550606713,,-0.0841936550606713,170362000.0,0.9715393867548684,0.14124318933916732,68.96
CIK0001802528,1802528,,15,-0.12274293347519187,0.16808072019748652,-0.7302618249702553,,-0.7302618249702553,279600000.0,0.9999982317353019,0.23325912659139528,18.8
CIK0001802533,1802533,,25,-0.027999011931085872,0.048305038879361974,-0.5796292183896579,,-0.5796292183896579,409224000.0,0.9082010051652134,0.17328153075702388,208.72
CIK0001802534,1802534,,25,-0.011110889441918646,0.06486694275099932,-0.17128739185730935,,-0.17128739185730935,585760000.0,0.9504025624733171,0.0559177458059533,63.64
CIK0001802611,1802611,,25,0.03521315696479678,0.15519416901462016,0.22689742267975097,,0.22689742267975097,414643000.0,0.9853402146294357,0.08354866420600755,87.72
CIK0001802654,1802654,,25,-0.044371616112687556,0.08335579142991333,-0.532315935707133,,-0.532315935707133,134198000.0,0.9112271429998787,0.11307618592470003,156.08
CIK0001802695,1802695,,15,-0.09760653228249097,0.29442783379097437,-0.3315125850198068,,-0.3315125850198068,301796970.0,0.997779403560603,0.23780019701408917,17.0
CIK0001802893,1802893,,25,0.02325876312398723,0.18754205198655605,0.12401892203571759,,0.12401892203571759,112902537.0,0.9807344489251519,0.18968284171572639,15.64
CIK0001803054,1803054,,25,0.023774465556226965,0.09059188352213395,0.2624348300462632,,0.2624348300462632,213399119.0,0.9290209034699418,0.2071118934643118,100.12
CIK0001803081,1803081,,22,-0.04700885933102617,0.08682576133396061,-0.5414160337636628,,-0.5414160337636628,151956611.0,0.9465341633222238,0.05618432143040271,140.63636363636363
CIK0001803140,1803140,,25,-0.045263782672999804,0.09201077141150879,-0.49194004112386225,,-0.49194004112386225,186023000.0,0.9227038462228482,0.08775687278827633,154.56
CIK0001803146,1803146,,25,0.04323679882974321,0.21687694202833746,0.19936097597546862,,0.19936097597546862,468841955.0,0.9940638088295214,0.08137217890607366,49.16
CIK0001803227,1803227,,25,-0.05613278571519416,0.08333784918274437,-0.6735569283862644,,-0.6735569283862644,566853836.0,0.9454192212190168,0.05600759442544744,130.92
CIK0001803291,1803291,,25,-0.029246609755680376,0.04102076826095609,-0.7129707948959016,,-0.7129707948959016,355709000.0,0.9254963227814644,0.1393242117452181,110.92
CIK0001803340,1803340,,13,0.008272443380275388,0.08656898706886439,0.09555897163846518,,0.09555897163846518,137814000.0,0.999883134695935,0.07759379078488,29.615384615384617
CIK0001803397,1803397,,25,-0.05708682413964281,0.06647418009062024,-0.8587819219447645,,-0.8587819219447645,194469866.0,0.9305129639791291,0.08052470627980825,102.4
CIK0001803566,1803566,,22,-0.047529776373710426,0.08099931265097397,-0.5867923420207606,,-0.5867923420207606,189289011.5,0.9528572816617867,0.14867300648700316,120.0909090909091
CIK0001803988,1803988,,25,-0.03283685553944121,0.07080515473650832,-0.46376362936726206,,-0.46376362936726206,180766000.0,0.9378160965728303,0.1094875153962311,52.92
CIK0001803994,1803994,,21,-0.07108110412559529,0.06274850919113682,-1.1327935123814838,,-1.1327935123814838,390297687.0,0.9879542322897452,0.10765387390915758,58.333333333333336
CIK0001804329,1804329,,15,-0.08884795185866162,0.07271305201191504,-1.2218982616994107,,-1.2218982616994107,975642827.0,0.858885186457395,0.12927805337530668,581.3333333333334
CIK0001805754,1805754,,25,-0.04016063771588529,0.1153702032927162,-0.3481023398502115,,-0.3481023398502115,113540000.0,0.9930184428245797,0.12853402446241002,25.32
CIK0001806473,1806473,,23,-0.05736125356163214,0.0741661424233739,-0.7734156272095335,,-0.7734156272095335,207115000.0,0.9360192847902039,0.056431691906281785,205.47826086956522
CIK0001806580,1806580,,16,0.008547517530580714,0.10385399077931547,0.08230321691324462,,0.08230321691324462,214542927.5,0.999187025168619,0.12860662679113527,62.25
CIK0001807328,1807328,,23,-0.06521278149636531,0.1200674240526198,-0.5431346762857125,,-0.5431346762857125,664201000.0,0.967079013190734,0.05710495825979578,150.7391304347826
CIK0001811034,1811034,,19,-0.029892381400040885,0.10036286481849485,-0.2978430463648606,,-0.2978430463648606,168689308.0,0.9962563408876387,0.10321672849620028,38.05263157894737
CIK0001811522,1811522,,14,-0.0646034254404263,0.14070585562192148,-0.4591381442794981,,-0.4591381442794981,251288956.0,0.9828434954259119,0.25982549628010765,16.214285714285715
CIK0001812177,1812177,,12,-0.024680893216356792,0.09557942010856606,-0.258223927157185,,-0.258223927157185,143667500.0,0.9997233014615071,0.09907041408398508,252.16666666666666
CIK0001812178,1812178,"JACKSON SQUARE CAPITAL, LLC",25,0.03960049451253729,0.07050041293578027,0.5617058519570158,,0.5617058519570158,307573000.0,0.9124350522713356,0.18991545499563642,173.76
CIK0000720672,720672,,23,-0.0648942245479798,0.062176696805243285,-1.043706531229236,,-1.043706531229236,71132925573.0,0.8672031439179327,0.06869053201938317,3244.695652173913
CIK0001092903,1092903,,14,-0.09432236149896848,0.054479680622119935,-1.7313310287140138,,-1.7313310287140138,1503096558.5,0.9492510333141297,0.10258357870572343,479.57142857142856
CIK0001125725,1125725,,23,-0.09308684166049852,0.08969899992927953,-1.0377690022387596,,-1.0377690022387596,477076000.0,0.9905336328030512,0.11178964708919067,99.04347826086956
CIK0001224014,1224014,,13,0.018738603859142354,0.14783595383730758,0.12675268344742815,,0.12675268344742815,755593000.0,0.9996355998023473,0.17242513931660203,49.07692307692308
CIK0001276470,1276470,,19,0.031196478588894155,0.07310613092380618,0.4267286230829913,,0.4267286230829913,356244023.0,0.9761661069002516,0.17675332081950174,105.15789473684211
CIK0001278249,1278249,,24,-0.030003563997647892,0.03996235578506397,-0.7507956777503144,,-0.7507956777503144,1085643631.5,0.907276362850027,0.06924352614963976,218.0
CIK0001306923,1306923,,23,-0.08506949702362944,0.19888743057371583,-0.4277268642738272,,-0.4277268642738272,1172888402.0,0.999088816322333,0.1211131838306904,38.30434782608695
CIK0001317410,1317410,,18,-0.0123335470458798,0.1269115902211536,-0.09718219607991077,,-0.09718219607991077,140369873.0,0.9992416476266127,0.30114774443104597,18.666666666666668
CIK0001331693,1331693,,16,-0.016133973667314977,0.23988537653135147,-0.06725701207998336,,-0.06725701207998336,50663707.0,0.9999977087073215,0.2822653945647684,18.75
CIK0001426851,1426851,,19,-0.10702184002021523,0.1049202638034048,-1.0200302223668463,,-1.0200302223668463,185502000.0,0.922809303231307,0.11238927566201055,138.73684210526315
CIK0001472800,1472800,,24,-0.027508970364003293,0.04657635281489347,-0.5906209632203245,,-0.5906209632203245,176651521.5,0.9400678325546812,0.08367864384819397,46.333333333333336
CIK0001474069,1474069,KEYWISE CAPITAL MANAGEMENT (HK) Ltd,22,0.07591193090781784,0.17534877940846366,0.4329196425720196,,0.4329196425720196,494484122.0,0.9702419450689461,0.25289713773618044,16.59090909090909
CIK0001534261,1534261,,23,-0.07010267194985817,0.19194501436725545,-0.36522267681825643,,-0.36522267681825643,1343816497.0,0.9994882195825641,0.17524751163934552,41.608695652173914
CIK0001536139,1536139,,22,-0.06151816695973023,0.05906388578682415,-1.041552991953172,,-1.041552991953172,335205051.5,0.9304575273251711,0.07759539902925684,226.72727272727272
CIK0001542165,1542165,,23,-0.07291764503486918,0.09797826149638077,-0.7442226869485151,,-0.7442226869485151,303595000.0,0.9536069813172923,0.09988031817108926,60.869565217391305
CIK0001542300,1542300,,24,-0.03836806478949892,0.09005628460887317,-0.4260453887841877,,-0.4260453887841877,166983000.0,0.9944233407772426,0.07733499008451304,25.625
CIK0001544599,1544599,,24,-0.0444292582190887,0.03486390746053358,-1.2743625557988445,,-1.2743625557988445,16760533500.0,0.8858389899256792,0.11607779088099696,639.125
CIK0001571075,1571075,,24,0.04067534566751416,0.08602595423995282,0.4728264397173958,,0.4728264397173958,160501500.0,0.9497685824725001,0.1776915004819715,56.875
CIK0001599466,1599466,,15,-0.08082783971421766,0.10724711993433306,-0.753659769718766,,-0.753659769718766,154842696.0,0.9895608053904695,0.12685700037017533,27.0
CIK0001599576,1599576,,18,-0.095140449659768,0.067088020593021,-1.418143638997585,,-1.418143638997585,821984500.0,0.9502331697932868,0.1020420296678761,131.05555555555554
CIK0001600698,1600698,,19,-0.02868420322201129,0.11008858791555387,-0.26055564672600845,,-0.26055564672600845,120360764.0,0.999210475717584,0.17510325739685842,11.842105263157896
CIK0001640951,1640951,,20,-0.044945073319248484,0.06609444051665427,-0.6800129173733356,,-0.6800129173733356,1460396765.0,0.9799173296381678,0.08883633071581543,98.7
CIK0001661462,1661462,,13,-0.1351549106954166,0.08806222895369857,-1.5347659524199522,,-1.5347659524199522,209150000.0,0.999975602075511,0.31928294338322927,33.84615384615385
CIK0001680843,1680843,,12,0.16435810881961957,0.6075808632667806,0.2705123198505202,,0.2705123198505202,131556627.5,0.9975728357519359,0.12197350501580206,13.666666666666666
CIK0001730464,1730464,,24,-0.057707545744110154,0.05083469895908887,-1.135199911152854,,-1.135199911152854,4233300267.5,0.9326957019958693,0.18590262654295792,100.29166666666667
CIK0001733510,1733510,,12,-0.08037943874527773,0.09486928392184289,-0.8472651570744751,,-0.8472651570744751,551741000.0,0.999705407637336,0.1386071706207996,314.6666666666667
CIK0001755723,1755723,,14,-0.0756566961159635,0.08789072226022515,-0.8608041232183644,,-0.8608041232183644,242064500.0,0.9296003645233083,0.08285630173750581,206.21428571428572
CIK0001766157,1766157,,24,-0.054627356363348006,0.05695520584935014,-0.9591284158628504,,-0.9591284158628504,413332430.0,0.9019923391581953,0.10371335664716458,194.125
CIK0001767141,1767141,,15,-0.14725748324857643,0.10263964295111226,-1.4347037753808871,,-1.4347037753808871,150071092.0,0.9998980675710126,0.13506173760335793,26.4
CIK0001767640,1767640,,20,-0.13795989280857784,0.21237668848455607,-0.6495999810135048,,-0.6495999810135048,25192767458.5,0.9901859369242458,0.1493869840834721,33.65
CIK0001776878,1776878,,24,-0.0405852726869281,0.07070247642446263,-0.5740290119701915,,-0.5740290119701915,450305000.0,0.9250834834342916,0.08185658878622101,287.2083333333333
CIK0001790604,1790604,,20,-0.11464576941271568,0.12549577670525106,-0.9135428491761469,,-0.9135428491761469,523709130.5,0.995019951492343,0.2144709681980041,20.45
CIK0001791827,1791827,,24,-0.06366640159543312,0.213455454287233,-0.2982655177747994,,-0.2982655177747994,2714100570.0,0.994706699932944,0.37210182161034866,77.91666666666667
CIK0001792126,1792126,,17,0.09123030136662412,0.27262435847941224,0.33463738117459624,,0.33463738117459624,810916000.0,0.9995091824557882,0.3749469073210637,46.529411764705884
CIK0001796874,1796874,,15,-0.07278324871664472,0.05513746423931227,-1.3200325716486465,,-1.3200325716486465,903795106.0,0.8459163490458679,0.08507772182799983,421.06666666666666
CIK0001798736,1798736,"Capital Square, LLC",16,-0.12733660649867895,0.09768591587251903,-1.3035308658235571,,-1.3035308658235571,110322526.5,0.9733980507910801,0.1412736452355383,154.375
CIK0001801413,1801413,,24,-0.07101432173711748,0.06777120056942815,-1.0478539724594553,,-1.0478539724594553,142803317.5,0.9313441537579866,0.11615281898667872,89.0
CIK0001802882,1802882,,24,-0.04982007720951078,0.06703472845049485,-0.7431980163060781,,-0.7431980163060781,301566802.0,0.907907343885185,0.09458082265783423,96.45833333333333
CIK0001802952,1802952,,19,-0.05572774277491118,0.058772025670147186,-0.9482018381633096,,-0.9482018381633096,167778000.0,0.924333224338782,0.1562936875608767,203.57894736842104
CIK0001806425,1806425,,24,-0.014234494217861555,0.06135557340484969,-0.23200001935394557,,-0.23200001935394557,357383485.5,0.9001811505959242,0.06504433136793698,276.1666666666667
CIK0001808195,1808195,,24,-0.02168733871111334,0.09281964403278475,-0.23365031116673826,,-0.23365031116673826,234670000.0,0.9560538552588483,0.06578887349228467,86.08333333333333
CIK0001815025,1815025,,24,-0.07705747863916525,0.076867011547612,-1.0024778781653338,,-1.0024778781653338,259992330.0,0.9250784285577861,0.09433758018009798,120.41666666666667
CIK0000024386,24386,,23,-0.06006814379445428,0.09969707934197745,-0.6025065547527787,,-0.6025065547527787,10305277000.0,0.9887899886655404,0.09703758864431222,100.52173913043478
CIK0001065349,1065349,,19,-0.027943599409784792,0.04169939927984642,-0.6701199511511876,,-0.6701199511511876,2016395000.0,0.8777944191263694,0.12070806699700937,249.47368421052633
CIK0001065350,1065350,,23,0.0009476623726262018,0.05900914573171054,0.016059584676970245,,0.016059584676970245,1815119000.0,0.9093258271336865,0.10125718353405894,153.0
CIK0001065521,1065521,,19,0.04273916717901229,0.18003000814165895,0.2374002402138849,,0.2374002402138849,17517924000.0,0.9827152147643441,0.10955103703171726,23.526315789473685
CIK0001300979,1300979,,17,-0.0622533521760502,0.1846198435399761,-0.337197513450909,,-0.337197513450909,920790000.0,0.9991489820255695,0.11287093270206744,16.176470588235293
CIK0001312908,1312908,,20,-0.06549114123155683,0.0769214559100484,-0.8514027777430405,,-0.8514027777430405,3155308553.5,0.9979797438511575,0.1306988670409553,26.95
CIK0001317195,1317195,,12,-0.07600076637969576,0.10013686263483834,-0.7589689189217379,,-0.7589689189217379,1636219931.0,0.9954232180814794,0.2727126628433156,57.166666666666664
CIK0001337263,1337263,,23,-0.03033317201210369,0.06900167850655047,-0.4396004947668759,,-0.4396004947668759,1163712302.0,0.9270071501884006,0.18813050265679362,215.69565217391303
CIK0001376192,1376192,,12,-0.08383434435119665,0.07196410820461882,-1.1649466163117974,,-1.1649466163117974,8188678500.0,0.9850150824671996,0.2171355831085523,150.41666666666666
CIK0001387508,1387508,,12,-0.06705823756447234,0.04946111821974498,-1.3557768197604356,,-1.3557768197604356,1191995775.0,0.8476238000935967,0.441550302616138,1091.75
CIK0001415912,1415912,,12,-0.05690601419969459,0.07516355321023926,-0.7570958498863023,,-0.7570958498863023,8241579500.0,0.9345881129864976,0.2286987249995165,554.0833333333334
CIK0001422848,1422848,,22,-0.014105761756395286,0.028822800593717567,-0.4893959457392593,,-0.4893959457392593,407589347428.5,0.9025126933681569,0.10445688799025447,423.3181818181818
CIK0001422849,1422849,,22,-0.001777529055198663,0.02622311890369741,-0.06778480704720694,,-0.06778480704720694,571383369233.5,0.9010904141901018,0.10002239484512343,548.2272727272727
CIK0001446114,1446114,,23,-0.07171093725102681,0.07679042506433538,-0.9338525889012771,,-0.9338525889012771,3841836000.0,0.9073712056767869,0.11927862914377103,1970.1304347826087
CIK0001466153,1466153,,19,-0.03132542524917706,0.04754415395569447,-0.658870179434698,,-0.658870179434698,65760841531.0,0.9694471233053356,0.12691726499403985,318.3157894736842
CIK0001512162,1512162,,18,-0.014804596493317454,0.1078157040782003,-0.13731391562684445,,-0.13731391562684445,1774830000.0,0.9756358525945532,0.36019460056080543,95.11111111111111
CIK0001520710,1520710,,23,-0.09364235749496187,0.10093715155108603,-0.9277293449846602,,-0.9277293449846602,1375957000.0,0.9922266621368362,0.10486736855879225,134.04347826086956
CIK0001533964,1533964,,18,-0.03675781646305529,0.047276849320481845,-0.7775013984609085,,-0.7775013984609085,1286253000.0,0.9237844813455148,0.6603927880371977,1412.2777777777778
CIK0001535845,1535845,,15,-0.0841762372215537,0.05631504915364767,-1.4947378806134262,,-1.4947378806134262,33669870942.0,0.8065631586086631,0.2617783760382561,1071.8666666666666
CIK0001562230,1562230,,14,-0.017249324072294948,0.03446728126516918,-0.500455023957033,,-0.500455023957033,391410316713.5,0.9979016564411423,0.08927730183007038,438.92857142857144
CIK0001595855,1595855,,23,-0.009728125437265766,0.24239186191654963,-0.040133878094202206,,-0.040133878094202206,471486000.0,0.9998156065273689,0.23300421063347979,46.04347826086956
CIK0001631562,1631562,,22,-0.07435799460805446,0.053897904499261656,-1.3796082667056913,,-1.3796082667056913,5632590500.0,0.9575368312212595,0.20338355716515305,66.77272727272727
CIK0001632965,1632965,,23,-0.028716914346377687,0.057919960606557255,-0.49580341638103553,,-0.49580341638103553,504807995.0,0.9098852955528757,0.2024145558977521,170.08695652173913
CIK0001638520,1638520,,15,-0.08796675952780561,0.05205209177445161,-1.689975494272102,,-1.689975494272102,309410000.0,0.9141630120574503,0.1207035428186547,110.26666666666667
CIK0001671754,1671754,,19,-0.043939890993012154,0.08867742691335778,-0.49550254807181754,,-0.49550254807181754,987639567.0,0.9902703830340562,0.5073375306276063,137.78947368421052
CIK0001703081,1703081,,15,-0.05264866432233105,0.05659085228522793,-0.9303387772835046,,-0.9303387772835046,312587000.0,0.9277828198997288,0.0936973072661797,59.53333333333333
CIK0001731731,1731731,,20,-0.07000968421265505,0.052335739480056535,-1.3377031624184479,,-1.3377031624184479,273873795.5,0.9313723269435042,0.11915456266002644,112.45
CIK0001750423,1750423,,18,-0.08715267968137212,0.0674698945567063,-1.2917269287495272,,-1.2917269287495272,260110023.0,0.9953140889119475,0.09367563402802383,128.77777777777777
CIK0001767715,1767715,,12,-0.1171400160624033,0.041477909238511884,-2.82415430785483,,-2.82415430785483,612543089.5,0.9507235620693129,0.06704105396926419,262.25
CIK0001782124,1782124,,22,-0.046720393038309986,0.10414477936192487,-0.448610034258651,,-0.448610034258651,609508300.5,0.998839071951524,0.261911534478493,14.681818181818182
CIK0001791786,1791786,,23,0.05907634353632845,0.147682636646789,0.4000222698950092,,0.4000222698950092,8125178439.0,0.9982388629194869,0.16410116441866593,22.565217391304348
CIK0001798849,1798849,,23,-0.09606610542267807,0.10154105079896278,-0.9460814583353436,,-0.9460814583353436,11394845428.0,0.996599278106146,0.1818100806586332,51.34782608695652
CIK0001801265,1801265,,15,0.07949467452331255,0.14091183059359608,0.5641447860503275,,0.5641447860503275,564502259.0,0.999729725663883,0.2767236391502114,19.066666666666666
CIK0001802167,1802167,,20,-0.0846020656902437,0.047979979900742376,-1.763278472849217,,-1.763278472849217,301497479.5,0.9066853545252519,0.2545279192525143,119.35
CIK0001802244,1802244,,18,-0.024283971101354898,0.11349673661446244,-0.2139618444133535,,-0.2139618444133535,105019503.5,0.9777185060634768,0.11698169843768007,101.88888888888889
CIK0001802696,1802696,,20,-0.09099857091827959,0.08435368433569282,-1.0787741120350514,,-1.0787741120350514,148387481.5,0.9080990875529753,0.10040208350908113,149.35
CIK0001802955,1802955,,22,-0.05048943298613117,0.08518197215636814,-0.5927243958646851,,-0.5927243958646851,182367194.0,0.9278184099823747,0.06973393273581233,76.68181818181819
CIK0001803156,1803156,,23,-0.05656868088514778,0.045174231276740286,-1.2522333924422506,,-1.2522333924422506,101491000.0,0.9070787804218325,0.18064638162732738,112.6086956521739
CIK0001816444,1816444,,23,0.01045655012783612,0.14063343310375503,0.07435323092747718,,0.07435323092747718,226757869.0,0.9437250167822612,0.11320906469871712,78.78260869565217
CIK0001817646,1817646,,22,0.18551619565537178,0.16154441854517276,1.1483912432492924,,1.1483912432492924,828376753.5,0.998821556725556,0.31807915811346565,13.863636363636363
CIK0001818897,1818897,,23,-0.019053667283105112,0.06444544654070293,-0.2956557570049537,,-0.2956557570049537,377345000.0,0.9268217529501762,0.07639499502949627,100.65217391304348
CIK0001821168,1821168,,23,0.02324127662963431,0.06283721300171553,0.3698648542585755,,0.3698648542585755,179083000.0,0.9771190296245343,0.05832017206038626,52.73913043478261
CIK0001821219,1821219,,21,0.023257265071088228,0.10399423101866868,0.22363995428232827,,0.22363995428232827,228477000.0,0.9931832317779,0.0809024305342376,21.428571428571427
CIK0000941560,941560,,19,-0.0544464139647061,0.04665693138943615,-1.166952312142408,,-1.166952312142408,394410488.0,0.9171002487460926,0.3361354242275701,70.89473684210526
CIK0001025421,1025421,,13,-0.053098206075830406,0.10356817083949268,-0.5126884605994951,,-0.5126884605994951,138133000.0,0.9993926471266352,0.15303450794828596,63.84615384615385
CIK0001054677,1054677,,21,-0.08388937270643365,0.06603899993462602,-1.2703004707360448,,-1.2703004707360448,1174816000.0,0.8917434147418688,0.0653372410534234,533.952380952381
CIK0001317588,1317588,,17,0.007399628552661888,0.0912232425845064,0.08111560544062955,,0.08111560544062955,1019236291.0,0.9986172319706987,0.11152578911127484,11.470588235294118
CIK0001389426,1389426,,17,-0.032084250705779346,0.04517662875587664,-0.7101957713076452,,-0.7101957713076452,15879035000.0,0.955463970081351,0.11082433705192718,1133.6470588235295
CIK0001412665,1412665,,14,-0.0560384357172255,0.08666906865769579,-0.6465794150535896,,-0.6465794150535896,441915719.0,0.9776870122795538,0.08445846922172214,246.71428571428572
CIK0001425738,1425738,,21,-0.12917799285810577,0.22229564985100958,-0.5811089553192931,,-0.5811089553192931,2578101000.0,0.9989685689090176,0.18997028905259208,67.85714285714286
CIK0001456133,1456133,,22,0.011026271371729112,0.055561156174055326,0.19845287842445947,,0.19845287842445947,208646500.0,0.8975907966415035,0.20877218583077348,220.22727272727272
CIK0001510940,1510940,,14,-0.03299794162047642,0.1214113763047629,-0.2717862413247214,,-0.2717862413247214,779091593.5,0.9997504373984782,0.20859339645485475,21.071428571428573
CIK0001568280,1568280,,12,-0.05534081587186646,0.07892607091761816,-0.701172821946604,,-0.701172821946604,619515867.5,0.9563507077007002,0.40369317148966627,68.75
CIK0001572838,1572838,,22,-0.023446032239910663,0.03856077109055126,-0.6080280963167696,,-0.6080280963167696,1236550408.0,0.8390730103813209,0.08016453476679912,463.8636363636364
CIK0001588456,1588456,,17,-0.043600046270466,0.13198087608958758,-0.330351241495093,,-0.330351241495093,828921805.0,0.9732234201464403,0.09980526147040926,102.88235294117646
CIK0001595851,1595851,,14,-0.10123394129132923,0.1605960486100304,-0.6303638362603255,,-0.6303638362603255,290283637.0,0.999528530362524,0.34225684705600107,50.07142857142857
CIK0001599383,1599383,,18,0.02572416266392836,0.06885621109992192,0.3735924799267723,,0.3735924799267723,6043315637.0,0.95855975906055,0.13771373566578157,11.833333333333334
CIK0001605522,1605522,,14,-0.04139462103609968,0.08811031447184978,-0.46980448637923283,,-0.46980448637923283,205332934.0,0.8445888182795424,0.04585987670925978,197.85714285714286
CIK0001649451,1649451,,22,-0.06867225073020443,0.06675095494207227,-1.0287830456918845,,-1.0287830456918845,2717030115.5,0.8324562761418245,0.09880299484661215,1142.8636363636363
CIK0001705265,1705265,,19,-0.051015700033221,0.10504887547514423,-0.48563775482128435,,-0.48563775482128435,558932000.0,0.9972835838491583,0.21495958232749737,31.157894736842106
CIK0001724140,1724140,,13,0.0980651472611258,0.09201660503974504,1.0657331599729933,,1.0657331599729933,265405115.0,0.9880415202026754,0.37125877064572826,14.461538461538462
CIK0001730145,1730145,,17,0.029921564209451534,0.11125735984280805,0.2689400885585356,,0.2689400885585356,828060846.0,0.9992218310844376,0.22044333471672165,43.588235294117645
CIK0001743937,1743937,,15,-0.0846058970862327,0.10196365632375949,-0.8297652333683366,,-0.8297652333683366,1127243411.0,0.975411582146045,0.6298119005489679,16.4
CIK0001802496,1802496,,13,-0.06411084042759257,0.09552137355692715,-0.6711674888975774,,-0.6711674888975774,89500000.0,0.9625436393262199,0.10139282210924723,71.46153846153847
CIK0001819919,1819919,,17,-0.07110360020559565,0.05568010251895269,-1.2770019627539126,,-1.2770019627539126,125828000.0,0.9720568843758604,0.08159562884350707,181.58823529411765
CIK0001821549,1821549,,22,-0.008698380953879299,0.054270592031043945,-0.16027798164764967,,-0.16027798164764967,197030000.0,0.9029617435808781,0.1792634557324136,119.9090909090909
CIK0001828822,1828822,,22,-0.05893345361344538,0.05713772904780701,-1.0314280002635918,,-1.0314280002635918,125382562.0,0.9796671141931054,0.13191852962492284,23.772727272727273
CIK0001830817,1830817,,20,-0.037499450900016204,0.05052638625819288,-0.7421755972593685,,-0.7421755972593685,224020000.0,0.8673389880630211,0.08458053021518609,224.6
CIK0001830922,1830922,,21,-0.0783221983558922,0.12936450696360524,-0.6054380772054895,,-0.6054380772054895,120025000.0,0.9439170006972136,0.1344269707149286,129.57142857142858
CIK0001831193,1831193,,13,-0.09237856082452274,0.2383039501361358,-0.387650144997489,,-0.387650144997489,159505647.0,0.9960090205411257,0.1304010099379218,89.23076923076923
CIK0001831263,1831263,,22,-0.032809953328853295,0.06705449826056803,-0.48930279368250623,,-0.48930279368250623,231158870.0,0.8901326556046388,0.08125414561703748,203.3181818181818
CIK0001831542,1831542,,22,-0.026618689425861874,0.09256713985022841,-0.28756089329707285,,-0.28756089329707285,379965723.5,0.9207956303494165,0.0673786610762643,1101.4545454545455
CIK0001831577,1831577,,17,-0.04579507866046789,0.05111858427571612,-0.8958596821006078,,-0.8958596821006078,3025783744.0,0.8786028938572199,0.562909126524715,1547.3529411764705
CIK0001831984,1831984,Beacon Bank & Trust,22,-0.06750534466425573,0.07115676514494651,-0.9486848442990601,,-0.9486848442990601,401943330.5,0.8878657953741709,0.060738987308283955,139.9090909090909
CIK0001832158,1832158,,22,-0.044566375307848904,0.047219443325890446,-0.9438140767221944,,-0.9438140767221944,287608585.0,0.922466012556963,0.24845477592478402,97.45454545454545
CIK0001832187,1832187,"Codex Capital, L.L.C.",15,0.00880551410147883,0.09957013650163149,0.08843529205323201,,0.08843529205323201,162559028.0,0.9950451899543118,0.08407266623366991,37.666666666666664
CIK0001832190,1832190,,22,-0.053005495003600904,0.06309983824592062,-0.8400258459513189,,-0.8400258459513189,238749272.0,0.8703080263709427,0.10360560218370782,559.2727272727273
CIK0001832237,1832237,,21,-0.01473257819374283,0.06511336631153092,-0.22626042896942528,,-0.22626042896942528,615261000.0,0.9332947297379286,0.05973964635069897,94.42857142857143
CIK0001832439,1832439,,22,-0.021196265480333067,0.2060332214474976,-0.10287790158893693,,-0.10287790158893693,659043111.0,0.9753562457278274,0.24249011084346558,16.681818181818183
CIK0001843553,1843553,,22,-0.041389178491454535,0.07913483987394046,-0.5230209419307636,,-0.5230209419307636,283731803.5,0.9310447705485735,0.20258748352834688,151.8181818181818
CIK0000052024,52024,,20,-0.07673376368036945,0.09375952081468558,-0.8184103652832855,,-0.8184103652832855,241183477.5,0.9946895994848669,0.11677706633860871,38.45
CIK0000925953,925953,,16,-0.047743979938466914,0.07547614971437805,-0.6325704228140647,,-0.6325704228140647,198765707.0,0.9605815017307198,0.05676600587411125,102.4375
CIK0001290162,1290162,,21,0.08117897867458945,0.2603811450961825,0.31176980439186225,,0.31176980439186225,1103171000.0,0.9905126317586921,0.13880042389931452,35.666666666666664
CIK0001291422,1291422,,13,-0.03309038539033418,0.03836660182122145,-0.8624789222355932,,-0.8624789222355932,1458729698.0,0.8170323121906775,0.05965916970740109,189.76923076923077
CIK0001331074,1331074,,20,-0.03563629237961683,0.06311696388482647,-0.5646072020117352,,-0.5646072020117352,368425542.0,0.8904373441092817,0.09128779525366273,257.45
CIK0001383782,1383782,,21,0.013493595055041071,0.07260791554557963,0.18584192857318402,,0.18584192857318402,131889000.0,0.9259737134757371,0.08490764346763734,103.95238095238095
CIK0001426748,1426748,,15,-0.010354218213246606,0.02343828698244576,-0.4417651435071994,,-0.4417651435071994,3149620000.0,0.9565207409792903,0.0650042118978331,79.66666666666667
CIK0001464790,1464790,,15,0.14011992301670576,0.6003517434791759,0.2333963789364747,,0.2333963789364747,448095000.0,0.9998333587853389,0.24731058324583785,39.93333333333333
CIK0001524408,1524408,,21,-0.09263906987261655,0.08941576643206556,-1.03604849085455,,-1.03604849085455,3359957000.0,0.999092665908716,0.08033272657104422,62.0
CIK0001544204,1544204,,19,-0.07977859169343546,0.04696667361911146,-1.6986212891511885,,-1.6986212891511885,6897597298.0,0.9174804332184546,0.14133425673995226,208.26315789473685
CIK0001549358,1549358,,19,0.07807119242026238,0.14536009927534746,0.537088188632166,,0.537088188632166,197761681.0,0.9855582081141546,0.1784044789830107,53.73684210526316
CIK0001555623,1555623,,21,0.07220410252668122,0.14123940512341626,0.5112178323221214,,0.5112178323221214,1286170000.0,0.9451021275250449,0.46967451993017645,25.285714285714285
CIK0001568991,1568991,,21,-0.07544187812571708,0.10788951954542773,-0.6992512196011141,,-0.6992512196011141,171344674.0,0.8584501735698007,0.16803829664595196,105.0952380952381
CIK0001574850,1574850,,21,-0.03975520232564548,0.23731567574311158,-0.1675203384724761,,-0.1675203384724761,109066337.0,0.9442233682280569,0.11601061033819657,21.285714285714285
CIK0001595082,1595082,,12,-0.09489956706855572,0.07969778925142651,-1.1907427791602843,,-1.1907427791602843,3340528855.5,0.9265749102295698,0.5383466907530803,223.25
CIK0001631614,1631614,,16,-0.24351969784751196,0.3005484730831327,-0.8102509899577267,,-0.8102509899577267,146247447.0,0.9999847786648,0.16767399770162672,16.375
CIK0001654111,1654111,,12,-0.07774030917715595,0.18383986359471755,-0.42286970658165784,,-0.42286970658165784,385453520.0,0.9784099878937152,0.17924599114068565,12.333333333333334
CIK0001664999,1664999,,18,0.023281494067723268,0.22640212689272737,0.10283248831204096,,0.10283248831204096,69226050.0,0.9668827404037077,0.17140595212301346,29.555555555555557
CIK0001666335,1666335,,19,-0.016405439661147884,0.0959695924034529,-0.17094414230538862,,-0.17094414230538862,2699421724.0,0.9207466820891813,0.5067511537950405,68.3157894736842
CIK0001672142,1672142,,14,0.010358434057972982,0.12015130481674889,0.08621158191830648,,0.08621158191830648,106003284.0,0.9417042928829831,0.6426849793616418,58.0
CIK0001679688,1679688,,20,0.01009727783993134,0.13900898167262987,0.07263759304104135,,0.07263759304104135,899446431.0,0.9776158858112373,0.22682402194926832,45.7
CIK0001691919,1691919,,16,-0.03466294760405059,0.057064188117677564,-0.6074378475578047,,-0.6074378475578047,345687500.0,0.9597209084108058,0.49783508699682094,95.8125
CIK0001692751,1692751,,14,0.09792090363846546,0.23950063027832216,0.4088544715888826,,0.4088544715888826,44222021.5,0.9579930573997774,0.7057000060154791,31.785714285714285
CIK0001697814,1697814,,13,-0.03777435672886565,0.19892163095912896,-0.1898956717092627,,-0.1898956717092627,170673063.0,0.9850924194785781,0.3726660738367128,13.461538461538462
CIK0001699080,1699080,"Synergy Financial Management, LLC",20,-0.037963678212551324,0.0614400328905252,-0.6178980776094277,,-0.6178980776094277,467380001.5,0.8946952221926594,0.3928072361873493,167.3
CIK0001725690,1725690,,21,-0.03904043742263449,0.05621088529903529,-0.6945351814609375,,-0.6945351814609375,184792704.0,0.9427927677976806,0.7244283334910933,438.0952380952381
CIK0001727353,1727353,,21,-0.02973043324818404,0.07859549663068177,-0.3782714598411413,,-0.3782714598411413,112680060.0,0.9727552411932957,0.14005463104909888,12.428571428571429
CIK0001730469,1730469,,12,-0.06111648238395841,0.08391466886160022,-0.7283170298067994,,-0.7283170298067994,288751062.5,0.9327186296546874,0.10568305113405325,17.916666666666668
CIK0001732768,1732768,,14,0.0880174662297153,0.13220550677170456,0.6657624812888794,,0.6657624812888794,1438717848.5,0.9875208345273184,0.18573202342772918,25.5
CIK0001733356,1733356,,21,-0.0022635333922723525,0.07044170815948449,-0.03213342565576779,,-0.03213342565576779,335550000.0,0.9725030947114315,0.1660102501622024,85.47619047619048
CIK0001739877,1739877,,21,-0.023394607084638103,0.028452935599818326,-0.8222212081042013,,-0.8222212081042013,3453178000.0,0.828123637525646,0.09195406216216313,489.3809523809524
CIK0001745885,1745885,,21,-0.04460263255072293,0.05717667648873093,-0.7800843855965218,,-0.7800843855965218,248226394.0,0.94414101433256,0.07814330838904172,47.38095238095238
CIK0001745907,1745907,,21,0.10859089607854988,0.3224521893805773,0.3367658823668612,,0.3367658823668612,507608000.0,0.9520962175122131,0.5955755931522664,24.285714285714285
CIK0001749333,1749333,,21,-0.0875884930040806,0.0822018880904333,-1.0655289682104412,,-1.0655289682104412,224326880.0,0.9452376077589993,0.27441010790030973,33.857142857142854
CIK0001753384,1753384,,21,0.1865662897010126,0.19194941400440033,0.9719555053957694,,0.9719555053957694,367165000.0,0.9752402959467726,0.16506180432477136,21.38095238095238
CIK0001768757,1768757,,16,-0.11463340401459854,0.09699347917253186,-1.181867121276525,,-1.181867121276525,288633877.0,0.999884736052147,0.19042326283110272,18.25
CIK0001769704,1769704,,19,-0.06986091176942295,0.12172856829797545,-0.5739072819559076,,-0.5739072819559076,317572753.0,0.9920330282667664,0.09387668376691816,16.842105263157894
CIK0001772875,1772875,,21,-0.03194880228883988,0.06030744170809815,-0.5297655046025643,,-0.5297655046025643,999721225.0,0.9180621181533498,0.6818512525845429,1022.1904761904761
CIK0001772940,1772940,,15,-0.07012391832525094,0.07666090106675873,-0.9147285949894507,,-0.9147285949894507,102468208.0,0.9985677131358366,0.1783045567485306,18.933333333333334
CIK0001777141,1777141,Kent Lake Capital LLC,15,-0.06803099254135433,0.14183489934956303,-0.47964917557227865,,-0.47964917557227865,217605053.0,0.9999574089477206,0.3562331968414308,39.13333333333333
CIK0001781882,1781882,,21,-0.03550651236317376,0.072039451773752,-0.492875937947171,,-0.492875937947171,258158016.0,0.9663673120313241,0.09915345173573535,31.857142857142858
CIK0001792283,1792283,,21,-0.060590048496652206,0.07366386076315405,-0.8225206752306651,,-0.8225206752306651,1627706198.0,0.8516767926220437,0.09981273507021136,570.952380952381
CIK0001792460,1792460,,12,-0.073630359311836,0.08999798583129959,-0.8181334129879214,,-0.8181334129879214,126091000.0,0.9997485603369642,0.5679099407702087,24.0
CIK0001799793,1799793,,12,-0.014394612119508895,0.10079040419709724,-0.14281728735876847,,-0.14281728735876847,393705554.0,0.9996589184106011,0.4605084289183058,41.083333333333336
CIK0001800217,1800217,,18,-0.24914666958488324,0.484418758411599,-0.5143208541320785,,-0.5143208541320785,803244223.0,0.99327694303761,0.07550168230335266,110.77777777777777
CIK0001801172,1801172,,21,-0.07706626720074465,0.0828611272180764,-0.9300653972043997,,-0.9300653972043997,243539115.0,0.9687153169716021,0.2054047455106069,15.80952380952381
CIK0001802630,1802630,,20,-0.09439399303962791,0.19850692794751018,-0.47551989250287935,,-0.47551989250287935,900388165.5,0.9982048329809519,0.33777795658737964,78.55
CIK0001803120,1803120,,13,-0.024698442314280835,0.11133842594709545,-0.22183214917707839,,-0.22183214917707839,183749000.0,0.9986100095889465,0.18098402335271288,10.923076923076923
CIK0001803822,1803822,,18,0.08974355358401366,0.19032781090128617,0.47152096773506347,,0.47152096773506347,1243884622.0,0.9887116915651121,0.5033635854052249,77.72222222222223
CIK0001805589,1805589,,14,-0.01918824162239167,0.08592138496027883,-0.22332323473155938,,-0.22332323473155938,1356356456.0,0.9990852739944082,0.23010348944561854,13.071428571428571
CIK0001805591,1805591,,17,0.056567152380784635,0.1963770276159194,0.2880538170220419,,0.2880538170220419,77515769.0,0.9854981033088509,0.4923504098055463,14.764705882352942
CIK0001806755,1806755,,21,-0.04039746489532934,0.07198772732620105,-0.5611715551340056,,-0.5611715551340056,2201645000.0,0.8939041159940013,0.07012425873420437,252.14285714285714
CIK0001808696,1808696,,21,-0.087918158517609,0.10989687154078559,-0.8000060173085115,,-0.8000060173085115,370457659.0,0.9613301266619105,0.20834011245973166,17.571428571428573
CIK0001808919,1808919,,20,-0.05852557092924562,0.10383932160287798,-0.5636166533516366,,-0.5636166533516366,474917000.0,0.9751298001038146,0.12908023717718403,102.05
CIK0001808928,1808928,,21,0.01177156887672127,0.06719856697062504,0.17517589149656573,,0.17517589149656573,685576615.0,0.9848126780092079,0.596709339231289,30.285714285714285
CIK0001811805,1811805,"Capstone Triton Financial Group, LLC",20,-0.03770580350062509,0.04994797463732452,-0.7549015505213089,,-0.7549015505213089,142904753.0,0.9220941637543658,0.15061534571823298,114.0
CIK0001811907,1811907,,21,-0.014234157723967083,0.0851587542662554,-0.1671484963146431,,-0.1671484963146431,163327000.0,0.947248651792629,0.044976811125560436,79.0952380952381
CIK0001817145,1817145,,18,-0.060934380691256756,0.08829443600611082,-0.6901270730769407,,-0.6901270730769407,126643134.0,0.998317370337396,0.4345051282231839,18.166666666666668
CIK0001817534,1817534,,21,-0.06134994720987733,0.056369451841722686,-1.0883545112335393,,-1.0883545112335393,2219167347.0,0.9687434267678147,0.3671488478225293,30.714285714285715
CIK0001817652,1817652,,20,-0.008353340573604201,0.26752689886758196,-0.03122430158948769,,-0.03122430158948769,1143490042.0,0.924773964075078,0.2393803172176222,36.9
CIK0001818557,1818557,,21,-0.04464092216884717,0.12193198876635686,-0.3661132949586741,,-0.3661132949586741,167808521.0,0.9698927536849806,0.12130105898637267,78.28571428571429
CIK0001818604,1818604,,19,-0.04729594221036446,0.06510211553135986,-0.7264885606694134,,-0.7264885606694134,967476865.0,0.8378141657559076,0.29529211584073956,1044.6315789473683
CIK0001819581,1819581,,18,0.002332907132242402,0.09842806444954671,0.023701645920212365,,0.023701645920212365,310929010.0,0.9342304987170955,0.12822396965963237,76.83333333333333
CIK0001819697,1819697,,21,-0.05529406571561081,0.06252528019817791,-0.8843473478021052,,-0.8843473478021052,821170965.0,0.9454002528779635,0.6103756648516401,823.047619047619
CIK0001820788,1820788,,19,-0.026471746650189868,0.11555267877480715,-0.22908812612921506,,-0.22908812612921506,664678000.0,0.9968757384696193,0.28067729782011874,14.105263157894736
CIK0001822947,1822947,,13,-0.16798986585555545,0.19970773969947905,-0.8411785447407539,,-0.8411785447407539,167861283.0,0.9998853964591046,0.3845595343291593,26.76923076923077
CIK0001826434,1826434,,20,-0.011617837750292818,0.11697525662452173,-0.09931876266265624,,-0.09931876266265624,300007979.0,0.9965906769199868,0.5213989237625476,35.75
CIK0001827442,1827442,,21,-0.09147481981654691,0.14437621441270118,-0.6335864961370842,,-0.6335864961370842,1461971000.0,0.9871390583666957,0.2101267007127427,19.0
CIK0001827734,1827734,,21,-0.0490879419409565,0.12368614910549051,-0.39687501224002214,,-0.39687501224002214,1009577298.0,0.9701584858111209,0.26033793976303776,20.0
CIK0001829231,1829231,,19,-0.04717115073647227,0.0814324873258544,-0.5792669766619929,,-0.5792669766619929,163672000.0,0.9152219981598503,0.1833337335921987,164.73684210526315
CIK0001831187,1831187,,17,-0.04269101481728853,0.08047037790836097,-0.5305183836074895,,-0.5305183836074895,277229000.0,0.8982617423440848,0.13646330087049688,176.8235294117647
CIK0001831416,1831416,,21,-0.0417507626146302,0.0802153226871206,-0.5204836334878042,,-0.5204836334878042,206647000.0,0.9045590149588604,0.061335836079680295,330.85714285714283
CIK0001831942,1831942,,18,0.05583970256407901,0.21760260848374316,0.2566132040082484,,0.2566132040082484,660189429.5,0.9998671453289126,0.24160960155093306,30.333333333333332
CIK0001832097,1832097,,21,-0.04760624240324555,0.04559701310768651,-1.0440649322517181,,-1.0440649322517181,136998000.0,0.8781296178605066,0.10944676884871571,854.952380952381
CIK0001832521,1832521,,18,0.01801936036628042,0.047667633844004034,0.37802086892951536,,0.37802086892951536,158731288.0,0.9760359110661029,0.26426779487040425,62.27777777777778
CIK0001834499,1834499,,15,0.005314647040375328,0.06069916688879903,0.08755716614589876,,0.08755716614589876,126609000.0,0.9588713418973889,0.3822078389267038,92.93333333333334
CIK0001834780,1834780,,13,-0.024367905766237,0.09095335600686841,-0.2679165105668119,,-0.2679165105668119,186250376.0,0.983988357399843,0.3543455414878355,37.53846153846154
CIK0001835549,1835549,,14,0.03326557729997643,0.09368783640323206,0.3550682626087274,,0.3550682626087274,217534608.5,0.9973233983735975,0.3336828417502204,58.714285714285715
CIK0001836506,1836506,,12,-0.019187194837442755,0.06883712203413311,-0.2787332513316181,,-0.2787332513316181,148085674.5,0.9983194033073423,0.0583775619128383,153.58333333333334
CIK0001837309,1837309,Polar Capital Holdings Plc,21,0.028780720129179458,0.07262244619181267,0.39630612348653627,,0.39630612348653627,17026882000.0,0.9120435030637605,0.20531280075089278,306.0
CIK0001837320,1837320,,21,0.020874984327150684,0.20538261206453498,0.10163949185916528,,0.10163949185916528,165207244.0,0.9509300749625857,0.041574565899005496,15.285714285714286
CIK0001837343,1837343,"Hill City Capital, LP",14,-0.03783515001987451,0.09554967739046887,-0.3959736029716479,,-0.3959736029716479,1350114173.5,0.9988444634600373,0.13429639237681676,20.928571428571427
CIK0001838211,1838211,,21,0.004786204424713947,0.08227815498959916,0.05817102273626131,,0.05817102273626131,335176572.0,0.967100266220051,0.0946348993617024,27.0
CIK0001839430,1839430,,21,-0.04587946766413827,0.06387404822745438,-0.7182802552192359,,-0.7182802552192359,446136990.0,0.9144010503416788,0.1155140703311884,110.80952380952381
CIK0001840084,1840084,,17,-0.007938105390497122,0.029145053759038753,-0.2723654399673408,,-0.2723654399673408,172872000.0,0.9591094055906796,0.07207353887840937,118.52941176470588
CIK0001840085,1840085,,14,-0.05542131301607333,0.0862112630347954,-0.6428546696087637,,-0.6428546696087637,397320427.0,0.9227518757098029,0.10288551227488647,225.14285714285714
CIK0001840501,1840501,,21,-0.0231013691796966,0.043744456110718546,-0.5280982147810945,,-0.5280982147810945,195665334.0,0.9137873828298056,0.08863495251225992,103.57142857142857
CIK0001840735,1840735,,17,0.007674755746161218,0.4192752474080055,0.01830481478115054,,0.01830481478115054,1311243000.0,0.9974469725582111,0.19990743631674412,13.705882352941176
CIK0001840740,1840740,,21,-0.037543160035158896,0.049410605201713025,-0.7598198783514934,,-0.7598198783514934,173148000.0,0.9268659873872297,0.057923023058287185,62.57142857142857
CIK0001840755,1840755,,21,0.020737354311951985,0.06128375602915694,0.3383825609743799,,0.3383825609743799,149919051.0,0.94588929431365,0.061323183445204876,30.142857142857142
CIK0001840945,1840945,,21,-0.07375018074345571,0.08270903970124165,-0.8916822273365749,,-0.8916822273365749,1069310667.0,0.9207786892041764,0.08376528819933665,180.85714285714286
CIK0001841616,1841616,"InterOcean Capital Group, LLC",14,-0.049769138555436285,0.06422846422558212,-0.7748766711763216,,-0.7748766711763216,2432867500.0,0.9878757562981306,0.07265594917897295,353.2142857142857
CIK0001841766,1841766,"KAVAR CAPITAL PARTNERS GROUP, LLC",21,-0.05982515677946586,0.0721461957342813,-0.8292212246110245,,-0.8292212246110245,469263334.0,0.8955598789184588,0.0771034579141788,162.85714285714286
CIK0001841768,1841768,,19,-0.054922607065713766,0.0639005081940745,-0.859501882163243,,-0.859501882163243,141462803.0,0.9168587918263613,0.08036473519706966,169.73684210526315
CIK0001841769,1841769,,21,-0.04483402354636274,0.06776664333538651,-0.6615942791079346,,-0.6615942791079346,149088000.0,0.9255273354334751,0.08399496641261303,88.33333333333333
CIK0001841989,1841989,,12,-0.030952349678046814,0.07124958361315067,-0.4344214816079997,,-0.4344214816079997,131278500.0,0.9995701611367687,0.07848061777484817,44.0
CIK0001842089,1842089,STABLEFORD CAPITAL II LLC,17,-0.040521509193426855,0.08373849404179243,-0.4839053968684398,,-0.4839053968684398,237399000.0,0.872908606078778,0.17775917972794025,122.88235294117646
CIK0001842149,1842149,,15,-0.05427117478237483,0.06084884017927521,-0.891901548504379,,-0.891901548504379,202759000.0,0.9898993693696844,0.13421570273481562,78.46666666666667
CIK0001842361,1842361,,13,-0.06358809699914929,0.10748968912968995,-0.5915739222321589,,-0.5915739222321589,103657000.0,0.9804115590857312,0.21735246410746215,35.84615384615385
CIK0001842362,1842362,,16,-0.08431915425175582,0.048893249474761355,-1.7245561535408311,,-1.7245561535408311,141092280.5,0.9764756960163073,0.18461565225345042,172.8125
CIK0001842370,1842370,,21,-0.03815551889301548,0.04627602996328017,-0.82452014404958,,-0.82452014404958,366214000.0,0.9168423423696882,0.09546644448778818,96.57142857142857
CIK0001842509,1842509,,21,-0.02260821924478206,0.09520143495529192,-0.23747771506726006,,-0.23747771506726006,149043969.0,0.927654921484984,0.14108995553494946,28.19047619047619
CIK0001842526,1842526,,12,-0.005754775524285304,0.3080666758883234,-0.018680292205100736,,-0.018680292205100736,130838000.0,0.9276267729024061,0.34707577346363505,21.333333333333332
CIK0001842545,1842545,,21,-0.019550733319425844,0.12042026339819849,-0.16235418165838042,,-0.16235418165838042,428914000.0,0.9983961519514173,0.18258047976959252,25.19047619047619
CIK0001842702,1842702,,21,-0.06292412443852227,0.06491080442620997,-0.9693936932812945,,-0.9693936932812945,3733620874.0,0.9603957306112905,0.06724524621690428,65.9047619047619
CIK0001842766,1842766,,20,-0.06986654898655265,0.10280765424706677,-0.679585090204379,,-0.679585090204379,150057489.5,0.9903478883979773,0.12129736305195288,26.8
CIK0001842811,1842811,,16,-0.07293543244510146,0.0779516773355033,-0.9356493014167834,,-0.9356493014167834,147241083.0,0.9728159062804828,0.07529433654617418,145.625
CIK0001843115,1843115,,12,-0.06098646365809362,0.20423110385062493,-0.29861496367420126,,-0.29861496367420126,74386726.5,0.9951933676824609,0.5495437334335026,19.333333333333332
CIK0001843510,1843510,Quaero Capital S.A.,19,-0.09219891087172093,0.1494996168031837,-0.6167167036412368,,-0.6167167036412368,99199000.0,0.9931011234625362,0.25241641529178266,39.63157894736842
CIK0001843547,1843547,,15,-0.22200605717830035,0.1555397090294309,-1.4273271986990677,,-1.4273271986990677,176117077.0,0.9873861584795613,0.11458321438337292,316.1333333333333
CIK0001843587,1843587,,21,-0.09445088909071639,0.061753783755036165,-1.5294753348608336,,-1.5294753348608336,904149000.0,0.9937407404089285,0.12133343582470199,61.95238095238095
CIK0001843848,1843848,,16,-0.0772309026926867,0.07785647726922719,-0.9919650284669164,,-0.9919650284669164,206154093.5,0.9070144691404801,0.17358584662117915,168.0625
CIK0001844008,1844008,,14,-0.1850343562364102,0.4331956893020227,-0.42713803670043116,,-0.42713803670043116,695093329.5,0.9979658791668135,0.16019307851724723,12.571428571428571
CIK0001844107,1844107,"Elk River Wealth Management, LLC",21,-0.05844338857131447,0.058671002756350246,-0.9961204994574022,,-0.9961204994574022,457804000.0,0.9163146864494797,0.060455948024133885,107.42857142857143
CIK0001844148,1844148,,13,-0.03492648537391298,0.0981679105204543,-0.35578311882195063,,-0.35578311882195063,250591000.0,0.9441003495285353,0.08735696018558874,184.3846153846154
CIK0001844345,1844345,,15,-0.095189963841125,0.14732242572424026,-0.6461335629784589,,-0.6461335629784589,103979000.0,0.9887083689767113,0.16410282779633395,36.4
CIK0001844393,1844393,,21,0.00446736763762703,0.07703545544638653,0.057991058943244,,0.057991058943244,159808000.0,0.9287696027720084,0.0674899501881033,160.47619047619048
CIK0001844444,1844444,,12,-0.05678232516513614,0.0913282555325454,-0.6217388565322802,,-0.6217388565322802,143619600.0,0.9985319566394723,0.07440099098450675,107.33333333333333
CIK0001844571,1844571,,21,-0.029738812755187163,0.06235768358711646,-0.4769069510525821,,-0.4769069510525821,484266713.0,0.9687825507095521,0.059589110819742254,38.0
CIK0001844830,1844830,,20,-0.06052890035809869,0.1447360275179436,-0.41820202886083935,,-0.41820202886083935,140398500.0,0.9714994757482618,0.09702821661146578,13.35
CIK0001844873,1844873,,21,0.003439281948887958,0.04216649164494982,0.08156433733411501,,0.08156433733411501,452587605.0,0.9076902267031721,0.13915939720028164,82.71428571428571
CIK0001845031,1845031,,21,-0.018625862908103627,0.058170734655062534,-0.3201930148881531,,-0.3201930148881531,139798000.0,0.9538530849274706,0.07960800003943833,31.476190476190474
CIK0001845199,1845199,CoreFirst Bank & Trust,20,-0.0704652713776527,0.08250036939406714,-0.8541206771979839,,-0.8541206771979839,146566500.0,0.9168765011012588,0.07580095251529469,360.05
CIK0001845302,1845302,"Greystone Financial Group, LLC",21,-0.046746191780362364,0.08533645364958571,-0.5477869044244462,,-0.5477869044244462,417308000.0,0.9253008937539307,0.20767228013444763,91.42857142857143
CIK0001845531,1845531,,21,-0.04248169370335456,0.04387592584164575,-0.9682232998282565,,-0.9682232998282565,175691263.0,0.9181127689005542,0.0954857316568592,62.57142857142857
CIK0001845536,1845536,,20,-0.05611948036450169,0.04997949249711869,-1.1228501442965089,,-1.1228501442965089,166297259.5,0.9167961047861871,0.07805701606482879,93.15
CIK0001845565,1845565,,14,-0.05975535459097019,0.18493400388816564,-0.3231171841521344,,-0.3231171841521344,132486178.5,0.9990333966686952,0.12747737182209742,10.5
CIK0001845930,1845930,,21,-0.04584847226211247,0.06634334780894928,-0.6910786653812134,,-0.6910786653812134,588765000.0,0.9372332752661893,0.13907472099723348,53.666666666666664
CIK0001846002,1846002,,18,-0.06527606472201322,0.056075402482909764,-1.1640766152249984,,-1.1640766152249984,215864020.0,0.9524123855896115,0.10324703781679162,125.0
CIK0001846138,1846138,,21,-0.022160345024372082,0.05431163289405196,-0.40802207267060403,,-0.40802207267060403,174253603.0,0.8885110587348939,0.069726893650024,464.42857142857144
CIK0001846160,1846160,,15,-0.0348994274681944,0.05252671707382664,-0.6644128818828369,,-0.6644128818828369,183225209.0,0.9882273343376476,0.190433864966169,59.2
CIK0001846161,1846161,"OAK FAMILY ADVISORS, LLC",21,-0.032946229842292306,0.06668492265466146,-0.4940581548234151,,-0.4940581548234151,211095967.0,0.9414457329838873,0.15809815072276448,112.61904761904762
CIK0001846177,1846177,,14,-0.0720838789427293,0.09439953527919033,-0.7636041716520234,,-0.7636041716520234,153477500.0,0.9909031212277716,0.14485319483830086,162.64285714285714
CIK0001846311,1846311,,20,-0.06960228336527315,0.05200410061797344,-1.3383999056901428,,-1.3383999056901428,743471500.0,0.9422437719832949,0.10761505153404644,65.45
CIK0001846445,1846445,,13,-0.11128568002523959,0.10033454115912602,-1.1091462495106972,,-1.1091462495106972,108771000.0,0.9994461573818162,0.1604279552225498,115.53846153846153
CIK0001846503,1846503,,18,-0.053023800380581326,0.28545843185638914,-0.18574963799592892,,-0.18574963799592892,132524922.0,0.9952735005447644,0.10384659401720024,13.166666666666666
CIK0001846505,1846505,,21,-0.026604493582901057,0.0644071752221049,-0.4130672318779805,,-0.4130672318779805,120100011.0,0.9344543935734654,0.06860445096785624,90.52380952380952
CIK0001846544,1846544,,21,0.040502929301586464,0.14039101944978338,0.2885008561070888,,0.2885008561070888,133002000.0,0.9215407921940582,0.28981937037116234,22.857142857142858
CIK0001846677,1846677,,21,-0.03206149217290684,0.16291429380032751,-0.19679974927067315,,-0.19679974927067315,530581628.0,0.968405139972394,0.10337558123065234,15.571428571428571
CIK0001847343,1847343,,21,-0.029267785893870885,0.042059445142655326,-0.6958671421653329,,-0.6958671421653329,127485000.0,0.9093856669180598,0.14092520786552903,114.0
CIK0001847566,1847566,,20,-0.060921952822625934,0.23463289141131724,-0.25964796519218164,,-0.25964796519218164,221048553.5,0.9577264532346902,0.22205493311776872,25.05
CIK0001847794,1847794,,21,-0.050688139784306877,0.07296341827454243,-0.6947062100653115,,-0.6947062100653115,148374462.0,0.9104877685732259,0.12138948685443063,225.42857142857142
CIK0001847820,1847820,,21,-0.020177949189940432,0.04077623170512895,-0.49484585370385514,,-0.49484585370385514,137698087.0,0.9170266123670339,0.1798628037820887,160.0952380952381
CIK0001847921,1847921,,21,0.02347511001072549,0.1909289654155983,0.12295206208958874,,0.12295206208958874,105611000.0,0.9426937516591581,0.16828296016762484,26.047619047619047
CIK0001848530,1848530,,21,0.009470695640849916,0.15215369148840388,0.06224427122392373,,0.06224427122392373,177303698.0,0.9504791358086858,0.036975540431277605,12.761904761904763
CIK0001850858,1850858,"Bard Financial Services, Inc.",20,-0.03339304602319085,0.06778646005461725,-0.4926211812108199,,-0.4926211812108199,1014750500.0,0.9033765824285498,0.07339961506729922,259.95
CIK0001851362,1851362,,21,-0.03338932815986727,0.05860784866119938,-0.5697074525247479,,-0.5697074525247479,259842445.0,0.9361942715593272,0.08749377703425944,66.76190476190476
CIK0001851418,1851418,,21,-0.017855863328946984,0.05163565482623656,-0.3458049169385694,,-0.3458049169385694,114810874.0,0.8942371702100763,0.06456962159633764,143.85714285714286
CIK0001852688,1852688,,12,-0.0031473278896746934,0.06676545426557175,-0.047140065535409136,,-0.047140065535409136,115074251.5,0.9917644958102688,0.1190179775051899,13.0
CIK0001852930,1852930,,13,-0.09343765518366667,0.09441702419460478,-0.9896271988947802,,-0.9896271988947802,720352425.0,0.993801253756931,0.0742743564664132,337.46153846153845
CIK0001858319,1858319,,17,-0.05140104672764478,0.08127181627455887,-0.6324584472522773,,-0.6324584472522773,317876000.0,0.9998663359500175,0.12809844328048448,46.11764705882353
CIK0000765207,765207,First National Bank,15,-0.07323880153325886,0.09746215602377609,-0.7514588689571898,,-0.7514588689571898,116720631.0,0.9531136737302766,0.05325079079463853,110.6
CIK0001105838,1105838,,20,0.07709619779745606,0.1707166085628416,0.45160338203516603,,0.45160338203516603,562311025.0,0.9968539635492684,0.09560800775127337,64.7
CIK0001332905,1332905,,15,-0.05383248454384103,0.05955471242296567,-0.9039164551699548,,-0.9039164551699548,3045747000.0,0.9655341619391191,0.08532700139926017,482.6
CIK0001350694,1350694,,17,-0.07124413044968779,0.08278680601853804,-0.8605734883891196,,-0.8605734883891196,18264176000.0,0.8888321592677892,0.21039856355139014,737.0588235294117
CIK0001384484,1384484,,20,0.024340387411282118,0.30223536939648643,0.08053454319302449,,0.08053454319302449,149625938.5,0.9943631985712512,0.0850861966001047,26.75
CIK0001464811,1464811,"B. Riley Wealth Advisors, Inc.",13,-0.037573079047219654,0.0742983328867708,-0.5057055466300823,,-0.5057055466300823,3471216000.0,0.9042733501745814,0.12231557951924317,1363.3846153846155
CIK0001512848,1512848,,19,-0.11247467771216026,0.2920058589866589,-0.38517952380033793,,-0.38517952380033793,1779485386.0,0.9998907647828116,0.20676077560115735,46.78947368421053
CIK0001550509,1550509,,19,-0.03337908042458878,0.09363674841924804,-0.3564741513067577,,-0.3564741513067577,117658863.0,0.9942579542352,0.1464548883224733,35.31578947368421
CIK0001564770,1564770,,15,-0.08326818370359232,0.09399170314939491,-0.8859099357894394,,-0.8859099357894394,849650077.0,0.9105516109971393,0.1586500977034991,229.53333333333333
CIK0001568303,1568303,,20,-0.08472976989163145,0.082151698051869,-1.0313818447924465,,-1.0313818447924465,294498447.5,0.8179536436409884,0.21176385802543704,268.85
CIK0001615982,1615982,,20,-0.07305493145864125,0.329431622946702,-0.22176053046983024,,-0.22176053046983024,935854610.5,0.999908433063594,0.26362856714848143,31.35
CIK0001723643,1723643,,16,-0.0034988486756457327,0.1048099674490357,-0.03338278563324903,,-0.03338278563324903,340083558.5,0.9555919077412802,0.4674256954507998,271.8125
CIK0001731509,1731509,,20,-0.17033140587618753,0.24823361036428251,-0.6861738248291762,,-0.6861738248291762,12375358209.0,0.9995550755952471,0.07805853184049638,12.55
CIK0001736852,1736852,,20,0.12270433236738035,0.1699153854999459,0.7221496276214205,,0.7221496276214205,1514846720.0,0.994842882163861,0.3736714326012566,43.6
CIK0001764000,1764000,,18,-0.03773683832127856,0.04730263124151897,-0.7977746127272564,,-0.7977746127272564,1590003234.5,0.914003156988997,0.06539232575746183,83.61111111111111
CIK0001799883,1799883,,12,-0.409972967323452,0.2970619534709714,-1.380092477445968,,-1.380092477445968,424029827.5,0.9998139441850356,0.2375521373112363,21.5
CIK0001801467,1801467,,19,-0.05610898954850335,0.042007395175459844,-1.3356931395405847,,-1.3356931395405847,328316000.0,0.8828672706063964,0.23258535365240962,240.94736842105263
CIK0001811739,1811739,,12,-0.025289769836136056,0.11271167998567966,-0.22437576867721645,,-0.22437576867721645,262114000.0,0.9962948390131667,0.13349318902965657,115.25
CIK0001812093,1812093,,15,-0.08301924000505653,0.1561037451310523,-0.5318209369947949,,-0.5318209369947949,110928912.0,0.9718783237758392,0.10519093416966692,45.266666666666666
CIK0001828301,1828301,,20,-0.06549245929459215,0.05539127317571467,-1.1823606055139646,,-1.1823606055139646,517565539.0,0.9055527969407737,0.6721760233911372,1500.7
CIK0001828776,1828776,,14,0.0006921728526000311,0.12196176427684595,0.005675326662358616,,0.005675326662358616,383487250.0,0.9986978453587182,0.2397916852298334,32.0
CIK0001839445,1839445,,14,-0.048570961907832756,0.08335822373150369,-0.5826775059784642,,-0.5826775059784642,122400000.5,0.9835959253166049,0.07892201582959993,83.85714285714286
CIK0001843303,1843303,Catawba River Capital,19,-0.06441400989790277,0.08296597529814233,-0.7763906790087752,,-0.7763906790087752,158146640.0,0.9984976608842809,0.154618284688663,20.789473684210527
CIK0001847700,1847700,,18,-0.042344858714469455,0.10447100935262317,-0.4053264056321244,,-0.4053264056321244,102924756.5,0.9560368862034269,0.07138667030116898,104.5
CIK0001848138,1848138,Greenwoods Asset Management Hong Kong Ltd.,16,-0.09547235698344923,0.14972235609875514,-0.6376626675524758,,-0.6376626675524758,2830610652.0,0.9520744389230494,0.1934440362838395,32.9375
CIK0001855835,1855835,,20,-0.024557225130716946,0.052953996393742826,-0.4637463988023234,,-0.4637463988023234,116668500.0,0.8910796122599491,0.06562380090578483,350.9
CIK0001856637,1856637,,20,-0.007061619574422404,0.018332235555424004,-0.38520231492239687,,-0.38520231492239687,1244305967.0,0.8151070157376612,0.11255989461230588,413.95
CIK0001857493,1857493,,13,-0.037378884340073436,0.05796881393540594,-0.6448102315916749,,-0.6448102315916749,4064247719.0,0.9869194735306205,0.22107003665500724,335.46153846153845
CIK0001858699,1858699,,20,-0.08509514471424119,0.09659670301985632,-0.8809321855942357,,-0.8809321855942357,106608933.0,0.9927087912349032,0.11646338254542896,12.5
CIK0001858782,1858782,,20,-0.03834525476732076,0.051417089157589406,-0.7457686810761297,,-0.7457686810761297,274632551.0,0.8926563195799704,0.1033841449808543,150.35
CIK0001859388,1859388,,18,-0.08033227989481856,0.22074278718460147,-0.3639180283925242,,-0.3639180283925242,322789000.0,0.9698227908578497,0.2746004769771335,18.666666666666668
CIK0001859677,1859677,,20,-0.028507839575722838,0.03381992958957704,-0.8429301870227077,,-0.8429301870227077,182371366.0,0.8883932128821861,0.11259379704317035,142.55
CIK0001860501,1860501,"Howard Capital Management Group, LLC",20,-0.014177255294513663,0.028782046547287037,-0.49257287073857675,,-0.49257287073857675,1126734459.0,0.9095674988470271,0.057857471748162276,118.85
CIK0001860698,1860698,,20,-0.05549737263599974,0.08890187593642843,-0.6242542359222663,,-0.6242542359222663,196876500.0,0.9466603333483686,0.11435012222402548,81.3
CIK0001860719,1860719,,20,-0.035429235082557936,0.059450107220899766,-0.5959490527026475,,-0.5959490527026475,163112311.5,0.891391298724091,0.0984454011705965,105.9
CIK0001860790,1860790,,20,-0.05905729353592789,0.06615714377078812,-0.8926820320229643,,-0.8926820320229643,494850721.0,0.9470400229039984,0.04569904225114742,39.55
CIK0001861159,1861159,,19,0.08120053439463147,0.20504412294101548,0.3960149319529543,,0.3960149319529543,193559000.0,0.9477049535965746,0.6278049257119668,51.89473684210526
CIK0001861678,1861678,,19,-0.01659561097504607,0.06682960368076232,-0.2483272391352914,,-0.2483272391352914,115930000.0,0.9165298546449935,0.07724490088485639,184.3684210526316
CIK0001862282,1862282,,20,-0.09421343014577002,0.09744671771616051,-0.9668199437795131,,-0.9668199437795131,1760254023.5,0.8678993575574252,0.15765042349660122,439.0
CIK0001862428,1862428,,16,-0.002175950314814885,0.04370647146152432,-0.049785540720916954,,-0.049785540720916954,213398500.0,0.9063483980262264,0.05349203434947269,57.4375
CIK0001863894,1863894,,20,-0.02078871496873911,0.06658634949788003,-0.3122068580854784,,-0.3122068580854784,145449283.5,0.936222361514124,0.21796411066178317,71.5
CIK0001864916,1864916,,17,-0.09934298168204359,0.13548808071970844,-0.7332230344755813,,-0.7332230344755813,181468000.0,0.9451590146487696,0.10909684448438063,99.47058823529412
CIK0001866040,1866040,Heartland Bank & Trust Co,20,-0.014871930696319025,0.029729492222227892,-0.5002416652175183,,-0.5002416652175183,135272540.0,0.8602776021276213,0.16739992900717002,134.95
CIK0001869316,1869316,,20,-0.09281486646788076,0.0804507416310451,-1.1536856539027491,,-1.1536856539027491,262434500.0,0.9979769944973997,0.10680390223414446,42.1
CIK0000900529,900529,,14,0.02516725077389167,0.14526138402585545,0.1732549289841929,,0.1732549289841929,522404308.0,0.939009982790516,0.4312766089772879,100.07142857142857
CIK0001084208,1084208,RAYMOND JAMES & ASSOCIATES,14,-0.056745764925741904,0.07443550846162413,-0.762348052656522,,-0.762348052656522,118687777053.0,0.9357550520547798,0.05912106492475482,3809.0714285714284
CIK0001142031,1142031,,19,-0.045453299649911204,0.11308636195970177,-0.4019344053644999,,-0.4019344053644999,2494596000.0,0.9712351239211644,0.09427965685225691,202.8421052631579
CIK0001238990,1238990,,19,-0.06720673930822726,0.07575414634358113,-0.8871691194517375,,-0.8871691194517375,1698417738.0,0.9688151818750012,0.10116449117019334,204.10526315789474
CIK0001276525,1276525,,19,-0.0796063612549342,0.09949307795632327,-0.8001195951368654,,-0.8001195951368654,119274815.0,0.9770855732789762,0.1843358512402546,35.526315789473685
CIK0001305473,1305473,,18,-0.08956497206058267,0.1882694504789429,-0.47572759059839426,,-0.47572759059839426,3998112975.5,0.9260497039655115,0.15895492372679562,26.166666666666668
CIK0001308331,1308331,,18,-0.006132466808929864,0.07540076786532232,-0.08133162277234039,,-0.08133162277234039,167291642.5,0.8979136261034752,0.070213677524335,116.55555555555556
CIK0001418342,1418342,,19,-0.041580230127034455,0.0645893460985136,-0.6437629831757008,,-0.6437629831757008,213261000.0,0.9194396604943055,0.10538380101244599,93.73684210526316
CIK0001426588,1426588,,19,-0.05250777153458415,0.11429515292840603,-0.4594050595177555,,-0.4594050595177555,132827000.0,0.9791017559750719,0.10113878857017318,105.57894736842105
CIK0001605911,1605911,,18,-0.11937355353110718,0.06029536462103776,-1.9798131129552325,,-1.9798131129552325,3253237813.5,0.947505958420494,0.18651121825253905,78.94444444444444
CIK0001632958,1632958,,18,0.0249718005053544,0.2225841352671896,0.11219038803081771,,0.11219038803081771,779540377.5,0.9995917131179072,0.1289241448723617,13.055555555555555
CIK0001637946,1637946,,17,-0.05094147060349788,0.36457411335876533,-0.13972871012124935,,-0.13972871012124935,1249510756.0,0.9997467836593408,0.1971290789545051,11.647058823529411
CIK0001727407,1727407,,15,-0.06983313101311572,0.05435181554094699,-1.2848352960341485,,-1.2848352960341485,135155249.0,0.8938921458992252,0.10413444865636358,116.8
CIK0001760444,1760444,,18,-0.031001301659671687,0.08321806511618307,-0.3725309115952749,,-0.3725309115952749,133834500.0,0.875824408195007,0.1066187073234082,217.83333333333334
CIK0001797678,1797678,,19,-0.041020381616792397,0.07890291586921849,-0.5198842294211772,,-0.5198842294211772,925682238.0,0.8601060956338334,0.17169000344636554,312.57894736842104
CIK0001800641,1800641,,19,0.07827928207864046,0.10259733029809862,0.762975818665773,,0.762975818665773,388321539.0,0.9658429306650926,0.615197976225069,31.789473684210527
CIK0001806752,1806752,,19,-0.017610785379469175,0.03930083476738011,-0.44810206914968664,,-0.44810206914968664,199123000.0,0.8996586551699968,0.07698293110481813,65.78947368421052
CIK0001844250,1844250,,18,-0.0005076728866073685,0.0532161601584298,-0.009539825592017466,,-0.009539825592017466,166056108.0,0.8858744369420865,0.08245587491964969,117.5
CIK0001849561,1849561,,17,-0.028097622924737515,0.11033171252362671,-0.25466497602138904,,-0.25466497602138904,335279298.0,0.8189546279759093,0.12671580885321193,215.0
CIK0001868537,1868537,,13,-0.06347887244999907,0.0710412600251488,-0.893549360269515,,-0.893549360269515,6423229002.0,0.9871408496183177,0.11896954208778499,26.384615384615383
CIK0001870761,1870761,,19,-0.05001132690486099,0.07169919090567727,-0.6975159171497146,,-0.6975159171497146,380489827.0,0.8639872738972754,0.06068058557625888,440.10526315789474
CIK0001876496,1876496,,19,-0.019637423971368927,0.025805946629486202,-0.7609650694777856,,-0.7609650694777856,4900573000.0,0.8808940501907936,0.11416416455294767,102.26315789473684
CIK0001877728,1877728,,19,-0.049668367177729204,0.07777124022018209,-0.6386469733005837,,-0.6386469733005837,320611802.0,0.8432348914979462,0.26347827183199557,355.2631578947368
CIK0001877822,1877822,,19,-0.036606299296777264,0.07293623895095606,-0.5018945290061962,,-0.5018945290061962,377918000.0,0.9566360688358617,0.04745934450053467,55.68421052631579
CIK0001877829,1877829,,19,-0.027542731513087955,0.056212349404791626,-0.48997652301933886,,-0.48997652301933886,161071000.0,0.9094311104246131,0.0887454372837455,103.42105263157895
CIK0001877963,1877963,,14,-0.10657786809836048,0.07654547275147991,-1.3923471142650332,,-1.3923471142650332,474758341.5,0.9991753586464289,0.24276669128109085,14.357142857142858
CIK0001879757,1879757,,19,-0.039853072318206784,0.06215057034098037,-0.6412342171322972,,-0.6412342171322972,204681783.0,0.859999516483214,0.16313565070648595,1276.3157894736842
CIK0001890748,1890748,,19,0.007656925716466883,0.04848584556608307,0.15792084528494296,,0.15792084528494296,211724210.0,0.9008779636097242,0.1414835637918376,94.15789473684211
CIK0000200406,200406,,18,-0.08526183468309514,0.2295670197079143,-0.3714028033766949,,-0.3714028033766949,396060792.0,0.9998956528760267,0.23740956550317957,21.555555555555557
CIK0001093219,1093219,,18,-0.09746792112592696,0.08418127478200556,-1.1578337507481637,,-1.1578337507481637,311284410.0,0.9925776241601846,0.2538500962322654,125.72222222222223
CIK0001278641,1278641,,17,-0.08195876830132948,0.1251611296583881,-0.6548260512166691,,-0.6548260512166691,205077000.0,0.9771162260929915,0.0630082858219509,54.23529411764706
CIK0001535058,1535058,,18,-0.13487243889778697,0.16146950862331447,-0.8352811626543977,,-0.8352811626543977,177140134.0,0.9977343770145433,0.23620722297967323,62.333333333333336
CIK0001568939,1568939,,18,-0.014740961022523646,0.1639906683149467,-0.08988902340487823,,-0.08988902340487823,1047423500.0,0.9866286279836746,0.3534599566006905,104.55555555555556
CIK0001660531,1660531,,14,0.4353181405518277,0.1735875221736039,2.507773226415738,,2.507773226415738,407318685.5,0.9617297045059839,0.5954102680337374,20.642857142857142
CIK0001720777,1720777,,13,-0.025560679972690736,0.08473181923503678,-0.301665657634293,,-0.301665657634293,911467304.0,0.8365462482837511,0.16640713325369771,510.7692307692308
CIK0001789351,1789351,,13,-0.03966478980704132,0.102416483326713,-0.38728912102687957,,-0.38728912102687957,215606014.0,0.8967016491286277,0.09700246813154476,492.84615384615387
CIK0001802967,1802967,,15,0.0501520538604524,0.2839509302940954,0.17662225585299318,,0.17662225585299318,132952000.0,0.9968101404806198,0.1601392249677627,13.2
CIK0001808915,1808915,,18,-0.05184783644159796,0.11630322014326383,-0.44579880399562044,,-0.44579880399562044,2560080561.5,0.8470444281776803,0.11876804188031971,779.7777777777778
CIK0001811568,1811568,,16,-0.02952710499255773,0.07516215788206777,-0.39284536026894235,,-0.39284536026894235,3195533391.5,0.7797699567440681,0.25291335870474535,401.375
CIK0001814104,1814104,,18,-0.07387783606659756,0.09853488152688096,-0.7497632809853603,,-0.7497632809853603,167895486.5,0.9578603049235177,0.25007472657498264,44.166666666666664
CIK0001841857,1841857,,18,-0.07908329463551649,0.12407520268714971,-0.6373819499908201,,-0.6373819499908201,110893674.0,0.9985063001277733,0.1869750389659574,68.55555555555556
CIK0001846444,1846444,,18,-0.1589901539789053,0.22868050019887298,-0.6952501583617682,,-0.6952501583617682,406748495.5,0.9982865182992262,0.16417794888399462,19.77777777777778
CIK0001861026,1861026,Marathon Asset Mgmt Ltd,18,-0.02699359728800847,0.05789529413774789,-0.46624855593360004,,-0.46624855593360004,3570833289.0,0.9314239019090882,0.11587617567608613,84.5
CIK0001882673,1882673,,16,-0.0012396626468011603,0.018784166946827857,-0.06599508246377228,,-0.06599508246377228,106675000.0,0.8381908006561487,0.07722582782548687,160.4375
CIK0001885319,1885319,,18,-0.054107655858593964,0.05678265896944871,-0.9528904922504636,,-0.9528904922504636,272580930.0,0.9160516578895018,0.08738253045869254,89.22222222222223
CIK0001885946,1885946,,18,-0.021066650248607984,0.06904514660272666,-0.3051141359610903,,-0.3051141359610903,54225500.0,0.9196528696275625,0.08928048521413474,25.72222222222222
CIK0001891713,1891713,,18,-0.03867145042669865,0.0648968896426194,-0.5958906603762774,,-0.5958906603762774,345093103.5,0.8522631050896508,0.10279535239439311,296.6666666666667
CIK0001895362,1895362,,18,-0.05896064423887504,0.05605788979914387,-1.0517813718644817,,-1.0517813718644817,3373081566.0,0.8547147152329299,0.07075584940881018,248.88888888888889
CIK0000051762,51762,,14,0.013390753895548049,0.10933714708073947,0.12247213552604194,,0.12247213552604194,1840941211.5,0.9115348223761242,0.09001107847814706,173.78571428571428
CIK0000108634,108634,,17,-0.02944243721931239,0.06041187498916809,-0.48736175170223944,,-0.48736175170223944,101286453.0,0.8908487100350139,0.08753201838387423,90.94117647058823
CIK0000803016,803016,,17,0.031652536684681244,0.0814872515285816,0.3884354434607758,,0.3884354434607758,201307000.0,0.962290870142485,0.10479363756021762,38.35294117647059
CIK0000926171,926171,,17,-0.005745877462536735,0.040018364445614414,-0.14358101691183087,,-0.14358101691183087,55266215309.0,0.7892455667683781,0.21259829912893852,2565.3529411764707
CIK0001022837,1022837,,14,-0.014068078139186384,0.10018753144010355,-0.14041745451444781,,-0.14041745451444781,3279944795.0,0.9425227589086657,0.09859827682617962,148.57142857142858
CIK0001027570,1027570,,17,-0.03938709367263239,0.07872318864923035,-0.5003239115113869,,-0.5003239115113869,112477780.0,0.9018161658877915,0.11604333305742222,102.41176470588235
CIK0001039565,1039565,,17,-0.056402164850070866,0.16417896569450516,-0.3435407490283116,,-0.3435407490283116,640943336.0,0.9875747620198797,0.10368072144440191,48.23529411764706
CIK0001130344,1130344,,17,-0.01574483592923173,0.039263682645170675,-0.4010025261949364,,-0.4010025261949364,106279969.0,0.8591023178875452,0.092007041164908,319.7647058823529
CIK0001388551,1388551,,14,0.3866477772257288,0.3423075735751466,1.129533224127129,,1.129533224127129,23511181.0,0.999974163232786,0.19032394619926143,17.785714285714285
CIK0001494127,1494127,,12,-0.2417727771199428,0.21687115956734432,-1.1148221718371742,,-1.1148221718371742,1101713915.0,0.9999540700670438,0.13308299749937316,14.5
CIK0001536054,1536054,,12,-0.042710305540186684,0.10011225015917787,-0.42662416908444584,,-0.42662416908444584,946591219.0,0.9518516572701045,0.4513888589233974,252.16666666666666
CIK0001542629,1542629,,17,-0.01581707255376189,0.030050140093845934,-0.5263560337260592,,-0.5263560337260592,1186991501.0,0.8543716280490259,0.20254500331828706,317.8235294117647
CIK0001546172,1546172,,17,0.01305266134953332,0.09789827710993089,0.13332881573196337,,0.13332881573196337,165388546.0,0.9977915489861159,0.3237951245907409,41.470588235294116
CIK0001584087,1584087,,13,-0.07577727388612929,0.06230823051157658,-1.2161679646739108,,-1.2161679646739108,185175958.0,0.9884860175078021,0.2242187818045095,103.07692307692308
CIK0001594916,1594916,,14,-0.008686369041376825,0.02651791626196787,-0.32756604836179104,,-0.32756604836179104,1962770503.0,0.8700503107752134,0.11021089719367008,668.5714285714286
CIK0001600344,1600344,,17,-0.04567630600384635,0.07545107243395961,-0.6053764980294335,,-0.6053764980294335,1685484540.0,0.9191512120815046,0.5706158185756225,315.70588235294116
CIK0001602716,1602716,,17,0.03777368476940132,0.08815045969339919,0.4285137581803539,,0.4285137581803539,774205614.0,0.9899550148390351,0.17237010151200577,93.76470588235294
CIK0001610392,1610392,,12,-0.06858410517758314,0.06773223707393196,-1.0125769963967997,,-1.0125769963967997,121780520.0,0.9969067804618548,0.2383133720638246,80.83333333333333
CIK0001634556,1634556,,17,-0.042180290238010565,0.08830628645747429,-0.477658974566528,,-0.477658974566528,374311354.0,0.8664286306289805,0.18827655358656953,202.7058823529412
CIK0001636948,1636948,,17,-0.030994174126668494,0.03548768517086466,-0.8733782994211162,,-0.8733782994211162,2051279076.0,0.8880336490713102,0.15828886144616472,102.94117647058823
CIK0001643351,1643351,,17,0.18234590544799545,0.23156680661415333,0.7874440560483835,,0.7874440560483835,127295926.0,0.9993977139833199,0.1993091630605008,19.823529411764707
CIK0001656282,1656282,,12,-0.03553330449494662,0.07272026485240049,-0.48863002034014746,,-0.48863002034014746,130447609.0,0.8377672681338701,0.09908661616210104,229.91666666666666
CIK0001710207,1710207,,16,0.060015818929967504,0.13966084277559088,0.42972545300719944,,0.42972545300719944,90515369.5,0.9063027634242451,0.16508242320169367,37.625
CIK0001727612,1727612,,13,-0.09154652736645442,0.08019357438930767,-1.1415693596565428,,-1.1415693596565428,129945951.0,0.9405545906340098,0.25344874160397884,40.92307692307692
CIK0001750585,1750585,,17,-0.016317414657559124,0.11486259397443874,-0.14206030085744228,,-0.14206030085744228,102134745.0,0.9593225931932864,0.6655912348310283,24.941176470588236
CIK0001756558,1756558,,17,0.042850485412448916,0.08120239096572589,0.5276997992519699,,0.5276997992519699,1510958919.0,0.9603188019079234,0.23173106446868202,19.058823529411764
CIK0001763146,1763146,,17,0.0034189382356091323,0.041468658239394864,0.08244631923480655,,0.08244631923480655,356398944.0,0.8834429226061343,0.09357900621944784,226.1764705882353
CIK0001765876,1765876,,17,-0.01583627249255776,0.04662405479021262,-0.3396588426968564,,-0.3396588426968564,932896812.0,0.8692184312337057,0.06466448305728115,161.8235294117647
CIK0001767686,1767686,,17,0.020059267129381997,0.08322544731418502,0.24102324200402384,,0.24102324200402384,1909322637.0,0.886684887172324,0.08469410500560334,192.58823529411765
CIK0001774879,1774879,,16,-0.031356730646971046,0.07798662939241839,-0.40207829073345347,,-0.40207829073345347,833259871.5,0.8361422575913842,0.17572020872949892,218.4375
CIK0001787893,1787893,,17,0.04084335698963813,0.0765974497297333,0.5332208465514653,,0.5332208465514653,302809200.0,0.9713198394655647,0.23270642119099622,22.352941176470587
CIK0001794972,1794972,,13,-0.004982327780574554,0.053661341802331716,-0.09284761828621223,,-0.09284761828621223,95177000.0,0.944928492414243,0.20968477215091322,98.92307692307692
CIK0001795097,1795097,,17,0.028915900870841768,0.1568964637364251,0.18429925176038273,,0.18429925176038273,383644269.0,0.9620722867934794,0.18916439856455447,130.58823529411765
CIK0001798923,1798923,,17,-0.03787891138296399,0.0891981697414367,-0.424660186323511,,-0.424660186323511,133106862.0,0.9798116614591055,0.2750087535847407,73.76470588235294
CIK0001803593,1803593,,14,0.14214401627154583,0.11165907021360043,1.2730180897716825,,1.2730180897716825,225159759.0,0.9979542934032076,0.3610095769672452,59.357142857142854
CIK0001803916,1803916,,17,-0.014515912115510968,0.047324495589650864,-0.3067314703312318,,-0.3067314703312318,2709264110.0,0.9008187957253431,0.6401778242987853,1208.8823529411766
CIK0001807092,1807092,,13,0.03280096069735014,0.06760244224023296,0.4852037827245618,,0.4852037827245618,168935796.0,0.9900429445933694,0.3187448920478527,14.153846153846153
CIK0001807489,1807489,,14,-0.10696544971124289,0.45919246455626045,-0.23294251967776258,,-0.23294251967776258,93398622.5,0.999963940252823,0.1611337092282145,11.857142857142858
CIK0001808389,1808389,,17,-0.0784690638989879,0.13681324290489263,-0.5735487459528279,,-0.5735487459528279,11228717.0,0.9571665559620993,0.334948060263284,21.11764705882353
CIK0001810158,1810158,,14,-0.0021462948801120436,0.06066698447541787,-0.035378301700671494,,-0.035378301700671494,118597000.0,0.9032992700403909,0.08244505347772811,144.71428571428572
CIK0001817693,1817693,"Retirement Planning Co of New England, Inc.",17,-0.01180682449014135,0.05706544150828225,-0.2068997308645015,,-0.2068997308645015,183734111.0,0.8551332655177387,0.08512203473986074,269.11764705882354
CIK0001821336,1821336,,17,-0.037627631233561866,0.07799126795808485,-0.4824595396092203,,-0.4824595396092203,194686567.0,0.8648420648075448,0.05755705972659843,226.35294117647058
CIK0001822531,1822531,,17,0.07045270795849096,0.2593852988082723,0.2716141133735712,,0.2716141133735712,1009962046.0,0.9977366299845963,0.24937455255831392,28.941176470588236
CIK0001823823,1823823,,17,0.230401375091153,0.12791827192511032,1.8011607850865825,,1.8011607850865825,74119652.0,0.9855728510564044,0.364629664299505,23.294117647058822
CIK0001834438,1834438,,17,0.17245449144883848,0.27374600550036854,0.6299799375423082,,0.6299799375423082,335423917.0,0.9807949259523174,0.650753411655568,28.705882352941178
CIK0001834874,1834874,,16,0.010465830201691114,0.06435522213793879,0.1626259665289234,,0.1626259665289234,96894995.5,0.912834318812181,0.15953430808884728,47.5
CIK0001834913,1834913,,17,0.02799587641948697,0.08560188601618766,0.3270474252581157,,0.3270474252581157,156536000.0,0.9803548588083366,0.504252954342808,39.23529411764706
CIK0001835730,1835730,,17,0.06310510820761041,0.1468096426322597,0.4298430748504806,,0.4298430748504806,439868386.0,0.9436594309018238,0.5625506512389638,36.35294117647059
CIK0001835943,1835943,,12,0.03133449521645381,0.22425669298354653,0.13972602021056885,,0.13972602021056885,248723148.0,0.9995587499272176,0.36169462744750763,39.833333333333336
CIK0001838222,1838222,,15,-0.03653246934118088,0.07678911498744083,-0.47575062359039316,,-0.47575062359039316,373250000.0,0.909745444758146,0.36736887334459917,82.06666666666666
CIK0001838556,1838556,,14,-0.005211917728732303,0.13923684481423734,-0.037432029830975495,,-0.037432029830975495,513369324.0,0.9966918158266269,0.5084739538137589,63.57142857142857
CIK0001847838,1847838,,17,-0.013322001850010187,0.020898180463848393,-0.6374718541540435,,-0.6374718541540435,7826037808.0,0.8067042081057453,0.10517668569706344,734.3529411764706
CIK0001849517,1849517,,17,-0.05678661594424156,0.07679311643618822,-0.7394753407351276,,-0.7394753407351276,261038000.0,0.9143665949300572,0.34435855541100124,23.470588235294116
CIK0001849753,1849753,,16,0.10091169619670658,0.12325266130330716,0.8187384769464723,,0.8187384769464723,2080647695.0,0.9456507056260902,0.1591627483307483,12.0
CIK0001852042,1852042,,17,-0.09315364877332924,0.09029819854220923,-1.031622449563288,,-1.031622449563288,117737396.0,0.9841494688903125,0.16175392836107927,20.41176470588235
CIK0001854440,1854440,,17,-0.024735766073760882,0.12186252501743086,-0.2029809087725434,,-0.2029809087725434,1739889042.0,0.9972880540162918,0.11086939881411494,19.352941176470587
CIK0001855655,1855655,,16,-0.04713115464660005,0.17377953797298415,-0.2712123371704709,,-0.2712123371704709,1799976700.5,0.9996540202113251,0.2755407538063564,28.25
CIK0001856083,1856083,,17,-0.0013371519359655164,0.2157715375949927,-0.006197072843142926,,-0.006197072843142926,2667245284.0,0.9993236386138747,0.28102640027777065,58.529411764705884
CIK0001856103,1856103,,16,-0.0027569511423373994,0.07181620809688395,-0.03838898231080852,,-0.03838898231080852,228220940.5,0.9474180024754905,0.6874620969443931,53.75
CIK0001856155,1856155,,17,-0.019562327135053778,0.0909359901893617,-0.21512194560028078,,-0.21512194560028078,1120976733.0,0.9442279329588376,0.5916596168822525,42.76470588235294
CIK0001858353,1858353,,15,-0.027890930518033746,0.12650014761963377,-0.22048140687911655,,-0.22048140687911655,252328709.0,0.969066125411607,0.44177764778509715,14.533333333333333
CIK0001858789,1858789,,17,-0.015130973721659675,0.03671035921383945,-0.41217176962766144,,-0.41217176962766144,8840077103.0,0.7588889810779513,0.06596060743782636,1960.8823529411766
CIK0001860487,1860487,,17,0.060085375808709915,0.11623050654364199,0.5169501329250018,,0.5169501329250018,54509816.0,0.9842479685149532,0.3284338609083217,49.76470588235294
CIK0001861125,1861125,,16,0.10330132965618155,0.16501072036261102,0.6260279903507169,,0.6260279903507169,208812750.5,0.9148511352481489,0.13844960776661625,41.375
CIK0001861705,1861705,,17,0.014371976505210202,0.18337167387788103,0.0783762082829907,,0.0783762082829907,104980880.0,0.9928905153167307,0.3247992970950302,14.411764705882353
CIK0001864835,1864835,,17,0.08053525517931766,0.19549265123219434,0.41196052470964156,,0.41196052470964156,158544000.0,0.987994668170213,0.39677087710550857,25.647058823529413
CIK0001868643,1868643,,16,0.021643319594573482,0.1289014025607095,0.16790600539853845,,0.16790600539853845,300715686.5,0.9935423350394046,0.4068039672405283,66.5625
CIK0001869164,1869164,,17,0.07000298912288665,0.09570895132106223,0.7314152767863269,,0.7314152767863269,92745904.0,0.8932421673909314,0.23961198031915576,139.0
CIK0001872766,1872766,,14,-0.06277417007195227,0.13991613082900292,-0.4486557032353458,,-0.4486557032353458,734851122.0,0.9981934010266323,0.3370149580080422,11.714285714285714
CIK0001872787,1872787,,16,-0.08955581205715046,0.41841081952491055,-0.21403799299073953,,-0.21403799299073953,193678314.5,0.8968698864947612,0.18507245432574843,36.75
CIK0001878547,1878547,,17,0.0998084526995735,0.06520719015469713,1.530635693084264,,1.530635693084264,208299350.0,0.969403877003397,0.06558232097519856,30.470588235294116
CIK0001882903,1882903,,16,-0.03108302972725517,0.05716196361329448,-0.5437712031106376,,-0.5437712031106376,277115200.5,0.925086710113,0.1474309222604178,43.625
CIK0001886506,1886506,,13,-0.050353884686385714,0.06541407955329061,-0.7697713554743912,,-0.7697713554743912,172352660.0,0.9708273836860756,0.45809806798231634,45.61538461538461
CIK0001888792,1888792,,17,-0.003930388022763603,0.08495023594063628,-0.04626694651463531,,-0.04626694651463531,190812795.0,0.9447603017518896,0.21594291095080115,36.8235294117647
CIK0001890435,1890435,,17,-0.011119229189663692,0.0682252762333194,-0.1629781483230903,,-0.1629781483230903,265117536.0,0.9103246164406686,0.12332147550017228,35.529411764705884
CIK0001891904,1891904,,17,0.047338108699540284,0.22553659508606758,0.20989103201214723,,0.20989103201214723,105339040.0,0.9509548938852049,0.2780195862199823,22.41176470588235
CIK0001893159,1893159,,17,-0.002093276410279598,0.03150301153493625,-0.06644686676463613,,-0.06644686676463613,2643461492.0,0.8268752728897256,0.097187370293226,526.0
CIK0001893327,1893327,,17,-0.026418088784347607,0.047758799558792336,-0.5531564659769125,,-0.5531564659769125,513960000.0,0.8813332496863138,0.0544990123928092,157.58823529411765
CIK0001893403,1893403,,17,-0.030462527867189636,0.05944736203298673,-0.5124285893335593,,-0.5124285893335593,115750476.0,0.8858700415276034,0.09418151272680553,122.29411764705883
CIK0001894532,1894532,,17,0.024820313251376035,0.0878532865059325,0.2825200312698028,,0.2825200312698028,542780615.0,0.938462635166899,0.5121856238246106,49.8235294117647
CIK0001894571,1894571,,16,-0.09267142530436362,0.08182566041781059,-1.1325472330917747,,-1.1325472330917747,512847297.5,0.9995017901738845,0.1833655869450048,17.875
CIK0001894830,1894830,,16,-0.058918865421905595,0.16435785940644215,-0.35847914808556613,,-0.35847914808556613,111308341.5,0.9535273981848855,0.07841656666413661,614.8125
CIK0001895612,1895612,,17,-0.03690786817621306,0.08154827795342103,-0.4525891790920346,,-0.4525891790920346,246675084.0,0.9317385433018852,0.11649154107448602,133.35294117647058
CIK0001896379,1896379,,17,-0.06989667108291034,0.11212512930413132,-0.6233809629960283,,-0.6233809629960283,258503000.0,0.99475034099577,0.12323228207119034,25.58823529411765
CIK0001897071,1897071,,13,0.013206781946247272,0.05185744987891453,0.2546747280588485,,0.2546747280588485,113252551.0,0.8973251979070577,0.305635221322809,60.53846153846154
CIK0001897835,1897835,,16,-0.020144748764277815,0.050953396083441974,-0.39535635133127905,,-0.39535635133127905,99474782.5,0.8734536226494445,0.07969140965288804,143.9375
CIK0001899146,1899146,"SPRING CAPITAL MANAGEMENT, LLC",17,-0.01396034857946022,0.08214712465120014,-0.16994324072079836,,-0.16994324072079836,126728782.0,0.9499320628771616,0.07222038569941157,34.88235294117647
CIK0001900099,1900099,,17,-0.02286826013208587,0.04208155432067537,-0.5434271737382919,,-0.5434271737382919,1126666360.0,0.8840824651262018,0.06632992884973833,741.0588235294117
CIK0001900406,1900406,,17,-0.023263365396590463,0.0729974686251083,-0.31868728921856604,,-0.31868728921856604,112899446.0,0.8868798609281949,0.0813920501491151,119.23529411764706
CIK0001900481,1900481,,17,-0.06825515189695416,0.07099283669609652,-0.9614371684739884,,-0.9614371684739884,222815277.0,0.9340691552138646,0.15282619924725907,209.2941176470588
CIK0001901166,1901166,,17,-0.019648182128959298,0.05473307227054542,-0.3589818972909181,,-0.3589818972909181,1119964743.0,0.9054489752281836,0.05668621137421037,124.23529411764706
CIK0001901222,1901222,,17,0.003663290786857921,0.054972670818816516,0.06663839926567187,,0.06663839926567187,117744522.0,0.932541909706419,0.12505639754478143,45.470588235294116
CIK0001901361,1901361,,15,-0.03944961773616192,0.07096299821806175,-0.5559181365734521,,-0.5559181365734521,288198539.0,0.933417236076428,0.3985086148855188,69.73333333333333
CIK0001901384,1901384,,17,-0.013929364768084644,0.10260473547951081,-0.13575752330256424,,-0.13575752330256424,84405993.0,0.9762189778371033,0.19576295292109652,32.294117647058826
CIK0001902806,1902806,,14,-0.01605416745405986,0.1048067422554771,-0.1531787660627771,,-0.1531787660627771,300937356.5,0.8873270346150256,0.11253252631763212,132.0
CIK0001903055,1903055,,17,-0.03780286179025366,0.054539277896793394,-0.6931309552796627,,-0.6931309552796627,2777643544.0,0.7811064571972066,0.10222617535961745,1214.8823529411766
CIK0001903786,1903786,,14,-0.047024916083116444,0.06187512777764663,-0.7599970742781229,,-0.7599970742781229,230618824.0,0.8417334395424814,0.1481190239518283,105.85714285714286
CIK0001903793,1903793,,15,-0.09344408960440073,0.10976063569859769,-0.8513442821094366,,-0.8513442821094366,6106913932.0,0.9921816003101944,0.18448221931099523,34.733333333333334
CIK0001904033,1904033,,17,-0.039168178986184285,0.05621366707886809,-0.6967732407465531,,-0.6967732407465531,183482405.0,0.9012698083363339,0.07068784015004476,87.82352941176471
CIK0001904126,1904126,,17,-0.03511769302789739,0.047452879640886014,-0.7400539923431628,,-0.7400539923431628,133328769.0,0.9225522790680458,0.05922857323699273,65.23529411764706
CIK0001904154,1904154,,14,-0.014694029134109127,0.06724414784319964,-0.21851759007989408,,-0.21851759007989408,2914280215.0,0.9191702367440924,0.09535577368583271,342.7857142857143
CIK0001904323,1904323,,17,-0.03266242901578248,0.06727128732553601,-0.4855329861126775,,-0.4855329861126775,115491983.0,0.8733418935872734,0.06701599659897339,93.05882352941177
CIK0001904326,1904326,,13,-0.039643268083340746,0.0663123476396194,-0.5978263399388317,,-0.5978263399388317,105410360.0,0.9309306623348325,0.08212941378620113,141.69230769230768
CIK0001904373,1904373,,17,0.046479692929892964,0.06498963527019037,0.7151862406247728,,0.7151862406247728,130097807.0,0.973923020590958,0.22394937174449345,29.058823529411764
CIK0001904664,1904664,,17,-0.07018504183316798,0.11003307524640012,-0.6378540422934192,,-0.6378540422934192,231835661.0,0.9968073673293344,0.04778432286060863,42.705882352941174
CIK0001904677,1904677,,17,-0.01136786627754805,0.06200257835856169,-0.18334505722392458,,-0.18334505722392458,95627000.0,0.888307128371042,0.08220142991911329,75.70588235294117
CIK0001904828,1904828,,13,-0.0228092986575931,0.06135886711113681,-0.37173598097135785,,-0.37173598097135785,101092000.0,0.9036052226727684,0.14169815652885995,50.46153846153846
CIK0001904832,1904832,,17,-0.015256352588248383,0.03819020230773089,-0.39948341892813316,,-0.39948341892813316,220233266.0,0.8643946620727637,0.07908304160156346,178.0
CIK0001905111,1905111,,12,-0.012037159297402877,0.09780741802538162,-0.12307000368860592,,-0.12307000368860592,116771546.0,0.9990294631471811,0.22471675960333667,11.0
CIK0001905669,1905669,"Synergy Financial Group, LTD",17,-0.025045138677833208,0.1506024781389738,-0.16629964517841012,,-0.16629964517841012,95238000.0,0.8929913275549394,0.09397990072476586,92.82352941176471
CIK0001906202,1906202,,17,-0.013817905986013297,0.08996863380660522,-0.1535858154232821,,-0.1535858154232821,128562000.0,0.976208296272317,0.08597421581857366,107.6470588235294
CIK0001906223,1906223,,17,-0.030660157451336153,0.06333218652255314,-0.4841165153748414,,-0.4841165153748414,143019555.0,0.8976570861988363,0.058946916178946006,128.41176470588235
CIK0001906594,1906594,,17,-0.008937618491923642,0.061440844586790715,-0.14546705130342924,,-0.14546705130342924,513973000.0,0.8354239068592421,0.19699745261633775,388.94117647058823
CIK0001906602,1906602,,17,-0.07950423560129313,0.08442527419590594,-0.9417113104651916,,-0.9417113104651916,121806106.0,0.9994231472453902,0.07324649785141207,23.294117647058822
CIK0001906640,1906640,,17,-0.04725625508919357,0.09295065894064461,-0.5084015070657341,,-0.5084015070657341,119047050.0,0.903667080601332,0.0642386651531283,120.29411764705883
CIK0001906719,1906719,,17,0.07227249133829691,0.08075517946968472,0.8949579681590318,,0.8949579681590318,174485959.0,0.8916618546161948,0.06762905786379096,48.294117647058826
CIK0001906799,1906799,,17,0.006940080435252578,0.0530718917192426,0.13076753456810994,,0.13076753456810994,233241814.0,0.8843198390765167,0.15418957368846498,134.58823529411765
CIK0001907240,1907240,,17,-0.026852177966216213,0.07745658174044538,-0.3466739347664952,,-0.3466739347664952,125623752.0,0.9294419510065158,0.19888109025544226,23.470588235294116
CIK0001907254,1907254,,17,-0.04367214956777282,0.04117877971061536,-1.0605498723507245,,-1.0605498723507245,240938000.0,0.8573338611937636,0.11105494141122313,205.76470588235293
CIK0001907281,1907281,,16,-0.05124493605484686,0.10125872923625288,-0.5060791937677989,,-0.5060791937677989,95684274.0,0.8817353797923413,0.12084389257788221,365.25
CIK0001907320,1907320,,17,-0.1184498196665101,0.11264345870038144,-1.0515463661273916,,-1.0515463661273916,123939754.0,0.8651527359127941,0.09511026701026848,238.2941176470588
CIK0001907552,1907552,"Sonora Investment Management Group, LLC",16,-0.03529763311162776,0.054230492556305195,-0.6508816617086407,,-0.6508816617086407,1211737996.5,0.8862005960250949,0.10655908452123022,268.875
CIK0001907802,1907802,,17,-0.014822486510987635,0.06923996386481107,-0.21407415144669836,,-0.21407415144669836,135575000.0,0.9448490059897797,0.05398353236073432,37.23529411764706
CIK0001907803,1907803,,17,-0.01180069773566583,0.04040451563817583,-0.2920638336753609,,-0.2920638336753609,237023967.0,0.9342219678198296,0.08226403360662149,60.470588235294116
CIK0001907826,1907826,,14,-0.03370653346924674,0.06269425075014809,-0.5376335639211999,,-0.5376335639211999,118388988.0,0.8748660512425731,0.14379443802084754,63.42857142857143
CIK0001907874,1907874,,13,-0.036455278197709357,0.11380864798656116,-0.320320809024754,,-0.320320809024754,122625827.0,0.9781584010714002,0.09812726806428246,78.92307692307692
CIK0001908186,1908186,,17,-0.032814402645242845,0.08288872861874054,-0.39588497967420844,,-0.39588497967420844,247463779.0,0.868116662946302,0.06438207088582658,399.11764705882354
CIK0001908316,1908316,,15,-0.013646040279018954,0.15172990333864664,-0.0899363934107466,,-0.0899363934107466,95565031.0,0.960553226092098,0.08210348023583522,13.0
CIK0001908425,1908425,,16,-0.04342225238072733,0.10226685526543498,-0.4245975127246761,,-0.4245975127246761,117329916.5,0.9289882334288689,0.06614175600586993,80.0625
CIK0001908765,1908765,,17,-0.02681885430731923,0.08911983373594026,-0.3009302551683493,,-0.3009302551683493,2382742776.0,0.8976414316548791,0.05687142727906262,177.23529411764707
CIK0001908828,1908828,,17,-0.0033607555025929846,0.07950638494809346,-0.042270259233928784,,-0.042270259233928784,123853000.0,0.9411857954618266,0.06077137667935888,47.76470588235294
CIK0001908893,1908893,,17,0.0016020053363746637,0.04111041088814578,0.038968361096061596,,0.038968361096061596,137208114.0,0.9264943566414513,0.0769868839124769,34.294117647058826
CIK0001909089,1909089,,17,-0.038646407362218325,0.16407181026210285,-0.23554568758649055,,-0.23554568758649055,102454580.0,0.950791140204359,0.2934533959902559,13.882352941176471
CIK0001909304,1909304,,17,-0.03892537794083392,0.07927481688784663,-0.49101820058343665,,-0.49101820058343665,128595626.0,0.8965735069438138,0.08512254288251218,155.05882352941177
CIK0001909319,1909319,,16,-0.025506572023901986,0.06485252954522157,-0.3933011125700146,,-0.3933011125700146,153393232.5,0.9295630447070946,0.11681709565084926,65.75
CIK0001909322,1909322,,17,0.000947667533977449,0.06404623126019107,0.01479661668300057,,0.01479661668300057,110139000.0,0.901133107366364,0.06809536055494325,104.41176470588235
CIK0001909760,1909760,,17,-0.009776621579329244,0.03795305584317327,-0.25759774441384276,,-0.25759774441384276,195184409.0,0.8510080634157766,0.05832444956381188,337.1764705882353
CIK0001909846,1909846,,17,-0.042091228041122725,0.06492673282552976,-0.6482880965677594,,-0.6482880965677594,147710000.0,0.8453990731886842,0.19972285562380346,2745.1176470588234
CIK0001910179,1910179,,17,0.09229175263683183,0.11555703277784865,0.7986684186730526,,0.7986684186730526,165096000.0,0.9646810845222902,0.0982082516470598,51.588235294117645
CIK0001910183,1910183,,17,-0.03687852681986507,0.06792700299546488,-0.5429140870714027,,-0.5429140870714027,331206308.0,0.8891933492952464,0.10761388988102387,157.94117647058823
CIK0001910205,1910205,,17,-0.010223144666074213,0.08524796927397327,-0.11992244217547078,,-0.11992244217547078,118307784.0,0.9640099992473262,0.10802365996708947,207.7058823529412
CIK0001910210,1910210,,17,-0.02991375015093042,0.052136291668153284,-0.5737606030782448,,-0.5737606030782448,123317584.0,0.8912178880002705,0.08435374940549942,281.3529411764706
CIK0001910364,1910364,,17,0.015046366886167891,0.05998890477988582,0.250819162991475,,0.250819162991475,93834894.0,0.9322498020025006,0.07025572979630157,57.1764705882353
CIK0001910366,1910366,,12,-0.030531757013000555,0.09426691910934282,-0.32388622966385644,,-0.32388622966385644,152690579.5,0.9699831816557912,0.23097925553968315,105.75
CIK0001910386,1910386,,17,-0.015561415327502385,0.04107055901240562,-0.3788946559515826,,-0.3788946559515826,104793878.0,0.8849497796652481,0.06873837698043703,102.17647058823529
CIK0001910417,1910417,,16,-0.035595645311936416,0.14013682682418566,-0.2540063601988531,,-0.2540063601988531,182400294.0,0.9753788609467722,0.49617981087444674,357.8125
CIK0001910876,1910876,,17,0.028782225897945553,0.07027466477981427,0.40956760145789894,,0.40956760145789894,116601000.0,0.8758534475563999,0.09221898574257638,126.6470588235294
CIK0001910961,1910961,,17,-0.04936234466085673,0.05118682950248548,-0.964356361562326,,-0.964356361562326,140654000.0,0.9165099951766793,0.0683255977070439,52.23529411764706
CIK0001910971,1910971,,15,0.06745190366810497,0.07742011932691939,0.8712451524588272,,0.8712451524588272,121333000.0,0.9192837761205398,0.12730955368557606,92.26666666666667
CIK0001911010,1911010,Nextech Invest Ltd.,12,-0.13906922788888065,0.18972463376537269,-0.7330056468017632,,-0.7330056468017632,364926500.0,0.9999673684181077,0.1732577147783078,13.166666666666666
CIK0001911013,1911013,,13,-0.044635164188211784,0.062174406559077314,-0.7179025367031727,,-0.7179025367031727,162812000.0,0.955003896201081,0.07963822872040817,115.61538461538461
CIK0001911091,1911091,,16,-0.04556163278359525,0.06098085480514648,-0.7471465089770402,,-0.7471465089770402,167101840.0,0.8950865805000439,0.1729035599408609,115.75
CIK0001911113,1911113,,17,-0.0414631760378276,0.05493445188027913,-0.7547754572427595,,-0.7547754572427595,125336943.0,0.9542077008327267,0.13646467888879302,29.647058823529413
CIK0001911278,1911278,,17,-0.008116153089890176,0.028913721540332026,-0.2807024712473443,,-0.2807024712473443,4263060000.0,0.8378247326731938,0.11080123972437811,268.6470588235294
CIK0001911284,1911284,,15,-0.043698230085003446,0.038560356752034314,-1.1332423702338177,,-1.1332423702338177,346963000.0,0.8210106082854717,0.18446936488327065,173.26666666666668
CIK0001911322,1911322,,17,-0.03130554200667771,0.04437828882944384,-0.7054247207588692,,-0.7054247207588692,125242758.0,0.8666547203493598,0.17186861101262707,502.8235294117647
CIK0001911348,1911348,,17,0.0013272778044969519,0.1788121728043341,0.007422748595166869,,0.007422748595166869,109496000.0,0.9662403522395394,0.10553184330787285,18.470588235294116
CIK0001911400,1911400,,17,0.004478686229733484,0.18770982511556267,0.02385962603144765,,0.02385962603144765,142716698.0,0.918502380753095,0.11693348670392396,49.23529411764706
CIK0001911407,1911407,,17,-0.0038541012797303174,0.049905620470602256,-0.07722780006003903,,-0.07722780006003903,522636000.0,0.888369880445722,0.08320006880934756,138.0
CIK0001911412,1911412,,16,-0.017431744058937645,0.05552285854268882,-0.3139561707707703,,-0.3139561707707703,578147689.5,0.9263767764018214,0.1608090809451289,180.4375
CIK0001911497,1911497,,17,-0.011476981660278036,0.0568106880634455,-0.20202152184913932,,-0.20202152184913932,124931000.0,0.8952260162497926,0.11236932823315637,224.35294117647058
CIK0001911520,1911520,,17,0.006334036566451708,0.0506705569266209,0.12500428158653165,,0.12500428158653165,110710343.0,0.8744659718181469,0.08782628790642316,132.41176470588235
CIK0001911523,1911523,,16,0.06981348016826852,0.15407274724166808,0.4531202397388136,,0.4531202397388136,819259393.5,0.997724227808289,0.38622926628967014,12.6875
CIK0001911822,1911822,,17,-0.004641162867611691,0.15055736531256342,-0.03082654148413655,,-0.03082654148413655,152220782.0,0.9623655166883597,0.21935032696933765,46.11764705882353
CIK0001911900,1911900,,17,-0.048783780084935155,0.11000789381796143,-0.44345708649576127,,-0.44345708649576127,112631616.0,0.9209782846354938,0.04688530056886234,112.17647058823529
CIK0001911970,1911970,,17,-0.12528393104764782,0.44546932726912547,-0.28124030854181886,,-0.28124030854181886,39844370.0,0.9299193498314542,0.31395486100114217,54.11764705882353
CIK0001912040,1912040,,17,-0.053082530312997644,0.0871058148652441,-0.6094028325651906,,-0.6094028325651906,304665000.0,0.8783537231439951,0.06875646845031387,230.47058823529412
CIK0001912128,1912128,,17,-0.01444043521292379,0.07407902754484301,-0.19493283984853269,,-0.19493283984853269,122979000.0,0.9018541290586036,0.057136877939596174,44.11764705882353
CIK0001912187,1912187,,17,0.055631852126796964,0.08102704685763677,0.6865837307777991,,0.6865837307777991,313842882.0,0.9604287702713331,0.17850224333800643,17.11764705882353
CIK0001912339,1912339,,12,-0.045045786022211654,0.07773956894399817,-0.5794447619526002,,-0.5794447619526002,154022247.5,0.9567610415190299,0.1462534743571916,317.1666666666667
CIK0001912460,1912460,,17,0.0002926511819608736,0.04624585312498488,0.006328160519761479,,0.006328160519761479,211650000.0,0.8502353283590595,0.06817063938019788,190.8235294117647
CIK0001912835,1912835,,17,0.0304381311605487,0.06776560613709522,0.4491678433167351,,0.4491678433167351,82999815.0,0.89148112728885,0.134442986216816,93.88235294117646
CIK0001913467,1913467,,17,-0.017185507768796193,0.0536257128943523,-0.32047140896778975,,-0.32047140896778975,144002292.0,0.937443474073933,0.049403200491709445,60.76470588235294
CIK0001913506,1913506,,13,-0.1204125837566191,0.30760582119686625,-0.3914509266675182,,-0.3914509266675182,94409678.0,0.9997121725242353,0.12536001099391403,18.923076923076923
CIK0001913608,1913608,,17,-0.062057456148452095,0.08008247239916848,-0.7749193336286982,,-0.7749193336286982,166898696.0,0.969660917362215,0.13247280439816955,191.23529411764707
CIK0001913842,1913842,,17,0.0020220763415375108,0.11906832420056525,0.016982487618599964,,0.016982487618599964,131252423.0,0.9344413069092596,0.09553197076930936,93.82352941176471
CIK0001914099,1914099,,17,0.04316632350667179,0.1934670813101797,0.22311973289666956,,0.22311973289666956,200925058.0,0.9832124341818319,0.11128204131884567,46.11764705882353
CIK0001914617,1914617,,15,-0.025972088665416813,0.03355430282565707,-0.7740315392280888,,-0.7740315392280888,265629328.0,0.913922848090881,0.07171711858872558,74.13333333333334
CIK0001914644,1914644,,15,-0.0325088044866989,0.04633186939731336,-0.7016510429682917,,-0.7016510429682917,193498276.0,0.9094931089323388,0.07043197642115817,148.33333333333334
CIK0001915714,1915714,,17,-0.026391802999971126,0.08585468136033009,-0.3074008613297456,,-0.3074008613297456,214610531.0,0.891147658035133,0.08801936363820997,183.47058823529412
CIK0001917529,1917529,,12,-0.12290471962369358,0.33963185747561897,-0.36187629905063523,,-0.36187629905063523,811605619.5,0.99996709984495,0.13918538164713298,14.75
CIK0001921196,1921196,,16,-0.03916732356768459,0.06915371514681218,-0.566380612862234,,-0.566380612862234,178019160.5,0.8823189235397991,0.28788490220560936,411.3125
CIK0001928999,1928999,,17,-0.010228947430519924,0.05852312454952068,-0.1747847113240664,,-0.1747847113240664,164682445.0,0.8555850757793332,0.1232667487470713,367.0
CIK0000046392,46392,,16,-0.05371699886866181,0.0733921993801878,-0.7319170064509453,,-0.7319170064509453,157704000.0,0.8154680935428911,0.07328922882127104,723.5
CIK0000870260,870260,,15,-0.06448393898352794,0.05747807258627496,-1.1218876360979808,,-1.1218876360979808,274008216.0,0.865010023719728,0.1286431630159144,241.13333333333333
CIK0001346543,1346543,,12,0.009533437598242588,0.06775632615029802,0.14070180807639987,,0.14070180807639987,268911746.5,0.9983094591534405,0.23508240462244476,24.5
CIK0001386928,1386928,,16,-0.020418482815650466,0.08086748502265938,-0.2524931102954932,,-0.2524931102954932,1212998757.5,0.9721313668792402,0.2698154300444981,46.375
CIK0001513189,1513189,First Western Trust Bank,16,-0.05439520055995352,0.09586292423371359,-0.5674268857708042,,-0.5674268857708042,2040183325.5,0.9291152723495764,0.0320724758105074,191.1875
CIK0001531612,1531612,"Cove Street Capital, LLC",12,-0.023705167649602843,0.08858724737337208,-0.26759119796505904,,-0.26759119796505904,230783678.5,0.9739233231051224,0.15243505351571596,88.25
CIK0001633313,1633313,,16,0.022680411640763138,0.18821677886059995,0.12050153964923634,,0.12050153964923634,6798755724.0,0.9993340790164227,0.15429547661730628,38.3125
CIK0001728689,1728689,,16,-0.002063333775193882,0.05711023604775696,-0.03612896597724118,,-0.03612896597724118,129482950.5,0.9996229752925635,0.09387864224141898,18.5625
CIK0001765774,1765774,,16,0.008103706339241921,0.077435422454005,0.1046511542420531,,0.1046511542420531,1070379976.0,0.9959975144586706,0.23283638452883218,29.5
CIK0001771179,1771179,,13,0.05985642678757693,0.17352092042824874,0.34495222039602874,,0.34495222039602874,715182303.0,0.9897309142718762,0.24142200016865914,107.38461538461539
CIK0001798924,1798924,,14,-0.009585857663671113,0.05075262466243711,-0.188874126748129,,-0.188874126748129,186440206.5,0.8536213425888146,0.07425806439787393,76.92857142857143
CIK0001809525,1809525,,16,-0.11413591710028123,0.24261485625036966,-0.4704407589185563,,-0.4704407589185563,198048884.0,0.9884306219238852,0.21155841343511314,17.625
CIK0001839948,1839948,,14,0.25984350726265754,0.4255810258367845,0.6105617766922945,,0.6105617766922945,888605003.0,0.9997885300218456,0.25527657810741106,31.285714285714285
CIK0001843527,1843527,,16,-0.10251604163522288,0.1272144350011511,-0.8058522732320711,,-0.8058522732320711,304401171.0,0.9968663555695211,0.11099058086649236,27.5625
CIK0001844640,1844640,,15,-0.037738209684468935,0.04715109788334643,-0.8003675709998087,,-0.8003675709998087,570751532.0,0.9996979559283734,0.36339458416763887,29.6
CIK0001851869,1851869,,15,0.0011947628795366926,0.061363906135471456,0.01947012429195929,,0.01947012429195929,892038249.0,0.9046379266333427,0.5501958228469869,193.93333333333334
CIK0001892134,1892134,,16,0.057918744415925205,0.18547871788967835,0.31226625390925117,,0.31226625390925117,2004001831.5,0.9995973064036972,0.18067677910239213,47.0
CIK0001901865,1901865,,15,0.00220210478061863,0.15679860319387026,0.014044160698726355,,0.014044160698726355,425864376.0,0.9978830920275,0.4929286676156879,69.0
CIK0001904897,1904897,,12,0.019093618073422587,0.14979708847876025,0.12746321218302548,,0.12746321218302548,970030674.5,0.96037160881782,0.22722096963829383,13.916666666666666
CIK0001906613,1906613,,15,-0.029117622946235575,0.04049680822265944,-0.7190103176700524,,-0.7190103176700524,319504524.0,0.8924401382393584,0.1311834676518449,90.8
CIK0001907809,1907809,,15,0.0010459527333028943,0.10143631035277757,0.010311423292553057,,0.010311423292553057,167946533.0,0.9988484775173058,0.12062354447714566,17.666666666666668
CIK0001908158,1908158,,16,0.01501602865540652,0.10741027317612971,0.13980067465710536,,0.13980067465710536,161675299.5,0.9217023470548116,0.16884315350774984,91.25
CIK0001911159,1911159,,16,-0.0008716783607606304,0.08565509823902294,-0.010176608032225174,,-0.010176608032225174,182537911.5,0.980222169162991,0.10821917014840123,11.5625
CIK0001911735,1911735,,15,0.007332555160245047,0.05784362063592423,0.12676514850520226,,0.12676514850520226,255841000.0,0.8587069460672112,0.06343521694905983,120.06666666666666
CIK0001914472,1914472,,16,-0.05807085464417052,0.0578138086237634,-1.004446100758921,,-1.004446100758921,377869874.5,0.9828625252878658,0.1334371476793865,30.0625
CIK0001917618,1917618,,15,-0.06919444945668905,0.07215069073418522,-0.959026847153751,,-0.959026847153751,684370493.0,0.9062074238135253,0.051552686837941605,83.4
CIK0001919920,1919920,,12,-0.01123260167109402,0.0493697099929227,-0.2275201064022699,,-0.2275201064022699,443832000.0,0.9283525940880945,0.2104244865116997,172.41666666666666
CIK0001921093,1921093,,12,-0.09858565400525499,0.10935061129737673,-0.9015555819377198,,-0.9015555819377198,142495128.5,0.9497997746820972,0.04206235845374834,137.83333333333334
CIK0001928635,1928635,,15,-0.03382855061057766,0.08502276199304153,-0.39787640176345385,,-0.39787640176345385,166392888.0,0.909659941475933,0.20835984967690396,170.93333333333334
CIK0001929662,1929662,,16,0.007484515939655378,0.06755366367424835,0.11079363475421557,,0.11079363475421557,251627874.5,0.8706568157224994,0.08333314028057417,180.6875
CIK0001934500,1934500,,15,-0.04568566642631231,0.056822208396257075,-0.8040107506225267,,-0.8040107506225267,98045679.0,0.8763628017447013,0.10078352845263568,113.6
CIK0001940416,1940416,,16,-0.03646531907579924,0.08602078412332205,-0.4239128885720643,,-0.4239128885720643,113093007.5,0.8859977920543013,0.07881497698249137,126.1875
CIK0001942361,1942361,,16,-0.003559099207025053,0.12946133277129462,-0.027491600239104182,,-0.027491600239104182,331998799.5,0.9954148650931756,0.03872483194598741,23.9375
CIK0001044936,1044936,,14,-0.04657357467913942,0.06201172831583076,-0.7510446159544907,,-0.7510446159544907,1083579340.0,0.999520581832941,0.15057155503150832,42.07142857142857
CIK0001652044,1652044,,15,0.12704577014253465,0.23452836921661224,0.5417074726005141,,0.5417074726005141,1861041907.0,0.9985380254850258,0.17749784022894288,43.266666666666666
CIK0001821271,1821271,,13,-0.016741865474456566,0.09958640584537522,-0.16811396427053432,,-0.16811396427053432,294250825.0,0.9035459774923509,0.13207545546588598,118.38461538461539
CIK0001839851,1839851,,15,-0.01308393749116612,0.07008344574151604,-0.18669084192933846,,-0.18669084192933846,135560536.0,0.9787196159493735,0.18409389083582725,11.666666666666666
CIK0001840129,1840129,,14,0.07639057670625286,0.19530890799391643,0.3911269459755008,,0.3911269459755008,227552356.5,0.9652663157274813,0.5587215385634527,44.5
CIK0001853401,1853401,,15,-0.09241034546599997,0.10163220144525319,-0.9092624596345152,,-0.9092624596345152,496600200.0,0.914000571813159,0.06111489419677616,117.53333333333333
CIK0001855567,1855567,,14,-0.0648270957280289,0.06431381750555719,-1.0079808389606386,,-1.0079808389606386,640576940.5,0.7840848581892256,0.1221647401520612,234.28571428571428
CIK0001886707,1886707,"ARS Wealth Advisors Group, LLC",15,-0.06548165710691448,0.06991008183460792,-0.936655420600945,,-0.936655420600945,726943617.0,0.8819949880399277,0.09893400263646226,159.13333333333333
CIK0001894484,1894484,,12,-0.09401953893936134,0.1056389236460871,-0.8900084901713577,,-0.8900084901713577,350434458.0,0.8609068537181178,0.20768625919103556,221.83333333333334
CIK0001910874,1910874,,14,0.0693327208768251,0.15415592004837309,0.4497571086090592,,0.4497571086090592,98274107.0,0.9595653316900735,0.4842966932016794,57.42857142857143
CIK0001928941,1928941,,13,0.05652556792667308,0.10273982133657156,0.5501816840852507,,0.5501816840852507,103519369.0,0.9888256204753201,0.12452291292377472,18.23076923076923
CIK0001939480,1939480,"GCM Grosvenor Holdings, LLC",15,-0.038441371344133876,0.22706581953890698,-0.16929616012597828,,-0.16929616012597828,646064783.0,0.9823982152711773,0.20692277234424217,18.6
CIK0001940406,1940406,,15,-0.043601976770332736,0.05311348301430042,-0.8209210598550162,,-0.8209210598550162,190245887.0,0.8335314871996339,0.06645951162960662,142.13333333333333
CIK0001940646,1940646,,13,-0.08101548629536624,0.09825112931803957,-0.8245756242808102,,-0.8245756242808102,358997804.0,0.9607015579582932,0.0783597645087136,88.3076923076923
CIK0001942364,1942364,Azimuth Capital Investment Management LLC,12,-0.04829501670967954,0.03572699910380157,-1.3517792682967629,,-1.3517792682967629,2159600823.5,0.8538625813654224,0.09706895352515307,302.3333333333333
CIK0001945037,1945037,,12,-0.13045645733099015,0.09656649703659408,-1.3509494631336945,,-1.3509494631336945,288893500.0,0.945222962817664,0.07398633202424584,808.5833333333334
CIK0001953154,1953154,,15,-0.0022538287692204896,0.07793229498206597,-0.02892034386618933,,-0.02892034386618933,127685266.0,0.9373267625266504,0.24276012132609828,18.266666666666666
CIK0000200648,200648,,14,-0.0748596905572587,0.06899152841634461,-1.0850562710153524,,-1.0850562710153524,726165404.0,0.8342549779853411,0.05956784000737069,357.5
CIK0001025835,1025835,ENTERPRISE FINANCIAL SERVICES CORP,14,-0.05542922827942239,0.051704338495696694,-1.072042112711521,,-1.072042112711521,165122650.0,0.7992044628137603,0.06661716009419352,156.0
CIK0001323953,1323953,,14,-0.16015289464137175,0.08132112484491008,-1.969388580677718,,-1.969388580677718,2342613118.5,0.9988561267802253,0.08285630827546019,18.785714285714285
CIK0001512858,1512858,,13,-0.09833361073945147,0.09885483964598019,-0.9947273303928792,,-0.9947273303928792,347747000.0,0.9882413450366676,0.09108388590748108,35.53846153846154
CIK0001540866,1540866,,14,-0.17827083846122888,0.1430612116635147,-1.2461158156414631,,-1.2461158156414631,713759222.5,0.9985469814509645,0.10541698633161671,11.071428571428571
CIK0001541901,1541901,,14,-0.08216861656841694,0.12863842213468493,-0.6387564088830984,,-0.6387564088830984,1846342685.0,0.9970122299845394,0.4137968255620233,55.214285714285715
CIK0001616659,1616659,,13,-0.05541468893315185,0.10371637630496604,-0.5342906386272384,,-0.5342906386272384,124447283.0,0.9458702233352064,0.33963259981434657,52.07692307692308
CIK0001626691,1626691,,13,-0.15852166878951227,0.066278406065595,-2.391754391737207,,-2.391754391737207,351041460.0,0.9943791572253168,0.18456491866185876,35.53846153846154
CIK0001768375,1768375,,14,0.024840189138622775,0.109711291430575,0.22641415313107266,,0.22641415313107266,3738797500.0,0.9884945555141418,0.28113040047235205,30.142857142857142
CIK0001816307,1816307,,13,-0.08189107437817676,0.1686621457148756,-0.4855332180799067,,-0.4855332180799067,405072155.0,0.9986586378553718,0.3586864679970812,67.61538461538461
CIK0001908923,1908923,Czech National Bank,14,-0.0033848409234179147,0.007456305967992244,-0.45395681682593764,,-0.45395681682593764,8245777001.0,0.7243125673208358,0.056318776466923286,503.14285714285717
CIK0001929008,1929008,,14,-0.007455338050049344,0.10925876353480962,-0.06823560700041802,,-0.06823560700041802,345450699.5,0.8107899640766217,0.15155229789831315,275.2857142857143
CIK0001945894,1945894,,14,-0.030782504820616362,0.07636101546811522,-0.4031180652994781,,-0.4031180652994781,2341991543.0,0.9817465405043883,0.07159237639731178,31.785714285714285
CIK0001950556,1950556,,14,-0.044952264653868305,0.05739048123818701,-0.7832703905328295,,-0.7832703905328295,18539330.5,0.8460458714730612,0.0972197098956348,116.28571428571429
CIK0001953324,1953324,,13,0.03841123465772995,0.07801115248120308,0.4923813254265208,,0.4923813254265208,261934000.0,0.9876153106833256,0.03940723008540544,12.923076923076923
CIK0001953787,1953787,,14,-0.08415639579500542,0.12023677463423633,-0.699922266291754,,-0.699922266291754,173665877.0,0.9397996915715201,0.05598540257598387,41.642857142857146
CIK0001954093,1954093,,14,-0.06949847495047477,0.05269153466233556,-1.3189685097085444,,-1.3189685097085444,551021637.5,0.7988518105782276,0.07331989538057335,978.0
CIK0001954551,1954551,,14,0.01631839564704513,0.04601126500664652,0.3546608780258171,,0.3546608780258171,239745414.0,0.906082026120333,0.19725014041110692,65.28571428571429
CIK0001962933,1962933,,14,-0.08491674459664511,0.05366393202684378,-1.582380220498999,,-1.582380220498999,293621936.0,0.8896324969349181,0.11422956479507727,83.78571428571429
CIK0000060086,60086,,13,-0.05965195945019538,0.1667981948733274,-0.3576295264752834,,-0.3576295264752834,11827033745.0,1.0,0.010766716748809045,23.615384615384617
CIK0000702007,702007,,13,-0.09557065418528973,0.08293311012207534,-1.152382372279389,,-1.152382372279389,207781607.0,0.8380917160935742,0.08244071767299084,826.8461538461538
CIK0000727117,727117,,13,0.042561552128107735,0.06761384496632299,0.6294798372736794,,0.6294798372736794,351849893.0,0.9048525819374049,0.06489887477403299,98.92307692307692
CIK0000935570,935570,,13,0.006301603653227868,0.04313289183197371,0.14609740699705176,,0.14609740699705176,127354424.0,0.9122195986506044,0.11634988821274288,50.69230769230769
CIK0001003518,1003518,,13,-0.028680555835062294,0.054890049349526446,-0.5225092011010318,,-0.5225092011010318,17956637008.0,0.8175712090715707,0.165882833302498,620.0
CIK0001015877,1015877,,13,-0.038024171541938705,0.1121807528112971,-0.33895450501408647,,-0.33895450501408647,135936032.0,0.9441509121583567,0.06435282374783648,68.23076923076923
CIK0001056823,1056823,HORIZON KINETICS ASSET MANAGEMENT LLC,13,-0.03456565596276605,0.32864098919590146,-0.10517755574899167,,-0.10517755574899167,5950961993.0,0.9763180459912324,0.08896585349353314,329.61538461538464
CIK0001140753,1140753,,13,0.11358009083332235,0.21863171709413437,0.519504179640048,,0.519504179640048,128941651.0,0.9997728638920651,0.15518487828128777,27.0
CIK0001275218,1275218,,13,-0.07973012170364094,0.06343590001557739,-1.2568612044843472,,-1.2568612044843472,3007118000.0,0.9323558084271185,0.2800470200629321,1145.8461538461538
CIK0001291318,1291318,,13,-0.03317505967773202,0.04518878878613498,-0.7341435910856423,,-0.7341435910856423,3319540555.0,0.8122955045106022,0.15457699455286877,320.46153846153845
CIK0001448430,1448430,,13,-0.07470960195754234,0.12619424600714976,-0.5920206690891872,,-0.5920206690891872,105026113.0,0.9662510438538665,0.07238618755052041,34.69230769230769
CIK0001532943,1532943,,13,-0.10416344050444562,0.06197237326367872,-1.6808044458438223,,-1.6808044458438223,231156220.0,0.8874600211826615,0.11524705604713449,156.30769230769232
CIK0001570271,1570271,,13,-0.01828810499742107,0.04574890607925251,-0.39974955827228775,,-0.39974955827228775,835155923.0,0.8470758589594028,0.633924212727461,898.5384615384615
CIK0001578177,1578177,,13,0.04725300391565289,0.09233113668585721,0.5117775607528863,,0.5117775607528863,4826027049.0,0.9941549133315679,0.2537631275890455,136.84615384615384
CIK0001589689,1589689,,13,0.00874562898323971,0.05956548653320549,0.14682376476637538,,0.14682376476637538,287115344.0,0.9382544831571233,0.44840590290130217,100.15384615384616
CIK0001609120,1609120,,13,0.024285922740954716,0.06168737219507454,0.3936935855099766,,0.3936935855099766,607166457.0,0.8649447207938343,0.25449796978762457,86.07692307692308
CIK0001668527,1668527,,13,-0.08253701534527727,0.06875236945400143,-1.2004970301146847,,-1.2004970301146847,365030314.0,0.9563423870311426,0.5615253837292031,327.2307692307692
CIK0001715783,1715783,,13,0.11159691223689301,0.1827387639569609,0.6106909657217294,,0.6106909657217294,400850060.0,0.9142268966875202,0.06533380401727222,17.384615384615383
CIK0001727492,1727492,,13,0.1730155397145516,0.26855385046368907,0.6442489631577871,,0.6442489631577871,378314062.0,0.9998078313927823,0.20262181311925098,13.538461538461538
CIK0001755987,1755987,,13,-0.06588883969642222,0.061490173049607626,-1.071534465208333,,-1.071534465208333,336780021.0,0.9114677230646274,0.6933395686712537,371.46153846153845
CIK0001767855,1767855,,13,-0.09458709499107895,0.06812786342033972,-1.3883760658207143,,-1.3883760658207143,429807793.0,0.8369152320902132,0.06782915442370475,217.6153846153846
CIK0001800508,1800508,"General Partner, Inc.",13,-0.04993042351469011,0.05897189173341823,-0.8466817333706483,,-0.8466817333706483,156536124.0,0.8295732380770497,0.06995223446529401,158.84615384615384
CIK0001869199,1869199,,12,-0.08042225369694744,0.07184812350249083,-1.1193368702513253,,-1.1193368702513253,688044524.5,0.9979978591966202,0.2264392249486244,27.916666666666668
CIK0001870364,1870364,,13,0.03517984378252527,0.10996483272037684,0.31991904058402204,,0.31991904058402204,954736759.0,0.8913376549991127,0.1869346393071026,412.0769230769231
CIK0001879713,1879713,,13,-0.0013503926743675826,0.1053451056889035,-0.012818750956782119,,-0.012818750956782119,203032335.0,0.9897504110373165,0.3335030074533552,67.07692307692308
CIK0001882053,1882053,,13,-0.07384417152110573,0.1725647588217784,-0.4279215062474878,,-0.4279215062474878,304968720.0,0.997520269834107,0.28816088414712104,15.384615384615385
CIK0001884931,1884931,,12,0.14582639705789754,0.1364288764290811,1.068882196149755,,1.068882196149755,169819226.0,0.9998784849565833,0.19608639675459522,15.666666666666666
CIK0001893261,1893261,,12,-0.10940287298851985,0.051598374952785166,-2.1202774909943938,,-2.1202774909943938,337958000.0,0.867523502664871,0.1521725266154469,238.08333333333334
CIK0001893767,1893767,,13,-0.1592330058884215,0.11311463666763279,-1.4077135424435294,,-1.4077135424435294,272379740.0,0.9838998865909184,0.24279437161104064,12.76923076923077
CIK0001896430,1896430,,13,-0.07750131966784668,0.08250719768396313,-0.9393279840000178,,-0.9393279840000178,649973571.0,0.92713169202548,0.5789222035892726,240.0
CIK0001908450,1908450,,13,0.2041950585330732,0.21636091880607491,0.9437705277735784,,0.9437705277735784,12396146772.0,0.9330574549336349,0.07245389949764165,25.0
CIK0001910154,1910154,,12,-0.007612649090803933,0.06377270020874025,-0.11937159733941849,,-0.11937159733941849,141343882.5,0.9975494428498548,0.2156186335316582,12.5
CIK0001911448,1911448,,13,0.1098552596961475,0.1151705417677686,0.9538485971156878,,0.9538485971156878,1394747868.0,0.9165494261264864,0.26388804720559383,29.0
CIK0001916908,1916908,,13,-0.07060721644374793,0.05203505669276447,-1.3569162969866067,,-1.3569162969866067,284239859.0,0.9115960936131062,0.6823040100889148,479.38461538461536
CIK0001919867,1919867,,13,-0.0844994461056762,0.08207639890304311,-1.02952185077511,,-1.02952185077511,157999637.0,0.9255105672099615,0.7625103779016585,266.9230769230769
CIK0001920938,1920938,,13,-0.08803612289888865,0.1346476923505658,-0.6538257088608103,,-0.6538257088608103,1918496725.0,0.9957079090076824,0.2679194005454916,57.53846153846154
CIK0001923739,1923739,,13,-0.07682327872118194,0.051235787498618506,-1.499406615351712,,-1.499406615351712,2616616424.0,0.8242989091724289,0.09154951431229359,230.15384615384616
CIK0001926253,1926253,,13,0.10469212246433714,0.06849740999522412,1.528409942340591,,1.528409942340591,865090449.0,0.9152345836298562,0.4412611233426443,55.30769230769231
CIK0001937964,1937964,,13,-0.06877301846128678,0.1782056771864505,-0.38591934637727665,,-0.38591934637727665,341002611.0,0.992078134793066,0.29994194794899276,36.38461538461539
CIK0001939970,1939970,,13,-0.0023182959909093153,0.04170263433677634,-0.05559111618888055,,-0.05559111618888055,596599378.0,0.8407676123011107,0.13468414061411002,164.92307692307693
CIK0001943395,1943395,,13,0.01027275467068036,0.05163196417209043,0.19896114422537037,,0.19896114422537037,669400616.0,0.9853887505569726,0.321168305324444,37.0
CIK0001944889,1944889,,13,0.042837639518712736,0.16148619439142112,0.26527121825875366,,0.26527121825875366,722403105.0,0.9915751482986368,0.3932059571147953,20.53846153846154
CIK0001948899,1948899,,13,0.14620996644927298,0.11813804236027235,1.2376196822435706,,1.2376196822435706,1373835959.0,0.9163772368988188,0.24959735967148014,22.0
CIK0001950947,1950947,,13,-0.08824271609805917,0.060568152971832656,-1.456916081561589,,-1.456916081561589,1276967858.0,0.7751425420575005,0.1255511418198393,398.7692307692308
CIK0001954805,1954805,,13,-0.0890208077547972,0.05364216607276032,-1.659530445335302,,-1.659530445335302,616257950.0,0.8014218138348359,0.119464394978526,408.9230769230769
CIK0001956824,1956824,,13,-0.039879048803574985,0.03851580025547169,-1.0353945273625424,,-1.0353945273625424,2179924240.0,0.7774026810700649,0.10249674785581818,451.53846153846155
CIK0001957370,1957370,,13,-0.021082462616300715,0.10060552189049153,-0.20955572039902273,,-0.20955572039902273,214165902.0,0.889539122230328,0.16533229363917468,81.6923076923077
CIK0001959989,1959989,,13,-0.014096817122364018,0.06560742838901003,-0.21486617396964852,,-0.21486617396964852,331793346.0,0.9187471455109523,0.3103784316634855,173.76923076923077
CIK0001961635,1961635,,13,-0.05999721226163517,0.06061342702817894,-0.98983369199308,,-0.98983369199308,195295715.0,0.8819450298263524,0.07529653499668432,140.69230769230768
CIK0001961742,1961742,,13,-0.062404690237688215,0.042768388067277056,-1.4591312194559192,,-1.4591312194559192,437197137.0,0.7949376628363856,0.058776293600697645,205.92307692307693
CIK0001962005,1962005,,13,-0.10741986765983788,0.10011698767464391,-1.0729434649670113,,-1.0729434649670113,97554738.0,0.88839719013172,0.060243859760605534,74.92307692307692
CIK0001962086,1962086,SP Asset Management LLC,13,-0.028708055327032873,0.05154846607344148,-0.556913862092782,,-0.556913862092782,1098704860.0,0.8638368657433114,0.0561727421757087,123.92307692307692
CIK0001962382,1962382,,12,-0.02620832136798044,0.05351288257722203,-0.4897572342357166,,-0.4897572342357166,239061557.0,0.930849214762438,0.05432664147447429,23.916666666666668
CIK0001962552,1962552,,12,-0.07014228467532957,0.0869418185292661,-0.8067726884514722,,-0.8067726884514722,118052797.0,0.9577824353345837,0.3944715797496313,25.75
CIK0001962615,1962615,,13,-0.025994628967799548,0.02833683081085876,-0.9173442555899243,,-0.9173442555899243,451690450.0,0.8350820411732369,0.06423692332878993,413.15384615384613
CIK0001962628,1962628,,13,-0.07463980832325964,0.07933495691926894,-0.9408186658162718,,-0.9408186658162718,94638210.0,0.8291260221965585,0.12942167256350348,167.15384615384616
CIK0001962713,1962713,,13,-0.0878257454263114,0.15592201666400407,-0.5632671209893361,,-0.5632671209893361,504761492.0,0.9196869739006437,0.1645927849422946,133.84615384615384
CIK0001962838,1962838,,13,0.03303793109850991,0.03302128816071363,1.0005040062554273,,1.0005040062554273,138494724.0,0.8226460549002248,0.09010267236622649,83.0
CIK0001963169,1963169,,13,-0.08233646797948306,0.07449244451873518,-1.1052995845312135,,-1.1052995845312135,193378802.0,0.8642563031489007,0.06601781228827883,153.76923076923077
CIK0001963352,1963352,,13,-0.080811458627772,0.08419448146620566,-0.9598189479709406,,-0.9598189479709406,108817252.0,0.9211840196787983,0.06037482012748927,42.46153846153846
CIK0001963404,1963404,,13,0.1340516668598515,0.13268336721821,1.0103125182026063,,1.0103125182026063,315041662.0,0.9669336180252545,0.06900656963898992,13.153846153846153
CIK0001963787,1963787,,13,-0.0520481587842488,0.07904821110892049,-0.6584356312784208,,-0.6584356312784208,218392331.0,0.9029206718197295,0.10759821649909479,112.07692307692308
CIK0001964171,1964171,,13,-0.021452595235860458,0.14669242389352322,-0.14624201213785484,,-0.14624201213785484,252102628.0,0.9591478553120456,0.2120551109737138,27.384615384615383
CIK0001964775,1964775,,13,-0.0425145333842472,0.06964755279523444,-0.610423937048013,,-0.610423937048013,129520016.0,0.8264690317299301,0.08397877357595412,115.84615384615384
CIK0001964831,1964831,,13,-0.021095857329315473,0.053073160505900455,-0.39748635896999485,,-0.39748635896999485,105066885.0,0.8647252176405019,0.2185955919611622,176.30769230769232
CIK0001964897,1964897,,13,-0.06506353874692737,0.054325703179167205,-1.1976566328088063,,-1.1976566328088063,161131189.0,0.8392040515934223,0.0886487781899317,132.69230769230768
CIK0001964958,1964958,,13,-0.04342345276709437,0.04003004493436313,-1.0847715218937635,,-1.0847715218937635,887535989.0,0.7467758936977856,0.11547559952233356,498.0
CIK0001965104,1965104,,13,-0.030035183890314357,0.060886035857155164,-0.4933016818469403,,-0.4933016818469403,569469928.0,0.9315617714650387,0.20704645243879863,20.153846153846153
CIK0001965239,1965239,,13,0.0807870696009034,0.083579559542816,0.9665888411099458,,0.9665888411099458,212742949.0,0.8379759214104366,0.07566492050185032,98.38461538461539
CIK0001965377,1965377,,13,-0.09162320001372197,0.04685219318205373,-1.9555797453022152,,-1.9555797453022152,215133820.0,0.903986737401097,0.6386187741004677,516.0
CIK0001965393,1965393,,13,-0.02625056952702663,0.06966067442742996,-0.37683484608837486,,-0.37683484608837486,122846169.0,0.9200010928336199,0.07071870439862717,81.3076923076923
CIK0001965552,1965552,,13,-0.004559407727232319,0.0430487983147916,-0.10591254356695662,,-0.10591254356695662,915055581.0,0.8450310899202594,0.22464393237219035,69.92307692307692
CIK0001965613,1965613,,13,0.02078901374953583,0.08943906698804269,0.23243773050372146,,0.23243773050372146,244771113.0,0.9976119447125161,0.3431616097903618,19.153846153846153
CIK0001965653,1965653,,13,-0.04195268422387916,0.05563131717071298,-0.7541199158314528,,-0.7541199158314528,399451676.0,0.8901935630167329,0.20966297600805783,337.7692307692308
CIK0001965702,1965702,,13,-0.06824736000965606,0.03446950166755426,-1.9799346292823443,,-1.9799346292823443,647174247.0,0.8377680126804526,0.10933402870940484,427.38461538461536
CIK0001965760,1965760,,13,-0.02029714420143551,0.044752341052259746,-0.45354374147324145,,-0.45354374147324145,178563101.0,0.8137638159163304,0.06284080667669417,118.53846153846153
CIK0001965772,1965772,,13,-0.10085953490265442,0.0801569258160552,-1.258275986426815,,-1.258275986426815,401084879.0,0.869699627171382,0.060917428666137,122.61538461538461
CIK0001965776,1965776,,13,-0.054759364392446594,0.04293350804331393,-1.2754458437137524,,-1.2754458437137524,153404128.0,0.8935051733434618,0.09705942573617803,45.07692307692308
CIK0001966007,1966007,,13,-0.051037769568803244,0.06096554777865495,-0.8371575656537954,,-0.8371575656537954,1396261186.0,0.8508800025084002,0.09963735630189995,187.15384615384616
CIK0001966087,1966087,,13,-0.06504080951707451,0.07937774595718212,-0.8193834270693452,,-0.8193834270693452,152530715.0,0.8484648148447422,0.07215168684434958,107.6923076923077
CIK0001966180,1966180,,13,-0.003861687255123842,0.020228029826178273,-0.190907729913686,,-0.190907729913686,774767909.0,0.8583592812296191,0.07332257771208019,60.53846153846154
CIK0001966210,1966210,,12,-0.03795522194442513,0.04401419303681262,-0.8623405161820288,,-0.8623405161820288,200982676.5,0.799941821541806,0.10846377641463194,134.41666666666666
CIK0001966581,1966581,,13,-0.09384803235248167,0.08599035498914659,-1.0913785896353618,,-1.0913785896353618,145172167.0,0.9291495650422484,0.0760148870658493,126.38461538461539
CIK0001970075,1970075,,13,-0.005173914470621819,0.030256720647795006,-0.17100050367344993,,-0.17100050367344993,4537602593.0,0.7777195968757364,0.16644151810950705,389.7692307692308
CIK0001971456,1971456,,13,-0.07094837581774818,0.050770808763569736,-1.3974245741356377,,-1.3974245741356377,309921190.0,0.8429273462824821,0.052263656960160214,114.23076923076923
CIK0001328062,1328062,,12,0.020011223480930908,0.05426232758093242,0.3687866770983338,,0.3687866770983338,2024747609.5,0.9165602923738826,0.09847848599491016,216.08333333333334
CIK0001352895,1352895,,12,-0.04067113362137078,0.0784828930147316,-0.5182165444984321,,-0.5182165444984321,1866226739.0,0.9868744951849943,0.18429576035990908,220.75
CIK0001390003,1390003,,12,-0.06594037213644474,0.08105837083906811,-0.8134924431892991,,-0.8134924431892991,823231795.5,0.8789825401464152,0.0725109389720166,173.0
CIK0001644187,1644187,,12,-0.04697556479183387,0.04190523627263577,-1.120995106290978,,-1.120995106290978,639207490.5,0.963134757462571,0.47556625926863244,59.583333333333336
CIK0001798150,1798150,,12,-0.01907171989362461,0.026008261781789815,-0.7332946758291802,,-0.7332946758291802,1260460782.5,0.8564298845847853,0.08133108895476647,377.5
CIK0001911035,1911035,,12,-0.0950667073254869,0.05482124219249799,-1.734121729460338,,-1.734121729460338,176484279.0,0.8309652345432519,0.06887170154064325,110.91666666666667
CIK0001912970,1912970,,12,-0.019174230577062665,0.04997893698187617,-0.38364622647433483,,-0.38364622647433483,195431655.5,0.8791378367181907,0.14978665483205955,84.41666666666667
CIK0001913043,1913043,,12,-0.06057689185814463,0.058161272712168546,-1.0415331204295952,,-1.0415331204295952,758574967.5,0.771058241463146,0.11685745817625999,353.5
CIK0001962636,1962636,,12,-0.07124224097077721,0.058184646968303236,-1.224416485798022,,-1.224416485798022,193835499.5,0.8179462279216742,0.10057462418111154,448.6666666666667
CIK0001971875,1971875,,12,-0.06139684659922029,0.06357446667253991,-0.9657469391529838,,-0.9657469391529838,311578485.0,0.8189432108857321,0.09723194398969003,197.41666666666666
CIK0001973224,1973224,,12,-0.0706955647184181,0.056191533651493104,-1.2581177291647632,,-1.2581177291647632,1553927393.0,0.720472322232653,0.13233252220639502,863.75
CIK0001973323,1973323,,12,-0.042799661384114895,0.1252917498824296,-0.34159999699576177,,-0.34159999699576177,177062937.5,0.977711620136717,0.21078775893038423,31.166666666666668
CIK0001973981,1973981,,12,-0.043508298655622855,0.06442008599482775,-0.6753840511446282,,-0.6753840511446282,176320313.5,0.8472328964041015,0.08167158208364872,95.91666666666667
CIK0001975710,1975710,,12,9.693134715550722e-05,0.047659184237532,0.0020338440261238318,,0.0020338440261238318,270795612.5,0.9232407325347666,0.09796832642475785,63.666666666666664
CIK0001975730,1975730,,12,-0.01792407205148336,0.05561706487114274,-0.3222764828091247,,-0.3222764828091247,133544500.0,0.8095055123869681,0.052031372544687655,107.33333333333333
CIK0001977290,1977290,,12,-0.04366187148109598,0.03058793785587342,-1.4274212169506317,,-1.4274212169506317,1725982479.5,0.8578533371371484,0.1298694129221743,219.25
CIK0001977992,1977992,,12,-0.061938649128189666,0.02902041664812525,-2.134312883062013,,-2.134312883062013,167037796.0,0.8296143908426902,0.11102697129327205,168.33333333333334
CIK0001978005,1978005,,12,-0.06616311431846682,0.047034715941712844,-1.4066868055001165,,-1.4066868055001165,206451915.5,0.8253879701689003,0.07483473161153643,125.0
CIK0001978521,1978521,,12,-0.038760796248828396,0.056682789441619925,-0.6838194914063322,,-0.6838194914063322,285448697.5,0.7977367217717398,0.16756775756357503,150.75
CIK0001978883,1978883,,12,0.009813254450217716,0.03325377172845876,0.29510199714365865,,0.29510199714365865,150562736.0,0.8266868828539319,0.08588071979669015,53.416666666666664
CIK0001983616,1983616,,12,-0.056924895971573464,0.0674110053053311,-0.8444451423332022,,-0.8444451423332022,195198966.0,0.7857697600317582,0.0890718099145124,161.16666666666666
