period,panel,model,ndcg
2014-06-30,mega,persist,0.9961992029899988
2014-06-30,mega,ema,0.996892101813488
2014-06-30,mega,persist,0.9968865758994486
2014-06-30,mega,ema,0.9968865758994486
2014-06-30,mega,persist,0.9971383955324516
2014-06-30,mega,ema,0.9970404550213661
2014-06-30,mega,persist,0.9780659051016986
2014-06-30,mega,ema,0.9780430265770444
2014-06-30,mega,persist,0.9780506193770172
2014-06-30,mega,ema,0.9788775905916003
2014-06-30,mega,persist,0.9762309798260111
2014-06-30,mega,ema,0.9765109056533297
2014-06-30,mega,persist,0.9832582034436108
2014-06-30,mega,ema,0.9830934818304244
2014-06-30,mega,persist,1.0
2014-06-30,mega,ema,1.0
2014-06-30,mega,persist,0.9998006860903255
2014-06-30,mega,ema,0.9996958305775571
2014-06-30,mega,persist,0.9929926841080472
2014-06-30,mega,persist,0.9355542811842177
2014-06-30,mega,ema,0.8739951471183869
2014-06-30,mega,persist,0.9811330483869044
2014-06-30,mega,ema,0.9883289097681671
2014-06-30,mega,persist,0.9777532833636444
2014-06-30,mega,ema,0.9770182483032376
2014-06-30,mega,persist,0.9576934088853065
2014-06-30,mega,ema,0.935480856307489
2014-06-30,mega,persist,0.9810473946774033
2014-06-30,mega,ema,0.9806743595894374
2014-06-30,mega,persist,0.9822182865630051
2014-06-30,mega,ema,0.9653968091587892
2014-06-30,mega,persist,0.9751144354141352
2014-06-30,mega,ema,0.9701862877377956
2014-06-30,mega,persist,0.9865342373246978
2014-06-30,mega,ema,0.9860402727932389
2014-06-30,mega,persist,0.9885221962884572
2014-06-30,mega,ema,0.9895197064947058
2014-06-30,mega,persist,0.996115656709401
2014-06-30,mega,ema,0.988744468280581
2014-06-30,mega,persist,0.9928067356577084
2014-06-30,mega,ema,0.991085689030882
2014-06-30,mega,persist,0.9998740850179306
2014-06-30,mega,ema,0.9963013403082508
2014-06-30,mega,persist,0.9825907243297897
2014-06-30,mega,ema,0.999393434241956
2014-06-30,mega,persist,0.9705129490340417
2014-06-30,mega,persist,0.9823924793450673
2014-06-30,mega,ema,0.9785914325820687
2014-06-30,mega,persist,0.9805040206209308
2014-06-30,mega,ema,0.9802900071664897
2014-06-30,mega,persist,0.7681127862581334
2014-06-30,mega,ema,0.8195559414476782
2014-06-30,mega,persist,0.991664126241411
2014-06-30,mega,ema,0.9840894209668942
2014-06-30,mega,persist,0.9366330760194632
2014-06-30,mega,ema,0.9471728026552435
2014-06-30,mega,persist,0.9986937600514009
2014-06-30,mega,ema,0.9987223193625396
2014-06-30,mega,persist,0.9184109343515806
2014-06-30,mega,ema,0.9126568185276294
2014-06-30,mega,persist,0.984401600172417
2014-06-30,mega,ema,0.9835665997485644
2014-06-30,mega,persist,0.7979327951963419
2014-06-30,mega,ema,0.799537836636806
2014-06-30,mega,persist,0.998958248780073
2014-06-30,mega,ema,0.998958248780073
2014-06-30,mega,persist,0.8431150355929811
2014-06-30,mega,ema,0.8439173399308344
2014-06-30,mega,persist,0.9826541239370072
2014-06-30,mega,ema,0.9786596087356051
2014-06-30,mega,persist,0.4647926728301948
2014-06-30,mega,ema,0.9856025283875562
2014-06-30,mega,persist,0.9029053501089681
2014-06-30,mega,ema,0.8395951825557598
2014-06-30,mega,persist,0.7510198245566065
2014-06-30,mega,ema,0.7994270257088552
2014-06-30,mega,persist,0.9988864075859895
2014-06-30,mega,ema,0.996784706649441
2014-06-30,mega,persist,0.866460106557491
2014-06-30,mega,ema,0.8969943667066914
2014-06-30,mega,persist,0.9999182358663646
2014-06-30,mega,ema,0.9999182358663646
2014-06-30,mega,persist,0.7726845184883673
2014-06-30,mega,ema,0.7723969806385205
2014-06-30,mega,persist,0.6071624427777944
2014-06-30,mega,ema,0.561297148199212
2014-06-30,mega,persist,0.8085914599138231
2014-06-30,mega,ema,0.7952299897186041
2014-06-30,mega,persist,0.8782777400655873
2014-06-30,mega,ema,0.8804542105587384
2014-06-30,mega,persist,0.7390890890776761
2014-06-30,mega,ema,0.7428374452944977
2014-06-30,mega,persist,0.9162914519628618
2014-06-30,mega,ema,0.8624353800199891
2014-06-30,mega,persist,0.8670614447394923
2014-06-30,mega,persist,0.9928728396847577
2014-06-30,mega,ema,0.9769171197064714
2014-06-30,mega,persist,0.9969889458849034
2014-06-30,mega,ema,0.9990674189056451
2014-06-30,mega,persist,0.9698213704986846
2014-06-30,mega,ema,0.9674333965802121
2014-06-30,mega,persist,0.9660923953017945
2014-06-30,mega,ema,0.9469883548288568
2014-06-30,mega,persist,0.9741547316726457
2014-06-30,mega,ema,0.9852825773162973
2014-06-30,mega,persist,0.959438866511677
2014-06-30,mega,ema,0.9599616624779643
2014-06-30,mega,persist,0.9771279124649006
2014-06-30,mega,ema,0.9771279124649006
2014-06-30,mega,persist,0.9346950071293121
2014-06-30,mega,ema,0.9346950071293121
2014-06-30,mega,persist,0.9915947102055304
2014-06-30,mega,ema,0.9805346323785402
2014-06-30,mega,persist,0.9989020819371374
2014-06-30,mega,ema,0.9931341193549362
2014-06-30,mega,persist,0.6162456064055848
2014-06-30,mega,ema,0.7803296420850698
2014-06-30,mega,persist,0.9787871079502859
2014-06-30,mega,ema,0.9822245406169152
2014-06-30,mega,persist,0.878845559033184
2014-06-30,mega,ema,0.8961652464984944
2014-06-30,mega,persist,0.8946810402149847
2014-06-30,mega,ema,0.8987990404406607
2014-06-30,mega,persist,0.7463642469948618
2014-06-30,mega,ema,0.6786665724064287
2014-06-30,mega,persist,0.9933663435351762
2014-06-30,mega,ema,0.9890272317120488
2014-06-30,mega,persist,0.9868361142640977
2014-06-30,mega,ema,0.9868110473361431
2014-06-30,mega,persist,0.9704539429178539
2014-06-30,mega,ema,0.9702968159737944
2014-06-30,mega,persist,0.9993479801602109
2014-06-30,mega,ema,0.9992436071764775
2014-06-30,mega,persist,0.6485849418381282
2014-06-30,mega,ema,0.6560665868287173
2014-06-30,mega,persist,0.9967813117730788
2014-06-30,mega,ema,0.9990304243141401
2014-06-30,mega,persist,0.642082939502768
2014-06-30,mega,ema,0.6431856775149941
2014-06-30,mega,persist,0.7730100365329765
2014-06-30,mega,ema,0.7193212404132783
2014-06-30,mega,persist,0.9878067690508802
2014-06-30,mega,ema,0.9840279746039559
2014-06-30,mega,persist,0.7653375717924822
2014-06-30,mega,ema,0.7664037251447026
2014-06-30,mega,persist,0.9885005434533374
2014-06-30,mega,ema,0.9885005434533374
2014-06-30,mega,persist,0.8416721546677546
2014-06-30,mega,ema,0.8486678005800533
2014-06-30,mega,persist,0.9897316412676487
2014-06-30,mega,ema,0.9648983571622286
2014-06-30,mega,persist,0.9824141832984842
2014-06-30,mega,ema,0.9802199471200048
2014-06-30,mega,persist,0.9625737437582156
2014-06-30,mega,ema,0.9496520591925438
2014-06-30,mega,persist,0.9814302008278286
2014-06-30,mega,ema,0.9810506916787202
2014-06-30,mega,persist,0.9689833097263212
2014-06-30,mega,ema,0.9809443051614786
2014-06-30,mega,persist,0.3151781443861982
2014-09-30,mega,persist,0.9899569503795607
2014-09-30,mega,ema,0.9900009887790627
2014-09-30,mega,persist,0.5469509240527204
2014-09-30,mega,ema,0.5826608843915407
2014-09-30,mega,persist,0.9988228632210193
2014-09-30,mega,ema,0.9988228632210193
2014-09-30,mega,persist,0.9957393727883905
2014-09-30,mega,ema,0.9904556801540704
2014-09-30,mega,persist,0.9741515245065651
2014-09-30,mega,ema,0.9890599948630667
2014-09-30,mega,persist,0.9997795354802463
2014-09-30,mega,ema,0.9997795354802463
2014-09-30,mega,persist,0.9513674159119165
2014-09-30,mega,persist,0.9946308813102227
2014-09-30,mega,ema,0.9899132466853444
2014-09-30,mega,persist,1.0
2014-09-30,mega,ema,1.0
2014-09-30,mega,persist,0.9988028287884652
2014-09-30,mega,ema,0.9988028287884652
2014-09-30,mega,persist,0.9997848920599393
2014-09-30,mega,ema,0.9997848920599393
2014-09-30,mega,persist,0.8737109204730219
2014-09-30,mega,ema,0.8471908509729464
2014-09-30,mega,persist,0.9981721590747402
2014-09-30,mega,ema,0.9983547486310502
2014-09-30,mega,persist,0.999972314117442
2014-09-30,mega,ema,0.9959952212334121
2014-09-30,mega,persist,0.9991218508757144
2014-09-30,mega,ema,0.9924366059557689
2014-09-30,mega,persist,0.9992279386369076
2014-09-30,mega,ema,0.9975803910851696
2014-09-30,mega,persist,0.9707906163072203
2014-09-30,mega,ema,0.9526879954484636
2014-09-30,mega,persist,0.9584598297379487
2014-09-30,mega,ema,0.9645629608942244
2014-09-30,mega,persist,0.9933445171241029
2014-09-30,mega,ema,0.9752922277084823
2014-09-30,mega,persist,0.9992426467811824
2014-09-30,mega,ema,0.9966747803699093
2014-09-30,mega,persist,0.9884305086322663
2014-09-30,mega,ema,0.9948099879600333
2014-09-30,mega,persist,0.9826609664266837
2014-09-30,mega,ema,0.9826609664266837
2014-09-30,mega,persist,0.9998651214151466
2014-09-30,mega,ema,0.9999412190410335
2014-09-30,mega,persist,0.9995676416334829
2014-09-30,mega,ema,0.992297322349109
2014-09-30,mega,persist,0.996834883218328
2014-09-30,mega,ema,0.996834883218328
2014-09-30,mega,persist,0.999615452535863
2014-09-30,mega,ema,0.999615452535863
2014-09-30,mega,persist,0.9957088114893788
2014-09-30,mega,ema,0.9957088114893788
2014-09-30,mega,persist,0.9459929705124637
2014-09-30,mega,ema,0.8956011595650868
2014-09-30,mega,persist,0.842579328953817
2014-09-30,mega,ema,0.842579328953817
2014-09-30,mega,persist,0.9524263168093923
2014-09-30,mega,ema,0.9535177137349249
2014-09-30,mega,persist,0.997284038115808
2014-09-30,mega,ema,0.9976646726735134
2014-09-30,mega,persist,0.9280873070912171
2014-09-30,mega,ema,0.8755376078699086
2014-09-30,mega,persist,0.9687475901348923
2014-09-30,mega,ema,0.9678500619383907
2014-09-30,mega,persist,0.9450008176441044
2014-09-30,mega,ema,0.9424760481823985
2014-09-30,mega,persist,0.9984621598674176
2014-09-30,mega,ema,0.9998640961183882
2014-09-30,mega,persist,0.9956983643857137
2014-09-30,mega,ema,0.9897280514561595
2014-09-30,mega,persist,0.9996411266768118
2014-09-30,mega,ema,0.9996411266768118
2014-09-30,mega,persist,0.9989865355607842
2014-09-30,mega,ema,0.9967541928045243
2014-09-30,mega,persist,0.8626701160633805
2014-09-30,mega,ema,0.8530863346094562
2014-09-30,mega,persist,0.9988298318681639
2014-09-30,mega,persist,0.8713625390598038
2014-09-30,mega,ema,0.9147505516299093
2014-09-30,mega,persist,0.9755284781418352
2014-09-30,mega,ema,0.9643947889793507
2014-09-30,mega,persist,0.7672840777569964
2014-09-30,mega,ema,0.8007307944000871
2014-09-30,mega,persist,0.9956040872392955
2014-09-30,mega,ema,0.9950607273152967
2014-09-30,mega,persist,0.9567129623830298
2014-09-30,mega,persist,0.8816184110488051
2014-09-30,mega,ema,0.8521356037800616
2014-09-30,mega,persist,0.6656581862174623
2014-09-30,mega,ema,0.642150728298202
2014-09-30,mega,persist,0.6825646424741624
2014-09-30,mega,ema,0.6831302970374534
2014-09-30,mega,persist,0.8139926417310377
2014-09-30,mega,ema,0.8694271337014414
2014-09-30,mega,persist,0.9955868077676571
2014-09-30,mega,ema,0.9955868077676571
2014-09-30,mega,persist,0.9226204213732385
2014-09-30,mega,ema,0.9273688439447443
2014-09-30,mega,persist,0.8677422312389202
2014-09-30,mega,ema,0.8850418187025348
2014-09-30,mega,persist,0.9976276238913866
2014-09-30,mega,ema,0.9976276238913866
2014-09-30,mega,persist,0.9991960004793823
2014-09-30,mega,ema,0.9987331946479118
2014-09-30,mega,persist,0.8401991093509042
2014-09-30,mega,ema,0.8412042217012449
2014-09-30,mega,persist,0.9879747041197846
2014-09-30,mega,ema,0.9940296419546788
2014-09-30,mega,persist,0.9862868727039511
2014-09-30,mega,ema,0.9764381018926996
2014-09-30,mega,persist,0.9720163483787364
2014-09-30,mega,ema,0.9719426402675846
2014-09-30,mega,persist,0.9617156223495118
2014-09-30,mega,ema,0.9605671240138262
2014-09-30,mega,persist,0.8927138535480408
2014-09-30,mega,ema,0.8948123910214908
2014-09-30,mega,persist,0.7956753041352194
2014-09-30,mega,persist,0.9340716640112495
2014-09-30,mega,ema,0.9340716640112495
2014-09-30,mega,persist,0.9996632438838444
2014-09-30,mega,ema,0.9996632438838444
2014-09-30,mega,persist,0.8653920307552506
2014-09-30,mega,ema,0.8212341512748346
2014-09-30,mega,persist,0.9972980094356306
2014-09-30,mega,ema,0.9940596996606106
2014-09-30,mega,persist,0.9970116056425552
2014-09-30,mega,ema,0.9761843806011109
2014-09-30,mega,persist,0.9299385301529612
2014-09-30,mega,ema,0.8969911378809651
2014-09-30,mega,persist,0.7067304698599977
2014-09-30,mega,ema,0.7245690707716971
2014-09-30,mega,persist,0.9985170600793761
2014-09-30,mega,ema,0.9963846243448632
2014-09-30,mega,persist,0.9984390882444809
2014-09-30,mega,ema,0.9926092082135998
2014-09-30,mega,persist,0.9944355641712063
2014-09-30,mega,ema,0.9859400198000711
2014-09-30,mega,persist,0.9999819435018549
2014-09-30,mega,ema,0.9987795867202107
2014-09-30,mega,persist,0.7513471289804954
2014-09-30,mega,ema,0.7003951166908297
2014-09-30,mega,persist,0.9807782068479455
2014-09-30,mega,ema,0.9827190710420011
2014-09-30,mega,persist,0.9986491071918703
2014-09-30,mega,ema,0.9000904383211142
2014-09-30,mega,persist,0.7337674087702662
2014-09-30,mega,ema,0.740974353431357
2014-09-30,mega,persist,0.9767317493687608
2014-09-30,mega,ema,0.9909005439759734
2014-09-30,mega,persist,0.9937439043666249
2014-09-30,mega,ema,0.9175213659921175
2014-09-30,mega,persist,0.9364667990584312
2014-09-30,mega,ema,0.9369489976946404
2014-09-30,mega,persist,0.9615473416963501
2014-09-30,mega,ema,0.9625604058269261
2014-09-30,mega,persist,0.9454387320204023
2014-09-30,mega,ema,0.9609785366822068
2014-09-30,mega,persist,0.9642212049956261
2014-09-30,mega,persist,0.9995073124084227
2014-09-30,mega,ema,0.9991911591851412
2014-09-30,mega,persist,0.9838350858467804
2014-09-30,mega,ema,0.9886519388796114
2014-09-30,mega,persist,0.9963369227208644
2014-09-30,mega,ema,0.9962597069672833
2014-09-30,mega,persist,0.9912800689775693
2014-09-30,mega,ema,0.9897182247135897
2014-09-30,mega,persist,0.3534686676530339
2014-09-30,mega,ema,0.29281505702658345
2014-09-30,mega,persist,0.5580275492813831
2014-12-31,mega,persist,0.9995410727993279
2014-12-31,mega,ema,0.9994248016214479
2014-12-31,mega,persist,0.9915465822752215
2014-12-31,mega,ema,0.8779014739761716
2014-12-31,mega,persist,0.98802290296893
2014-12-31,mega,ema,0.9879456201245707
2014-12-31,mega,persist,0.9994021924289015
2014-12-31,mega,ema,0.9994021924289015
2014-12-31,mega,persist,0.976395427082408
2014-12-31,mega,ema,0.9786874721524481
2014-12-31,mega,persist,0.9991495173836918
2014-12-31,mega,ema,0.9989609041617525
2014-12-31,mega,persist,0.984007057491807
2014-12-31,mega,ema,0.9643887679071096
2014-12-31,mega,persist,0.9923133689913208
2014-12-31,mega,ema,0.9923133689913208
2014-12-31,mega,persist,1.0
2014-12-31,mega,ema,1.0
2014-12-31,mega,persist,0.9969032784104738
2014-12-31,mega,ema,0.9969032784104738
2014-12-31,mega,persist,0.8610167606854771
2014-12-31,mega,ema,0.8724010761637281
2014-12-31,mega,persist,0.9956074131591288
2014-12-31,mega,ema,0.9956074131591288
2014-12-31,mega,persist,0.9995312785655427
2014-12-31,mega,ema,0.9995312785655427
2014-12-31,mega,persist,0.9550566868867645
2014-12-31,mega,ema,0.9638705488832614
2014-12-31,mega,persist,0.99683334488317
2014-12-31,mega,ema,0.996070287325775
2014-12-31,mega,persist,0.9027252619320408
2014-12-31,mega,ema,0.9969819547739331
2014-12-31,mega,persist,0.9810414128834875
2014-12-31,mega,ema,0.9913088150511788
2014-12-31,mega,persist,0.9810765059705918
2014-12-31,mega,ema,0.981070506100906
2014-12-31,mega,persist,0.9944734431554133
2014-12-31,mega,ema,0.9937045797264844
2014-12-31,mega,persist,0.783695266155254
2014-12-31,mega,ema,0.7814908799391453
2014-12-31,mega,persist,0.9779997854596733
2014-12-31,mega,ema,0.9801971196775726
2014-12-31,mega,persist,0.9974331263607461
2014-12-31,mega,ema,0.9974331263607461
2014-12-31,mega,persist,0.961926144395058
2014-12-31,mega,ema,0.9620002207393497
2014-12-31,mega,persist,0.9992347652698423
2014-12-31,mega,ema,0.999125618948053
2014-12-31,mega,persist,0.9993096124189144
2014-12-31,mega,ema,0.9989233538844212
2014-12-31,mega,persist,0.999698114843882
2014-12-31,mega,ema,0.9945055035296453
2014-12-31,mega,persist,0.8758073504353382
2014-12-31,mega,ema,0.8783838641451103
2014-12-31,mega,persist,0.9762758487704895
2014-12-31,mega,ema,0.9946593520791825
2014-12-31,mega,persist,0.9417592671970694
2014-12-31,mega,ema,0.9417592671970694
2014-12-31,mega,persist,0.9849732000467694
2014-12-31,mega,ema,0.982789180703721
2014-12-31,mega,persist,0.9474232303494116
2014-12-31,mega,ema,0.9476455332476572
2014-12-31,mega,persist,0.9771453906686042
2014-12-31,mega,ema,0.9960836632143647
2014-12-31,mega,persist,0.039661038047331794
2014-12-31,mega,ema,0.03961890177235002
2014-12-31,mega,persist,0.9973787252102604
2014-12-31,mega,ema,0.9995609179682945
2014-12-31,mega,persist,0.9787470490775451
2014-12-31,mega,ema,0.9966872093991412
2014-12-31,mega,persist,0.9991974748212212
2014-12-31,mega,ema,0.9988264816484946
2014-12-31,mega,persist,0.9979037261752399
2014-12-31,mega,ema,0.9980172233405857
2014-12-31,mega,persist,0.7881460461106982
2014-12-31,mega,ema,0.7792293561836261
2014-12-31,mega,persist,0.9991350954692946
2014-12-31,mega,ema,0.9989838107696132
2014-12-31,mega,persist,0.9092450041006603
2014-12-31,mega,ema,0.9102612773982626
2014-12-31,mega,persist,0.9502344064446469
2014-12-31,mega,ema,0.9812790912712056
2014-12-31,mega,persist,0.9768655155792034
2014-12-31,mega,ema,0.9786707698762692
2014-12-31,mega,persist,0.995494253727242
2014-12-31,mega,ema,0.995494253727242
2014-12-31,mega,persist,0.9637747591143205
2014-12-31,mega,ema,0.9530480745048374
2014-12-31,mega,persist,0.9451663260071624
2014-12-31,mega,ema,0.9415688004972486
2014-12-31,mega,persist,0.4377700363970022
2014-12-31,mega,ema,0.5635847221259743
2014-12-31,mega,persist,0.5817672601201634
2014-12-31,mega,ema,0.5565122546903126
2014-12-31,mega,persist,0.6528052418966851
2014-12-31,mega,ema,0.627844182413783
2014-12-31,mega,persist,0.9015757701470255
2014-12-31,mega,ema,0.9030491890851089
2014-12-31,mega,persist,0.8760570904510963
2014-12-31,mega,ema,0.8787031764803572
2014-12-31,mega,persist,0.9488102746451585
2014-12-31,mega,ema,0.9805101394043829
2014-12-31,mega,persist,0.9884487047591328
2014-12-31,mega,ema,0.9982099875178331
2014-12-31,mega,persist,0.9990420943501537
2014-12-31,mega,ema,0.9989986279078251
2014-12-31,mega,persist,0.9323244417074673
2014-12-31,mega,ema,0.8569885851349505
2014-12-31,mega,persist,0.9995987680209399
2014-12-31,mega,ema,0.9985219161098877
2014-12-31,mega,persist,0.9924932095975538
2014-12-31,mega,ema,0.9940912158706534
2014-12-31,mega,persist,0.6436987565702416
2014-12-31,mega,ema,0.6426374895106408
2014-12-31,mega,persist,0.9940898023793969
2014-12-31,mega,ema,0.9887073221579087
2014-12-31,mega,persist,0.9279043456674481
2014-12-31,mega,ema,0.8563213672727706
2014-12-31,mega,persist,0.7819832081389286
2014-12-31,mega,ema,0.8317771024977499
2014-12-31,mega,persist,0.8874552497931871
2014-12-31,mega,ema,0.968235947609561
2014-12-31,mega,persist,0.9943376319332236
2014-12-31,mega,ema,0.995452133284706
2014-12-31,mega,persist,0.5697320568604313
2014-12-31,mega,ema,0.5661570079843239
2014-12-31,mega,persist,0.9822480937395195
2014-12-31,mega,ema,0.9789717744044756
2014-12-31,mega,persist,0.9973937597808128
2014-12-31,mega,ema,0.9972790992336271
2014-12-31,mega,persist,0.9629182107862163
2014-12-31,mega,ema,0.96288466236364
2014-12-31,mega,persist,0.5358168552537615
2014-12-31,mega,ema,0.4805666557711349
2014-12-31,mega,persist,0.9536681175373607
2014-12-31,mega,ema,0.9560094300237709
2014-12-31,mega,persist,0.9995529232703209
2014-12-31,mega,ema,0.9972789096536803
2014-12-31,mega,persist,0.9973265915067677
2014-12-31,mega,ema,0.9973785882167681
2014-12-31,mega,persist,0.9971721987893905
2014-12-31,mega,ema,0.9971721987893905
2014-12-31,mega,persist,0.5747210209698428
2014-12-31,mega,ema,0.6162610290726661
2014-12-31,mega,persist,0.9892624969334818
2014-12-31,mega,ema,0.9799942519939138
2014-12-31,mega,persist,0.9861006184611174
2014-12-31,mega,ema,0.9752733924622913
2014-12-31,mega,persist,0.8719736874446015
2014-12-31,mega,ema,0.8184039673145168
2014-12-31,mega,persist,0.9072263704018545
2014-12-31,mega,ema,0.9066870620262713
2014-12-31,mega,persist,0.9496488551760883
2014-12-31,mega,ema,0.957253302635873
2014-12-31,mega,persist,0.993283052405422
2014-12-31,mega,ema,0.9555878263274886
2014-12-31,mega,persist,0.841345936468061
2014-12-31,mega,ema,0.841830298987675
2014-12-31,mega,persist,0.9743055027176308
2014-12-31,mega,ema,0.9662198519399278
2014-12-31,mega,persist,0.8152693184484375
2014-12-31,mega,ema,0.7922399517837618
2014-12-31,mega,persist,0.9977284685874183
2014-12-31,mega,ema,0.9977284685874183
2014-12-31,mega,persist,0.9787160371765046
2014-12-31,mega,ema,0.9747400434348383
2014-12-31,mega,persist,0.9932780568353217
2014-12-31,mega,ema,0.9928532504309373
2014-12-31,mega,persist,0.9895580836079682
2014-12-31,mega,ema,0.9739650720025959
2014-12-31,mega,persist,0.030414302233943587
2014-12-31,mega,ema,0.03892914932550936
2014-12-31,mega,persist,0.6661031008735138
2014-12-31,mega,ema,0.5307012635688226
2014-12-31,mega,persist,0.9970067085896817
2015-03-31,mega,persist,0.9933485668368923
2015-03-31,mega,ema,0.9850299212227431
2015-03-31,mega,persist,0.9921631408029055
2015-03-31,mega,ema,0.9875592619505562
2015-03-31,mega,persist,0.999565960720246
2015-03-31,mega,ema,0.9874153262877989
2015-03-31,mega,persist,0.9984909428751318
2015-03-31,mega,ema,0.9984909428751318
2015-03-31,mega,persist,0.9783699019789256
2015-03-31,mega,ema,0.9727929717321809
2015-03-31,mega,persist,0.9974134287326561
2015-03-31,mega,ema,0.9974134287326561
2015-03-31,mega,persist,0.8784548510270949
2015-03-31,mega,ema,0.8788553470811757
2015-03-31,mega,persist,0.993470267971414
2015-03-31,mega,ema,0.993470267971414
2015-03-31,mega,persist,1.0
2015-03-31,mega,ema,1.0
2015-03-31,mega,persist,0.9996502996701249
2015-03-31,mega,ema,0.9993508043590685
2015-03-31,mega,persist,0.9298841149076124
2015-03-31,mega,ema,0.9458905253449835
2015-03-31,mega,persist,0.9995260562177143
2015-03-31,mega,ema,0.9993695180940957
2015-03-31,mega,persist,0.996785032947784
2015-03-31,mega,ema,0.996785032947784
2015-03-31,mega,persist,0.9958675295080898
2015-03-31,mega,ema,0.9960164698965305
2015-03-31,mega,persist,0.999826203778036
2015-03-31,mega,ema,0.9932689388305853
2015-03-31,mega,persist,0.9909947674614369
2015-03-31,mega,ema,0.9862317257398856
2015-03-31,mega,persist,0.9728725821851916
2015-03-31,mega,ema,0.973048241202052
2015-03-31,mega,persist,0.9920777132324174
2015-03-31,mega,ema,0.9920777132324174
2015-03-31,mega,persist,0.8308075116724574
2015-03-31,mega,ema,0.9796297678195613
2015-03-31,mega,persist,0.9751342041798652
2015-03-31,mega,ema,0.9788018309597243
2015-03-31,mega,persist,0.9987413111284684
2015-03-31,mega,ema,0.9970671825196914
2015-03-31,mega,persist,0.9873086294763512
2015-03-31,mega,ema,0.9873086294763512
2015-03-31,mega,persist,0.9949925680382873
2015-03-31,mega,ema,0.9951506450177182
2015-03-31,mega,persist,0.995878494717572
2015-03-31,mega,ema,0.9957714920881657
2015-03-31,mega,persist,0.9482150479455195
2015-03-31,mega,ema,0.9482150479455195
2015-03-31,mega,persist,0.9209059677695953
2015-03-31,mega,ema,0.9349039126472029
2015-03-31,mega,persist,0.9215093979110929
2015-03-31,mega,ema,0.9214299069259604
2015-03-31,mega,persist,0.8980304278160925
2015-03-31,mega,ema,0.8741973005103902
2015-03-31,mega,persist,0.9942326960132083
2015-03-31,mega,ema,0.9884203858133567
2015-03-31,mega,persist,0.8156196246242976
2015-03-31,mega,ema,0.8227254928217569
2015-03-31,mega,persist,0.9815221827663727
2015-03-31,mega,ema,0.9815221827663727
2015-03-31,mega,persist,0.6010227480742225
2015-03-31,mega,ema,0.40557787756371017
2015-03-31,mega,persist,0.997833844294399
2015-03-31,mega,ema,0.997833844294399
2015-03-31,mega,persist,0.8798887130471427
2015-03-31,mega,ema,0.8786806971244522
2015-03-31,mega,persist,0.9962306605410395
2015-03-31,mega,ema,0.9962306605410395
2015-03-31,mega,persist,0.9957535525299458
2015-03-31,mega,ema,0.995700929463276
2015-03-31,mega,persist,0.9229081538088376
2015-03-31,mega,ema,0.8787868112171267
2015-03-31,mega,persist,0.9969159469881897
2015-03-31,mega,ema,0.998083720714729
2015-03-31,mega,persist,0.9501021707226519
2015-03-31,mega,ema,0.9542571757218101
2015-03-31,mega,persist,0.9988260235267353
2015-03-31,mega,ema,0.993924538624923
2015-03-31,mega,persist,0.9654533034929558
2015-03-31,mega,ema,0.9666506148433364
2015-03-31,mega,persist,0.9989826748346653
2015-03-31,mega,ema,0.9990368663186178
2015-03-31,mega,persist,0.8886893741116614
2015-03-31,mega,ema,0.8886893741116614
2015-03-31,mega,persist,0.9045145987116286
2015-03-31,mega,ema,0.8928946673252661
2015-03-31,mega,persist,0.6693415087949103
2015-03-31,mega,ema,0.6821942880479062
2015-03-31,mega,persist,0.4390594883436376
2015-03-31,mega,ema,0.46913160656216046
2015-03-31,mega,persist,0.7788581175141753
2015-03-31,mega,ema,0.7827895263996278
2015-03-31,mega,persist,0.95489153722639
2015-03-31,mega,ema,0.9336092565233381
2015-03-31,mega,persist,0.745966686998669
2015-03-31,mega,ema,0.783591489588125
2015-03-31,mega,persist,0.8075332331790368
2015-03-31,mega,ema,0.7887007241525196
2015-03-31,mega,persist,0.9989900662828983
2015-03-31,mega,ema,0.9980579183443642
2015-03-31,mega,persist,0.9967559102737666
2015-03-31,mega,ema,0.9969618668098751
2015-03-31,mega,persist,0.8402234484053431
2015-03-31,mega,ema,0.8393565085179717
2015-03-31,mega,persist,0.9775674857592411
2015-03-31,mega,ema,0.9765912269153508
2015-03-31,mega,persist,0.9873378138438844
2015-03-31,mega,ema,0.9851424139784185
2015-03-31,mega,persist,0.9581172531583572
2015-03-31,mega,ema,0.9578292521968519
2015-03-31,mega,persist,0.995920119857597
2015-03-31,mega,ema,0.9899961782121119
2015-03-31,mega,persist,0.9982143178150479
2015-03-31,mega,ema,0.9622016041477147
2015-03-31,mega,persist,0.9478062387456652
2015-03-31,mega,ema,0.9313814499628944
2015-03-31,mega,persist,0.7980214614629497
2015-03-31,mega,ema,0.7863712806161247
2015-03-31,mega,persist,0.9981354666263687
2015-03-31,mega,ema,0.9981354666263687
2015-03-31,mega,persist,0.7487065479039635
2015-03-31,mega,ema,0.7751335927227009
2015-03-31,mega,persist,0.9584370066270398
2015-03-31,mega,ema,0.9733384601116996
2015-03-31,mega,persist,0.9915762242821969
2015-03-31,mega,ema,0.9931576440690731
2015-03-31,mega,persist,0.9701273742265962
2015-03-31,mega,ema,0.9570522013709688
2015-03-31,mega,persist,0.7377594411665104
2015-03-31,mega,ema,0.6545279727503388
2015-03-31,mega,persist,0.9979890607090691
2015-03-31,mega,ema,0.9881685096416688
2015-03-31,mega,persist,0.9987121881455355
2015-03-31,mega,ema,0.9987121881455355
2015-03-31,mega,persist,0.9660406342186102
2015-03-31,mega,ema,0.9660406342186102
2015-03-31,mega,persist,0.9997536409785046
2015-03-31,mega,ema,0.9996065156188022
2015-03-31,mega,persist,0.8970959045504846
2015-03-31,mega,persist,0.6694266877872475
2015-03-31,mega,ema,0.5552292922158985
2015-03-31,mega,persist,0.9865045133203056
2015-03-31,mega,ema,0.9847544650191449
2015-03-31,mega,persist,0.9937259439910199
2015-03-31,mega,ema,0.978796053288286
2015-03-31,mega,persist,0.9788058899720322
2015-03-31,mega,persist,0.7209791490323932
2015-03-31,mega,ema,0.7273728952773161
2015-03-31,mega,persist,0.9817478612530217
2015-03-31,mega,ema,0.9821899133869813
2015-03-31,mega,persist,0.9712264442521394
2015-03-31,mega,ema,0.9621082085546493
2015-03-31,mega,persist,0.9112754487189114
2015-03-31,mega,ema,0.9097813447127844
2015-03-31,mega,persist,0.507366966011667
2015-03-31,mega,ema,0.5075833409109678
2015-03-31,mega,persist,0.9559268879214694
2015-03-31,mega,ema,0.9372418258217595
2015-03-31,mega,persist,0.9454906672578175
2015-03-31,mega,ema,0.9513657459569819
2015-03-31,mega,persist,0.9923554094329258
2015-03-31,mega,ema,0.9924227983970977
2015-03-31,mega,persist,0.9701411110116588
2015-03-31,mega,ema,0.9487690263108145
2015-03-31,mega,persist,0.9781151787549403
2015-03-31,mega,ema,0.9814283570146066
2015-03-31,mega,persist,0.9743213137812857
2015-03-31,mega,ema,0.9741702916272602
2015-03-31,mega,persist,0.9957009027089633
2015-03-31,mega,persist,0.4956333612639791
2015-03-31,mega,ema,0.4724429200423452
2015-03-31,mega,persist,0.5335990242627098
2015-03-31,mega,ema,0.5667498110586946
2015-03-31,mega,persist,0.995084942646408
2015-03-31,mega,ema,0.9973535466117802
2015-03-31,mega,persist,0.9696894006268855
2015-06-30,mega,persist,0.9993998302238177
2015-06-30,mega,ema,0.998291183574864
2015-06-30,mega,persist,0.9570538649980656
2015-06-30,mega,ema,0.9544298020481812
2015-06-30,mega,persist,0.9857486581654213
2015-06-30,mega,ema,0.9853249167093394
2015-06-30,mega,persist,0.9994891960404205
2015-06-30,mega,ema,0.9967627484641107
2015-06-30,mega,persist,0.981520215336587
2015-06-30,mega,ema,0.9917923246374765
2015-06-30,mega,persist,0.9982385916815042
2015-06-30,mega,ema,0.9982385916815042
2015-06-30,mega,persist,0.9632982678342934
2015-06-30,mega,ema,0.9488816326766678
2015-06-30,mega,persist,0.9832063228674723
2015-06-30,mega,ema,0.9801822263161601
2015-06-30,mega,persist,1.0
2015-06-30,mega,ema,1.0
2015-06-30,mega,persist,0.9968951225947557
2015-06-30,mega,ema,0.9968951225947557
2015-06-30,mega,persist,0.929481921782757
2015-06-30,mega,ema,0.9502890268012028
2015-06-30,mega,persist,0.9963520710429672
2015-06-30,mega,ema,0.9963520710429672
2015-06-30,mega,persist,0.9878186817372403
2015-06-30,mega,ema,0.9878809679974923
2015-06-30,mega,persist,0.9965947466305132
2015-06-30,mega,ema,0.9965947466305132
2015-06-30,mega,persist,0.9634927810346091
2015-06-30,mega,ema,0.9654927182604922
2015-06-30,mega,persist,0.9840824781480886
2015-06-30,mega,ema,0.9830661458347782
2015-06-30,mega,persist,0.988692487443456
2015-06-30,mega,ema,0.988692487443456
2015-06-30,mega,persist,0.9372939001649783
2015-06-30,mega,ema,0.9411231209008188
2015-06-30,mega,persist,0.9736400690762023
2015-06-30,mega,ema,0.974612066657718
2015-06-30,mega,persist,0.9955718455762365
2015-06-30,mega,persist,0.9984078071138683
2015-06-30,mega,ema,0.997909287256375
2015-06-30,mega,persist,1.0
2015-06-30,mega,ema,0.9962494064765326
2015-06-30,mega,persist,0.9991946292386114
2015-06-30,mega,ema,0.9985876201827532
2015-06-30,mega,persist,0.9978787394209895
2015-06-30,mega,ema,0.9978379551234228
2015-06-30,mega,persist,0.9085179961908237
2015-06-30,mega,ema,0.940986121486839
2015-06-30,mega,persist,0.8576872633341385
2015-06-30,mega,ema,0.8724756965559742
2015-06-30,mega,persist,0.9829058686836191
2015-06-30,mega,ema,0.9826309688658521
2015-06-30,mega,persist,0.9125545209588409
2015-06-30,mega,ema,0.9330832671115707
2015-06-30,mega,persist,0.9786330850397931
2015-06-30,mega,ema,0.9807466413836373
2015-06-30,mega,persist,0.8585082779579505
2015-06-30,mega,ema,0.8139403647956598
2015-06-30,mega,persist,0.9976028542791344
2015-06-30,mega,ema,0.9975172170159348
2015-06-30,mega,persist,0.19958945962276547
2015-06-30,mega,ema,0.18047800999027394
2015-06-30,mega,persist,1.0
2015-06-30,mega,ema,1.0
2015-06-30,mega,persist,0.9937337761149343
2015-06-30,mega,ema,0.9945657119899831
2015-06-30,mega,persist,0.9988009990876797
2015-06-30,mega,ema,0.9988412747236678
2015-06-30,mega,persist,0.9983826217778355
2015-06-30,mega,ema,0.995442168724921
2015-06-30,mega,persist,0.780534130710134
2015-06-30,mega,ema,0.7790277496632277
2015-06-30,mega,persist,0.9982315256040606
2015-06-30,mega,ema,0.99761167413475
2015-06-30,mega,persist,0.8995951311366627
2015-06-30,mega,ema,0.8309342159773779
2015-06-30,mega,persist,0.991521618749831
2015-06-30,mega,ema,0.9947979090132087
2015-06-30,mega,persist,0.9041458416205348
2015-06-30,mega,ema,0.9158032031548861
2015-06-30,mega,persist,0.9987370877537499
2015-06-30,mega,ema,0.9989539398230742
2015-06-30,mega,persist,0.9822979348798239
2015-06-30,mega,ema,0.988443182742713
2015-06-30,mega,persist,0.7902651283104206
2015-06-30,mega,ema,0.5278133308690389
2015-06-30,mega,persist,0.5468888386745651
2015-06-30,mega,ema,0.49895489653686526
2015-06-30,mega,persist,0.5367164083752392
2015-06-30,mega,ema,0.6842089429362994
2015-06-30,mega,persist,0.7301754322266524
2015-06-30,mega,ema,0.7368373177586613
2015-06-30,mega,persist,0.9413261803623115
2015-06-30,mega,ema,0.9525391174940304
2015-06-30,mega,persist,0.8213430494521125
2015-06-30,mega,ema,0.8233393893804063
2015-06-30,mega,persist,0.8182632868327498
2015-06-30,mega,ema,0.7626813326853475
2015-06-30,mega,persist,0.9581292286013119
2015-06-30,mega,ema,0.9694609890877366
2015-06-30,mega,persist,0.9936605562140892
2015-06-30,mega,ema,0.9928269461140623
2015-06-30,mega,persist,0.9632597149308768
2015-06-30,mega,ema,0.9449345678412078
2015-06-30,mega,persist,0.9995824143989596
2015-06-30,mega,ema,0.9987892271419966
2015-06-30,mega,persist,0.9931804752625424
2015-06-30,mega,ema,0.9921728871673362
2015-06-30,mega,persist,0.9947189847339598
2015-06-30,mega,ema,0.9933557414108517
2015-06-30,mega,persist,0.9469259859953245
2015-06-30,mega,ema,0.9465647946942013
2015-06-30,mega,persist,0.9748900159478496
2015-06-30,mega,ema,0.9585785565516434
2015-06-30,mega,persist,0.956034256361618
2015-06-30,mega,ema,0.9388040323058018
2015-06-30,mega,persist,0.5040355005417099
2015-06-30,mega,ema,0.5040355005417099
2015-06-30,mega,persist,0.99975812292236
2015-06-30,mega,ema,0.9988298861822816
2015-06-30,mega,persist,0.7991703011109548
2015-06-30,mega,ema,0.7515732295550841
2015-06-30,mega,persist,0.9826530781703029
2015-06-30,mega,ema,0.9687450172982953
2015-06-30,mega,persist,0.9989876082014789
2015-06-30,mega,ema,0.9998580803127973
2015-06-30,mega,persist,0.9661011410922293
2015-06-30,mega,ema,0.9630006047863813
2015-06-30,mega,persist,0.7393653864213489
2015-06-30,mega,ema,0.6468006942537873
2015-06-30,mega,persist,0.9959930732283431
2015-06-30,mega,ema,0.9963124551135166
2015-06-30,mega,persist,0.9621845998349792
2015-06-30,mega,persist,0.9946024618344601
2015-06-30,mega,ema,0.9922872404965247
2015-06-30,mega,persist,0.9831714323071247
2015-06-30,mega,ema,0.9669519545086107
2015-06-30,mega,persist,1.0
2015-06-30,mega,ema,0.9996122239011224
2015-06-30,mega,persist,0.8166238330227088
2015-06-30,mega,ema,0.8180192047519541
2015-06-30,mega,persist,0.754218596418701
2015-06-30,mega,ema,0.6418697240740714
2015-06-30,mega,persist,0.9692288725846914
2015-06-30,mega,ema,0.960043091405674
2015-06-30,mega,persist,0.8622371915170948
2015-06-30,mega,ema,0.8622371915170948
2015-06-30,mega,persist,0.9962757945112246
2015-06-30,mega,ema,0.9871309234726554
2015-06-30,mega,persist,0.8323367318741344
2015-06-30,mega,ema,0.871749496628628
2015-06-30,mega,persist,0.9102742013499788
2015-06-30,mega,ema,0.9155818818513499
2015-06-30,mega,persist,0.9843451857119381
2015-06-30,mega,ema,0.9598571825047563
2015-06-30,mega,persist,0.9674945370705814
2015-06-30,mega,ema,0.9716188820261069
2015-06-30,mega,persist,0.35811685931003284
2015-06-30,mega,ema,0.464031887336886
2015-06-30,mega,persist,0.9020286313436381
2015-06-30,mega,ema,0.9056611137653656
2015-06-30,mega,persist,0.9078156170934703
2015-06-30,mega,ema,0.8925423703085147
2015-06-30,mega,persist,0.9977350423114216
2015-06-30,mega,ema,0.9977350423114216
2015-06-30,mega,persist,0.942466387360369
2015-06-30,mega,ema,0.905296279787401
2015-06-30,mega,persist,0.986110754792887
2015-06-30,mega,ema,0.9902677774844584
2015-06-30,mega,persist,0.9867187562825441
2015-06-30,mega,ema,0.9611698803130756
2015-06-30,mega,persist,0.9990612692542938
2015-06-30,mega,ema,0.9990612692542938
2015-06-30,mega,persist,0.08832167859320629
2015-06-30,mega,ema,0.15377567173186268
2015-06-30,mega,persist,0.43642746205979105
2015-06-30,mega,ema,0.3577172460783628
2015-06-30,mega,persist,0.9382236831647705
2015-06-30,mega,ema,0.9384915876232851
2015-06-30,mega,persist,0.96025133362232
2015-06-30,mega,ema,0.9617508459864346
2015-06-30,mega,persist,0.20703853673221675
2015-09-30,mega,persist,0.9974891144340088
2015-09-30,mega,ema,0.9974891144340088
2015-09-30,mega,persist,0.9194936435902622
2015-09-30,mega,ema,0.9454254343193421
2015-09-30,mega,persist,0.9893979535451718
2015-09-30,mega,ema,0.9773946050088089
2015-09-30,mega,persist,0.9973320723782333
2015-09-30,mega,ema,0.997112516643193
2015-09-30,mega,persist,0.918906296381648
2015-09-30,mega,ema,0.9213940366779496
2015-09-30,mega,persist,0.9977370838148364
2015-09-30,mega,ema,0.997580838377519
2015-09-30,mega,persist,0.9421750964256009
2015-09-30,mega,ema,0.9432970297615906
2015-09-30,mega,persist,0.9851865488386298
2015-09-30,mega,ema,0.9845853202741914
2015-09-30,mega,persist,1.0
2015-09-30,mega,ema,1.0
2015-09-30,mega,persist,0.9787827702973058
2015-09-30,mega,ema,0.9787827702973058
2015-09-30,mega,persist,0.9423084728614479
2015-09-30,mega,ema,0.9427835552702013
2015-09-30,mega,persist,0.9947779326977408
2015-09-30,mega,ema,0.9890019780291719
2015-09-30,mega,persist,0.9922971000454358
2015-09-30,mega,ema,0.9941807325908271
2015-09-30,mega,persist,0.9958671271263472
2015-09-30,mega,ema,0.9958753055117042
2015-09-30,mega,persist,0.9882357222095003
2015-09-30,mega,ema,0.992853766089283
2015-09-30,mega,persist,0.9472602911965902
2015-09-30,mega,ema,0.952607202203254
2015-09-30,mega,persist,0.945917370367144
2015-09-30,mega,ema,0.9458796485213762
2015-09-30,mega,persist,0.8385700142882602
2015-09-30,mega,ema,0.9553509493833997
2015-09-30,mega,persist,0.9897691301527028
2015-09-30,mega,ema,0.9230105706768964
2015-09-30,mega,persist,0.9690095193680296
2015-09-30,mega,ema,0.9686477280170956
2015-09-30,mega,persist,0.9995352049200422
2015-09-30,mega,ema,0.9995352049200422
2015-09-30,mega,persist,0.9822367223196438
2015-09-30,mega,ema,0.9822367223196438
2015-09-30,mega,persist,0.99012826788798
2015-09-30,mega,ema,0.994050778938686
2015-09-30,mega,persist,0.9984197686486798
2015-09-30,mega,ema,0.9985068566590584
2015-09-30,mega,persist,0.9801898469785771
2015-09-30,mega,ema,0.9846332554253197
2015-09-30,mega,persist,0.9353216520197322
2015-09-30,mega,ema,0.902019810842787
2015-09-30,mega,persist,0.9961854268931339
2015-09-30,mega,ema,0.9874927745166665
2015-09-30,mega,persist,0.9546518994117977
2015-09-30,mega,ema,0.9547417432069563
2015-09-30,mega,persist,0.9745984747160612
2015-09-30,mega,ema,0.9716278532274183
2015-09-30,mega,persist,0.7139775729279332
2015-09-30,mega,ema,0.7002669732492379
2015-09-30,mega,persist,0.9904475905088105
2015-09-30,mega,ema,0.9906042006633899
2015-09-30,mega,persist,0.5193244377347779
2015-09-30,mega,ema,0.5310068112656499
2015-09-30,mega,persist,0.8232848021393419
2015-09-30,mega,ema,0.8232848021393419
2015-09-30,mega,persist,0.9905427940889809
2015-09-30,mega,ema,0.9900808241003838
2015-09-30,mega,persist,0.9992048885614994
2015-09-30,mega,ema,0.9957633144258936
2015-09-30,mega,persist,0.9998231369672052
2015-09-30,mega,ema,0.9998231369672052
2015-09-30,mega,persist,0.9057603026886119
2015-09-30,mega,ema,0.8710032187749607
2015-09-30,mega,persist,0.9954362909728363
2015-09-30,mega,ema,0.9956817359355796
2015-09-30,mega,persist,0.9301744402086067
2015-09-30,mega,ema,0.9507803461830151
2015-09-30,mega,persist,0.9714867615505915
2015-09-30,mega,ema,0.9755316079891342
2015-09-30,mega,persist,0.9411120421670578
2015-09-30,mega,ema,0.9465221516169281
2015-09-30,mega,persist,0.9986751396561806
2015-09-30,mega,ema,0.9987293717994455
2015-09-30,mega,persist,0.9929792181795574
2015-09-30,mega,ema,0.9923614326183798
2015-09-30,mega,persist,0.9115004776503104
2015-09-30,mega,ema,0.897564157946312
2015-09-30,mega,persist,0.6148587025774069
2015-09-30,mega,ema,0.7612095682497785
2015-09-30,mega,persist,0.5201860415400098
2015-09-30,mega,ema,0.6497610584745654
2015-09-30,mega,persist,0.4433359248396556
2015-09-30,mega,ema,0.3995797760879058
2015-09-30,mega,persist,0.9746674779733354
2015-09-30,mega,ema,0.9799725810025625
2015-09-30,mega,persist,0.9320881242585549
2015-09-30,mega,ema,0.8981477850101264
2015-09-30,mega,persist,0.861711474432909
2015-09-30,mega,ema,0.8899986242542297
2015-09-30,mega,persist,0.7930676854295002
2015-09-30,mega,ema,0.7765680518368898
2015-09-30,mega,persist,0.9741795872740183
2015-09-30,mega,ema,0.9729518819558394
2015-09-30,mega,persist,0.963681821837344
2015-09-30,mega,ema,0.9600231711025279
2015-09-30,mega,persist,0.9984802874383445
2015-09-30,mega,ema,0.9975718237912164
2015-09-30,mega,persist,0.978948201174707
2015-09-30,mega,ema,0.9664823841606988
2015-09-30,mega,persist,0.9977923095786814
2015-09-30,mega,ema,0.9937052356784127
2015-09-30,mega,persist,0.9997856643463255
2015-09-30,mega,ema,0.9998421438935483
2015-09-30,mega,persist,0.8911592338929746
2015-09-30,mega,ema,0.890783785740212
2015-09-30,mega,persist,0.9926672479917644
2015-09-30,mega,ema,0.9674086191341913
2015-09-30,mega,persist,0.8178212077976204
2015-09-30,mega,ema,0.8682698005427547
2015-09-30,mega,persist,0.999772626984083
2015-09-30,mega,ema,0.999772626984083
2015-09-30,mega,persist,0.63572041439473
2015-09-30,mega,ema,0.6603871584563441
2015-09-30,mega,persist,0.9754393953206945
2015-09-30,mega,ema,0.9939116703758759
2015-09-30,mega,persist,0.9997328282868995
2015-09-30,mega,ema,0.9995565666831636
2015-09-30,mega,persist,0.9708993555668026
2015-09-30,mega,ema,0.9635697061318939
2015-09-30,mega,persist,0.5911464283933624
2015-09-30,mega,ema,0.5946162196911711
2015-09-30,mega,persist,0.9874135654418407
2015-09-30,mega,ema,0.9911944866892873
2015-09-30,mega,persist,0.9291389853416355
2015-09-30,mega,ema,0.9291389853416355
2015-09-30,mega,persist,0.9975220702061406
2015-09-30,mega,ema,0.9975220702061406
2015-09-30,mega,persist,0.9774594094706474
2015-09-30,mega,ema,0.9747220825533509
2015-09-30,mega,persist,0.9906545492653337
2015-09-30,mega,ema,0.9906545492653337
2015-09-30,mega,persist,0.8155360243604359
2015-09-30,mega,ema,0.8125502636326377
2015-09-30,mega,persist,0.8226645869973148
2015-09-30,mega,ema,0.7786851042819406
2015-09-30,mega,persist,0.9722194060446149
2015-09-30,mega,ema,0.9722194060446149
2015-09-30,mega,persist,0.9569225662347631
2015-09-30,mega,ema,0.9442067000856484
2015-09-30,mega,persist,0.9920014383621633
2015-09-30,mega,ema,0.9921586133034221
2015-09-30,mega,persist,0.9179679981253518
2015-09-30,mega,ema,0.9247984550396
2015-09-30,mega,persist,0.9936117548233951
2015-09-30,mega,ema,0.9759827205371238
2015-09-30,mega,persist,0.9843465710100415
2015-09-30,mega,ema,0.974745306261682
2015-09-30,mega,persist,0.4666936660415922
2015-09-30,mega,ema,0.4667286164615642
2015-09-30,mega,persist,0.9016166771088231
2015-09-30,mega,ema,0.9117136369853279
2015-09-30,mega,persist,0.9680873312260702
2015-09-30,mega,ema,0.9663889043067736
2015-09-30,mega,persist,0.9910292569476372
2015-09-30,mega,ema,0.990796064235677
2015-09-30,mega,persist,0.9531224924026483
2015-09-30,mega,ema,0.9255996739704575
2015-09-30,mega,persist,0.9898046361030156
2015-09-30,mega,ema,0.9859064346113662
2015-09-30,mega,persist,0.9676088981178176
2015-09-30,mega,ema,0.9542955612693061
2015-09-30,mega,persist,0.990756211531246
2015-09-30,mega,ema,0.9908093316561704
2015-09-30,mega,persist,0.402070019314863
2015-09-30,mega,ema,0.4638312516858621
2015-09-30,mega,persist,0.5817436226397906
2015-09-30,mega,ema,0.6828949784753803
2015-09-30,mega,persist,0.9904866936578558
2015-09-30,mega,ema,0.9904866936578558
2015-09-30,mega,persist,0.9753515246859874
2015-09-30,mega,ema,0.9811258484227078
2015-09-30,mega,persist,0.5762353648470903
2015-09-30,mega,ema,0.5928408140262739
2015-09-30,mega,persist,0.9987197356453725
2015-12-31,mega,persist,0.992818149927379
2015-12-31,mega,ema,0.9925041514854899
2015-12-31,mega,persist,0.9764440610131158
2015-12-31,mega,ema,0.9904845492250043
2015-12-31,mega,persist,0.9911543653681902
2015-12-31,mega,ema,0.9943316780344779
2015-12-31,mega,persist,0.9902149153610962
2015-12-31,mega,ema,0.9888089247104243
2015-12-31,mega,persist,0.9504695233492552
2015-12-31,mega,ema,0.9491826278304609
2015-12-31,mega,persist,0.9909486245563229
2015-12-31,mega,ema,0.9849210187903426
2015-12-31,mega,persist,0.9595171815402209
2015-12-31,mega,ema,0.9407018398862014
2015-12-31,mega,persist,0.9110753892665309
2015-12-31,mega,ema,0.9183125247780167
2015-12-31,mega,persist,1.0
2015-12-31,mega,ema,1.0
2015-12-31,mega,persist,0.959324801007111
2015-12-31,mega,ema,0.959324801007111
2015-12-31,mega,persist,0.9539909581680096
2015-12-31,mega,ema,0.9551345358512864
2015-12-31,mega,persist,0.9946287996399771
2015-12-31,mega,ema,0.9939556795116392
2015-12-31,mega,persist,0.9517032929090841
2015-12-31,mega,ema,0.9516886234297943
2015-12-31,mega,persist,0.9933721177122298
2015-12-31,mega,ema,0.9936032581971923
2015-12-31,mega,persist,0.9917307396097463
2015-12-31,mega,ema,0.9819052425427485
2015-12-31,mega,persist,0.9286632077432284
2015-12-31,mega,ema,0.9503821187985886
2015-12-31,mega,persist,0.9760314515806726
2015-12-31,mega,ema,0.9731927947566937
2015-12-31,mega,persist,0.9937562062925815
2015-12-31,mega,persist,0.8520995132138656
2015-12-31,mega,ema,0.8790649427148297
2015-12-31,mega,persist,0.9920528586181426
2015-12-31,mega,ema,0.994918593104634
2015-12-31,mega,persist,0.9828901314867743
2015-12-31,mega,ema,0.9861009425464725
2015-12-31,mega,persist,0.985686353306001
2015-12-31,mega,ema,0.985686353306001
2015-12-31,mega,persist,0.9685462420979358
2015-12-31,mega,ema,0.9683726008947307
2015-12-31,mega,persist,0.9216208073268475
2015-12-31,mega,ema,0.9216208073268475
2015-12-31,mega,persist,0.9965261803707672
2015-12-31,mega,ema,0.9865650762782622
2015-12-31,mega,persist,0.9925389864579854
2015-12-31,mega,ema,0.991365130108771
2015-12-31,mega,persist,0.8216338365890664
2015-12-31,mega,ema,0.7297606165894394
2015-12-31,mega,persist,0.9719705583178325
2015-12-31,mega,ema,0.9878182265538392
2015-12-31,mega,persist,0.9135875909566035
2015-12-31,mega,ema,0.9182536393589681
2015-12-31,mega,persist,0.9963807806557222
2015-12-31,mega,ema,0.993929109138241
2015-12-31,mega,persist,0.8350441490678576
2015-12-31,mega,ema,0.8756219130259933
2015-12-31,mega,persist,0.9976257930784995
2015-12-31,mega,ema,0.9976257930784995
2015-12-31,mega,persist,0.632595139937014
2015-12-31,mega,ema,0.5818656354843716
2015-12-31,mega,persist,0.9999585830879407
2015-12-31,mega,ema,0.9867755932271804
2015-12-31,mega,persist,0.9826154940888414
2015-12-31,mega,ema,0.9750530015000907
2015-12-31,mega,persist,0.9913334501266594
2015-12-31,mega,ema,0.9898003533564609
2015-12-31,mega,persist,0.9971178798011887
2015-12-31,mega,ema,0.9954693072007844
2015-12-31,mega,persist,0.8762102144587408
2015-12-31,mega,ema,0.8500614484776916
2015-12-31,mega,persist,0.9904388614093363
2015-12-31,mega,ema,0.9883781002195265
2015-12-31,mega,persist,0.8587249304926557
2015-12-31,mega,ema,0.8644592594137097
2015-12-31,mega,persist,0.9847602618807112
2015-12-31,mega,ema,0.983470658384101
2015-12-31,mega,persist,0.82080483804645
2015-12-31,mega,ema,0.8106785515495257
2015-12-31,mega,persist,0.9987135043994095
2015-12-31,mega,ema,0.9988886434658331
2015-12-31,mega,persist,0.9268769188595528
2015-12-31,mega,ema,0.9308533393466855
2015-12-31,mega,persist,0.886621252496157
2015-12-31,mega,ema,0.8781768271478316
2015-12-31,mega,persist,0.6320988773789453
2015-12-31,mega,ema,0.6994223145195534
2015-12-31,mega,persist,0.5032961845236377
2015-12-31,mega,ema,0.6838204231073165
2015-12-31,mega,persist,0.4312539353818818
2015-12-31,mega,ema,0.6001843074706856
2015-12-31,mega,persist,0.6451332267908562
2015-12-31,mega,ema,0.6490034761530357
2015-12-31,mega,persist,0.8899880524948165
2015-12-31,mega,ema,0.8809351045168851
2015-12-31,mega,persist,0.9876469861939662
2015-12-31,mega,ema,0.9814289731777961
2015-12-31,mega,persist,0.9968415046557381
2015-12-31,mega,ema,0.9964727354084406
2015-12-31,mega,persist,0.9432595184678478
2015-12-31,mega,ema,0.9394677015108504
2015-12-31,mega,persist,0.963694141935166
2015-12-31,mega,ema,0.9621557621849922
2015-12-31,mega,persist,0.972818429798712
2015-12-31,mega,ema,0.9695638438546571
2015-12-31,mega,persist,0.9910480201073704
2015-12-31,mega,ema,0.9923322793243265
2015-12-31,mega,persist,0.9193532938437331
2015-12-31,mega,persist,0.9770468876567221
2015-12-31,mega,ema,0.9783380397770003
2015-12-31,mega,persist,0.8745091207436902
2015-12-31,mega,ema,0.8691976746953968
2015-12-31,mega,persist,0.9808556953278286
2015-12-31,mega,ema,0.971492169315571
2015-12-31,mega,persist,0.9462253627533589
2015-12-31,mega,ema,0.9511581713036503
2015-12-31,mega,persist,0.9968312964640893
2015-12-31,mega,ema,0.9968312964640893
2015-12-31,mega,persist,0.6365409152256364
2015-12-31,mega,ema,0.5851564939617291
2015-12-31,mega,persist,0.9990875179839728
2015-12-31,mega,ema,0.9997853034725758
2015-12-31,mega,persist,0.9945698384155511
2015-12-31,mega,ema,0.9942836639023691
2015-12-31,mega,persist,0.9430811446844959
2015-12-31,mega,ema,0.953120110285665
2015-12-31,mega,persist,0.671088024405824
2015-12-31,mega,ema,0.5512782521888743
2015-12-31,mega,persist,0.9862523529964317
2015-12-31,mega,ema,0.9886483545524635
2015-12-31,mega,persist,0.9620826210158769
2015-12-31,mega,ema,0.9442102633127446
2015-12-31,mega,persist,0.9892441442802336
2015-12-31,mega,ema,0.978506733703824
2015-12-31,mega,persist,0.9607466641967559
2015-12-31,mega,ema,0.9494792137736425
2015-12-31,mega,persist,0.9976343199327072
2015-12-31,mega,ema,0.9897705965055216
2015-12-31,mega,persist,0.8729592740556591
2015-12-31,mega,ema,0.8729592740556591
2015-12-31,mega,persist,0.7370725443118776
2015-12-31,mega,ema,0.6645068035781401
2015-12-31,mega,persist,0.992774434725864
2015-12-31,mega,ema,0.987057577012881
2015-12-31,mega,persist,0.8949874193278398
2015-12-31,mega,ema,0.8926819362387151
2015-12-31,mega,persist,0.8847117507536805
2015-12-31,mega,ema,0.8849732539398121
2015-12-31,mega,persist,0.7158306286076175
2015-12-31,mega,ema,0.7796077952474577
2015-12-31,mega,persist,0.952102779171413
2015-12-31,mega,ema,0.954623933888453
2015-12-31,mega,persist,0.9993239964462989
2015-12-31,mega,ema,0.9982559104720403
2015-12-31,mega,persist,0.4926885806128875
2015-12-31,mega,ema,0.5139023253421018
2015-12-31,mega,persist,0.9942138861985037
2015-12-31,mega,ema,0.9593296711953503
2015-12-31,mega,persist,0.981326975622477
2015-12-31,mega,ema,0.9810897701315916
2015-12-31,mega,persist,0.9902348207279275
2015-12-31,mega,ema,0.9841248700220575
2015-12-31,mega,persist,0.9195380684052628
2015-12-31,mega,ema,0.9446844247118694
2015-12-31,mega,persist,0.942644769327107
2015-12-31,mega,ema,0.9376067646402585
2015-12-31,mega,persist,0.8560664933000273
2015-12-31,mega,ema,0.8352446815357993
2015-12-31,mega,persist,0.9956341917568382
2015-12-31,mega,ema,0.9898123424227664
2015-12-31,mega,persist,0.4111225615477813
2015-12-31,mega,ema,0.38995153616928774
2015-12-31,mega,persist,0.399982024308236
2015-12-31,mega,ema,0.39303844229726653
2015-12-31,mega,persist,0.8478392045407992
2015-12-31,mega,ema,0.8347326442725634
2015-12-31,mega,persist,0.9818942477832887
2015-12-31,mega,ema,0.9837966239549991
2015-12-31,mega,persist,0.5819982977107908
2015-12-31,mega,ema,0.44689853032466115
2015-12-31,mega,persist,0.9993568855521909
2015-12-31,mega,ema,0.9993568855521909
2016-03-31,mega,persist,0.9952618001729204
2016-03-31,mega,ema,0.9950688710306302
2016-03-31,mega,persist,0.9886483482289877
2016-03-31,mega,ema,0.9847959842107985
2016-03-31,mega,persist,0.9891423668785783
2016-03-31,mega,ema,0.9865572605396524
2016-03-31,mega,persist,0.9910530251110706
2016-03-31,mega,ema,0.9910247847950134
2016-03-31,mega,persist,0.9052639783982281
2016-03-31,mega,ema,0.9178989619949104
2016-03-31,mega,persist,0.9948468709850932
2016-03-31,mega,ema,0.9951006325018329
2016-03-31,mega,persist,0.9588277273667443
2016-03-31,mega,ema,0.9272701147399118
2016-03-31,mega,persist,0.9943572982011005
2016-03-31,mega,ema,0.974181913351892
2016-03-31,mega,persist,1.0
2016-03-31,mega,ema,1.0
2016-03-31,mega,persist,0.9998846226382546
2016-03-31,mega,ema,0.9991891620043633
2016-03-31,mega,persist,0.9450143625213859
2016-03-31,mega,ema,0.9154776353731682
2016-03-31,mega,persist,0.993063391981164
2016-03-31,mega,ema,0.993063391981164
2016-03-31,mega,persist,0.9524842535135285
2016-03-31,mega,ema,0.9396727003269034
2016-03-31,mega,persist,0.9968226455651155
2016-03-31,mega,ema,0.9976834931775834
2016-03-31,mega,persist,0.9727428156778495
2016-03-31,mega,ema,0.9695109134680835
2016-03-31,mega,persist,0.8756809364793287
2016-03-31,mega,ema,0.8779977447068651
2016-03-31,mega,persist,0.9926437725145766
2016-03-31,mega,ema,0.98876573235669
2016-03-31,mega,persist,0.6272746549878048
2016-03-31,mega,ema,0.6270925392914649
2016-03-31,mega,persist,0.7796091184787248
2016-03-31,mega,ema,0.7809656897907662
2016-03-31,mega,persist,0.9788332766602508
2016-03-31,mega,ema,0.9788332766602508
2016-03-31,mega,persist,0.9817492142151425
2016-03-31,mega,ema,0.9873979826927473
2016-03-31,mega,persist,0.9909022904373072
2016-03-31,mega,ema,0.9936902835251288
2016-03-31,mega,persist,0.8433959525568945
2016-03-31,mega,ema,0.8441813822550821
2016-03-31,mega,persist,0.994190918994106
2016-03-31,mega,ema,0.9943679069589797
2016-03-31,mega,persist,0.9945159400428565
2016-03-31,mega,ema,0.995202851213633
2016-03-31,mega,persist,0.9894612395537505
2016-03-31,mega,ema,0.990643815862525
2016-03-31,mega,persist,0.7343089142955738
2016-03-31,mega,ema,0.6613668728881335
2016-03-31,mega,persist,0.9964645768949659
2016-03-31,mega,ema,0.9965910022153911
2016-03-31,mega,persist,0.9711553786115892
2016-03-31,mega,ema,0.9598359877586384
2016-03-31,mega,persist,0.9889646817314066
2016-03-31,mega,ema,0.9843330781477482
2016-03-31,mega,persist,0.81593530296477
2016-03-31,mega,ema,0.8538210005049804
2016-03-31,mega,persist,0.9775674651113698
2016-03-31,mega,ema,0.9797627616391567
2016-03-31,mega,persist,0.8054600062356604
2016-03-31,mega,ema,0.7963012012209538
2016-03-31,mega,persist,0.9734492914794377
2016-03-31,mega,ema,0.9734492914794377
2016-03-31,mega,persist,0.8545275582930053
2016-03-31,mega,ema,0.8511480232078633
2016-03-31,mega,persist,0.9947463086763227
2016-03-31,mega,ema,0.9952024717907314
2016-03-31,mega,persist,0.9863512863973467
2016-03-31,mega,ema,0.9849871840925007
2016-03-31,mega,persist,0.7154084688488821
2016-03-31,mega,ema,0.6663088782285075
2016-03-31,mega,persist,0.9881107960273575
2016-03-31,mega,ema,0.9930997356651418
2016-03-31,mega,persist,0.9685788555127812
2016-03-31,mega,ema,0.9793250970967706
2016-03-31,mega,persist,0.956148178780203
2016-03-31,mega,ema,0.8949177900808262
2016-03-31,mega,persist,0.9265759858272715
2016-03-31,mega,ema,0.9162851967458151
2016-03-31,mega,persist,0.9993303094760149
2016-03-31,mega,ema,0.9984372959730058
2016-03-31,mega,persist,0.9273789093498129
2016-03-31,mega,ema,0.9191808565504475
2016-03-31,mega,persist,0.8567198112962667
2016-03-31,mega,ema,0.9719328513314586
2016-03-31,mega,persist,0.8803688875230101
2016-03-31,mega,ema,0.7761739122144796
2016-03-31,mega,persist,0.3127939915274394
2016-03-31,mega,ema,0.3818037134974638
2016-03-31,mega,persist,0.717478893211255
2016-03-31,mega,ema,0.6507995591740281
2016-03-31,mega,persist,0.8195654396992996
2016-03-31,mega,ema,0.8950014056108425
2016-03-31,mega,persist,0.8613978011689071
2016-03-31,mega,ema,0.880081175757283
2016-03-31,mega,persist,0.9087713701411825
2016-03-31,mega,ema,0.914768223477449
2016-03-31,mega,persist,0.9968524666408974
2016-03-31,mega,ema,0.9954534124297113
2016-03-31,mega,persist,0.9350875474990596
2016-03-31,mega,ema,0.9251866911168672
2016-03-31,mega,persist,0.9886924202797432
2016-03-31,mega,ema,0.9865778681939451
2016-03-31,mega,persist,0.9874244244361772
2016-03-31,mega,ema,0.9560202313911028
2016-03-31,mega,persist,0.9929917970244707
2016-03-31,mega,ema,0.9959372017725128
2016-03-31,mega,persist,0.9940418026690637
2016-03-31,mega,ema,0.9940418026690637
2016-03-31,mega,persist,0.8820937879655342
2016-03-31,mega,ema,0.901925187802377
2016-03-31,mega,persist,0.8984529460427808
2016-03-31,mega,persist,0.969117904416884
2016-03-31,mega,ema,0.9711115830157324
2016-03-31,mega,persist,0.9852235858136991
2016-03-31,mega,ema,0.9858182672911459
2016-03-31,mega,persist,0.8803665160125945
2016-03-31,mega,ema,0.8805073674805816
2016-03-31,mega,persist,0.5959646148178959
2016-03-31,mega,ema,0.5106869167052012
2016-03-31,mega,persist,0.9912195384309496
2016-03-31,mega,ema,0.9912195384309496
2016-03-31,mega,persist,0.9912575898188255
2016-03-31,mega,ema,0.9914834534982974
2016-03-31,mega,persist,0.96689904201993
2016-03-31,mega,ema,0.9511655819847963
2016-03-31,mega,persist,0.7446442039496465
2016-03-31,mega,ema,0.6907558348874515
2016-03-31,mega,persist,0.9945568307431412
2016-03-31,mega,ema,0.9765045239069772
2016-03-31,mega,persist,0.8580873323449741
2016-03-31,mega,ema,0.8482690244818845
2016-03-31,mega,persist,0.9944790557820833
2016-03-31,mega,ema,0.9878466084611958
2016-03-31,mega,persist,0.9957183253200199
2016-03-31,mega,ema,0.9738854598102875
2016-03-31,mega,persist,0.9869744840747834
2016-03-31,mega,ema,0.9949627821602945
2016-03-31,mega,persist,0.8523416963252367
2016-03-31,mega,ema,0.844183731472368
2016-03-31,mega,persist,0.7968670892095663
2016-03-31,mega,ema,0.7248570263455695
2016-03-31,mega,persist,0.9649919945131067
2016-03-31,mega,ema,0.9642239519137709
2016-03-31,mega,persist,0.998377358027988
2016-03-31,mega,ema,0.9898348972278515
2016-03-31,mega,persist,0.9933283353616061
2016-03-31,mega,ema,0.9477141156414787
2016-03-31,mega,persist,0.5539226449109714
2016-03-31,mega,ema,0.6006374981268822
2016-03-31,mega,persist,0.9753272844741537
2016-03-31,mega,ema,0.9765972560664395
2016-03-31,mega,persist,0.9672623462386448
2016-03-31,mega,persist,0.9996819816240534
2016-03-31,mega,ema,0.9996819816240534
2016-03-31,mega,persist,0.5870721157157348
2016-03-31,mega,ema,0.5809005920709871
2016-03-31,mega,persist,0.98621183943817
2016-03-31,mega,ema,0.9916349250101272
2016-03-31,mega,persist,0.8783971834513665
2016-03-31,mega,ema,0.8721472922962942
2016-03-31,mega,persist,0.9984693258373012
2016-03-31,mega,ema,0.9992667449771983
2016-03-31,mega,persist,0.9501212426446057
2016-03-31,mega,ema,0.9630857413625185
2016-03-31,mega,persist,0.9784687607167288
2016-03-31,mega,ema,0.9880476320964724
2016-03-31,mega,persist,0.8511756058793865
2016-03-31,mega,ema,0.8414516284983402
2016-03-31,mega,persist,0.9953787001329982
2016-03-31,mega,ema,0.9954239915057277
2016-03-31,mega,persist,0.257692333146549
2016-03-31,mega,ema,0.34568179250750236
2016-03-31,mega,persist,0.6162807831039129
2016-03-31,mega,ema,0.6331117497676905
2016-03-31,mega,persist,0.9963135371586114
2016-03-31,mega,ema,0.9599517198575688
2016-03-31,mega,persist,0.9710949284217573
2016-03-31,mega,ema,0.9698294109226011
2016-03-31,mega,persist,0.5666747258457776
2016-03-31,mega,ema,0.49454299210011304
2016-03-31,mega,persist,0.9806358423405421
2016-03-31,mega,ema,0.9806358423405421
2016-06-30,mega,persist,0.9891357585721636
2016-06-30,mega,ema,0.9888506677872814
2016-06-30,mega,persist,0.9854478748286388
2016-06-30,mega,ema,0.9854478748286388
2016-06-30,mega,persist,0.981873060155664
2016-06-30,mega,ema,0.9821653594166773
2016-06-30,mega,persist,0.9850575033245177
2016-06-30,mega,ema,0.9962794672958135
2016-06-30,mega,persist,0.8688413615454765
2016-06-30,mega,ema,0.9201006777668885
2016-06-30,mega,persist,0.9976966372885083
2016-06-30,mega,ema,0.9901918073107437
2016-06-30,mega,persist,0.9405776911468761
2016-06-30,mega,ema,0.9413291823016331
2016-06-30,mega,persist,0.991575089209478
2016-06-30,mega,ema,0.9766457929016993
2016-06-30,mega,persist,1.0
2016-06-30,mega,ema,1.0
2016-06-30,mega,persist,0.9983139809974151
2016-06-30,mega,ema,0.9980860350793779
2016-06-30,mega,persist,0.9766848232820452
2016-06-30,mega,ema,0.9347511289612507
2016-06-30,mega,persist,0.9883399639835304
2016-06-30,mega,ema,0.9885115800031461
2016-06-30,mega,persist,0.9936105946458802
2016-06-30,mega,ema,0.9902028594372461
2016-06-30,mega,persist,0.9839129322660157
2016-06-30,mega,ema,0.9946953367928694
2016-06-30,mega,persist,0.9566446419060096
2016-06-30,mega,ema,0.9700027920562064
2016-06-30,mega,persist,0.9756192932377258
2016-06-30,mega,ema,0.9329243993717844
2016-06-30,mega,persist,0.9937296437239591
2016-06-30,mega,ema,0.9920602845534103
2016-06-30,mega,persist,0.6930416532764989
2016-06-30,mega,ema,0.7081101587751583
2016-06-30,mega,persist,0.9411752277846233
2016-06-30,mega,ema,0.9830225644429552
2016-06-30,mega,persist,0.9974945543464628
2016-06-30,mega,ema,0.9975937988711024
2016-06-30,mega,persist,0.9783894170672583
2016-06-30,mega,ema,0.9958675820357215
2016-06-30,mega,persist,0.9906378776946585
2016-06-30,mega,ema,0.9904637785324428
2016-06-30,mega,persist,0.7802266063074894
2016-06-30,mega,ema,0.7802266063074894
2016-06-30,mega,persist,0.9751607399745343
2016-06-30,mega,ema,0.9709682523204991
2016-06-30,mega,persist,0.9532019565672428
2016-06-30,mega,ema,0.9529499234614868
2016-06-30,mega,persist,0.9886427786810303
2016-06-30,mega,ema,0.9884770632730916
2016-06-30,mega,persist,0.5251212357452409
2016-06-30,mega,ema,0.5485844217340219
2016-06-30,mega,persist,0.9949694358321708
2016-06-30,mega,ema,0.9949694358321708
2016-06-30,mega,persist,0.8909447142578915
2016-06-30,mega,ema,0.914679764937438
2016-06-30,mega,persist,0.9901821662969106
2016-06-30,mega,ema,0.9872276014953398
2016-06-30,mega,persist,0.8211312530414426
2016-06-30,mega,ema,0.8046210324665123
2016-06-30,mega,persist,0.9917295822867545
2016-06-30,mega,ema,0.9548827577599199
2016-06-30,mega,persist,0.8859761159229074
2016-06-30,mega,ema,0.9010960193049069
2016-06-30,mega,persist,0.9998587228388156
2016-06-30,mega,ema,0.9998587228388156
2016-06-30,mega,persist,0.9883996060539735
2016-06-30,mega,ema,0.9883996060539735
2016-06-30,mega,persist,0.9884076304560782
2016-06-30,mega,ema,0.994874025979122
2016-06-30,mega,persist,0.9967042646984751
2016-06-30,mega,ema,0.9967057817671896
2016-06-30,mega,persist,0.9733956712559299
2016-06-30,mega,ema,0.9203833286824671
2016-06-30,mega,persist,0.9849375784369002
2016-06-30,mega,ema,0.9956680900554267
2016-06-30,mega,persist,0.862566652196664
2016-06-30,mega,ema,0.8444605818590994
2016-06-30,mega,persist,0.9938481957408773
2016-06-30,mega,ema,0.998081232180935
2016-06-30,mega,persist,0.9276612736542506
2016-06-30,mega,ema,0.9124138993235764
2016-06-30,mega,persist,0.9972296583860483
2016-06-30,mega,ema,0.9973163099990631
2016-06-30,mega,persist,0.9416338942204623
2016-06-30,mega,ema,0.9566444344692175
2016-06-30,mega,persist,0.8396078908582996
2016-06-30,mega,ema,0.8448396700322942
2016-06-30,mega,persist,0.7941278412405276
2016-06-30,mega,ema,0.7904459119791629
2016-06-30,mega,persist,0.44869154818718876
2016-06-30,mega,ema,0.4618605873917842
2016-06-30,mega,persist,0.6925588141277249
2016-06-30,mega,ema,0.6516555927387292
2016-06-30,mega,persist,0.772232880698749
2016-06-30,mega,ema,0.9650273828362479
2016-06-30,mega,persist,0.8103378020668751
2016-06-30,mega,ema,0.8097817856268976
2016-06-30,mega,persist,0.9103377579347898
2016-06-30,mega,ema,0.9110482117223522
2016-06-30,mega,persist,0.9933595231596938
2016-06-30,mega,ema,0.9870866353147444
2016-06-30,mega,persist,0.884942616294041
2016-06-30,mega,ema,0.853321500102493
2016-06-30,mega,persist,0.9946136980235254
2016-06-30,mega,ema,0.9966196975240817
2016-06-30,mega,persist,0.9914265240554782
2016-06-30,mega,ema,0.9912285023794335
2016-06-30,mega,persist,0.9803045420337021
2016-06-30,mega,ema,0.9942906878755471
2016-06-30,mega,persist,0.9844639608606122
2016-06-30,mega,ema,0.9844870907535058
2016-06-30,mega,persist,0.8850660789757168
2016-06-30,mega,ema,0.8855024583549326
2016-06-30,mega,persist,0.9159606396969668
2016-06-30,mega,ema,0.9046109621898737
2016-06-30,mega,persist,0.9698576961182016
2016-06-30,mega,ema,0.9674635834693949
2016-06-30,mega,persist,0.9994054565586751
2016-06-30,mega,ema,0.996405916980772
2016-06-30,mega,persist,0.9997653677636775
2016-06-30,mega,ema,0.9996278665634344
2016-06-30,mega,persist,0.6577760462837815
2016-06-30,mega,ema,0.543203622698361
2016-06-30,mega,persist,0.9890221232825307
2016-06-30,mega,ema,0.9889439922358481
2016-06-30,mega,persist,0.9912029750813898
2016-06-30,mega,ema,0.9916073222048399
2016-06-30,mega,persist,0.747004802248513
2016-06-30,mega,ema,0.7116028503292915
2016-06-30,mega,persist,0.4922145024033605
2016-06-30,mega,ema,0.5389481003447066
2016-06-30,mega,persist,0.9671891992930515
2016-06-30,mega,ema,0.9661650694275653
2016-06-30,mega,persist,0.937684759306269
2016-06-30,mega,ema,0.9224255758766278
2016-06-30,mega,persist,0.986277710727598
2016-06-30,mega,ema,0.9869979105930555
2016-06-30,mega,persist,0.9925241785709066
2016-06-30,mega,ema,0.9916288502191567
2016-06-30,mega,persist,0.9946637354742844
2016-06-30,mega,ema,0.9943164906415002
2016-06-30,mega,persist,0.776199077506598
2016-06-30,mega,ema,0.8090545291785809
2016-06-30,mega,persist,0.5891181029394237
2016-06-30,mega,ema,0.5901369094652518
2016-06-30,mega,persist,0.8605930428741708
2016-06-30,mega,ema,0.8570651515405217
2016-06-30,mega,persist,0.9773352741566274
2016-06-30,mega,ema,0.9773352741566274
2016-06-30,mega,persist,0.9948136146898198
2016-06-30,mega,ema,0.9948136146898198
2016-06-30,mega,persist,0.8652248018157667
2016-06-30,mega,ema,0.8103090021837227
2016-06-30,mega,persist,0.9765212534413236
2016-06-30,mega,ema,0.9784305303495275
2016-06-30,mega,persist,0.9563421333593743
2016-06-30,mega,ema,0.8859662197973296
2016-06-30,mega,persist,0.9998151034677115
2016-06-30,mega,ema,0.9998151034677115
2016-06-30,mega,persist,0.6155224884635535
2016-06-30,mega,ema,0.6464994550575626
2016-06-30,mega,persist,0.9869296212385198
2016-06-30,mega,ema,0.9865117001967778
2016-06-30,mega,persist,0.9746730239186812
2016-06-30,mega,ema,0.9276229114474951
2016-06-30,mega,persist,0.9965422852933813
2016-06-30,mega,ema,0.996476656563785
2016-06-30,mega,persist,0.9894798904566686
2016-06-30,mega,ema,0.9821396158871876
2016-06-30,mega,persist,0.962139701510905
2016-06-30,mega,ema,0.9431272042741821
2016-06-30,mega,persist,0.9637611556339394
2016-06-30,mega,ema,0.939086391695223
2016-06-30,mega,persist,0.9941479752903581
2016-06-30,mega,ema,0.9893465750536674
2016-06-30,mega,persist,0.28321261214409715
2016-06-30,mega,ema,0.21838228754671488
2016-06-30,mega,persist,0.44755465719003823
2016-06-30,mega,ema,0.4844425900803811
2016-06-30,mega,persist,0.994713082919075
2016-06-30,mega,ema,0.9915934951025788
2016-06-30,mega,persist,0.9939381839568794
2016-06-30,mega,ema,0.9884048678965898
2016-06-30,mega,persist,0.14555504889477713
2016-06-30,mega,ema,0.1290870678816082
2016-06-30,mega,persist,0.8714158737021134
2016-06-30,mega,ema,0.871116294214372
2016-06-30,mega,persist,0.9343109098239885
2016-06-30,mega,persist,0.11263108412899354
2016-09-30,mega,persist,0.9971156145277845
2016-09-30,mega,ema,0.9971156145277845
2016-09-30,mega,persist,0.9587729392453539
2016-09-30,mega,ema,0.955423305756065
2016-09-30,mega,persist,0.9996183035702868
2016-09-30,mega,ema,0.9948741092527448
2016-09-30,mega,persist,0.9934439068859622
2016-09-30,mega,ema,0.9925165009263864
2016-09-30,mega,persist,0.8298973852972618
2016-09-30,mega,ema,0.8583063129938153
2016-09-30,mega,persist,0.9976683355754299
2016-09-30,mega,ema,0.9970154639089708
2016-09-30,mega,persist,0.9737245244518277
2016-09-30,mega,ema,0.9729310442406989
2016-09-30,mega,persist,0.9962500664658991
2016-09-30,mega,ema,0.9881145083512484
2016-09-30,mega,persist,1.0
2016-09-30,mega,ema,1.0
2016-09-30,mega,persist,0.9994786003964578
2016-09-30,mega,ema,0.9994786003964578
2016-09-30,mega,persist,0.9412986310056259
2016-09-30,mega,ema,0.8939626592947933
2016-09-30,mega,persist,0.9872885535971326
2016-09-30,mega,ema,0.9876647884695575
2016-09-30,mega,persist,0.9899204206270757
2016-09-30,mega,ema,0.9907817033696301
2016-09-30,mega,persist,0.9952911790577448
2016-09-30,mega,ema,0.9948683709608084
2016-09-30,mega,persist,0.9904485818426997
2016-09-30,mega,ema,0.9900566482537034
2016-09-30,mega,persist,0.8382127076418432
2016-09-30,mega,ema,0.8429506633698878
2016-09-30,mega,persist,0.9962868238944486
2016-09-30,mega,ema,0.9964925255390142
2016-09-30,mega,persist,0.9962564006547523
2016-09-30,mega,ema,0.9944673972863219
2016-09-30,mega,persist,0.9898132534396727
2016-09-30,mega,ema,0.989881011398362
2016-09-30,mega,persist,0.9982431077750825
2016-09-30,mega,ema,0.9957941127983848
2016-09-30,mega,persist,0.9874533314700624
2016-09-30,mega,ema,0.9869277874438332
2016-09-30,mega,persist,0.9746732544702905
2016-09-30,mega,ema,0.9182543436305377
2016-09-30,mega,persist,0.9890987380815096
2016-09-30,mega,ema,0.9939434456870954
2016-09-30,mega,persist,0.9681011327911551
2016-09-30,mega,ema,0.9907578943980849
2016-09-30,mega,persist,0.9930341545913357
2016-09-30,mega,ema,0.9975554910431044
2016-09-30,mega,persist,0.834994644613447
2016-09-30,mega,ema,0.8155588532284334
2016-09-30,mega,persist,0.9684554576576968
2016-09-30,mega,ema,0.9683780694634341
2016-09-30,mega,persist,0.8879704660303678
2016-09-30,mega,ema,0.9056833194823826
2016-09-30,mega,persist,0.9982053128980429
2016-09-30,mega,ema,0.9994452271597197
2016-09-30,mega,persist,0.9569559837363775
2016-09-30,mega,ema,0.9573522359960038
2016-09-30,mega,persist,0.9615353567515386
2016-09-30,mega,ema,0.9672168492787818
2016-09-30,mega,persist,0.7043880016897945
2016-09-30,mega,ema,0.6525367184462092
2016-09-30,mega,persist,0.9926123078008142
2016-09-30,mega,ema,0.9922607241695294
2016-09-30,mega,persist,0.9897393759808515
2016-09-30,mega,ema,0.9904915345790408
2016-09-30,mega,persist,0.9938405185166906
2016-09-30,mega,ema,0.9969488547984632
2016-09-30,mega,persist,0.9993243998690015
2016-09-30,mega,ema,0.9995141562680402
2016-09-30,mega,persist,0.961202756713871
2016-09-30,mega,ema,0.9362291276931219
2016-09-30,mega,persist,0.9934995018704326
2016-09-30,mega,ema,0.9962146463626691
2016-09-30,mega,persist,0.8554554966098086
2016-09-30,mega,ema,0.8542690854243347
2016-09-30,mega,persist,0.9969863915836827
2016-09-30,mega,ema,0.9966882329799465
2016-09-30,mega,persist,0.9420381941670322
2016-09-30,mega,ema,0.9407512086479969
2016-09-30,mega,persist,0.9997962097614669
2016-09-30,mega,ema,0.9997103950013339
2016-09-30,mega,persist,0.928588330921555
2016-09-30,mega,ema,0.9165512203720616
2016-09-30,mega,persist,0.8987010360972554
2016-09-30,mega,ema,0.8728395307419837
2016-09-30,mega,persist,0.8394529511266204
2016-09-30,mega,ema,0.8710936190844869
2016-09-30,mega,persist,0.59319535179404
2016-09-30,mega,ema,0.4875629351651939
2016-09-30,mega,persist,0.12271567297549786
2016-09-30,mega,ema,0.12093932268125432
2016-09-30,mega,persist,0.2962755023959097
2016-09-30,mega,ema,0.28905347952153376
2016-09-30,mega,persist,0.943321327145536
2016-09-30,mega,ema,0.9546087822005601
2016-09-30,mega,persist,0.789844850477619
2016-09-30,mega,ema,0.789844850477619
2016-09-30,mega,persist,0.988979349820341
2016-09-30,mega,ema,0.988953271136568
2016-09-30,mega,persist,0.9396212624913156
2016-09-30,mega,ema,0.9378417601770058
2016-09-30,mega,persist,0.990452026764329
2016-09-30,mega,ema,0.990452026764329
2016-09-30,mega,persist,0.9785771868667248
2016-09-30,mega,ema,0.9762649528276861
2016-09-30,mega,persist,0.9909319864292854
2016-09-30,mega,ema,0.982267851838555
2016-09-30,mega,persist,0.9975222830554166
2016-09-30,mega,ema,0.9975488317208885
2016-09-30,mega,persist,0.948301508917585
2016-09-30,mega,ema,0.9378362854648548
2016-09-30,mega,persist,0.934237163574255
2016-09-30,mega,ema,0.9303191379845828
2016-09-30,mega,persist,0.9630912129433035
2016-09-30,mega,ema,0.9676787580782064
2016-09-30,mega,persist,0.9999368004962831
2016-09-30,mega,ema,0.9907036919765868
2016-09-30,mega,persist,0.984787006286435
2016-09-30,mega,ema,0.9833735862222683
2016-09-30,mega,persist,0.5608614881583482
2016-09-30,mega,ema,0.603310901135353
2016-09-30,mega,persist,0.9862664019337973
2016-09-30,mega,ema,0.9874790807653252
2016-09-30,mega,persist,0.9970501369320149
2016-09-30,mega,ema,0.9920783129980218
2016-09-30,mega,persist,0.4322444938639926
2016-09-30,mega,ema,0.34790399049239296
2016-09-30,mega,persist,0.6264737626704484
2016-09-30,mega,ema,0.6420355532934591
2016-09-30,mega,persist,0.9614141504830568
2016-09-30,mega,ema,0.961824590948812
2016-09-30,mega,persist,0.8628572644381827
2016-09-30,mega,ema,0.858194712482219
2016-09-30,mega,persist,0.9959714996081341
2016-09-30,mega,ema,0.9951891929191627
2016-09-30,mega,persist,0.9944989416871729
2016-09-30,mega,ema,0.9984783616365702
2016-09-30,mega,persist,0.989081040947266
2016-09-30,mega,ema,0.9931694563454433
2016-09-30,mega,persist,0.9172887247875743
2016-09-30,mega,ema,0.9201585534058021
2016-09-30,mega,persist,0.8868098640279247
2016-09-30,mega,ema,0.8977147891730023
2016-09-30,mega,persist,0.96602682369059
2016-09-30,mega,ema,0.9631015125795417
2016-09-30,mega,persist,0.9963543825168738
2016-09-30,mega,ema,0.9992125090363673
2016-09-30,mega,persist,0.9939047310872096
2016-09-30,mega,ema,0.9948752777773247
2016-09-30,mega,persist,0.7376555094430479
2016-09-30,mega,ema,0.6975630119430024
2016-09-30,mega,persist,0.9291820178528942
2016-09-30,mega,ema,0.9291820178528942
2016-09-30,mega,persist,0.9252333366442476
2016-09-30,mega,ema,0.9236128517849653
2016-09-30,mega,persist,0.9994126528893857
2016-09-30,mega,ema,0.9994126528893857
2016-09-30,mega,persist,0.49069836628338814
2016-09-30,mega,ema,0.9312905669759134
2016-09-30,mega,persist,0.9875994165205119
2016-09-30,mega,ema,0.9924598869521093
2016-09-30,mega,persist,0.9187750116701084
2016-09-30,mega,ema,0.8069390411202005
2016-09-30,mega,persist,0.9948304003943684
2016-09-30,mega,ema,0.9948304003943684
2016-09-30,mega,persist,0.9223741282236336
2016-09-30,mega,ema,0.9313374695387527
2016-09-30,mega,persist,0.9284575079885132
2016-09-30,mega,ema,0.9288580408861002
2016-09-30,mega,persist,0.991906920219913
2016-09-30,mega,ema,0.9915152425911243
2016-09-30,mega,persist,0.991895776393493
2016-09-30,mega,ema,0.991895776393493
2016-09-30,mega,persist,0.7371182326116279
2016-09-30,mega,ema,0.8033346564223341
2016-09-30,mega,persist,0.628994744255551
2016-09-30,mega,ema,0.6937117365763299
2016-09-30,mega,persist,0.9855163363399644
2016-09-30,mega,ema,0.9872373244658789
2016-09-30,mega,persist,0.9862059252039274
2016-09-30,mega,ema,0.9838734021358343
2016-09-30,mega,persist,0.24286180720441583
2016-09-30,mega,ema,0.2598850605809223
2016-09-30,mega,persist,0.9999903642970754
2016-09-30,mega,ema,0.9999903642970754
2016-09-30,mega,persist,0.9742545482182605
2016-09-30,mega,ema,0.9666600051884632
2016-09-30,mega,persist,0.5222398439882965
2016-09-30,mega,ema,0.5220181304976595
2016-12-31,mega,persist,0.9900057911443242
2016-12-31,mega,ema,0.9861848336372704
2016-12-31,mega,persist,0.9682365746066464
2016-12-31,mega,ema,0.9809549050561257
2016-12-31,mega,persist,0.9912486509355652
2016-12-31,mega,ema,0.9912486509355652
2016-12-31,mega,persist,0.9976423505048891
2016-12-31,mega,ema,0.9976423505048891
2016-12-31,mega,persist,0.7944204963085197
2016-12-31,mega,ema,0.8149575416812259
2016-12-31,mega,persist,0.9977205178643938
2016-12-31,mega,ema,0.9979640666235701
2016-12-31,mega,persist,0.9707380297126462
2016-12-31,mega,ema,0.9469881657657058
2016-12-31,mega,persist,0.9782059711339716
2016-12-31,mega,ema,0.9792339686195147
2016-12-31,mega,persist,1.0
2016-12-31,mega,ema,1.0
2016-12-31,mega,persist,0.9982049291004085
2016-12-31,mega,ema,0.9982049291004085
2016-12-31,mega,persist,0.9975249661044724
2016-12-31,mega,ema,0.9943597438439908
2016-12-31,mega,persist,0.9891505991356532
2016-12-31,mega,ema,0.9891505991356532
2016-12-31,mega,persist,0.9587557350640065
2016-12-31,mega,ema,0.9584743941600381
2016-12-31,mega,persist,0.9944290499295058
2016-12-31,mega,ema,0.9967094629230321
2016-12-31,mega,persist,0.9815065469317473
2016-12-31,mega,ema,0.9821696465848836
2016-12-31,mega,persist,0.8412479256750971
2016-12-31,mega,ema,0.8376373566106495
2016-12-31,mega,persist,0.9864231827918144
2016-12-31,mega,ema,0.9853901076548698
2016-12-31,mega,persist,0.9506018483672758
2016-12-31,mega,ema,0.9503902079588432
2016-12-31,mega,persist,0.9836211772015115
2016-12-31,mega,ema,0.9847184457879864
2016-12-31,mega,persist,0.9574398591656369
2016-12-31,mega,ema,0.9595424167045875
2016-12-31,mega,persist,0.9833201230957567
2016-12-31,mega,ema,0.9942641801963079
2016-12-31,mega,persist,0.9798005274948772
2016-12-31,mega,ema,0.9856885260962331
2016-12-31,mega,persist,0.904007674301876
2016-12-31,mega,ema,0.9048220607028679
2016-12-31,mega,persist,0.9967268995605676
2016-12-31,mega,ema,0.9824438850395102
2016-12-31,mega,persist,0.9867226759785523
2016-12-31,mega,ema,0.9867226759785523
2016-12-31,mega,persist,0.806413917681658
2016-12-31,mega,ema,0.7726668688259566
2016-12-31,mega,persist,0.9695758670453983
2016-12-31,mega,ema,0.9700556137150719
2016-12-31,mega,persist,0.9035051316494408
2016-12-31,mega,ema,0.8889075551444179
2016-12-31,mega,persist,0.9918734952077042
2016-12-31,mega,ema,0.9891501879089788
2016-12-31,mega,persist,0.8783098962129099
2016-12-31,mega,ema,0.8607042445347176
2016-12-31,mega,persist,0.997012162133411
2016-12-31,mega,ema,0.9956262002071082
2016-12-31,mega,persist,0.32640657249154664
2016-12-31,mega,ema,0.385020930174539
2016-12-31,mega,persist,0.9783570292711913
2016-12-31,mega,ema,0.978346668282531
2016-12-31,mega,persist,0.5144859226179385
2016-12-31,mega,ema,0.5152225129536698
2016-12-31,mega,persist,0.9965419982510856
2016-12-31,mega,ema,0.9974139973774268
2016-12-31,mega,persist,0.9982451206010206
2016-12-31,mega,ema,0.9979654411239773
2016-12-31,mega,persist,0.8697544217573855
2016-12-31,mega,ema,0.8257440926243746
2016-12-31,mega,persist,0.9793276817149351
2016-12-31,mega,ema,0.9798971132793802
2016-12-31,mega,persist,0.9491653943399759
2016-12-31,mega,ema,0.9661700721501598
2016-12-31,mega,persist,0.9867071267481247
2016-12-31,mega,ema,0.9880348071332674
2016-12-31,mega,persist,0.9132238958664192
2016-12-31,mega,ema,0.9395039812194254
2016-12-31,mega,persist,0.9998520886429295
2016-12-31,mega,ema,0.9997261511186329
2016-12-31,mega,persist,0.8649098886920168
2016-12-31,mega,ema,0.8432195007669884
2016-12-31,mega,persist,0.9526961298140046
2016-12-31,mega,ema,0.9519114869078872
2016-12-31,mega,persist,0.399514037432001
2016-12-31,mega,ema,0.5852419332685652
2016-12-31,mega,persist,0.3086129550262841
2016-12-31,mega,ema,0.3548287225197146
2016-12-31,mega,persist,0.5390548191078025
2016-12-31,mega,ema,0.6017983703815227
2016-12-31,mega,persist,0.5298549677744839
2016-12-31,mega,ema,0.6161273528406277
2016-12-31,mega,persist,0.9007126595726193
2016-12-31,mega,ema,0.9038779137263858
2016-12-31,mega,persist,0.9705003291950919
2016-12-31,mega,ema,0.8544042936564865
2016-12-31,mega,persist,0.9954633402129541
2016-12-31,mega,ema,0.9908745659377455
2016-12-31,mega,persist,0.9585769181314631
2016-12-31,mega,ema,0.9545162007518956
2016-12-31,mega,persist,0.9882033839298849
2016-12-31,mega,ema,0.9882179845876151
2016-12-31,mega,persist,0.9925639972047576
2016-12-31,mega,ema,0.9948090031619297
2016-12-31,mega,persist,0.9801728472979677
2016-12-31,mega,ema,0.98196002391017
2016-12-31,mega,persist,0.9987832217954573
2016-12-31,mega,ema,0.9987832217954573
2016-12-31,mega,persist,0.8804449329126532
2016-12-31,mega,ema,0.8674698847924353
2016-12-31,mega,persist,0.959851173236105
2016-12-31,mega,ema,0.9165814813603845
2016-12-31,mega,persist,0.948420084381919
2016-12-31,mega,ema,0.9488643996791796
2016-12-31,mega,persist,0.9794855260879233
2016-12-31,mega,persist,0.040526696765807085
2016-12-31,mega,ema,0.040526696765807085
2016-12-31,mega,persist,0.9993143681316276
2016-12-31,mega,ema,0.999235971827467
2016-12-31,mega,persist,0.8281345700777717
2016-12-31,mega,ema,0.8141113079654759
2016-12-31,mega,persist,0.9891628702967377
2016-12-31,mega,ema,0.9718908969414151
2016-12-31,mega,persist,0.9969307626469
2016-12-31,mega,ema,0.9969307626469
2016-12-31,mega,persist,0.675839357358342
2016-12-31,mega,ema,0.6583617367223932
2016-12-31,mega,persist,0.5873546550101157
2016-12-31,mega,ema,0.534040972511874
2016-12-31,mega,persist,0.9872779323888765
2016-12-31,mega,ema,0.9942405107556483
2016-12-31,mega,persist,0.9583254295918742
2016-12-31,mega,ema,0.9437780725457622
2016-12-31,mega,persist,0.9919297654319196
2016-12-31,mega,ema,0.9929225064541103
2016-12-31,mega,persist,0.9658507928507873
2016-12-31,mega,ema,0.9660598083731993
2016-12-31,mega,persist,0.9921619171976584
2016-12-31,mega,ema,0.9924198863548603
2016-12-31,mega,persist,0.8606864014418283
2016-12-31,mega,ema,0.8562602981185242
2016-12-31,mega,persist,0.5424209280097569
2016-12-31,mega,ema,0.7396658368016
2016-12-31,mega,persist,0.9700302831752581
2016-12-31,mega,ema,0.9735953109158452
2016-12-31,mega,persist,0.9973273513528621
2016-12-31,mega,ema,0.9951724245592961
2016-12-31,mega,persist,0.973977924761113
2016-12-31,mega,ema,0.972850949973299
2016-12-31,mega,persist,0.7604475942254506
2016-12-31,mega,ema,0.8113467051874382
2016-12-31,mega,persist,0.9490418410001594
2016-12-31,mega,ema,0.9687105120619841
2016-12-31,mega,persist,0.9584571260425448
2016-12-31,mega,ema,0.9599016133678752
2016-12-31,mega,persist,0.9999268881563916
2016-12-31,mega,ema,0.9999268881563916
2016-12-31,mega,persist,0.18963079162203286
2016-12-31,mega,ema,0.22222565886004764
2016-12-31,mega,persist,0.9768422083829847
2016-12-31,mega,ema,0.9759762128848884
2016-12-31,mega,persist,0.9756996632896671
2016-12-31,mega,ema,0.9352516719243739
2016-12-31,mega,persist,0.9994263918952954
2016-12-31,mega,ema,0.9997981081074612
2016-12-31,mega,persist,0.8773724565444282
2016-12-31,mega,ema,0.8969839933664969
2016-12-31,mega,persist,0.9405288674235406
2016-12-31,mega,ema,0.9744617014225945
2016-12-31,mega,persist,0.9737953887537343
2016-12-31,mega,ema,0.9786295159283803
2016-12-31,mega,persist,0.9805556166424236
2016-12-31,mega,ema,0.9813024050667876
2016-12-31,mega,persist,0.3817391102840122
2016-12-31,mega,ema,0.3793051960688836
2016-12-31,mega,persist,0.4760777632731306
2016-12-31,mega,ema,0.43492286512036504
2016-12-31,mega,persist,0.9899472498901472
2016-12-31,mega,ema,0.9827725700619954
2016-12-31,mega,persist,0.9968029888085347
2016-12-31,mega,ema,0.9937151421266334
2016-12-31,mega,persist,0.3960174156782302
2016-12-31,mega,ema,0.4068287487290685
2016-12-31,mega,persist,0.983344687839447
2016-12-31,mega,ema,0.983344687839447
2016-12-31,mega,persist,0.9013025375408544
2016-12-31,mega,ema,0.9112227042281815
2016-12-31,mega,persist,0.3608106879170726
2016-12-31,mega,ema,0.35855215977857563
2017-03-31,mega,persist,0.9859582132774312
2017-03-31,mega,ema,0.9850732001525179
2017-03-31,mega,persist,0.9660515538628032
2017-03-31,mega,ema,0.9657176972975857
2017-03-31,mega,persist,0.9936283979789159
2017-03-31,mega,ema,0.9936283979789159
2017-03-31,mega,persist,0.9984091483992084
2017-03-31,mega,ema,0.9990678636722933
2017-03-31,mega,persist,0.809667618323569
2017-03-31,mega,ema,0.7942206249315306
2017-03-31,mega,persist,0.9973423822587051
2017-03-31,mega,ema,0.9988752363804906
2017-03-31,mega,persist,0.9608392884819561
2017-03-31,mega,ema,0.9675828621637995
2017-03-31,mega,persist,0.9916738344816621
2017-03-31,mega,ema,0.9992298925198028
2017-03-31,mega,persist,1.0
2017-03-31,mega,ema,1.0
2017-03-31,mega,persist,0.9997287037973274
2017-03-31,mega,ema,0.9997287037973274
2017-03-31,mega,persist,0.9917352908997158
2017-03-31,mega,ema,0.9944165682766668
2017-03-31,mega,persist,0.9871254396032278
2017-03-31,mega,ema,0.987737144250888
2017-03-31,mega,persist,0.9759442178318378
2017-03-31,mega,ema,0.9751734501221515
2017-03-31,mega,persist,0.9929357383666866
2017-03-31,mega,ema,0.9958812485925281
2017-03-31,mega,persist,0.9790332549627843
2017-03-31,mega,ema,0.9800417359064424
2017-03-31,mega,persist,0.8105762155651894
2017-03-31,mega,ema,0.927102971025978
2017-03-31,mega,persist,0.9904128147880745
2017-03-31,mega,ema,0.9921079090588328
2017-03-31,mega,persist,0.8090432268247179
2017-03-31,mega,ema,0.807335104489269
2017-03-31,mega,persist,0.9631737534442525
2017-03-31,mega,ema,0.9851086682725605
2017-03-31,mega,persist,0.9889678929189615
2017-03-31,mega,ema,0.9872991301554473
2017-03-31,mega,persist,0.9959011796460441
2017-03-31,mega,ema,0.9987189234284104
2017-03-31,mega,persist,0.9761983450747044
2017-03-31,mega,ema,0.9765704008669231
2017-03-31,mega,persist,0.9920040835047558
2017-03-31,mega,ema,0.9991338943958149
2017-03-31,mega,persist,0.9981372092471809
2017-03-31,mega,ema,0.9992022550383637
2017-03-31,mega,persist,0.9941313224546665
2017-03-31,mega,ema,0.9922722952642915
2017-03-31,mega,persist,0.8161691292195357
2017-03-31,mega,ema,0.7924288381222842
2017-03-31,mega,persist,0.9996882744826419
2017-03-31,mega,persist,0.9917714482290348
2017-03-31,mega,ema,0.9912890297571344
2017-03-31,mega,persist,0.8193538268111648
2017-03-31,mega,ema,0.779677791582224
2017-03-31,mega,persist,0.9907829420918758
2017-03-31,mega,ema,0.9890789906864605
2017-03-31,mega,persist,0.8587921986864118
2017-03-31,mega,ema,0.8829277187291018
2017-03-31,mega,persist,0.41505535275884037
2017-03-31,mega,ema,0.4208926926773689
2017-03-31,mega,persist,0.9156094108082646
2017-03-31,mega,ema,0.8800703881642159
2017-03-31,mega,persist,0.9868463754763236
2017-03-31,mega,ema,0.9872807645223369
2017-03-31,mega,persist,0.981230089102799
2017-03-31,mega,ema,0.9592334957350573
2017-03-31,mega,persist,0.9902305401765968
2017-03-31,mega,ema,0.9992786566239813
2017-03-31,mega,persist,0.9989359215654274
2017-03-31,mega,ema,0.9988934930039258
2017-03-31,mega,persist,0.9635182702094129
2017-03-31,mega,ema,0.8912594446386959
2017-03-31,mega,persist,0.9887255375526428
2017-03-31,mega,ema,0.9970039806977812
2017-03-31,mega,persist,0.9361886885224154
2017-03-31,mega,ema,0.9371325249076496
2017-03-31,mega,persist,0.9914642362508351
2017-03-31,mega,ema,0.993626328304731
2017-03-31,mega,persist,0.9562523430385835
2017-03-31,mega,ema,0.9575691156165266
2017-03-31,mega,persist,0.9999012422771401
2017-03-31,mega,ema,0.9999810644525061
2017-03-31,mega,persist,0.9291799433971311
2017-03-31,mega,ema,0.934201503927257
2017-03-31,mega,persist,0.9066398057125798
2017-03-31,mega,ema,0.9095361079258352
2017-03-31,mega,persist,0.49893947012471596
2017-03-31,mega,ema,0.7202273404454185
2017-03-31,mega,persist,0.7979361073826439
2017-03-31,mega,ema,0.7491897481660859
2017-03-31,mega,persist,0.8188735753627652
2017-03-31,mega,ema,0.7375705668482018
2017-03-31,mega,persist,0.8271026705558954
2017-03-31,mega,ema,0.6708457239148115
2017-03-31,mega,persist,0.9839562587966276
2017-03-31,mega,ema,0.9604671380148692
2017-03-31,mega,persist,0.9780487058753411
2017-03-31,mega,ema,0.9780728298122735
2017-03-31,mega,persist,0.7669298216852619
2017-03-31,mega,ema,0.7677404488854274
2017-03-31,mega,persist,0.9919764281387461
2017-03-31,mega,ema,0.9914628252680356
2017-03-31,mega,persist,0.9912639456362882
2017-03-31,mega,ema,0.9973494100517641
2017-03-31,mega,persist,0.997645021494162
2017-03-31,mega,ema,0.9971988107444872
2017-03-31,mega,persist,
2017-03-31,mega,persist,0.19512470416247643
2017-03-31,mega,ema,0.19737903952811872
2017-03-31,mega,persist,0.9776595959564313
2017-03-31,mega,ema,0.9819240528400414
2017-03-31,mega,persist,0.9471875645877889
2017-03-31,mega,ema,0.933854305937504
2017-03-31,mega,persist,0.9636565267375954
2017-03-31,mega,ema,0.9420560836166798
2017-03-31,mega,persist,0.9872789131043059
2017-03-31,mega,ema,0.9401014012567264
2017-03-31,mega,persist,0.8619833859471746
2017-03-31,mega,ema,0.8474464775467786
2017-03-31,mega,persist,0.9899367648757472
2017-03-31,mega,ema,0.989941915915376
2017-03-31,mega,persist,0.6105840809660059
2017-03-31,mega,ema,0.6054744941324346
2017-03-31,mega,persist,0.9808484382603045
2017-03-31,mega,ema,0.9808484382603045
2017-03-31,mega,persist,0.9940877451362015
2017-03-31,mega,ema,0.9944281922119232
2017-03-31,mega,persist,0.4939658283390652
2017-03-31,mega,ema,0.5505412978616608
2017-03-31,mega,persist,0.662761558258268
2017-03-31,mega,ema,0.7059097948085999
2017-03-31,mega,persist,0.993921698834882
2017-03-31,mega,ema,0.9970239598982897
2017-03-31,mega,persist,0.9188291184364877
2017-03-31,mega,ema,0.9221299505868795
2017-03-31,mega,persist,0.9864690226489524
2017-03-31,mega,ema,0.9964276121776455
2017-03-31,mega,persist,0.9979630282643959
2017-03-31,mega,ema,0.9958820000585947
2017-03-31,mega,persist,0.8094965696686102
2017-03-31,mega,ema,0.8119772280212256
2017-03-31,mega,persist,0.5984043145548806
2017-03-31,mega,ema,0.6795237121145394
2017-03-31,mega,persist,0.9537712087485501
2017-03-31,mega,ema,0.9229322788322497
2017-03-31,mega,persist,0.998723159436648
2017-03-31,mega,ema,0.9988614494138534
2017-03-31,mega,persist,0.998433152346965
2017-03-31,mega,ema,0.998433152346965
2017-03-31,mega,persist,0.9167790539318083
2017-03-31,mega,ema,0.8801713425465186
2017-03-31,mega,persist,0.9813519349568486
2017-03-31,mega,ema,0.9898500360135042
2017-03-31,mega,persist,0.7131878629708441
2017-03-31,mega,ema,0.7516145344826505
2017-03-31,mega,persist,0.9994874694837592
2017-03-31,mega,ema,0.9990424933229898
2017-03-31,mega,persist,0.06998976447197042
2017-03-31,mega,persist,0.5076461626644888
2017-03-31,mega,ema,0.5006780584942045
2017-03-31,mega,persist,0.9932273903838008
2017-03-31,mega,ema,0.9929315354217496
2017-03-31,mega,persist,0.944884386603154
2017-03-31,mega,ema,0.9383705915885011
2017-03-31,mega,persist,0.9922516242157589
2017-03-31,mega,ema,0.993322499133442
2017-03-31,mega,persist,0.964440652380125
2017-03-31,mega,ema,0.9637021037647865
2017-03-31,mega,persist,0.9685282657357639
2017-03-31,mega,ema,0.9985442554060696
2017-03-31,mega,persist,0.974965938198152
2017-03-31,mega,ema,0.9763236461647357
2017-03-31,mega,persist,0.5410923381983648
2017-03-31,mega,ema,0.579817895561026
2017-03-31,mega,persist,0.6578298791562538
2017-03-31,mega,ema,0.6124223117960943
2017-03-31,mega,persist,0.987561526065789
2017-03-31,mega,ema,0.9882029138957011
2017-03-31,mega,persist,0.9949055376154347
2017-03-31,mega,ema,0.9949055376154347
2017-03-31,mega,persist,0.21774671513206714
2017-03-31,mega,ema,0.22585566263273915
2017-03-31,mega,persist,0.9998066712962341
2017-03-31,mega,ema,0.9998066712962341
2017-03-31,mega,persist,0.9661267117391134
2017-03-31,mega,ema,0.9226205703769789
2017-03-31,mega,persist,0.287358996455652
2017-03-31,mega,ema,0.29234930078007254
2017-03-31,mega,persist,0.907269645040187
2017-06-30,mega,persist,0.9947080723662031
2017-06-30,mega,ema,0.9947080723662031
2017-06-30,mega,persist,0.981537987131249
2017-06-30,mega,ema,0.9660701985061583
2017-06-30,mega,persist,0.9975170441345244
2017-06-30,mega,ema,0.986472620774232
2017-06-30,mega,persist,0.9885450554349302
2017-06-30,mega,ema,0.9875185667903834
2017-06-30,mega,persist,0.47860877368007143
2017-06-30,mega,ema,0.3223846530885027
2017-06-30,mega,persist,0.9882998323172718
2017-06-30,mega,ema,0.9863796719183702
2017-06-30,mega,persist,0.9871870453639466
2017-06-30,mega,ema,0.9867995704467658
2017-06-30,mega,persist,0.9998145850186909
2017-06-30,mega,ema,0.9991358193840187
2017-06-30,mega,persist,1.0
2017-06-30,mega,ema,1.0
2017-06-30,mega,persist,0.9983571107802683
2017-06-30,mega,ema,0.9980821914085259
2017-06-30,mega,persist,0.9915557756170839
2017-06-30,mega,ema,0.9921734568409372
2017-06-30,mega,persist,0.990806720496398
2017-06-30,mega,ema,0.9905808190563873
2017-06-30,mega,persist,0.9931195285627058
2017-06-30,mega,ema,0.998248623146728
2017-06-30,mega,persist,0.9991148255978524
2017-06-30,mega,ema,0.9929656075352757
2017-06-30,mega,persist,0.9998102173755344
2017-06-30,mega,ema,0.9918076063101072
2017-06-30,mega,persist,0.8977152732376984
2017-06-30,mega,ema,0.9050662786992271
2017-06-30,mega,persist,0.9904137606487997
2017-06-30,mega,ema,0.9888249675601507
2017-06-30,mega,persist,0.8799645471306655
2017-06-30,mega,ema,0.9912777803455952
2017-06-30,mega,persist,0.9998455012443657
2017-06-30,mega,ema,0.9991968901122757
2017-06-30,mega,persist,0.9689822956407966
2017-06-30,mega,ema,0.9661468859088844
2017-06-30,mega,persist,0.9979225331850945
2017-06-30,mega,ema,0.9941224163925395
2017-06-30,mega,persist,0.9869377322791012
2017-06-30,mega,ema,0.9653545176949342
2017-06-30,mega,persist,0.9870177510858794
2017-06-30,mega,ema,0.9888086196854401
2017-06-30,mega,persist,0.9896146313583571
2017-06-30,mega,ema,0.9868304519916528
2017-06-30,mega,persist,0.9982660509267293
2017-06-30,mega,ema,0.9977711794295622
2017-06-30,mega,persist,0.8812494570482933
2017-06-30,mega,ema,0.796451220640326
2017-06-30,mega,persist,0.9823416896755781
2017-06-30,mega,ema,0.9813448186417355
2017-06-30,mega,persist,0.9979860871326585
2017-06-30,mega,ema,0.9475236085792149
2017-06-30,mega,persist,0.927627726397036
2017-06-30,mega,ema,0.9104045563804251
2017-06-30,mega,persist,0.9996459947131542
2017-06-30,mega,ema,0.999703132478904
2017-06-30,mega,persist,0.986568494668377
2017-06-30,mega,ema,0.9812490144688588
2017-06-30,mega,persist,0.881351657055076
2017-06-30,mega,ema,0.801857667953152
2017-06-30,mega,persist,0.5345158666207618
2017-06-30,mega,ema,0.5785316484717428
2017-06-30,mega,persist,1.0
2017-06-30,mega,ema,0.996850138218032
2017-06-30,mega,persist,0.994936776323151
2017-06-30,mega,ema,0.9889382126430313
2017-06-30,mega,persist,0.987205505058506
2017-06-30,mega,ema,0.987205505058506
2017-06-30,mega,persist,0.9993392901772471
2017-06-30,mega,ema,0.9999011737945774
2017-06-30,mega,persist,0.8021438737571212
2017-06-30,mega,ema,0.80655937776584
2017-06-30,mega,persist,0.994092625024498
2017-06-30,mega,ema,0.9925320046015047
2017-06-30,mega,persist,0.9644989534632172
2017-06-30,mega,ema,0.9706226633649941
2017-06-30,mega,persist,0.9834383595454368
2017-06-30,mega,ema,0.9822757448376161
2017-06-30,mega,persist,0.9896776497664328
2017-06-30,mega,ema,0.9852536800034964
2017-06-30,mega,persist,0.8561576697941017
2017-06-30,mega,ema,0.856126427844688
2017-06-30,mega,persist,0.8883948945384995
2017-06-30,mega,ema,0.8786610418046191
2017-06-30,mega,persist,0.9660072948772206
2017-06-30,mega,ema,0.9460745513105535
2017-06-30,mega,persist,0.8741633103864553
2017-06-30,mega,ema,0.8030370564692262
2017-06-30,mega,persist,0.573300771001677
2017-06-30,mega,ema,0.6197519268464462
2017-06-30,mega,persist,0.5593717935171633
2017-06-30,mega,ema,0.5282096541798671
2017-06-30,mega,persist,0.8094790585394308
2017-06-30,mega,ema,0.8054824231511354
2017-06-30,mega,persist,0.9961572479192177
2017-06-30,mega,ema,0.9923449356460489
2017-06-30,mega,persist,0.9909341716683717
2017-06-30,mega,ema,0.9912124586363782
2017-06-30,mega,persist,0.9431157120442674
2017-06-30,mega,ema,0.942782555840501
2017-06-30,mega,persist,0.9503339503236341
2017-06-30,mega,ema,0.9491794796687011
2017-06-30,mega,persist,0.9973251025516915
2017-06-30,mega,ema,0.9938737782884234
2017-06-30,mega,persist,0.9923168394413391
2017-06-30,mega,ema,0.9984094944052967
2017-06-30,mega,persist,
2017-06-30,mega,ema,
2017-06-30,mega,persist,0.9444430035425143
2017-06-30,mega,ema,0.9535305382707959
2017-06-30,mega,persist,0.2069380512895536
2017-06-30,mega,ema,0.21767518259674662
2017-06-30,mega,persist,0.9656456799688232
2017-06-30,mega,ema,0.951075758711466
2017-06-30,mega,persist,0.9906257377719873
2017-06-30,mega,ema,0.9842713823222096
2017-06-30,mega,persist,0.9957686029917482
2017-06-30,mega,ema,0.9957441886209686
2017-06-30,mega,persist,0.992930855498988
2017-06-30,mega,ema,0.990428808703851
2017-06-30,mega,persist,0.7314247154761525
2017-06-30,mega,ema,0.6804188510606936
2017-06-30,mega,persist,0.9868373857359604
2017-06-30,mega,ema,0.9860843118272807
2017-06-30,mega,persist,0.9998369482013326
2017-06-30,mega,ema,0.9982917626502887
2017-06-30,mega,persist,0.7454470145591704
2017-06-30,mega,ema,0.7757982341365527
2017-06-30,mega,persist,0.5973167651918022
2017-06-30,mega,ema,0.6538806834289322
2017-06-30,mega,persist,0.9753093976748781
2017-06-30,mega,ema,0.9760626131438114
2017-06-30,mega,persist,0.974894102962625
2017-06-30,mega,ema,0.9549191608428088
2017-06-30,mega,persist,1.0
2017-06-30,mega,ema,0.9906605553534885
2017-06-30,mega,persist,0.9831538817843544
2017-06-30,mega,ema,0.967760689728218
2017-06-30,mega,persist,0.9543562024774653
2017-06-30,mega,ema,0.954774205702111
2017-06-30,mega,persist,0.5403199720078541
2017-06-30,mega,ema,0.7607326551594146
2017-06-30,mega,persist,0.9750693500927459
2017-06-30,mega,ema,0.9745121266784942
2017-06-30,mega,persist,0.9977605652817895
2017-06-30,mega,ema,0.9974328523618302
2017-06-30,mega,persist,0.9979088792159148
2017-06-30,mega,ema,0.9979608814882039
2017-06-30,mega,persist,0.8089680848514609
2017-06-30,mega,ema,0.7713743733507322
2017-06-30,mega,persist,0.8214294230789274
2017-06-30,mega,ema,0.8235235117312435
2017-06-30,mega,persist,0.6602043552916556
2017-06-30,mega,ema,0.7360615088127648
2017-06-30,mega,persist,0.9999225537597537
2017-06-30,mega,ema,0.9999225537597537
2017-06-30,mega,persist,0.19197594937494
2017-06-30,mega,ema,0.3879533036814198
2017-06-30,mega,persist,0.4501202447112841
2017-06-30,mega,ema,0.35106521173203575
2017-06-30,mega,persist,0.9687773622794629
2017-06-30,mega,ema,0.9983988821903077
2017-06-30,mega,persist,0.9572168961039763
2017-06-30,mega,ema,0.9462171678348583
2017-06-30,mega,persist,0.9967180194324674
2017-06-30,mega,ema,0.99553743269084
2017-06-30,mega,persist,0.8993628636528007
2017-06-30,mega,ema,0.9033025856858821
2017-06-30,mega,persist,0.9994662980114639
2017-06-30,mega,ema,0.9977335209350872
2017-06-30,mega,persist,0.9997807470397917
2017-06-30,mega,ema,0.9990518308197014
2017-06-30,mega,persist,0.9204540540348704
2017-06-30,mega,ema,0.9089166496115283
2017-06-30,mega,persist,0.6544503100322882
2017-06-30,mega,ema,0.656532268859637
2017-06-30,mega,persist,0.9995637312130093
2017-06-30,mega,ema,0.9978015364229577
2017-06-30,mega,persist,0.9999463275111045
2017-06-30,mega,ema,0.9996085421488143
2017-06-30,mega,persist,0.7341559081378042
2017-06-30,mega,ema,0.7192717839457681
2017-06-30,mega,persist,0.9039955190592476
2017-06-30,mega,ema,0.9039955190592476
2017-06-30,mega,persist,0.9867520506893666
2017-06-30,mega,ema,0.9517020501926821
2017-06-30,mega,persist,0.47554922414681156
2017-06-30,mega,ema,0.4660413207417283
2017-06-30,mega,persist,0.980778416257363
2017-06-30,mega,ema,0.979579680160859
2017-09-30,mega,persist,0.9949216288720879
2017-09-30,mega,ema,0.9949216288720879
2017-09-30,mega,persist,0.8844327313372156
2017-09-30,mega,ema,0.8764264631831074
2017-09-30,mega,persist,0.9990647212731668
2017-09-30,mega,ema,0.9990647212731668
2017-09-30,mega,persist,0.9978910923088562
2017-09-30,mega,ema,0.9978910923088562
2017-09-30,mega,persist,0.7565245929918862
2017-09-30,mega,ema,0.765296805334793
2017-09-30,mega,persist,0.9981389181039384
2017-09-30,mega,ema,0.9981389181039384
2017-09-30,mega,persist,0.7946698967885176
2017-09-30,mega,ema,0.7862510760354675
2017-09-30,mega,persist,0.9988485842040384
2017-09-30,mega,ema,0.9985207801301941
2017-09-30,mega,persist,1.0
2017-09-30,mega,ema,1.0
2017-09-30,mega,persist,0.999814891325062
2017-09-30,mega,ema,0.9996891328070427
2017-09-30,mega,persist,0.9613889768914872
2017-09-30,mega,ema,0.9614592766139063
2017-09-30,mega,persist,0.9891472250002956
2017-09-30,mega,ema,0.984102026036962
2017-09-30,mega,persist,0.9968693822273283
2017-09-30,mega,ema,0.997992450118156
2017-09-30,mega,persist,0.9980917538735793
2017-09-30,mega,ema,0.9980917538735793
2017-09-30,mega,persist,0.9975690736660388
2017-09-30,mega,ema,0.9974687029305759
2017-09-30,mega,persist,0.9065919225076657
2017-09-30,mega,ema,0.9798242457088782
2017-09-30,mega,persist,0.9892832481455647
2017-09-30,mega,ema,0.9851780071036712
2017-09-30,mega,persist,0.9999194881686719
2017-09-30,mega,ema,0.9889329963832398
2017-09-30,mega,persist,0.9957126403604585
2017-09-30,mega,ema,0.9955443066792465
2017-09-30,mega,persist,0.9835045978022511
2017-09-30,mega,ema,0.9803707606044205
2017-09-30,mega,persist,0.9945043209686724
2017-09-30,mega,ema,0.9918250756441123
2017-09-30,mega,persist,0.999712479800344
2017-09-30,mega,ema,0.9963779815984846
2017-09-30,mega,persist,0.9984871697406744
2017-09-30,mega,ema,0.9977779622153526
2017-09-30,mega,persist,0.9903216980030236
2017-09-30,mega,ema,0.9903216980030236
2017-09-30,mega,persist,0.8829723785709547
2017-09-30,mega,ema,0.8929323147134749
2017-09-30,mega,persist,0.9986414998008427
2017-09-30,mega,ema,0.9940361386970729
2017-09-30,mega,persist,0.9945864602553379
2017-09-30,mega,ema,0.9947890963772608
2017-09-30,mega,persist,0.9270461549390713
2017-09-30,mega,ema,0.9138817484959065
2017-09-30,mega,persist,0.9980934074668224
2017-09-30,mega,ema,0.9980662518130913
2017-09-30,mega,persist,0.9749226936909606
2017-09-30,mega,ema,0.9740278312791701
2017-09-30,mega,persist,0.9868068840679862
2017-09-30,mega,ema,0.8337671745457672
2017-09-30,mega,persist,0.8260276228738861
2017-09-30,mega,ema,0.6391926291041458
2017-09-30,mega,persist,0.9336906607634586
2017-09-30,mega,ema,0.9336906607634586
2017-09-30,mega,persist,0.9943340547553163
2017-09-30,mega,ema,0.9943340547553163
2017-09-30,mega,persist,0.9987007991751844
2017-09-30,mega,ema,0.9981658957238749
2017-09-30,mega,persist,0.9998465812885333
2017-09-30,mega,ema,0.9998465812885333
2017-09-30,mega,persist,0.7285902161366595
2017-09-30,mega,ema,0.7430853349454086
2017-09-30,mega,persist,0.9984947363852313
2017-09-30,mega,ema,0.9957520019766957
2017-09-30,mega,persist,0.9052738195456276
2017-09-30,mega,ema,0.8967183973745864
2017-09-30,mega,persist,0.9936540073551611
2017-09-30,mega,ema,0.9930639649045243
2017-09-30,mega,persist,0.9624087710655538
2017-09-30,mega,ema,0.9625239290110251
2017-09-30,mega,persist,0.9988201669537586
2017-09-30,mega,ema,0.9989711786343256
2017-09-30,mega,persist,0.9009323058483127
2017-09-30,mega,ema,0.9639103787258613
2017-09-30,mega,persist,0.9572015450318767
2017-09-30,mega,ema,0.9572108043356691
2017-09-30,mega,persist,0.7961356287676749
2017-09-30,mega,ema,0.9145735587131614
2017-09-30,mega,persist,0.5541099524206949
2017-09-30,mega,ema,0.5415696266113701
2017-09-30,mega,persist,0.920654870236546
2017-09-30,mega,ema,0.8924055655997306
2017-09-30,mega,persist,0.5175614381131515
2017-09-30,mega,ema,0.5173639809946015
2017-09-30,mega,persist,0.9929596665664975
2017-09-30,mega,ema,0.9815949637381771
2017-09-30,mega,persist,0.98149316270757
2017-09-30,mega,ema,0.9725598821962737
2017-09-30,mega,persist,0.8450429046078655
2017-09-30,mega,ema,0.8114098013241257
2017-09-30,mega,persist,0.9802064444406648
2017-09-30,mega,ema,0.971591601666289
2017-09-30,mega,persist,0.9984966968681764
2017-09-30,mega,ema,0.9981382934720429
2017-09-30,mega,persist,0.9959364552745182
2017-09-30,mega,ema,0.9959364552745182
2017-09-30,mega,persist,0.9986591901425104
2017-09-30,mega,persist,
2017-09-30,mega,ema,
2017-09-30,mega,persist,0.6595657093137248
2017-09-30,mega,ema,0.6624153809115778
2017-09-30,mega,persist,0.909886843724131
2017-09-30,mega,ema,0.9228368708723207
2017-09-30,mega,persist,0.9720024921000857
2017-09-30,mega,ema,0.9722432568013311
2017-09-30,mega,persist,0.9739060453484414
2017-09-30,mega,ema,0.9770903835983186
2017-09-30,mega,persist,0.8699486650246768
2017-09-30,mega,ema,0.8699486650246768
2017-09-30,mega,persist,0.9998522070356021
2017-09-30,mega,ema,0.9863628278061108
2017-09-30,mega,persist,0.6884865697536083
2017-09-30,mega,ema,0.7358714857665587
2017-09-30,mega,persist,0.9853418807991432
2017-09-30,mega,ema,0.9871837127401344
2017-09-30,mega,persist,0.9885868379163724
2017-09-30,mega,ema,0.9885868379163724
2017-09-30,mega,persist,0.8357352818233421
2017-09-30,mega,ema,0.7199112855469387
2017-09-30,mega,persist,0.7993155383980861
2017-09-30,mega,ema,0.8132229424134108
2017-09-30,mega,persist,0.9997389221843285
2017-09-30,mega,ema,0.9759291390512951
2017-09-30,mega,persist,0.9753827219940712
2017-09-30,mega,ema,0.9584276775678617
2017-09-30,mega,persist,0.9993918900034556
2017-09-30,mega,ema,0.9993918900034556
2017-09-30,mega,persist,0.9928968258684634
2017-09-30,mega,ema,0.9905687963110573
2017-09-30,mega,persist,0.9224923389183174
2017-09-30,mega,ema,0.9238512138309823
2017-09-30,mega,persist,0.8380805987208506
2017-09-30,mega,ema,0.8464087138765655
2017-09-30,mega,persist,0.8837997267836155
2017-09-30,mega,ema,0.8839191795947167
2017-09-30,mega,persist,0.9987831035909899
2017-09-30,mega,ema,0.9961153571969426
2017-09-30,mega,persist,0.9966703934973986
2017-09-30,mega,ema,0.9934416648933517
2017-09-30,mega,persist,0.810624612511283
2017-09-30,mega,ema,0.7735316726643335
2017-09-30,mega,persist,0.92649139679475
2017-09-30,mega,ema,0.9568390225579644
2017-09-30,mega,persist,0.8436819203438632
2017-09-30,mega,ema,0.7769310011540017
2017-09-30,mega,persist,0.9989674022492726
2017-09-30,mega,ema,0.9989674022492726
2017-09-30,mega,persist,0.46973456385654766
2017-09-30,mega,ema,0.5164477611875455
2017-09-30,mega,persist,0.4183911385846725
2017-09-30,mega,ema,0.46566300066971694
2017-09-30,mega,persist,0.9998450368110986
2017-09-30,mega,ema,0.9999832041150848
2017-09-30,mega,persist,0.9833971602618056
2017-09-30,mega,ema,0.9790828131288615
2017-09-30,mega,persist,0.9986978495144294
2017-09-30,mega,ema,0.9977283629732929
2017-09-30,mega,persist,0.9636925363879453
2017-09-30,mega,ema,0.9636335077468726
2017-09-30,mega,persist,0.9932888480347276
2017-09-30,mega,ema,0.9937675245631014
2017-09-30,mega,persist,0.9998865625300665
2017-09-30,mega,ema,0.9998865625300665
2017-09-30,mega,persist,0.690694750712789
2017-09-30,mega,ema,0.5695671511919627
2017-09-30,mega,persist,0.505256908407026
2017-09-30,mega,ema,0.4755193206584394
2017-09-30,mega,persist,0.999718990382346
2017-09-30,mega,ema,0.999718990382346
2017-09-30,mega,persist,0.9917323873146182
2017-09-30,mega,ema,0.9924687120297391
2017-09-30,mega,persist,0.3684498287514856
2017-09-30,mega,ema,0.405163111382897
2017-09-30,mega,persist,0.9950575506402441
2017-09-30,mega,ema,0.9182601473320678
2017-09-30,mega,persist,0.9485460914951062
2017-09-30,mega,ema,0.9188431442837902
2017-09-30,mega,persist,0.48794937824435225
2017-09-30,mega,ema,0.509785993902783
2017-09-30,mega,persist,0.972798274671593
2017-09-30,mega,ema,0.9723469017478772
2017-12-31,mega,persist,0.9967664800313151
2017-12-31,mega,ema,0.9942330224244555
2017-12-31,mega,persist,0.958059544645161
2017-12-31,mega,ema,0.9920230688854997
2017-12-31,mega,persist,0.9982565376379597
2017-12-31,mega,ema,0.9980394488229544
2017-12-31,mega,persist,0.998879760471392
2017-12-31,mega,ema,0.9978418437055881
2017-12-31,mega,persist,0.9505309265075107
2017-12-31,mega,ema,0.7764244567183722
2017-12-31,mega,persist,0.9983151793748997
2017-12-31,mega,ema,0.9983151793748997
2017-12-31,mega,persist,0.9538965674103288
2017-12-31,mega,ema,0.9326246765905617
2017-12-31,mega,persist,0.9982349115972043
2017-12-31,mega,ema,0.999697000858027
2017-12-31,mega,persist,1.0
2017-12-31,mega,ema,1.0
2017-12-31,mega,persist,0.9997704332210423
2017-12-31,mega,ema,0.9997704332210423
2017-12-31,mega,persist,0.9997769833353357
2017-12-31,mega,ema,0.9987594499389523
2017-12-31,mega,persist,0.9958386346202608
2017-12-31,mega,ema,0.9952719301799392
2017-12-31,mega,persist,0.9649306343282016
2017-12-31,mega,ema,0.9536143754634281
2017-12-31,mega,persist,0.9981079802448908
2017-12-31,mega,ema,0.997973243775879
2017-12-31,mega,persist,0.997292850473352
2017-12-31,mega,ema,0.997292850473352
2017-12-31,mega,persist,0.9537720442837597
2017-12-31,mega,ema,0.9361645075812255
2017-12-31,mega,persist,0.9987552043599623
2017-12-31,mega,ema,0.9987552043599623
2017-12-31,mega,persist,0.9954024676892875
2017-12-31,mega,ema,0.9954825475613478
2017-12-31,mega,persist,0.9841194714501874
2017-12-31,mega,ema,0.9882000777447536
2017-12-31,mega,persist,0.9990719504446437
2017-12-31,mega,ema,0.9990719504446437
2017-12-31,mega,persist,0.9741878048085804
2017-12-31,mega,ema,0.9748279986573696
2017-12-31,mega,persist,0.9760646785217076
2017-12-31,mega,ema,0.9764264294754867
2017-12-31,mega,persist,0.998347031535701
2017-12-31,mega,ema,0.9981535894907014
2017-12-31,mega,persist,0.9949040737679574
2017-12-31,mega,ema,0.994548682302892
2017-12-31,mega,persist,0.9119116819006319
2017-12-31,mega,ema,0.8627240587661485
2017-12-31,mega,persist,0.9873719936157469
2017-12-31,mega,ema,0.9854266639032698
2017-12-31,mega,persist,0.9172747413586058
2017-12-31,mega,ema,0.9172347756909595
2017-12-31,mega,persist,0.8626567064909291
2017-12-31,mega,ema,0.8339064718843074
2017-12-31,mega,persist,0.9940626446797901
2017-12-31,mega,ema,0.9962801093848738
2017-12-31,mega,persist,0.9903027686219963
2017-12-31,mega,ema,0.9903432370497864
2017-12-31,mega,persist,0.9651341441271376
2017-12-31,mega,ema,0.9666297109391463
2017-12-31,mega,persist,0.7119216808703044
2017-12-31,mega,ema,0.7082482623465367
2017-12-31,mega,persist,0.9830813305348187
2017-12-31,mega,ema,0.9705918200343051
2017-12-31,mega,persist,0.9984683276842201
2017-12-31,mega,ema,0.9948145945469629
2017-12-31,mega,persist,0.9931502626166068
2017-12-31,mega,ema,0.9929605717015452
2017-12-31,mega,persist,0.9998430684453933
2017-12-31,mega,ema,0.9998430684453933
2017-12-31,mega,persist,0.9392117482385587
2017-12-31,mega,ema,0.9297471559022478
2017-12-31,mega,persist,0.9983596211023393
2017-12-31,mega,ema,0.9983596211023393
2017-12-31,mega,persist,0.9377019543422119
2017-12-31,mega,ema,0.9408209517067219
2017-12-31,mega,persist,0.9931682700913657
2017-12-31,mega,ema,0.9931682700913657
2017-12-31,mega,persist,0.9642708503562704
2017-12-31,mega,ema,0.9643333653240551
2017-12-31,mega,persist,0.99848086528707
2017-12-31,mega,ema,0.998515028652943
2017-12-31,mega,persist,0.9607025213158733
2017-12-31,mega,ema,0.9712382352351016
2017-12-31,mega,persist,0.9700020296301984
2017-12-31,mega,ema,0.9640075036565815
2017-12-31,mega,persist,0.6354535339553601
2017-12-31,mega,ema,0.6783457412766828
2017-12-31,mega,persist,0.7072792501768602
2017-12-31,mega,ema,0.7326200610846854
2017-12-31,mega,persist,0.8583198460319573
2017-12-31,mega,ema,0.8463404539941457
2017-12-31,mega,persist,0.5700526962655167
2017-12-31,mega,ema,0.5709254127711325
2017-12-31,mega,persist,0.9997553424737043
2017-12-31,mega,ema,0.9993901837699267
2017-12-31,mega,persist,0.9801015186644849
2017-12-31,mega,ema,0.98003262061154
2017-12-31,mega,persist,0.706241154547591
2017-12-31,mega,ema,0.7182251738542024
2017-12-31,mega,persist,0.9880122593098776
2017-12-31,mega,ema,0.9886164116989016
2017-12-31,mega,persist,0.9930165546920257
2017-12-31,mega,ema,0.9925154934434688
2017-12-31,mega,persist,0.9997509699121147
2017-12-31,mega,ema,0.9996291990660163
2017-12-31,mega,persist,0.9610837985038388
2017-12-31,mega,ema,0.9539420814495548
2017-12-31,mega,persist,0.011267474188227463
2017-12-31,mega,ema,0.011267474188227463
2017-12-31,mega,persist,0.9093995481049975
2017-12-31,mega,ema,0.8791459303777669
2017-12-31,mega,persist,0.9563949663420325
2017-12-31,mega,ema,0.9463039256687115
2017-12-31,mega,persist,0.9853272610874746
2017-12-31,mega,ema,0.9885087946747103
2017-12-31,mega,persist,0.9883540318050956
2017-12-31,mega,ema,0.9828594902475752
2017-12-31,mega,persist,0.9946873029299351
2017-12-31,mega,ema,0.9653881150656036
2017-12-31,mega,persist,1.0
2017-12-31,mega,ema,1.0
2017-12-31,mega,persist,0.48881483664442843
2017-12-31,mega,ema,0.4870586183020214
2017-12-31,mega,persist,0.9676381749262182
2017-12-31,mega,ema,0.9668431654347176
2017-12-31,mega,persist,0.8810241414774422
2017-12-31,mega,ema,0.8810241414774422
2017-12-31,mega,persist,0.9346558231612523
2017-12-31,mega,ema,0.9337880277680816
2017-12-31,mega,persist,0.7778487877674578
2017-12-31,mega,ema,0.7130720122681894
2017-12-31,mega,persist,1.0
2017-12-31,mega,ema,0.9999519876683077
2017-12-31,mega,persist,0.9005148192181284
2017-12-31,mega,ema,0.9040813467298858
2017-12-31,mega,persist,0.9994493449627873
2017-12-31,mega,ema,0.9997768174562885
2017-12-31,mega,persist,0.9965285195954838
2017-12-31,mega,ema,0.99011425688111
2017-12-31,mega,persist,0.8949880911216535
2017-12-31,mega,ema,0.8971508843968219
2017-12-31,mega,persist,0.8348783582289119
2017-12-31,mega,ema,0.8264919849859954
2017-12-31,mega,persist,0.9307115994115631
2017-12-31,mega,ema,0.9575011606039865
2017-12-31,mega,persist,0.9946911771695441
2017-12-31,mega,ema,0.9946911771695441
2017-12-31,mega,persist,0.9929930330156191
2017-12-31,mega,ema,0.9944250509157191
2017-12-31,mega,persist,0.7988255395277196
2017-12-31,mega,ema,0.720070243003426
2017-12-31,mega,persist,0.9882622245994466
2017-12-31,mega,ema,0.967688697111797
2017-12-31,mega,persist,0.9343596410777003
2017-12-31,mega,ema,0.914347393646874
2017-12-31,mega,persist,0.9998912549507013
2017-12-31,mega,ema,0.9983944729324749
2017-12-31,mega,persist,0.369639981566389
2017-12-31,mega,ema,0.4229353301224733
2017-12-31,mega,persist,0.5311106631791143
2017-12-31,mega,ema,0.5304135888752798
2017-12-31,mega,persist,0.9480647984133589
2017-12-31,mega,ema,0.9112547703783789
2017-12-31,mega,persist,0.9985175671879264
2017-12-31,mega,ema,0.9985175671879264
2017-12-31,mega,persist,0.979788453475406
2017-12-31,mega,ema,0.9802971140559001
2017-12-31,mega,persist,0.985005017123982
2017-12-31,mega,ema,0.9943209314957498
2017-12-31,mega,persist,0.9650873100734161
2017-12-31,mega,ema,0.9651426950526926
2017-12-31,mega,persist,0.3442407716209281
2017-12-31,mega,ema,0.5520848171359669
2017-12-31,mega,persist,0.47662933743153774
2017-12-31,mega,ema,0.47717514234923214
2017-12-31,mega,persist,0.9985779939614485
2017-12-31,mega,ema,0.9997190476096034
2017-12-31,mega,persist,1.0
2017-12-31,mega,ema,0.9994697183916961
2017-12-31,mega,persist,0.3957857430867913
2017-12-31,mega,ema,0.7698172759022601
2017-12-31,mega,persist,0.9608984572775229
2017-12-31,mega,ema,0.9608411045787014
2017-12-31,mega,persist,0.9564239576353882
2017-12-31,mega,ema,0.9420595226975623
2017-12-31,mega,persist,0.6082816253484468
2017-12-31,mega,ema,0.6403259079648881
2017-12-31,mega,persist,0.9302430385755466
2017-12-31,mega,ema,0.9498175781453354
2018-03-31,mega,persist,0.9805137939286366
2018-03-31,mega,ema,0.956019642080071
2018-03-31,mega,persist,0.9916214605698417
2018-03-31,mega,ema,0.9914192971274864
2018-03-31,mega,persist,0.9989025770054492
2018-03-31,mega,ema,0.9989025770054492
2018-03-31,mega,persist,0.9995698291484404
2018-03-31,mega,ema,0.9990445785649247
2018-03-31,mega,persist,0.8726970397152947
2018-03-31,mega,ema,0.8695904154689861
2018-03-31,mega,persist,0.9810799001362539
2018-03-31,mega,persist,0.9993165975891035
2018-03-31,mega,ema,0.9993191982839751
2018-03-31,mega,persist,0.9455206000212322
2018-03-31,mega,ema,0.9445084429039929
2018-03-31,mega,persist,0.9938864432755371
2018-03-31,mega,ema,0.9938864432755371
2018-03-31,mega,persist,1.0
2018-03-31,mega,ema,1.0
2018-03-31,mega,persist,0.9987634958269854
2018-03-31,mega,ema,0.9985062731975652
2018-03-31,mega,persist,0.8458384065763975
2018-03-31,mega,ema,0.8456594992371124
2018-03-31,mega,persist,0.9745687001881953
2018-03-31,mega,ema,0.9744021298768465
2018-03-31,mega,persist,0.9879691907548211
2018-03-31,mega,ema,0.9974182076706329
2018-03-31,mega,persist,0.999481505003433
2018-03-31,mega,ema,0.999163091727551
2018-03-31,mega,persist,0.9979434198833566
2018-03-31,mega,ema,0.9919636050167877
2018-03-31,mega,persist,0.90328188355323
2018-03-31,mega,ema,0.9197821515400277
2018-03-31,mega,persist,0.9954905901592875
2018-03-31,mega,ema,0.9954905901592875
2018-03-31,mega,persist,0.9831840374885061
2018-03-31,mega,ema,0.9903502294752724
2018-03-31,mega,persist,0.9863842971606055
2018-03-31,mega,ema,0.986002927925166
2018-03-31,mega,persist,0.9958561834362529
2018-03-31,mega,ema,0.9936170669792419
2018-03-31,mega,persist,0.9984619431995886
2018-03-31,mega,ema,0.9964743431132739
2018-03-31,mega,persist,0.9834153464105164
2018-03-31,mega,ema,0.9834775436740962
2018-03-31,mega,persist,0.9991984562299772
2018-03-31,mega,ema,0.9991984562299772
2018-03-31,mega,persist,0.9995828943348163
2018-03-31,mega,ema,0.9990829592119417
2018-03-31,mega,persist,0.808415399515442
2018-03-31,mega,ema,0.8221052624980147
2018-03-31,mega,persist,0.9856922352995542
2018-03-31,mega,ema,0.9757204594228258
2018-03-31,mega,persist,0.9813723885042237
2018-03-31,mega,ema,0.9787352118660657
2018-03-31,mega,persist,0.8731306747724951
2018-03-31,mega,ema,0.8744793509312729
2018-03-31,mega,persist,0.9924237382863856
2018-03-31,mega,ema,0.9924237382863856
2018-03-31,mega,persist,0.9249393015850723
2018-03-31,mega,ema,0.928056227459259
2018-03-31,mega,persist,0.9743969226501293
2018-03-31,mega,ema,0.9845149143150009
2018-03-31,mega,persist,0.8900400543425049
2018-03-31,mega,ema,0.9474108454525471
2018-03-31,mega,persist,0.9998992035076641
2018-03-31,mega,ema,0.9339187073166756
2018-03-31,mega,persist,0.9967221138842342
2018-03-31,mega,ema,0.9967221138842342
2018-03-31,mega,persist,0.99770730785484
2018-03-31,mega,ema,0.99770730785484
2018-03-31,mega,persist,0.9967780992654536
2018-03-31,mega,ema,0.996725640269999
2018-03-31,mega,persist,0.8185944979318732
2018-03-31,mega,ema,0.7886398899928446
2018-03-31,mega,persist,0.9986900625304123
2018-03-31,mega,ema,0.9982214246625827
2018-03-31,mega,persist,0.8399837431165404
2018-03-31,mega,ema,0.8321451231244005
2018-03-31,mega,persist,0.9891622225900902
2018-03-31,mega,ema,0.9889374532179487
2018-03-31,mega,persist,0.9898977384197003
2018-03-31,mega,ema,0.9713806825801764
2018-03-31,mega,persist,0.9999882014466638
2018-03-31,mega,ema,1.0
2018-03-31,mega,persist,0.9706180614779488
2018-03-31,mega,ema,0.9670393587726392
2018-03-31,mega,persist,0.9268094404722136
2018-03-31,mega,ema,0.9253984619803314
2018-03-31,mega,persist,0.46213033248775554
2018-03-31,mega,ema,0.5848516080515442
2018-03-31,mega,persist,0.433516784483493
2018-03-31,mega,ema,0.4146348965374334
2018-03-31,mega,persist,0.8207432404535773
2018-03-31,mega,ema,0.8075055815338084
2018-03-31,mega,persist,0.3362571467216698
2018-03-31,mega,ema,0.38175264845384627
2018-03-31,mega,persist,0.9965733065217048
2018-03-31,mega,ema,0.9994772105176104
2018-03-31,mega,persist,0.9947920426824927
2018-03-31,mega,ema,0.9947920426824927
2018-03-31,mega,persist,0.8317755966795094
2018-03-31,mega,ema,0.8625479899384276
2018-03-31,mega,persist,0.9419010775844817
2018-03-31,mega,ema,0.9419010775844817
2018-03-31,mega,persist,0.9945611792389919
2018-03-31,mega,ema,0.9940779034358759
2018-03-31,mega,persist,0.9965000010985453
2018-03-31,mega,ema,0.9963576223988422
2018-03-31,mega,persist,0.9998392324165497
2018-03-31,mega,ema,0.9954724090562361
2018-03-31,mega,persist,
2018-03-31,mega,ema,
2018-03-31,mega,persist,0.8429034610934228
2018-03-31,mega,ema,0.8390671875698194
2018-03-31,mega,persist,0.9660364438952191
2018-03-31,mega,ema,0.962046165061441
2018-03-31,mega,persist,0.9573270346618674
2018-03-31,mega,ema,0.9573240983884607
2018-03-31,mega,persist,0.9391055585533402
2018-03-31,mega,ema,0.9390482407025956
2018-03-31,mega,persist,0.9974344164625846
2018-03-31,mega,ema,0.9974344164625846
2018-03-31,mega,persist,0.9940258696325073
2018-03-31,mega,ema,0.9940258696325073
2018-03-31,mega,persist,0.6249651130959405
2018-03-31,mega,ema,0.6102740274806044
2018-03-31,mega,persist,0.9824647473278924
2018-03-31,mega,ema,0.9773511638905844
2018-03-31,mega,persist,0.9988665804678342
2018-03-31,mega,ema,0.884368656704324
2018-03-31,mega,persist,0.8156472227728978
2018-03-31,mega,ema,0.8834166892025195
2018-03-31,mega,persist,0.558417655859342
2018-03-31,mega,ema,0.5257171453055496
2018-03-31,mega,persist,0.9118179881820649
2018-03-31,mega,ema,0.9118179881820649
2018-03-31,mega,persist,0.9659694849075688
2018-03-31,mega,ema,0.9524874635755748
2018-03-31,mega,persist,0.9999723526286011
2018-03-31,mega,ema,0.9994665771872079
2018-03-31,mega,persist,0.9795960208325641
2018-03-31,mega,ema,0.9770842733488958
2018-03-31,mega,persist,0.9995545842645505
2018-03-31,mega,persist,0.7705358494667818
2018-03-31,mega,ema,0.7677035666065514
2018-03-31,mega,persist,0.6477805440771284
2018-03-31,mega,ema,0.6793504668104098
2018-03-31,mega,persist,0.9469114302077454
2018-03-31,mega,ema,0.9407984867461046
2018-03-31,mega,persist,0.9814826960731431
2018-03-31,mega,ema,0.98122852247149
2018-03-31,mega,persist,0.9937616324715135
2018-03-31,mega,ema,0.9937616324715135
2018-03-31,mega,persist,0.6730167705250214
2018-03-31,mega,ema,0.6768016460566006
2018-03-31,mega,persist,0.9992650362339602
2018-03-31,mega,ema,0.9968752299673103
2018-03-31,mega,persist,0.9996634681507909
2018-03-31,mega,persist,0.9089892846555937
2018-03-31,mega,ema,0.9089461925489918
2018-03-31,mega,persist,0.9992102265773715
2018-03-31,mega,ema,0.9992102265773715
2018-03-31,mega,persist,0.4592184778312796
2018-03-31,mega,ema,0.34450911294250136
2018-03-31,mega,persist,0.8768315622436003
2018-03-31,mega,ema,0.8730695412539746
2018-03-31,mega,persist,0.9375642751510966
2018-03-31,mega,ema,0.8939018334065764
2018-03-31,mega,persist,0.996879389970407
2018-03-31,mega,ema,0.9969450659234836
2018-03-31,mega,persist,0.9048790900447677
2018-03-31,mega,ema,0.9279209679657103
2018-03-31,mega,persist,0.9834647794059139
2018-03-31,mega,ema,0.9857553091617836
2018-03-31,mega,persist,0.9963077846453737
2018-03-31,mega,ema,0.9905518472490195
2018-03-31,mega,persist,0.4319115579636236
2018-03-31,mega,ema,0.5945153758657215
2018-03-31,mega,persist,0.641968427079074
2018-03-31,mega,ema,0.6005068022395396
2018-03-31,mega,persist,0.9983591714014092
2018-03-31,mega,ema,0.9985637770533073
2018-03-31,mega,persist,0.9986912840760684
2018-03-31,mega,ema,0.9986912840760684
2018-03-31,mega,persist,0.3784878354948903
2018-03-31,mega,ema,0.4763940900041362
2018-03-31,mega,persist,0.9394427174645428
2018-03-31,mega,ema,0.9358085339083655
2018-03-31,mega,persist,0.9550653660188557
2018-03-31,mega,ema,0.9486695959148282
2018-03-31,mega,persist,0.5343673127671135
2018-03-31,mega,ema,0.523379983453204
2018-03-31,mega,persist,0.9465121005856957
2018-06-30,mega,persist,0.9913046925538939
2018-06-30,mega,ema,0.9908034015191292
2018-06-30,mega,persist,0.9687408007907938
2018-06-30,mega,ema,0.96440844505275
2018-06-30,mega,persist,0.9990452246538662
2018-06-30,mega,ema,0.9936453570061019
2018-06-30,mega,persist,0.9978165102819587
2018-06-30,mega,ema,0.9994469462869775
2018-06-30,mega,persist,0.9978104938034655
2018-06-30,mega,persist,0.9561796359965173
2018-06-30,mega,ema,0.956579284546626
2018-06-30,mega,persist,0.9699854112790965
2018-06-30,mega,ema,0.9676935197365709
2018-06-30,mega,persist,0.9997315570524788
2018-06-30,mega,ema,0.9997252936636882
2018-06-30,mega,persist,0.9815696605858331
2018-06-30,mega,ema,0.9811120169076919
2018-06-30,mega,persist,0.9947205748943165
2018-06-30,mega,ema,0.9947205748943165
2018-06-30,mega,persist,1.0
2018-06-30,mega,ema,1.0
2018-06-30,mega,persist,0.9997923427461405
2018-06-30,mega,ema,0.9999313024637353
2018-06-30,mega,persist,0.9887477774516601
2018-06-30,mega,ema,0.9384897453308696
2018-06-30,mega,persist,0.9947494625420351
2018-06-30,mega,ema,0.9908651893020731
2018-06-30,mega,persist,0.979813797042109
2018-06-30,mega,ema,0.9797385531528733
2018-06-30,mega,persist,0.9959092981654349
2018-06-30,mega,ema,0.9959092981654349
2018-06-30,mega,persist,0.991130677827785
2018-06-30,mega,ema,0.9913444087991601
2018-06-30,mega,persist,0.9438947689199974
2018-06-30,mega,ema,0.9461879455770695
2018-06-30,mega,persist,0.9959266078618082
2018-06-30,mega,ema,0.9962414411288337
2018-06-30,mega,persist,0.9246108795042581
2018-06-30,mega,ema,0.9246108795042581
2018-06-30,mega,persist,0.9997207319521629
2018-06-30,mega,ema,0.9998252385121636
2018-06-30,mega,persist,0.9884218071093506
2018-06-30,mega,ema,0.9967460944024772
2018-06-30,mega,persist,0.9946553090133522
2018-06-30,mega,ema,0.9972226730493378
2018-06-30,mega,persist,0.9789933991257681
2018-06-30,mega,ema,0.9781669751672807
2018-06-30,mega,persist,0.996643476794949
2018-06-30,mega,ema,0.9997048199528503
2018-06-30,mega,persist,0.9974403886787048
2018-06-30,mega,ema,0.9986566415451156
2018-06-30,mega,persist,0.812659912731478
2018-06-30,mega,ema,0.7592627578098508
2018-06-30,mega,persist,0.9973638237767989
2018-06-30,mega,ema,0.997008139725615
2018-06-30,mega,persist,0.9987817755675854
2018-06-30,mega,ema,0.9991107711075887
2018-06-30,mega,persist,0.8822421901682386
2018-06-30,mega,ema,0.8934563427530022
2018-06-30,mega,persist,0.9935748317239195
2018-06-30,mega,ema,0.9923059030525149
2018-06-30,mega,persist,0.9872495458850116
2018-06-30,mega,ema,0.9864219822907669
2018-06-30,mega,persist,0.9457635095082673
2018-06-30,mega,ema,0.9596909775893746
2018-06-30,mega,persist,0.9990261913561207
2018-06-30,mega,ema,0.9997480727610023
2018-06-30,mega,persist,0.9985876298373417
2018-06-30,mega,ema,0.9997326099449564
2018-06-30,mega,persist,0.9973958200783052
2018-06-30,mega,ema,0.9904180123481034
2018-06-30,mega,persist,0.995446402906127
2018-06-30,mega,ema,0.9955115988680707
2018-06-30,mega,persist,0.8526933556258032
2018-06-30,mega,ema,0.85761919675062
2018-06-30,mega,persist,0.9917607491432837
2018-06-30,mega,ema,0.9917607491432837
2018-06-30,mega,persist,0.9367109316370864
2018-06-30,mega,ema,0.9501543762079553
2018-06-30,mega,persist,0.9965687002088245
2018-06-30,mega,ema,0.9976562712123533
2018-06-30,mega,persist,0.974340532934647
2018-06-30,mega,ema,0.9765653322724323
2018-06-30,mega,persist,1.0
2018-06-30,mega,ema,1.0
2018-06-30,mega,persist,0.9017600925602691
2018-06-30,mega,ema,0.9088773176410683
2018-06-30,mega,persist,0.8837763017834828
2018-06-30,mega,ema,0.8540883801408817
2018-06-30,mega,persist,0.6520429708087694
2018-06-30,mega,ema,0.7972376790109857
2018-06-30,mega,persist,0.4992692868871507
2018-06-30,mega,ema,0.4930281669230929
2018-06-30,mega,persist,0.7354635467685586
2018-06-30,mega,ema,0.7572361137917056
2018-06-30,mega,persist,0.4615831815820354
2018-06-30,mega,ema,0.6395650789361712
2018-06-30,mega,persist,0.9871439848814061
2018-06-30,mega,ema,0.9840711551278549
2018-06-30,mega,persist,0.9816888215875583
2018-06-30,mega,ema,0.9816888215875583
2018-06-30,mega,persist,0.9856383055307004
2018-06-30,mega,ema,0.9619445967762121
2018-06-30,mega,persist,0.9883692450714942
2018-06-30,mega,ema,0.9833645665073885
2018-06-30,mega,persist,0.9998362918851438
2018-06-30,mega,ema,0.9998424072205959
2018-06-30,mega,persist,0.9892722270748501
2018-06-30,mega,ema,0.9870143620827319
2018-06-30,mega,persist,0.9721729732776452
2018-06-30,mega,ema,0.9721345158227824
2018-06-30,mega,persist,
2018-06-30,mega,ema,
2018-06-30,mega,persist,0.9844688857829229
2018-06-30,mega,ema,0.9844688857829229
2018-06-30,mega,persist,0.954040498460645
2018-06-30,mega,ema,0.9560127085376368
2018-06-30,mega,persist,0.9334156004681563
2018-06-30,mega,ema,0.959361920277485
2018-06-30,mega,persist,0.9667482258667742
2018-06-30,mega,ema,0.9661842726267234
2018-06-30,mega,persist,0.9984074336597266
2018-06-30,mega,persist,0.9454868464205715
2018-06-30,mega,ema,0.9449850456996326
2018-06-30,mega,persist,0.9975820190689965
2018-06-30,mega,ema,0.9943201599321578
2018-06-30,mega,persist,0.591339210904342
2018-06-30,mega,ema,0.622716882509036
2018-06-30,mega,persist,0.9849481647838508
2018-06-30,mega,ema,0.9776013875567083
2018-06-30,mega,persist,0.9959586954525791
2018-06-30,mega,ema,0.9959586954525791
2018-06-30,mega,persist,0.6185580894095164
2018-06-30,mega,ema,0.619986855916173
2018-06-30,mega,persist,0.8417795534342514
2018-06-30,mega,ema,0.7856344025527664
2018-06-30,mega,persist,0.9675377825002175
2018-06-30,mega,ema,0.9645234193488178
2018-06-30,mega,persist,0.9766821714389841
2018-06-30,mega,ema,0.9483350040306843
2018-06-30,mega,persist,0.9974017459165321
2018-06-30,mega,ema,0.9974017459165321
2018-06-30,mega,persist,0.9998358212686107
2018-06-30,mega,ema,0.9972042015201402
2018-06-30,mega,persist,0.9980415790979563
2018-06-30,mega,ema,0.9980415790979563
2018-06-30,mega,persist,0.7496178412567478
2018-06-30,mega,ema,0.72280913421919
2018-06-30,mega,persist,0.5015280302373426
2018-06-30,mega,ema,0.5323653111834762
2018-06-30,mega,persist,0.9609828558329163
2018-06-30,mega,ema,0.950138895605819
2018-06-30,mega,persist,0.990915091422458
2018-06-30,mega,ema,0.9861607093400688
2018-06-30,mega,persist,0.9912815978178788
2018-06-30,mega,ema,0.9713245483010347
2018-06-30,mega,persist,0.8055761125438883
2018-06-30,mega,ema,0.7586154496352167
2018-06-30,mega,persist,0.9975550328069278
2018-06-30,mega,ema,0.9975550328069278
2018-06-30,mega,persist,0.9971040682841447
2018-06-30,mega,ema,0.9989074757459957
2018-06-30,mega,persist,0.9936196613480598
2018-06-30,mega,ema,0.9569432911170461
2018-06-30,mega,persist,0.9895633932119
2018-06-30,mega,ema,0.9852729570406269
2018-06-30,mega,persist,0.5868238179397947
2018-06-30,mega,ema,0.465333924235481
2018-06-30,mega,persist,0.6318801605078244
2018-06-30,mega,ema,0.5906194447020775
2018-06-30,mega,persist,0.3168682851755299
2018-06-30,mega,persist,0.983101083165659
2018-06-30,mega,ema,0.9763013214175009
2018-06-30,mega,persist,0.9961875837401879
2018-06-30,mega,ema,0.9988865242280761
2018-06-30,mega,persist,0.9643917846650285
2018-06-30,mega,ema,0.9372882504913493
2018-06-30,mega,persist,0.9907393639369737
2018-06-30,mega,ema,0.9886573269618515
2018-06-30,mega,persist,0.988920449572959
2018-06-30,mega,ema,0.988920449572959
2018-06-30,mega,persist,0.8670844286531022
2018-06-30,mega,ema,0.6489604672488434
2018-06-30,mega,persist,0.6115944447426851
2018-06-30,mega,ema,0.7067320618531187
2018-06-30,mega,persist,0.994267335034663
2018-06-30,mega,ema,0.994267335034663
2018-06-30,mega,persist,0.9993724003958736
2018-06-30,mega,ema,0.9993724003958736
2018-06-30,mega,persist,0.36542807018199225
2018-06-30,mega,ema,0.3013540099065318
2018-06-30,mega,persist,0.932216400741604
2018-06-30,mega,ema,0.9175209458274266
2018-06-30,mega,persist,0.9171601276592493
2018-06-30,mega,ema,0.8660706116321006
2018-09-30,mega,persist,0.9954684749394687
2018-09-30,mega,ema,0.9953253384618624
2018-09-30,mega,persist,0.8823827079283363
2018-09-30,mega,ema,0.8823827079283363
2018-09-30,mega,persist,0.9832088622530714
2018-09-30,mega,ema,0.9829563513758958
2018-09-30,mega,persist,0.9990162275333181
2018-09-30,mega,ema,0.999430559867546
2018-09-30,mega,persist,0.9868030982818493
2018-09-30,mega,ema,0.985434740208187
2018-09-30,mega,persist,0.8710308574773113
2018-09-30,mega,ema,0.8612722253862886
2018-09-30,mega,persist,0.9768771096224669
2018-09-30,mega,ema,0.9666139901688734
2018-09-30,mega,persist,0.9996331595304758
2018-09-30,mega,ema,0.9997152227041982
2018-09-30,mega,persist,0.9839856836450789
2018-09-30,mega,ema,0.9957680506830899
2018-09-30,mega,persist,0.9973541706648635
2018-09-30,mega,ema,0.996032016009713
2018-09-30,mega,persist,1.0
2018-09-30,mega,ema,1.0
2018-09-30,mega,persist,0.999367857181452
2018-09-30,mega,ema,0.999367857181452
2018-09-30,mega,persist,0.9380302086848431
2018-09-30,mega,ema,0.9378465540370379
2018-09-30,mega,persist,0.9838963977249839
2018-09-30,mega,ema,0.9845776848887585
2018-09-30,mega,persist,0.9856992740374264
2018-09-30,mega,ema,0.9839982033027785
2018-09-30,mega,persist,0.9993541622522433
2018-09-30,mega,ema,0.999419685361316
2018-09-30,mega,persist,0.9999047815588062
2018-09-30,mega,ema,0.9999047815588062
2018-09-30,mega,persist,0.9110239273200867
2018-09-30,mega,ema,0.9185169054322311
2018-09-30,mega,persist,0.9897445324250694
2018-09-30,mega,ema,0.9841409014383659
2018-09-30,mega,persist,0.9881261588728482
2018-09-30,mega,ema,0.9889073685866969
2018-09-30,mega,persist,0.9995213419784987
2018-09-30,mega,ema,0.9991400056019571
2018-09-30,mega,persist,0.8605637245252535
2018-09-30,mega,ema,0.8605043036054537
2018-09-30,mega,persist,0.9911458217763358
2018-09-30,mega,ema,0.9862436506376726
2018-09-30,mega,persist,0.9944863415890044
2018-09-30,mega,ema,0.9944822735920886
2018-09-30,mega,persist,0.9993104677727197
2018-09-30,mega,ema,0.9994002677830833
2018-09-30,mega,persist,0.9992704303990497
2018-09-30,mega,ema,0.9993331008160853
2018-09-30,mega,persist,0.8646409124888095
2018-09-30,mega,ema,0.8556045682329464
2018-09-30,mega,persist,0.992564452931276
2018-09-30,mega,ema,0.9894242263918428
2018-09-30,mega,persist,0.9971584000264908
2018-09-30,mega,ema,0.9967428373083097
2018-09-30,mega,persist,0.9817313220525726
2018-09-30,mega,ema,0.9551736175119057
2018-09-30,mega,persist,0.995337665046354
2018-09-30,mega,ema,0.995337665046354
2018-09-30,mega,persist,0.9723301438313775
2018-09-30,mega,ema,0.966287383090776
2018-09-30,mega,persist,0.7957172200910405
2018-09-30,mega,ema,0.8451401571983317
2018-09-30,mega,persist,0.9852761341819571
2018-09-30,mega,ema,0.9852761341819571
2018-09-30,mega,persist,0.9995062718665988
2018-09-30,mega,ema,0.9996731930399658
2018-09-30,mega,persist,0.9990542024049583
2018-09-30,mega,ema,0.9991704781027672
2018-09-30,mega,persist,0.9996759297381693
2018-09-30,mega,ema,0.9994319240935078
2018-09-30,mega,persist,0.7223247966473314
2018-09-30,mega,ema,0.6006332769252519
2018-09-30,mega,persist,0.998756042191779
2018-09-30,mega,ema,0.9992999987607745
2018-09-30,mega,persist,0.832017101876764
2018-09-30,mega,ema,0.8316946344273602
2018-09-30,mega,persist,0.9954049432435229
2018-09-30,mega,ema,0.9961645063205786
2018-09-30,mega,persist,0.9860893772680686
2018-09-30,mega,ema,0.9894820509580566
2018-09-30,mega,persist,1.0
2018-09-30,mega,ema,1.0
2018-09-30,mega,persist,0.9920571037769621
2018-09-30,mega,ema,0.9749977275402265
2018-09-30,mega,persist,0.9737754426672122
2018-09-30,mega,ema,0.9601535474235836
2018-09-30,mega,persist,0.7478420820205565
2018-09-30,mega,ema,0.8060009438201178
2018-09-30,mega,persist,0.6716517702449329
2018-09-30,mega,ema,0.6665689394621178
2018-09-30,mega,persist,0.6323305578588337
2018-09-30,mega,ema,0.6184803399457617
2018-09-30,mega,persist,0.9332229727437942
2018-09-30,mega,persist,0.5439107968973143
2018-09-30,mega,ema,0.8143415306133849
2018-09-30,mega,persist,0.9782179805860745
2018-09-30,mega,ema,0.9797127043815941
2018-09-30,mega,persist,0.9960219157355026
2018-09-30,mega,ema,0.9960219157355026
2018-09-30,mega,persist,0.9885860710116514
2018-09-30,mega,ema,0.9806000403260245
2018-09-30,mega,persist,0.9939825270662905
2018-09-30,mega,ema,0.9937552185016623
2018-09-30,mega,persist,0.9974645119880291
2018-09-30,mega,ema,0.9974645119880291
2018-09-30,mega,persist,0.9944819709502036
2018-09-30,mega,ema,0.9955817869360676
2018-09-30,mega,persist,0.9966694841661343
2018-09-30,mega,ema,0.981182839500085
2018-09-30,mega,persist,
2018-09-30,mega,ema,
2018-09-30,mega,persist,0.985618657644191
2018-09-30,mega,ema,0.9859343136246151
2018-09-30,mega,persist,0.9663406201477003
2018-09-30,mega,ema,0.9573805629826184
2018-09-30,mega,persist,0.9541629039549636
2018-09-30,mega,ema,0.9575113069750757
2018-09-30,mega,persist,0.9945615082762687
2018-09-30,mega,ema,0.9884210989074593
2018-09-30,mega,persist,0.9784746877443016
2018-09-30,mega,ema,0.9814763422201405
2018-09-30,mega,persist,0.9580913283972289
2018-09-30,mega,ema,0.9562813655641309
2018-09-30,mega,persist,0.9993205439706244
2018-09-30,mega,ema,0.9993205439706244
2018-09-30,mega,persist,0.5298235791265337
2018-09-30,mega,ema,0.5456735738929934
2018-09-30,mega,persist,0.9747127113622774
2018-09-30,mega,ema,0.9712664650517883
2018-09-30,mega,persist,0.9959741419877937
2018-09-30,mega,ema,0.9982209654379364
2018-09-30,mega,persist,0.5447972540200127
2018-09-30,mega,ema,0.6299443758513292
2018-09-30,mega,persist,0.7571907974968424
2018-09-30,mega,ema,0.7589980481794213
2018-09-30,mega,persist,0.9962338437816219
2018-09-30,mega,ema,0.9966737990291421
2018-09-30,mega,persist,0.9636082941310382
2018-09-30,mega,ema,0.9771972424400686
2018-09-30,mega,persist,0.99788383483085
2018-09-30,mega,ema,0.9979206721255025
2018-09-30,mega,persist,0.9957009621787373
2018-09-30,mega,ema,0.9953069567658157
2018-09-30,mega,persist,0.9985863161592559
2018-09-30,mega,ema,0.9987985130674671
2018-09-30,mega,persist,0.7736415982871807
2018-09-30,mega,ema,0.7714303318277996
2018-09-30,mega,persist,0.8685391315098228
2018-09-30,mega,ema,0.8061887428341533
2018-09-30,mega,persist,0.8808866813592721
2018-09-30,mega,ema,0.895953437128505
2018-09-30,mega,persist,0.9954107727415032
2018-09-30,mega,ema,0.9956402926186292
2018-09-30,mega,persist,0.9970075026571047
2018-09-30,mega,ema,0.9965430515885537
2018-09-30,mega,persist,0.7944669036015956
2018-09-30,mega,ema,0.8212887889257389
2018-09-30,mega,persist,0.9885224104016828
2018-09-30,mega,ema,0.9890952285608373
2018-09-30,mega,persist,0.30869762834815967
2018-09-30,mega,ema,0.17051178272172154
2018-09-30,mega,persist,0.8994109922132179
2018-09-30,mega,ema,0.8926921331165185
2018-09-30,mega,persist,0.9993423321403014
2018-09-30,mega,ema,0.9993423321403014
2018-09-30,mega,persist,0.5831873689303583
2018-09-30,mega,ema,0.5540882374961873
2018-09-30,mega,persist,0.43550111801116015
2018-09-30,mega,ema,0.4503260164571162
2018-09-30,mega,persist,0.6086400711394737
2018-09-30,mega,ema,0.6423445183897314
2018-09-30,mega,persist,0.9985227385135778
2018-09-30,mega,ema,0.9971766287516868
2018-09-30,mega,persist,0.999622099151659
2018-09-30,mega,ema,0.9998823946366852
2018-09-30,mega,persist,0.9533340504141766
2018-09-30,mega,ema,0.955451706103664
2018-09-30,mega,persist,0.9993436275473742
2018-09-30,mega,ema,0.9992534214860407
2018-09-30,mega,persist,0.9946186271406067
2018-09-30,mega,ema,0.9947453153005398
2018-09-30,mega,persist,0.5141961203942724
2018-09-30,mega,ema,0.5464307974916806
2018-09-30,mega,persist,0.5173580250545691
2018-09-30,mega,ema,0.5984910190924972
2018-09-30,mega,persist,0.955166271419798
2018-09-30,mega,ema,0.9860691515673764
2018-09-30,mega,persist,0.9979304827428165
2018-09-30,mega,ema,0.9979304827428165
2018-09-30,mega,persist,0.7117789238366967
2018-09-30,mega,ema,0.7787425281985986
2018-09-30,mega,persist,0.9973123132715941
2018-09-30,mega,ema,0.9968996820339674
2018-12-31,mega,persist,0.9803741254735795
2018-12-31,mega,ema,0.9866382459709351
2018-12-31,mega,persist,0.9823650203631347
2018-12-31,mega,ema,0.9739068856959744
2018-12-31,mega,persist,0.9983821254617911
2018-12-31,mega,ema,0.997780180352106
2018-12-31,mega,persist,0.982734111520829
2018-12-31,mega,ema,0.9805687104317786
2018-12-31,mega,persist,0.9872036179538115
2018-12-31,mega,ema,0.9877807912651939
2018-12-31,mega,persist,0.7053851427726424
2018-12-31,mega,ema,0.8410092344809101
2018-12-31,mega,persist,0.9983509130253437
2018-12-31,mega,ema,0.9984042093768907
2018-12-31,mega,persist,0.9884124841888908
2018-12-31,mega,ema,0.9867031775978862
2018-12-31,mega,persist,0.946739411264386
2018-12-31,mega,ema,0.9488406742826978
2018-12-31,mega,persist,0.9925564875222681
2018-12-31,mega,ema,0.990032178927968
2018-12-31,mega,persist,1.0
2018-12-31,mega,ema,1.0
2018-12-31,mega,persist,0.9952335893611929
2018-12-31,mega,ema,0.9952335893611929
2018-12-31,mega,persist,0.9125474256349049
2018-12-31,mega,ema,0.8771575755109062
2018-12-31,mega,persist,0.9940452391354019
2018-12-31,mega,ema,0.968388470353793
2018-12-31,mega,persist,0.992779098529184
2018-12-31,mega,persist,0.9946631851296673
2018-12-31,mega,ema,0.988026700378428
2018-12-31,mega,persist,0.9883421596475357
2018-12-31,mega,ema,0.9862147777536574
2018-12-31,mega,persist,0.9792029822339181
2018-12-31,mega,ema,0.9793220672817928
2018-12-31,mega,persist,0.8185070600784801
2018-12-31,mega,ema,0.8461386533918529
2018-12-31,mega,persist,0.9873850884500478
2018-12-31,mega,ema,0.9868633099957042
2018-12-31,mega,persist,0.8204539054371566
2018-12-31,mega,persist,0.9673225261455141
2018-12-31,mega,ema,0.9736690332952772
2018-12-31,mega,persist,0.9822466052330894
2018-12-31,mega,ema,0.9826974409269692
2018-12-31,mega,persist,0.9957649694945472
2018-12-31,mega,ema,0.9531200580258635
2018-12-31,mega,persist,0.9735966895662328
2018-12-31,mega,ema,0.9709659071503626
2018-12-31,mega,persist,0.9729217810774785
2018-12-31,mega,ema,0.9729217810774785
2018-12-31,mega,persist,0.9967243621792624
2018-12-31,mega,ema,0.995129935316842
2018-12-31,mega,persist,0.9916874153777692
2018-12-31,mega,ema,0.9879654937623644
2018-12-31,mega,persist,0.7531326242795815
2018-12-31,mega,ema,0.7807070182990096
2018-12-31,mega,persist,0.9826336301550911
2018-12-31,mega,persist,0.9916698036898539
2018-12-31,mega,ema,0.9914704974963354
2018-12-31,mega,persist,0.95501093306333
2018-12-31,mega,ema,0.9593034229920137
2018-12-31,mega,persist,0.9282812331787575
2018-12-31,mega,ema,0.9425172547445407
2018-12-31,mega,persist,0.9344030388667699
2018-12-31,mega,ema,0.9344030388667699
2018-12-31,mega,persist,0.9120140305384854
2018-12-31,mega,ema,0.9115363937555112
2018-12-31,mega,persist,0.8267289640196639
2018-12-31,mega,ema,0.890165384876386
2018-12-31,mega,persist,0.9968559539039513
2018-12-31,mega,ema,0.9873029521525288
2018-12-31,mega,persist,0.9929645579128831
2018-12-31,mega,ema,0.992568563576786
2018-12-31,mega,persist,0.9970037556298305
2018-12-31,mega,ema,0.9962325677162216
2018-12-31,mega,persist,0.9982312540366556
2018-12-31,mega,ema,0.998987623367516
2018-12-31,mega,persist,0.7717998269524193
2018-12-31,mega,ema,0.7669167048882927
2018-12-31,mega,persist,0.9930178362672943
2018-12-31,mega,ema,0.9923607563273751
2018-12-31,mega,persist,0.8926232153716818
2018-12-31,mega,ema,0.9181859923862754
2018-12-31,mega,persist,0.9484775517113824
2018-12-31,mega,ema,0.9380856104998287
2018-12-31,mega,persist,0.8984010138952389
2018-12-31,mega,ema,0.8909965246193471
2018-12-31,mega,persist,0.9984574244959007
2018-12-31,mega,ema,0.9984574244959007
2018-12-31,mega,persist,0.6672365705145883
2018-12-31,mega,ema,0.6870385687836501
2018-12-31,mega,persist,0.9444840344013133
2018-12-31,mega,ema,0.943057701138536
2018-12-31,mega,persist,0.4312167725941361
2018-12-31,mega,ema,0.4705485480409801
2018-12-31,mega,persist,0.5710763706627928
2018-12-31,mega,ema,0.44741273009760274
2018-12-31,mega,persist,0.6000386232553516
2018-12-31,mega,ema,0.6486092161731538
2018-12-31,mega,persist,0.9384059920706588
2018-12-31,mega,ema,0.9353387880938667
2018-12-31,mega,persist,0.47480955944918296
2018-12-31,mega,ema,0.5392283727326153
2018-12-31,mega,persist,0.9928215347638951
2018-12-31,mega,ema,0.9625472466698504
2018-12-31,mega,persist,0.9901991321846599
2018-12-31,mega,ema,0.9791477093392983
2018-12-31,mega,persist,0.8658477199867517
2018-12-31,mega,ema,0.8714378646291902
2018-12-31,mega,persist,0.9098420517817807
2018-12-31,mega,ema,0.9104195699046863
2018-12-31,mega,persist,0.9951785720312328
2018-12-31,mega,ema,0.9855658740547807
2018-12-31,mega,persist,0.9941221426780705
2018-12-31,mega,ema,0.9885636374908381
2018-12-31,mega,persist,0.9178415222928429
2018-12-31,mega,ema,0.9181250958878724
2018-12-31,mega,persist,0.0071686189065495514
2018-12-31,mega,ema,0.0071686189065495514
2018-12-31,mega,persist,0.9836983400128416
2018-12-31,mega,ema,0.9957952802469491
2018-12-31,mega,persist,0.8912071845703998
2018-12-31,mega,ema,0.8902434779700528
2018-12-31,mega,persist,0.9362940961251062
2018-12-31,mega,ema,0.9740005431371601
2018-12-31,mega,persist,0.9360393743251006
2018-12-31,mega,ema,0.9360393743251006
2018-12-31,mega,persist,0.9660020113261043
2018-12-31,mega,ema,0.9834424512546013
2018-12-31,mega,persist,0.3975600492860798
2018-12-31,mega,ema,0.39816817825901346
2018-12-31,mega,persist,0.9976473806370271
2018-12-31,mega,ema,0.9976473806370271
2018-12-31,mega,persist,0.46940551685103044
2018-12-31,mega,ema,0.5493113110759061
2018-12-31,mega,persist,0.9589680843812897
2018-12-31,mega,ema,0.9567051758365085
2018-12-31,mega,persist,0.995516653083516
2018-12-31,mega,ema,0.9950417783774352
2018-12-31,mega,persist,0.3358892381510473
2018-12-31,mega,ema,0.3822368420129126
2018-12-31,mega,persist,0.7707436804940232
2018-12-31,mega,ema,0.6913645962305093
2018-12-31,mega,persist,0.698654701106526
2018-12-31,mega,ema,0.698654701106526
2018-12-31,mega,persist,0.9867796166784851
2018-12-31,mega,ema,0.9820571648674271
2018-12-31,mega,persist,0.9828234076915222
2018-12-31,mega,ema,0.9821833306156345
2018-12-31,mega,persist,0.9781999446610233
2018-12-31,mega,ema,0.9781999446610233
2018-12-31,mega,persist,0.9921551131075736
2018-12-31,mega,ema,0.9916258733076405
2018-12-31,mega,persist,0.607966955790601
2018-12-31,mega,ema,0.5757226629442377
2018-12-31,mega,persist,0.7196464450416232
2018-12-31,mega,ema,0.7671307211001339
2018-12-31,mega,persist,0.9516369667406979
2018-12-31,mega,ema,0.8646816360607039
2018-12-31,mega,persist,0.9592620768252897
2018-12-31,mega,ema,0.9590246617712641
2018-12-31,mega,persist,0.9958049557202282
2018-12-31,mega,ema,0.9958049557202282
2018-12-31,mega,persist,0.783259478364052
2018-12-31,mega,ema,0.7424487982115283
2018-12-31,mega,persist,0.9493049257039208
2018-12-31,mega,ema,0.949361586880443
2018-12-31,mega,persist,0.9812198812849201
2018-12-31,mega,ema,0.9751426095289196
2018-12-31,mega,persist,0.9530948767696827
2018-12-31,mega,ema,0.8941151736985995
2018-12-31,mega,persist,0.973497100619046
2018-12-31,mega,persist,0.9931637331249025
2018-12-31,mega,ema,0.9931637331249025
2018-12-31,mega,persist,0.41602832764523406
2018-12-31,mega,ema,0.5078152683713292
2018-12-31,mega,persist,0.3552943272409972
2018-12-31,mega,ema,0.40961356402178756
2018-12-31,mega,persist,0.9635977111537934
2018-12-31,mega,ema,0.7319649377938674
2018-12-31,mega,persist,0.9955236189984452
2018-12-31,mega,ema,0.9967150201911622
2018-12-31,mega,persist,0.9974902968463792
2018-12-31,mega,ema,0.9962813912541985
2018-12-31,mega,persist,0.9763271599534795
2018-12-31,mega,ema,0.9776079805160387
2018-12-31,mega,persist,0.9866425059175573
2018-12-31,mega,ema,0.9884613569206222
2018-12-31,mega,persist,0.9965296727279197
2018-12-31,mega,ema,0.9962764949600905
2018-12-31,mega,persist,0.610042221703956
2018-12-31,mega,ema,0.6730611024044645
2018-12-31,mega,persist,0.7126510773248941
2018-12-31,mega,ema,0.7269945941320335
2019-03-31,mega,persist,0.9926835837646635
2019-03-31,mega,ema,0.9861756003686787
2019-03-31,mega,persist,0.977937124833389
2019-03-31,mega,ema,0.9775118550535555
2019-03-31,mega,persist,0.9945569799339753
2019-03-31,mega,ema,0.9939756675095797
2019-03-31,mega,persist,0.9991221375477386
2019-03-31,mega,ema,0.9992676878246451
2019-03-31,mega,persist,0.9994156929173084
2019-03-31,mega,ema,0.99331956113268
2019-03-31,mega,persist,0.9703081982631978
2019-03-31,mega,ema,0.9720011931403166
2019-03-31,mega,persist,0.9785200613095403
2019-03-31,mega,ema,0.9942171244249538
2019-03-31,mega,persist,0.998150552454187
2019-03-31,mega,ema,0.9990326851685475
2019-03-31,mega,persist,0.9572751133424188
2019-03-31,mega,ema,0.9590948465071872
2019-03-31,mega,persist,0.9956118382761124
2019-03-31,mega,ema,0.9950846049748593
2019-03-31,mega,persist,1.0
2019-03-31,mega,ema,1.0
2019-03-31,mega,persist,0.9940969464628091
2019-03-31,mega,ema,0.9949282654128895
2019-03-31,mega,persist,0.9912623008760179
2019-03-31,mega,ema,0.9882022934693999
2019-03-31,mega,persist,0.9924147260728109
2019-03-31,mega,ema,0.9967368268119176
2019-03-31,mega,persist,0.9717673803188261
2019-03-31,mega,ema,0.9899227184183131
2019-03-31,mega,persist,0.9986416374709057
2019-03-31,mega,ema,0.9986416374709057
2019-03-31,mega,persist,0.9977211055269636
2019-03-31,mega,ema,0.9976246675939536
2019-03-31,mega,persist,0.9401693530511304
2019-03-31,mega,ema,0.9789469885115859
2019-03-31,mega,persist,0.9988217482682353
2019-03-31,mega,ema,0.9792414063697801
2019-03-31,mega,persist,0.9994734220203066
2019-03-31,mega,ema,0.9846674209466182
2019-03-31,mega,persist,0.9833627321891802
2019-03-31,mega,ema,0.9794169872296851
2019-03-31,mega,persist,0.6812176148358897
2019-03-31,mega,ema,0.674564276632832
2019-03-31,mega,persist,0.9983707384434675
2019-03-31,mega,ema,0.9991016031827806
2019-03-31,mega,persist,0.9857378661008118
2019-03-31,mega,ema,0.9834720358000897
2019-03-31,mega,persist,0.9966150299920051
2019-03-31,mega,ema,0.9917298211175852
2019-03-31,mega,persist,0.9972469286930838
2019-03-31,mega,ema,0.9988186384087205
2019-03-31,mega,persist,0.9975427346237763
2019-03-31,mega,ema,0.9990291815288473
2019-03-31,mega,persist,0.8772192499310406
2019-03-31,mega,ema,0.8489562210506254
2019-03-31,mega,persist,0.9889934224451801
2019-03-31,mega,ema,0.9822073769449895
2019-03-31,mega,persist,0.9934822046050916
2019-03-31,mega,ema,0.9924985283099766
2019-03-31,mega,persist,0.9930509824432063
2019-03-31,mega,ema,0.9935892991964672
2019-03-31,mega,persist,0.9358413423713327
2019-03-31,mega,ema,0.9413076993905207
2019-03-31,mega,persist,0.9051435674284144
2019-03-31,mega,ema,0.9435940223888731
2019-03-31,mega,persist,0.9766136608046155
2019-03-31,mega,ema,0.9696960884463115
2019-03-31,mega,persist,0.6884981997119116
2019-03-31,mega,ema,0.7124251957123294
2019-03-31,mega,persist,0.9999527454098904
2019-03-31,mega,ema,0.9980895090817794
2019-03-31,mega,persist,0.8193308911591917
2019-03-31,mega,ema,0.8193308911591917
2019-03-31,mega,persist,0.996366176418009
2019-03-31,mega,ema,0.9990146662745926
2019-03-31,mega,persist,0.9985961378337781
2019-03-31,mega,ema,0.9975355691562277
2019-03-31,mega,persist,0.9126960921663425
2019-03-31,mega,ema,0.907958422619206
2019-03-31,mega,persist,0.9976315858901927
2019-03-31,mega,ema,0.9961636939202865
2019-03-31,mega,persist,0.85128992431055
2019-03-31,mega,ema,0.8191454523281977
2019-03-31,mega,persist,0.9805044749183504
2019-03-31,mega,ema,0.9792377489003504
2019-03-31,mega,persist,0.9176459417148739
2019-03-31,mega,ema,0.9228903227266075
2019-03-31,mega,persist,0.9950624097431658
2019-03-31,mega,ema,0.9861992797300119
2019-03-31,mega,persist,0.6129678338971979
2019-03-31,mega,ema,0.62811608866315
2019-03-31,mega,persist,0.9233732752668701
2019-03-31,mega,ema,0.9105066027691173
2019-03-31,mega,persist,0.5080656524147124
2019-03-31,mega,ema,0.33741999450429067
2019-03-31,mega,persist,0.3371497267079327
2019-03-31,mega,ema,0.38090971387143063
2019-03-31,mega,persist,0.6515735146521285
2019-03-31,mega,ema,0.6443379499412304
2019-03-31,mega,persist,0.9802955012922709
2019-03-31,mega,ema,0.9823948989604255
2019-03-31,mega,persist,0.6735938005837306
2019-03-31,mega,ema,0.7425413350842052
2019-03-31,mega,persist,0.9746559305338792
2019-03-31,mega,ema,0.9867497552644587
2019-03-31,mega,persist,0.9483861950525895
2019-03-31,mega,ema,0.9056987203402214
2019-03-31,mega,persist,0.9775513626214203
2019-03-31,mega,ema,0.965306955866506
2019-03-31,mega,persist,0.987360067773134
2019-03-31,mega,ema,0.9918922071436801
2019-03-31,mega,persist,0.9999313632533923
2019-03-31,mega,ema,0.9994532002149079
2019-03-31,mega,persist,0.9905616501643244
2019-03-31,mega,ema,0.9936661224893366
2019-03-31,mega,persist,0.992809449892297
2019-03-31,mega,ema,0.9829182243336294
2019-03-31,mega,persist,
2019-03-31,mega,ema,
2019-03-31,mega,persist,0.9884918450463123
2019-03-31,mega,ema,0.9887062427468972
2019-03-31,mega,persist,0.8846073328551673
2019-03-31,mega,ema,0.8885188255670432
2019-03-31,mega,persist,0.9686932868255457
2019-03-31,mega,ema,0.9727692314553747
2019-03-31,mega,persist,0.9679345107476443
2019-03-31,mega,ema,0.967142646966487
2019-03-31,mega,persist,0.9765396110493619
2019-03-31,mega,ema,0.956276893526144
2019-03-31,mega,persist,0.984106716330159
2019-03-31,mega,ema,0.9000828379341645
2019-03-31,mega,persist,0.9999504611591479
2019-03-31,mega,ema,0.9999504611591479
2019-03-31,mega,persist,0.48357441861918793
2019-03-31,mega,ema,0.5386385988545025
2019-03-31,mega,persist,0.9852299052626743
2019-03-31,mega,ema,0.9843335816758269
2019-03-31,mega,persist,0.9995189372525927
2019-03-31,mega,ema,0.9995189372525927
2019-03-31,mega,persist,0.37105390533204446
2019-03-31,mega,ema,0.4228239228689413
2019-03-31,mega,persist,0.7939483488745012
2019-03-31,mega,ema,0.8545752119882499
2019-03-31,mega,persist,0.9534011298834181
2019-03-31,mega,ema,0.9804182234807487
2019-03-31,mega,persist,0.9721097834822772
2019-03-31,mega,ema,0.9713898972393923
2019-03-31,mega,persist,0.9898946761853434
2019-03-31,mega,ema,0.999296822309369
2019-03-31,mega,persist,0.9927594364711767
2019-03-31,mega,ema,0.9875293646961647
2019-03-31,mega,persist,0.9942740543001815
2019-03-31,mega,ema,0.9948473007244065
2019-03-31,mega,persist,0.817747470966362
2019-03-31,mega,ema,0.8925304511619987
2019-03-31,mega,persist,0.7839422528684749
2019-03-31,mega,ema,0.7061274333237669
2019-03-31,mega,persist,0.9530659885338585
2019-03-31,mega,ema,0.9497110265781393
2019-03-31,mega,persist,0.998398385482682
2019-03-31,mega,ema,0.9835916192254908
2019-03-31,mega,persist,0.9851704630492452
2019-03-31,mega,ema,0.9848150020767062
2019-03-31,mega,persist,0.846779462956689
2019-03-31,mega,ema,0.8546687795906562
2019-03-31,mega,persist,0.8873196109897673
2019-03-31,mega,ema,0.932307821257905
2019-03-31,mega,persist,0.9998817740112325
2019-03-31,mega,ema,0.9998817740112325
2019-03-31,mega,persist,0.7448004103682343
2019-03-31,mega,ema,0.7854084469067674
2019-03-31,mega,persist,0.9823031811731868
2019-03-31,mega,ema,0.98212748247348
2019-03-31,mega,persist,0.9967904470156517
2019-03-31,mega,ema,0.9971840527077898
2019-03-31,mega,persist,0.4638332430190391
2019-03-31,mega,ema,0.42907883459590285
2019-03-31,mega,persist,0.3613211101293319
2019-03-31,mega,ema,0.35323967679438184
2019-03-31,mega,persist,0.9711953774634652
2019-03-31,mega,ema,0.971026085135816
2019-03-31,mega,persist,0.9743914597066095
2019-03-31,mega,ema,0.9720309709194033
2019-03-31,mega,persist,0.9922635679263535
2019-03-31,mega,ema,0.9975533520707474
2019-03-31,mega,persist,0.9516636899407003
2019-03-31,mega,ema,0.9387488231124343
2019-03-31,mega,persist,0.9847643308876431
2019-03-31,mega,ema,0.9850698395521746
2019-03-31,mega,persist,0.9951689370059598
2019-03-31,mega,ema,0.9953149982869207
2019-03-31,mega,persist,0.4673910639314836
2019-03-31,mega,ema,0.7894735137352086
2019-03-31,mega,persist,0.5986321378081018
2019-03-31,mega,ema,0.5805716057193432
2019-03-31,mega,persist,0.9983671373604972
2019-03-31,mega,ema,0.9982891628936567
2019-06-30,mega,persist,0.9987457013691378
2019-06-30,mega,ema,0.9987457013691378
2019-06-30,mega,persist,0.9597264430677549
2019-06-30,mega,ema,0.9595778962619841
2019-06-30,mega,persist,0.9994551346960864
2019-06-30,mega,ema,0.9918845522723724
2019-06-30,mega,persist,0.9973956835319011
2019-06-30,mega,ema,0.99699788485266
2019-06-30,mega,persist,0.998710260452221
2019-06-30,mega,ema,0.9989030801584854
2019-06-30,mega,persist,0.9856328549883194
2019-06-30,mega,ema,0.9941503860250268
2019-06-30,mega,persist,0.9999391970008236
2019-06-30,mega,ema,0.9995675094601835
2019-06-30,mega,persist,0.9994944917103868
2019-06-30,mega,ema,0.998759422526511
2019-06-30,mega,persist,0.9829876233878291
2019-06-30,mega,ema,0.9801432613132087
2019-06-30,mega,persist,0.9995567419088234
2019-06-30,mega,ema,0.9991346876877726
2019-06-30,mega,persist,1.0
2019-06-30,mega,ema,1.0
2019-06-30,mega,persist,0.9449268590027645
2019-06-30,mega,ema,0.9447560064771097
2019-06-30,mega,persist,0.9955966136934078
2019-06-30,mega,ema,0.994282452826599
2019-06-30,mega,persist,0.9863905578648239
2019-06-30,mega,ema,0.9864124712365081
2019-06-30,mega,persist,0.9707227117528048
2019-06-30,mega,ema,0.9706378394614162
2019-06-30,mega,persist,0.9969299317421604
2019-06-30,mega,ema,0.9962673261669434
2019-06-30,mega,persist,0.9967042838989215
2019-06-30,mega,ema,0.9966128107069537
2019-06-30,mega,persist,0.644786259521269
2019-06-30,mega,ema,0.6561921862753556
2019-06-30,mega,persist,0.9114250484931602
2019-06-30,mega,persist,0.9880649500791638
2019-06-30,mega,ema,0.9880649500791638
2019-06-30,mega,persist,0.994581572969353
2019-06-30,mega,ema,0.9952504063869876
2019-06-30,mega,persist,0.9771968791277346
2019-06-30,mega,ema,0.9720816511364662
2019-06-30,mega,persist,0.9887958582807478
2019-06-30,mega,ema,0.9893554712996959
2019-06-30,mega,persist,0.99225556493449
2019-06-30,mega,ema,0.9971667027102082
2019-06-30,mega,persist,0.9948623357525065
2019-06-30,mega,ema,0.9741131132552652
2019-06-30,mega,persist,0.9889406712336611
2019-06-30,mega,ema,0.980758624055842
2019-06-30,mega,persist,0.9869809672951735
2019-06-30,mega,ema,0.9863017298920398
2019-06-30,mega,persist,0.9735761941657844
2019-06-30,mega,ema,0.9845206820762572
2019-06-30,mega,persist,0.5899213788097334
2019-06-30,mega,ema,0.6152164429600314
2019-06-30,mega,persist,0.9860170897838583
2019-06-30,mega,ema,0.9861792823184333
2019-06-30,mega,persist,0.9965552994966854
2019-06-30,mega,ema,0.9945909119007288
2019-06-30,mega,persist,0.9961617055849353
2019-06-30,mega,ema,0.9968058517282534
2019-06-30,mega,persist,0.9625391689391722
2019-06-30,mega,ema,0.948558658177094
2019-06-30,mega,persist,0.9724336161211098
2019-06-30,mega,ema,0.9769107562108018
2019-06-30,mega,persist,0.988956790801294
2019-06-30,mega,ema,0.9883264054205358
2019-06-30,mega,persist,0.7568482906768081
2019-06-30,mega,ema,0.917184206220293
2019-06-30,mega,persist,0.9980735691849881
2019-06-30,mega,ema,0.9980735691849881
2019-06-30,mega,persist,0.9956823685022482
2019-06-30,mega,ema,0.9905498673757436
2019-06-30,mega,persist,0.987571104139309
2019-06-30,mega,ema,0.9861761813635019
2019-06-30,mega,persist,0.9960078694353658
2019-06-30,mega,ema,0.997613520447925
2019-06-30,mega,persist,0.6607607928607231
2019-06-30,mega,ema,0.656859515683374
2019-06-30,mega,persist,0.9985873446560329
2019-06-30,mega,ema,0.99890083970493
2019-06-30,mega,persist,0.969828105758626
2019-06-30,mega,ema,0.9504790211559202
2019-06-30,mega,persist,0.9947561101726402
2019-06-30,mega,ema,0.9913853099584659
2019-06-30,mega,persist,0.9655500129218892
2019-06-30,mega,ema,0.965012182639338
2019-06-30,mega,persist,1.0
2019-06-30,mega,ema,0.9997615402112345
2019-06-30,mega,persist,0.8442602276721886
2019-06-30,mega,ema,0.8466444800628712
2019-06-30,mega,persist,0.9673883483136972
2019-06-30,mega,ema,0.9517084933506397
2019-06-30,mega,persist,0.73996152893705
2019-06-30,mega,ema,0.8566291514383574
2019-06-30,mega,persist,0.4072366713402786
2019-06-30,mega,ema,0.42618706495004816
2019-06-30,mega,persist,0.7086420653801561
2019-06-30,mega,ema,0.7318063952304814
2019-06-30,mega,persist,0.985529466007025
2019-06-30,mega,ema,0.9574289195999424
2019-06-30,mega,persist,0.7538720662991616
2019-06-30,mega,ema,0.7050361947406268
2019-06-30,mega,persist,0.9949529463414338
2019-06-30,mega,ema,0.9939541506417954
2019-06-30,mega,persist,0.9764116373308857
2019-06-30,mega,ema,0.9979725735396501
2019-06-30,mega,persist,0.9107759220737216
2019-06-30,mega,ema,0.9323920864142433
2019-06-30,mega,persist,0.9986983141383339
2019-06-30,mega,ema,0.9954547087882633
2019-06-30,mega,persist,0.9995913610634547
2019-06-30,mega,ema,0.9980718470874382
2019-06-30,mega,persist,0.9494903788891937
2019-06-30,mega,ema,0.9494171137111488
2019-06-30,mega,persist,0.9676554067451213
2019-06-30,mega,ema,0.9676554067451213
2019-06-30,mega,persist,
2019-06-30,mega,ema,
2019-06-30,mega,persist,0.9784573464078569
2019-06-30,mega,ema,0.9784573464078569
2019-06-30,mega,persist,0.9929821952410144
2019-06-30,mega,ema,0.9936085531184549
2019-06-30,mega,persist,0.9969979789027518
2019-06-30,mega,ema,0.9973191898522029
2019-06-30,mega,persist,0.9893008018444237
2019-06-30,mega,ema,0.9860000455476781
2019-06-30,mega,persist,0.9864867411812138
2019-06-30,mega,ema,0.9846467959404144
2019-06-30,mega,persist,0.9551383869657193
2019-06-30,mega,ema,0.9684489709993763
2019-06-30,mega,persist,0.9925470177718935
2019-06-30,mega,ema,0.9942092921767208
2019-06-30,mega,persist,0.7542112544695069
2019-06-30,mega,ema,0.7922494143019796
2019-06-30,mega,persist,0.9754807894818611
2019-06-30,mega,ema,0.9752806231495386
2019-06-30,mega,persist,0.9993423176725755
2019-06-30,mega,ema,0.9989708520482171
2019-06-30,mega,persist,0.6357417234400621
2019-06-30,mega,ema,0.6427987836503879
2019-06-30,mega,persist,0.7667628040176011
2019-06-30,mega,ema,0.7895089625918557
2019-06-30,mega,persist,0.9528362469505377
2019-06-30,mega,ema,0.9695954902910937
2019-06-30,mega,persist,0.9778402256336965
2019-06-30,mega,ema,0.9740829250469422
2019-06-30,mega,persist,0.9996866409173092
2019-06-30,mega,ema,0.9987565206978767
2019-06-30,mega,persist,0.9733593070069
2019-06-30,mega,ema,0.9810650583945455
2019-06-30,mega,persist,0.9990693841474496
2019-06-30,mega,ema,0.9992028770615157
2019-06-30,mega,persist,0.7101936488239583
2019-06-30,mega,ema,0.7106579413866606
2019-06-30,mega,persist,0.8308327302808785
2019-06-30,mega,ema,0.7225507716100954
2019-06-30,mega,persist,0.9803665190531122
2019-06-30,mega,ema,0.9667163983220001
2019-06-30,mega,persist,0.9980717225177017
2019-06-30,mega,ema,0.9909848443932971
2019-06-30,mega,persist,0.9959142736160745
2019-06-30,mega,ema,0.9957725092013365
2019-06-30,mega,persist,0.732715012386045
2019-06-30,mega,ema,0.7559807883967891
2019-06-30,mega,persist,0.994360952429376
2019-06-30,mega,ema,0.960894886050003
2019-06-30,mega,persist,0.9956181936435923
2019-06-30,mega,ema,0.994797774982951
2019-06-30,mega,persist,0.8929961697606125
2019-06-30,mega,ema,0.8772086631842724
2019-06-30,mega,persist,0.999758465235391
2019-06-30,mega,ema,0.9979575773556896
2019-06-30,mega,persist,0.9982351733403314
2019-06-30,mega,ema,0.9983232187926594
2019-06-30,mega,persist,0.5592393801796106
2019-06-30,mega,ema,0.5427786238882796
2019-06-30,mega,persist,0.7862590652571272
2019-06-30,mega,ema,0.782447847789231
2019-06-30,mega,persist,0.9664686507087492
2019-06-30,mega,ema,0.9701775240131598
2019-06-30,mega,persist,0.9412798210544222
2019-06-30,mega,ema,0.9412798210544222
2019-06-30,mega,persist,0.992745727591783
2019-06-30,mega,ema,0.992745727591783
2019-06-30,mega,persist,0.9981392920579385
2019-06-30,mega,ema,0.9981392920579385
2019-06-30,mega,persist,0.9605944216705957
2019-06-30,mega,ema,0.9642258165925756
2019-06-30,mega,persist,0.9986130312838378
2019-06-30,mega,ema,0.99889387637675
2019-06-30,mega,persist,0.5801598353502979
2019-06-30,mega,ema,0.5876457685183716
2019-06-30,mega,persist,0.46790285810106824
2019-06-30,mega,ema,0.548906957033844
2019-09-30,mega,persist,0.9998441837435214
2019-09-30,mega,ema,0.9985885353346089
2019-09-30,mega,persist,0.7775020643973619
2019-09-30,mega,ema,0.8570138916370242
2019-09-30,mega,persist,0.9957593601582954
2019-09-30,mega,ema,0.9956966987468975
2019-09-30,mega,persist,0.9930997034298733
2019-09-30,mega,ema,0.9960675393030978
2019-09-30,mega,persist,0.9792213907085414
2019-09-30,mega,ema,0.9697310603580209
2019-09-30,mega,persist,0.9859452291363844
2019-09-30,mega,ema,0.9982966239250879
2019-09-30,mega,persist,0.9906584805538231
2019-09-30,mega,ema,0.9906584805538231
2019-09-30,mega,persist,0.9981113769308159
2019-09-30,mega,ema,0.9983887889834331
2019-09-30,mega,persist,0.9873909329370579
2019-09-30,mega,ema,0.9870723365800442
2019-09-30,mega,persist,0.9989448322882383
2019-09-30,mega,ema,0.9989448322882383
2019-09-30,mega,persist,1.0
2019-09-30,mega,ema,1.0
2019-09-30,mega,persist,0.9905803258308603
2019-09-30,mega,ema,0.9905803258308603
2019-09-30,mega,persist,0.9900542281680873
2019-09-30,mega,ema,0.9884279288248551
2019-09-30,mega,persist,0.9974824520743147
2019-09-30,mega,ema,0.9974824520743147
2019-09-30,mega,persist,0.9700326136484286
2019-09-30,mega,ema,0.9716099861324143
2019-09-30,mega,persist,0.9986075176133068
2019-09-30,mega,ema,0.9951986859469951
2019-09-30,mega,persist,0.9892099659366929
2019-09-30,mega,ema,0.9901687842167307
2019-09-30,mega,persist,0.7081535714755811
2019-09-30,mega,ema,0.8989778465289376
2019-09-30,mega,persist,0.9643766619312903
2019-09-30,mega,ema,0.9622172082978475
2019-09-30,mega,persist,0.9990942200381906
2019-09-30,mega,ema,0.9983550502966586
2019-09-30,mega,persist,0.816111490466763
2019-09-30,mega,ema,0.816111490466763
2019-09-30,mega,persist,0.979662750206826
2019-09-30,mega,ema,0.9871401644093596
2019-09-30,mega,persist,0.9923463583272876
2019-09-30,mega,ema,0.9919951735889886
2019-09-30,mega,persist,0.9812793240970626
2019-09-30,mega,ema,0.9785417558180582
2019-09-30,mega,persist,0.986931353191687
2019-09-30,mega,ema,0.9869495695608407
2019-09-30,mega,persist,0.9009871614904708
2019-09-30,mega,ema,0.901547125326241
2019-09-30,mega,persist,0.9980677014621463
2019-09-30,mega,ema,0.9983345941168266
2019-09-30,mega,persist,0.993521113637182
2019-09-30,mega,ema,0.993293630955528
2019-09-30,mega,persist,0.9424693562404693
2019-09-30,mega,ema,0.9161804752395782
2019-09-30,mega,persist,0.9956026478215199
2019-09-30,mega,ema,0.9844275151370621
2019-09-30,mega,persist,0.988839139004526
2019-09-30,mega,ema,0.9900511760465616
2019-09-30,mega,persist,0.9917211428208976
2019-09-30,mega,ema,0.9920178243343342
2019-09-30,mega,persist,0.9582649856610569
2019-09-30,mega,ema,0.8987851828024933
2019-09-30,mega,persist,0.9959858148797426
2019-09-30,mega,ema,0.9909093134969488
2019-09-30,mega,persist,0.9783036301605278
2019-09-30,mega,ema,0.9831613645865775
2019-09-30,mega,persist,0.8970174030181065
2019-09-30,mega,ema,0.9176612789082861
2019-09-30,mega,persist,1.0
2019-09-30,mega,ema,1.0
2019-09-30,mega,persist,0.9987285649212014
2019-09-30,mega,ema,0.9997839599338648
2019-09-30,mega,persist,0.9976834845120409
2019-09-30,mega,ema,0.9980441227223136
2019-09-30,mega,persist,0.9927229434743559
2019-09-30,mega,ema,0.9927229434743559
2019-09-30,mega,persist,0.9255794368691498
2019-09-30,mega,ema,0.8831246575645302
2019-09-30,mega,persist,0.9989853591407085
2019-09-30,mega,ema,0.9993563406101243
2019-09-30,mega,persist,0.9623857439493146
2019-09-30,mega,ema,0.959060365184389
2019-09-30,mega,persist,0.9879151608569986
2019-09-30,mega,ema,0.9938965571664459
2019-09-30,mega,persist,0.914259845879031
2019-09-30,mega,ema,0.9277291890825411
2019-09-30,mega,persist,0.9999060780962484
2019-09-30,mega,ema,0.9999060780962484
2019-09-30,mega,persist,0.968468943515719
2019-09-30,mega,ema,0.9612576260916127
2019-09-30,mega,persist,0.9454945697318582
2019-09-30,mega,ema,0.9436795931372124
2019-09-30,mega,persist,0.9070234813808655
2019-09-30,mega,ema,0.7437350769969312
2019-09-30,mega,persist,0.6806671425341488
2019-09-30,mega,ema,0.6606136835951758
2019-09-30,mega,persist,0.6790792126956288
2019-09-30,mega,ema,0.6138692406732027
2019-09-30,mega,persist,0.9336026707842887
2019-09-30,mega,ema,0.8966800799426088
2019-09-30,mega,persist,0.673329136830812
2019-09-30,mega,ema,0.6880671832837683
2019-09-30,mega,persist,0.9935599035211718
2019-09-30,mega,ema,0.9928054999696492
2019-09-30,mega,persist,0.9511196236750648
2019-09-30,mega,ema,0.9460513699517468
2019-09-30,mega,persist,0.9045792636150128
2019-09-30,mega,ema,0.8598945342074199
2019-09-30,mega,persist,0.9985986071742481
2019-09-30,mega,ema,0.9985986071742481
2019-09-30,mega,persist,0.9998185646691166
2019-09-30,mega,ema,1.0
2019-09-30,mega,persist,0.9940123658914282
2019-09-30,mega,ema,0.9872659534635674
2019-09-30,mega,persist,0.9960783498432938
2019-09-30,mega,ema,0.9933361296662775
2019-09-30,mega,persist,
2019-09-30,mega,ema,
2019-09-30,mega,persist,0.9994798107443128
2019-09-30,mega,ema,0.9916868633301955
2019-09-30,mega,persist,0.8726947739441446
2019-09-30,mega,ema,0.8726947739441446
2019-09-30,mega,persist,0.9857815451114008
2019-09-30,mega,ema,0.9876313528760551
2019-09-30,mega,persist,0.9695351008990158
2019-09-30,mega,ema,0.9672108611012452
2019-09-30,mega,persist,0.9977329181639142
2019-09-30,mega,ema,0.9973398289284706
2019-09-30,mega,persist,0.8960400207861113
2019-09-30,mega,ema,0.9386359968166201
2019-09-30,mega,persist,0.9946487465017307
2019-09-30,mega,ema,0.9862598871256371
2019-09-30,mega,persist,0.7108904969816107
2019-09-30,mega,ema,0.5915588958302896
2019-09-30,mega,persist,0.9980777524565401
2019-09-30,mega,ema,0.982206158879545
2019-09-30,mega,persist,0.9958324404503657
2019-09-30,mega,ema,0.9960577632627321
2019-09-30,mega,persist,0.9337040037647945
2019-09-30,mega,ema,0.9288056296722306
2019-09-30,mega,persist,0.6466318953420889
2019-09-30,mega,ema,0.712956896636876
2019-09-30,mega,persist,0.9529316335326675
2019-09-30,mega,ema,0.9628129560837255
2019-09-30,mega,persist,0.9126142250425178
2019-09-30,mega,ema,0.9488925331620923
2019-09-30,mega,persist,0.9984666561368514
2019-09-30,mega,ema,0.9986178446623766
2019-09-30,mega,persist,0.9844005917842988
2019-09-30,mega,ema,0.981112303321143
2019-09-30,mega,persist,0.9907352412053975
2019-09-30,mega,ema,0.9974519726933199
2019-09-30,mega,persist,0.7186579333690791
2019-09-30,mega,ema,0.8039802080652316
2019-09-30,mega,persist,0.9302859611566152
2019-09-30,mega,ema,0.8709539486871404
2019-09-30,mega,persist,0.9537659491937616
2019-09-30,mega,ema,0.9537659491937616
2019-09-30,mega,persist,0.9591769262927852
2019-09-30,mega,ema,0.9591769262927852
2019-09-30,mega,persist,0.9981044363150724
2019-09-30,mega,ema,0.996649567732647
2019-09-30,mega,persist,0.8908026752110496
2019-09-30,mega,ema,0.8509697169775601
2019-09-30,mega,persist,0.9938960935501701
2019-09-30,mega,ema,0.9830315524198187
2019-09-30,mega,persist,1.0
2019-09-30,mega,ema,1.0
2019-09-30,mega,persist,0.7988851996265417
2019-09-30,mega,ema,0.7969097586076205
2019-09-30,mega,persist,0.9833846745621444
2019-09-30,mega,ema,0.9800921326619418
2019-09-30,mega,persist,0.9978909260755084
2019-09-30,mega,ema,0.9978909260755084
2019-09-30,mega,persist,0.8017998361247219
2019-09-30,mega,ema,0.8462989910107818
2019-09-30,mega,persist,0.8986682869517536
2019-09-30,mega,ema,0.8657905245139403
2019-09-30,mega,persist,0.9899504625550343
2019-09-30,mega,ema,0.9612384884140319
2019-09-30,mega,persist,0.9906868482220547
2019-09-30,mega,ema,0.9875289422998225
2019-09-30,mega,persist,0.996810615205031
2019-09-30,mega,ema,0.9972540100058923
2019-09-30,mega,persist,0.9843114657390079
2019-09-30,mega,ema,0.9846093305866582
2019-09-30,mega,persist,0.9933376415769307
2019-09-30,mega,ema,0.9973789973417172
2019-09-30,mega,persist,0.9997171834092303
2019-09-30,mega,ema,0.9997171834092303
2019-09-30,mega,persist,0.7945939801229158
2019-09-30,mega,ema,0.7306323971556113
2019-09-30,mega,persist,0.730167032770395
2019-09-30,mega,ema,0.6365749265009735
2019-12-31,mega,persist,0.9860233147672886
2019-12-31,mega,ema,0.9860035893997274
2019-12-31,mega,persist,0.2749610970956816
2019-12-31,mega,ema,0.2756908543069234
2019-12-31,mega,persist,0.9998767048748104
2019-12-31,mega,ema,0.9996564094716864
2019-12-31,mega,persist,0.9989540076491863
2019-12-31,mega,ema,0.9982135485538629
2019-12-31,mega,persist,0.9607808062858284
2019-12-31,mega,ema,0.9607808062858284
2019-12-31,mega,persist,0.9992486154223714
2019-12-31,mega,ema,0.9989814200064098
2019-12-31,mega,persist,0.995916661484793
2019-12-31,mega,ema,0.9941079316831816
2019-12-31,mega,persist,0.9934503747527016
2019-12-31,mega,ema,0.9932327518104701
2019-12-31,mega,persist,0.9880953491221436
2019-12-31,mega,ema,0.9886534036227884
2019-12-31,mega,persist,1.0
2019-12-31,mega,ema,1.0
2019-12-31,mega,persist,0.9685999503316357
2019-12-31,mega,ema,0.9694824249630366
2019-12-31,mega,persist,0.9927022220349508
2019-12-31,mega,ema,0.9927022220349508
2019-12-31,mega,persist,0.9984525813072468
2019-12-31,mega,ema,0.9707422691328121
2019-12-31,mega,persist,0.9374605823230335
2019-12-31,mega,ema,0.9377693996291342
2019-12-31,mega,persist,0.996950834079975
2019-12-31,mega,ema,0.9970858079398607
2019-12-31,mega,persist,0.9944859463538439
2019-12-31,mega,ema,0.9939068438110673
2019-12-31,mega,persist,0.9838894212162927
2019-12-31,mega,ema,0.9505021335889232
2019-12-31,mega,persist,0.9975452492683754
2019-12-31,mega,ema,0.9974349300844247
2019-12-31,mega,persist,0.9982082907649216
2019-12-31,mega,ema,0.9980895369133953
2019-12-31,mega,persist,0.944462390590671
2019-12-31,mega,ema,0.9808279057010808
2019-12-31,mega,persist,0.9891309158618032
2019-12-31,mega,ema,0.9904348073141536
2019-12-31,mega,persist,0.9493874972026881
2019-12-31,mega,ema,0.9520716358320939
2019-12-31,mega,persist,0.9824628580243341
2019-12-31,mega,ema,0.9836228672350952
2019-12-31,mega,persist,0.9865534543784422
2019-12-31,mega,ema,0.9817056023269239
2019-12-31,mega,persist,0.9854613483410543
2019-12-31,mega,ema,0.9841288302374689
2019-12-31,mega,persist,0.9918653102242001
2019-12-31,mega,ema,0.9918275337380762
2019-12-31,mega,persist,0.8922794516582763
2019-12-31,mega,ema,0.8987840886185448
2019-12-31,mega,persist,0.9906876182261707
2019-12-31,mega,ema,0.9901939759313221
2019-12-31,mega,persist,0.9977159459399748
2019-12-31,mega,ema,0.9977159459399748
2019-12-31,mega,persist,0.9998782520028123
2019-12-31,mega,ema,0.995830438889116
2019-12-31,mega,persist,0.9567840573751407
2019-12-31,mega,ema,0.8101510830867296
2019-12-31,mega,persist,0.9952104244801975
2019-12-31,mega,ema,0.9934369999913396
2019-12-31,mega,persist,0.9760071147912437
2019-12-31,mega,ema,0.9666639478226968
2019-12-31,mega,persist,0.9438621701514489
2019-12-31,mega,ema,0.9729959167577547
2019-12-31,mega,persist,0.9994402052594182
2019-12-31,mega,ema,0.9994402052594182
2019-12-31,mega,persist,0.9907181917777601
2019-12-31,mega,ema,0.9937690547878739
2019-12-31,mega,persist,0.9847144812179147
2019-12-31,mega,ema,0.9832148959750505
2019-12-31,mega,persist,0.9986384769790315
2019-12-31,mega,ema,0.9985545533040138
2019-12-31,mega,persist,0.9063643710617529
2019-12-31,mega,ema,0.9238805264544984
2019-12-31,mega,persist,0.9894171016586975
2019-12-31,mega,ema,0.9874887832569877
2019-12-31,mega,persist,0.97130591792454
2019-12-31,mega,ema,0.9752973522406194
2019-12-31,mega,persist,0.9923318984355735
2019-12-31,mega,ema,0.9908894417421724
2019-12-31,mega,persist,0.9864931317718443
2019-12-31,mega,ema,0.981991400247811
2019-12-31,mega,persist,0.999495363689475
2019-12-31,mega,ema,0.999495363689475
2019-12-31,mega,persist,0.7136719691866287
2019-12-31,mega,ema,0.757459668937235
2019-12-31,mega,persist,0.9667214871957244
2019-12-31,mega,ema,0.9615098604718924
2019-12-31,mega,persist,0.6287015510881386
2019-12-31,mega,ema,0.6350474429232791
2019-12-31,mega,persist,0.607510899809549
2019-12-31,mega,ema,0.6787791592177084
2019-12-31,mega,persist,0.24051766879256725
2019-12-31,mega,ema,0.22144895097579537
2019-12-31,mega,persist,0.9516286818753933
2019-12-31,mega,ema,0.961400246378327
2019-12-31,mega,persist,0.46614531096445094
2019-12-31,mega,ema,0.5712667049871752
2019-12-31,mega,persist,0.9986485454987966
2019-12-31,mega,ema,0.9940065871211661
2019-12-31,mega,persist,0.9898739574705763
2019-12-31,mega,ema,0.9791869122538037
2019-12-31,mega,persist,0.9860794485056315
2019-12-31,mega,ema,0.9637151940936102
2019-12-31,mega,persist,0.997034761085609
2019-12-31,mega,ema,0.9968991534202606
2019-12-31,mega,persist,0.9883361258727322
2019-12-31,mega,ema,0.9883361258727322
2019-12-31,mega,persist,0.9902938435017289
2019-12-31,mega,ema,0.9903878186096777
2019-12-31,mega,persist,0.9947558669131279
2019-12-31,mega,ema,0.9908489779030479
2019-12-31,mega,persist,0.005938117769779528
2019-12-31,mega,ema,0.005938117769779528
2019-12-31,mega,persist,0.9975579178571526
2019-12-31,mega,ema,0.9976332461428067
2019-12-31,mega,persist,0.9399874718037334
2019-12-31,mega,ema,0.974859689228717
2019-12-31,mega,persist,0.9967398461983419
2019-12-31,mega,ema,0.9995676375135356
2019-12-31,mega,persist,0.9375771310631289
2019-12-31,mega,ema,0.933576406493226
2019-12-31,mega,persist,0.9988070227592092
2019-12-31,mega,ema,0.9964485940169974
2019-12-31,mega,persist,0.956599181142694
2019-12-31,mega,ema,0.968172338211251
2019-12-31,mega,persist,0.9964712197735437
2019-12-31,mega,ema,0.9804639185017504
2019-12-31,mega,persist,0.5975071821703007
2019-12-31,mega,ema,0.7037461009632371
2019-12-31,mega,persist,0.9652502278478264
2019-12-31,mega,ema,0.9652502278478264
2019-12-31,mega,persist,0.9840634420155021
2019-12-31,mega,ema,0.9838017505628727
2019-12-31,mega,persist,0.894289972787697
2019-12-31,mega,ema,0.925232884077473
2019-12-31,mega,persist,0.6099918703351581
2019-12-31,mega,ema,0.6471281809948985
2019-12-31,mega,persist,0.7896205147814273
2019-12-31,mega,ema,0.7918372050641319
2019-12-31,mega,persist,0.9782767618270695
2019-12-31,mega,ema,0.9833675153829772
2019-12-31,mega,persist,0.9958593913368887
2019-12-31,mega,ema,0.9958788853917941
2019-12-31,mega,persist,0.9750482218398603
2019-12-31,mega,ema,0.9772480854817375
2019-12-31,mega,persist,0.9954153056841076
2019-12-31,mega,ema,0.9967651276065868
2019-12-31,mega,persist,0.8280710194779339
2019-12-31,mega,ema,0.8431110552901085
2019-12-31,mega,persist,0.9740792687109429
2019-12-31,mega,ema,0.9524440667743478
2019-12-31,mega,persist,0.9525976768388678
2019-12-31,mega,ema,0.9366149746766739
2019-12-31,mega,persist,0.9929818886339556
2019-12-31,mega,ema,0.9700635791069603
2019-12-31,mega,persist,0.999146652027138
2019-12-31,mega,ema,0.9981897600195201
2019-12-31,mega,persist,0.8577100427913193
2019-12-31,mega,ema,0.8571372510424703
2019-12-31,mega,persist,0.7847367798480794
2019-12-31,mega,ema,0.7862695159530868
2019-12-31,mega,persist,0.9999742539169639
2019-12-31,mega,ema,0.9999742539169639
2019-12-31,mega,persist,0.972126746340742
2019-12-31,mega,ema,0.9570184575299414
2019-12-31,mega,persist,0.9978197049903402
2019-12-31,mega,ema,0.9980506166916356
2019-12-31,mega,persist,0.999932170259875
2019-12-31,mega,ema,0.999932170259875
2019-12-31,mega,persist,0.5797656304730204
2019-12-31,mega,ema,0.7960577366133256
2019-12-31,mega,persist,0.7525679533522608
2019-12-31,mega,ema,0.7529245346899769
2019-12-31,mega,persist,0.9837893948125378
2019-12-31,mega,ema,0.9836567457978052
2019-12-31,mega,persist,0.9976565181691859
2019-12-31,mega,ema,0.9963157760405411
2019-12-31,mega,persist,0.9998672226872731
2019-12-31,mega,ema,0.9810345314668196
2019-12-31,mega,persist,0.9280179807622011
2019-12-31,mega,ema,0.937958136940578
2019-12-31,mega,persist,0.9963154093566341
2019-12-31,mega,ema,0.9963154093566341
2019-12-31,mega,persist,0.9974450740735549
2019-12-31,mega,ema,0.9973902996281693
2019-12-31,mega,persist,0.809116465017004
2019-12-31,mega,ema,0.8123386729622977
2019-12-31,mega,persist,0.578420963926412
2019-12-31,mega,ema,0.6294404274560265
2019-12-31,mega,persist,1.0
2019-12-31,mega,ema,1.0
2019-12-31,mega,persist,0.9998629396011107
2019-12-31,mega,ema,0.9998629396011107
2020-03-31,mega,persist,0.9909603565082952
2020-03-31,mega,ema,0.9909603565082952
2020-03-31,mega,persist,0.4406922808105439
2020-03-31,mega,ema,0.479359428633374
2020-03-31,mega,persist,0.9949074255086708
2020-03-31,mega,ema,0.9949074255086708
2020-03-31,mega,persist,0.9887146402597156
2020-03-31,mega,ema,0.988816841017657
2020-03-31,mega,persist,0.9421067244203422
2020-03-31,mega,ema,0.9592872957534455
2020-03-31,mega,persist,0.9787224027799322
2020-03-31,mega,ema,0.9783954547715911
2020-03-31,mega,persist,0.9810294882177781
2020-03-31,mega,ema,0.9987980184059349
2020-03-31,mega,persist,0.9849894113630562
2020-03-31,mega,ema,0.9830255301171261
2020-03-31,mega,persist,0.9950740917419301
2020-03-31,mega,ema,0.991487397216039
2020-03-31,mega,persist,1.0
2020-03-31,mega,ema,1.0
2020-03-31,mega,persist,0.9571986095584234
2020-03-31,mega,ema,0.9466662503165896
2020-03-31,mega,persist,0.9549102017644256
2020-03-31,mega,ema,0.9549102017644256
2020-03-31,mega,persist,0.9879348662385333
2020-03-31,mega,ema,0.9871898783294694
2020-03-31,mega,persist,0.9929551757994279
2020-03-31,mega,ema,0.9799417666265513
2020-03-31,mega,persist,0.9842388724027131
2020-03-31,mega,ema,0.9995280691089661
2020-03-31,mega,persist,0.9792531623775049
2020-03-31,mega,ema,0.9791418652308448
2020-03-31,mega,persist,0.9810742762992777
2020-03-31,mega,ema,0.9509333966188703
2020-03-31,mega,persist,0.8563179393405664
2020-03-31,mega,ema,0.8558109916636828
2020-03-31,mega,persist,0.9984175613303407
2020-03-31,mega,ema,0.9871310898663941
2020-03-31,mega,persist,0.9944909871564956
2020-03-31,mega,persist,0.9606299886121021
2020-03-31,mega,ema,0.9909725957839395
2020-03-31,mega,persist,0.9879398008176418
2020-03-31,mega,ema,0.9877397660448525
2020-03-31,mega,persist,0.9751038104618361
2020-03-31,mega,ema,0.9681512731208007
2020-03-31,mega,persist,0.9900952235991843
2020-03-31,mega,ema,0.9896622322654874
2020-03-31,mega,persist,0.9703863459938163
2020-03-31,mega,ema,0.9835759326104955
2020-03-31,mega,persist,0.981710809544334
2020-03-31,mega,ema,0.982400188657748
2020-03-31,mega,persist,0.9821082931718738
2020-03-31,mega,ema,0.9821082931718738
2020-03-31,mega,persist,0.9270541493225899
2020-03-31,mega,ema,0.9480065944579582
2020-03-31,mega,persist,0.9597808253450659
2020-03-31,mega,ema,0.9597808253450659
2020-03-31,mega,persist,0.9543848578861643
2020-03-31,mega,ema,0.9549790718064868
2020-03-31,mega,persist,0.9967346645030876
2020-03-31,mega,ema,0.9967346645030876
2020-03-31,mega,persist,0.9107739985598848
2020-03-31,mega,ema,0.9431394415872837
2020-03-31,mega,persist,0.9461014814789597
2020-03-31,mega,ema,0.9450297496702437
2020-03-31,mega,persist,0.9674119348072607
2020-03-31,mega,ema,0.9663813156386519
2020-03-31,mega,persist,0.9210069844180563
2020-03-31,mega,ema,0.9191375878209834
2020-03-31,mega,persist,0.9974850519055661
2020-03-31,mega,ema,0.9974850519055661
2020-03-31,mega,persist,0.990753306151398
2020-03-31,mega,ema,0.9893223796226099
2020-03-31,mega,persist,0.9836202147562868
2020-03-31,mega,ema,0.984459334288887
2020-03-31,mega,persist,0.9824375701076173
2020-03-31,mega,ema,0.9817596125787741
2020-03-31,mega,persist,0.8574703294586644
2020-03-31,mega,ema,0.870369473099191
2020-03-31,mega,persist,0.9851558807704982
2020-03-31,mega,ema,0.9851558807704982
2020-03-31,mega,persist,0.7731546604264392
2020-03-31,mega,ema,0.7919235543230784
2020-03-31,mega,persist,0.9680681814492136
2020-03-31,mega,ema,0.9604626720837178
2020-03-31,mega,persist,0.942296500340839
2020-03-31,mega,ema,0.9453105771415662
2020-03-31,mega,persist,0.9984080852790862
2020-03-31,mega,ema,0.9984080852790862
2020-03-31,mega,persist,0.548270527756892
2020-03-31,mega,ema,0.7442681691335563
2020-03-31,mega,persist,0.9599764431375449
2020-03-31,mega,ema,0.9567083481513328
2020-03-31,mega,persist,0.7083930150539093
2020-03-31,mega,ema,0.6617297701822017
2020-03-31,mega,persist,0.5427782154126686
2020-03-31,mega,ema,0.6008537180017515
2020-03-31,mega,persist,0.5925558278599005
2020-03-31,mega,ema,0.6005300451253465
2020-03-31,mega,persist,0.9258950900399756
2020-03-31,mega,ema,0.9258950900399756
2020-03-31,mega,persist,0.4649085080881829
2020-03-31,mega,ema,0.5307314283021881
2020-03-31,mega,persist,0.9589036278861196
2020-03-31,mega,ema,0.9634046585697946
2020-03-31,mega,persist,0.9636379180169893
2020-03-31,mega,ema,0.9664371351939742
2020-03-31,mega,persist,0.6718566377303321
2020-03-31,mega,ema,0.6874421333914792
2020-03-31,mega,persist,0.9990598119252888
2020-03-31,mega,ema,0.9990598119252888
2020-03-31,mega,persist,0.9886798919318325
2020-03-31,mega,ema,0.9886787788699894
2020-03-31,mega,persist,0.9965308052249447
2020-03-31,mega,ema,0.9650060693357445
2020-03-31,mega,persist,0.9949764934442702
2020-03-31,mega,ema,0.9905631562875075
2020-03-31,mega,persist,
2020-03-31,mega,ema,
2020-03-31,mega,persist,0.9083611114752984
2020-03-31,mega,ema,0.9083611114752984
2020-03-31,mega,persist,0.9391546358219116
2020-03-31,mega,ema,0.9344811870222386
2020-03-31,mega,persist,0.972703976477918
2020-03-31,mega,ema,0.972489335442621
2020-03-31,mega,persist,0.9650285894876764
2020-03-31,mega,ema,0.9516251815719461
2020-03-31,mega,persist,0.9785767242422014
2020-03-31,mega,ema,0.9692724841682585
2020-03-31,mega,persist,0.9418757579338288
2020-03-31,mega,ema,0.940639592244795
2020-03-31,mega,persist,0.9964703289001526
2020-03-31,mega,ema,0.9964241712497606
2020-03-31,mega,persist,0.6558937787599335
2020-03-31,mega,ema,0.5719428697756751
2020-03-31,mega,persist,0.9353248330673156
2020-03-31,mega,ema,0.9436702433469522
2020-03-31,mega,persist,0.9552315197207106
2020-03-31,mega,ema,0.8698789433948486
2020-03-31,mega,persist,0.9678953273757369
2020-03-31,mega,ema,0.9679385985404292
2020-03-31,mega,persist,0.6747318709170491
2020-03-31,mega,ema,0.6045444614506575
2020-03-31,mega,persist,0.9809604229172532
2020-03-31,mega,persist,0.9781532789624018
2020-03-31,mega,ema,0.9588129324588706
2020-03-31,mega,persist,0.9321959308319703
2020-03-31,mega,ema,0.8981226877226264
2020-03-31,mega,persist,0.9798539263939023
2020-03-31,mega,ema,0.9957379398497378
2020-03-31,mega,persist,0.983131581256136
2020-03-31,mega,ema,0.9837462092865149
2020-03-31,mega,persist,0.9977815211433476
2020-03-31,mega,ema,0.9949816611685324
2020-03-31,mega,persist,0.577940743367186
2020-03-31,mega,ema,0.5938711347248358
2020-03-31,mega,persist,0.7461860067247202
2020-03-31,mega,ema,0.7080986401699845
2020-03-31,mega,persist,0.9203516166552467
2020-03-31,mega,ema,0.8906856342892665
2020-03-31,mega,persist,0.9816434608614557
2020-03-31,mega,ema,0.960353433973306
2020-03-31,mega,persist,0.7999704964120904
2020-03-31,mega,ema,0.7497422542893193
2020-03-31,mega,persist,0.9677488252126176
2020-03-31,mega,ema,0.9467213574431207
2020-03-31,mega,persist,0.8555589327365237
2020-03-31,mega,ema,0.8557153657478814
2020-03-31,mega,persist,0.9933794199635964
2020-03-31,mega,ema,0.9936599751354749
2020-03-31,mega,persist,0.9125798020907264
2020-03-31,mega,ema,0.9162588089800462
2020-03-31,mega,persist,0.8603445408288328
2020-03-31,mega,persist,0.9431164613704619
2020-03-31,mega,ema,0.9388996683977758
2020-03-31,mega,persist,0.5876066016281809
2020-03-31,mega,ema,0.6509748971015827
2020-03-31,mega,persist,0.45133272819933007
2020-03-31,mega,ema,0.4667575378643103
2020-03-31,mega,persist,0.9705323534968271
2020-03-31,mega,ema,0.972342985554888
2020-03-31,mega,persist,0.970850181726061
2020-03-31,mega,ema,0.970850181726061
2020-03-31,mega,persist,0.9955021898511223
2020-03-31,mega,ema,0.9896325322757299
2020-03-31,mega,persist,0.9459539454756729
2020-03-31,mega,ema,0.9391066654045112
2020-03-31,mega,persist,0.9732429012708892
2020-03-31,mega,ema,0.9732429012708892
2020-03-31,mega,persist,0.9944425756440403
2020-03-31,mega,ema,0.9944425756440403
2020-03-31,mega,persist,0.6958901404410551
2020-03-31,mega,ema,0.661082626689791
2020-03-31,mega,persist,0.8121866894846078
2020-03-31,mega,ema,0.8153890797113381
2020-06-30,mega,persist,0.9824490518652333
2020-06-30,mega,ema,0.9841942836729135
2020-06-30,mega,persist,0.9896669776881211
2020-06-30,mega,ema,0.7350535825888278
2020-06-30,mega,persist,0.9996901044059082
2020-06-30,mega,ema,0.9993206191918212
2020-06-30,mega,persist,0.9864035270439797
2020-06-30,mega,ema,0.9801015306682751
2020-06-30,mega,persist,0.9029296585973575
2020-06-30,mega,ema,0.9033203930953037
2020-06-30,mega,persist,0.9856580983275424
2020-06-30,mega,ema,0.9917604217029461
2020-06-30,mega,persist,0.9982722773668764
2020-06-30,mega,ema,0.9982937411846726
2020-06-30,mega,persist,0.9889747899157315
2020-06-30,mega,ema,0.9876397290444355
2020-06-30,mega,persist,0.9857358426650533
2020-06-30,mega,ema,0.9851270273130104
2020-06-30,mega,persist,1.0
2020-06-30,mega,ema,1.0
2020-06-30,mega,persist,0.9865504506833036
2020-06-30,mega,persist,0.9366016182504587
2020-06-30,mega,ema,0.9260546926138818
2020-06-30,mega,persist,0.993111292160828
2020-06-30,mega,ema,0.9927685620468578
2020-06-30,mega,persist,0.994500464335126
2020-06-30,mega,ema,0.9924403332070023
2020-06-30,mega,persist,0.9842615352614301
2020-06-30,mega,ema,0.984269404603416
2020-06-30,mega,persist,0.9965113124589333
2020-06-30,mega,ema,0.9972183540431054
2020-06-30,mega,persist,0.9946899716878306
2020-06-30,mega,ema,0.9878641838321336
2020-06-30,mega,persist,0.9676712471461982
2020-06-30,mega,ema,0.9656573427107357
2020-06-30,mega,persist,0.8695905666182899
2020-06-30,mega,ema,0.9868973409582746
2020-06-30,mega,persist,0.9968282995195177
2020-06-30,mega,ema,0.997114869256217
2020-06-30,mega,persist,0.9964770218876557
2020-06-30,mega,ema,0.9989366706926335
2020-06-30,mega,persist,0.9858728701102051
2020-06-30,mega,ema,0.9625236602518418
2020-06-30,mega,persist,0.9918382269493494
2020-06-30,mega,ema,0.9921791194186931
2020-06-30,mega,persist,0.9769142392530502
2020-06-30,mega,ema,0.9827357299795321
2020-06-30,mega,persist,0.9939450221361035
2020-06-30,mega,ema,0.9937290004518167
2020-06-30,mega,persist,0.989700455818986
2020-06-30,mega,ema,0.9895171599160015
2020-06-30,mega,persist,0.9983004789541855
2020-06-30,mega,ema,0.9983004789541855
2020-06-30,mega,persist,0.9993543957976135
2020-06-30,mega,ema,0.995847537721944
2020-06-30,mega,persist,0.9567817253049853
2020-06-30,mega,ema,0.9478624480693797
2020-06-30,mega,persist,0.9705887587996449
2020-06-30,mega,ema,0.8807629950666485
2020-06-30,mega,persist,0.9916539227686996
2020-06-30,mega,ema,0.9653478531929977
2020-06-30,mega,persist,0.7322181220541234
2020-06-30,mega,ema,0.7320076394002797
2020-06-30,mega,persist,0.9140789461498539
2020-06-30,mega,ema,0.9300614323376696
2020-06-30,mega,persist,0.9907744594801646
2020-06-30,mega,ema,0.9926411145733929
2020-06-30,mega,persist,0.9765501601861336
2020-06-30,mega,ema,0.9753430714512653
2020-06-30,mega,persist,0.9868926031714358
2020-06-30,mega,ema,0.9336942210870138
2020-06-30,mega,persist,0.996900682027272
2020-06-30,mega,ema,0.9957722306794897
2020-06-30,mega,persist,0.9960695614149697
2020-06-30,mega,ema,0.9990553209014484
2020-06-30,mega,persist,0.9987115812883451
2020-06-30,mega,ema,0.9984451722736748
2020-06-30,mega,persist,0.9951454036938612
2020-06-30,mega,ema,0.9955796770779496
2020-06-30,mega,persist,0.8342123012259327
2020-06-30,mega,ema,0.7987566644988854
2020-06-30,mega,persist,0.9987478550264004
2020-06-30,mega,ema,0.9985921687640787
2020-06-30,mega,persist,0.6130787364875123
2020-06-30,mega,ema,0.5959812442798039
2020-06-30,mega,persist,0.9996612993163182
2020-06-30,mega,ema,0.9899658900286986
2020-06-30,mega,persist,0.7866618733525663
2020-06-30,mega,ema,0.7857425926881066
2020-06-30,mega,persist,0.9994666463713185
2020-06-30,mega,ema,0.9897053598970889
2020-06-30,mega,persist,0.9263223291857137
2020-06-30,mega,ema,0.9070805779807194
2020-06-30,mega,persist,0.9952590382400978
2020-06-30,mega,ema,0.9924360302219948
2020-06-30,mega,persist,0.7763866683508165
2020-06-30,mega,ema,0.7840216842527087
2020-06-30,mega,persist,0.7020876114667767
2020-06-30,mega,ema,0.6290491855509523
2020-06-30,mega,persist,0.46015075350782303
2020-06-30,mega,ema,0.6081429297995278
2020-06-30,mega,persist,0.9976411311324483
2020-06-30,mega,ema,0.9979814066918323
2020-06-30,mega,persist,0.4708028501785192
2020-06-30,mega,ema,0.5879754581823526
2020-06-30,mega,persist,0.9269107850762832
2020-06-30,mega,ema,0.9271829271977972
2020-06-30,mega,persist,0.9382660919220555
2020-06-30,mega,ema,0.935870587018579
2020-06-30,mega,persist,0.8889439570620452
2020-06-30,mega,ema,0.8651552585559209
2020-06-30,mega,persist,0.9991602489260488
2020-06-30,mega,ema,0.9963185618029607
2020-06-30,mega,persist,0.9865556750339417
2020-06-30,mega,ema,0.9885129896714938
2020-06-30,mega,persist,0.9895383756986338
2020-06-30,mega,ema,0.9893036620704964
2020-06-30,mega,persist,0.9939714171357388
2020-06-30,mega,ema,0.9920788876718278
2020-06-30,mega,persist,
2020-06-30,mega,ema,
2020-06-30,mega,persist,0.973850751270735
2020-06-30,mega,ema,0.9743552267807546
2020-06-30,mega,persist,0.8898885015244017
2020-06-30,mega,ema,0.8965076567810588
2020-06-30,mega,persist,0.824912551259427
2020-06-30,mega,ema,0.8099138883511405
2020-06-30,mega,persist,0.9893506574401667
2020-06-30,mega,ema,0.9886791982358712
2020-06-30,mega,persist,0.9974226611257829
2020-06-30,mega,ema,0.995013672819913
2020-06-30,mega,persist,0.9819467992047626
2020-06-30,mega,ema,0.9637780026562663
2020-06-30,mega,persist,0.9743186395572546
2020-06-30,mega,ema,0.9747519023290555
2020-06-30,mega,persist,0.7517144555192359
2020-06-30,mega,ema,0.7439802020602773
2020-06-30,mega,persist,0.9643698599851293
2020-06-30,mega,ema,0.9670694608737985
2020-06-30,mega,persist,0.956036324372754
2020-06-30,mega,ema,0.9528203234758281
2020-06-30,mega,persist,0.9010285453184705
2020-06-30,mega,ema,0.852811252384584
2020-06-30,mega,persist,0.5353046978163319
2020-06-30,mega,ema,0.6237062918998786
2020-06-30,mega,persist,0.9929989844975374
2020-06-30,mega,ema,0.9933824457578141
2020-06-30,mega,persist,0.9886730738645366
2020-06-30,mega,ema,0.9884490288214299
2020-06-30,mega,persist,0.9847752075400326
2020-06-30,mega,ema,0.9954863273557885
2020-06-30,mega,persist,0.995460662344314
2020-06-30,mega,ema,0.9947355402250375
2020-06-30,mega,persist,0.9932897017272483
2020-06-30,mega,ema,0.9973376460844852
2020-06-30,mega,persist,0.9960752609851669
2020-06-30,mega,ema,0.9945539866641745
2020-06-30,mega,persist,0.3545170626717678
2020-06-30,mega,ema,0.5222662929145284
2020-06-30,mega,persist,0.9094886432378364
2020-06-30,mega,ema,0.9224148342406324
2020-06-30,mega,persist,0.5766101969249519
2020-06-30,mega,ema,0.5409951471798892
2020-06-30,mega,persist,0.9909913514885057
2020-06-30,mega,ema,0.9849864662856997
2020-06-30,mega,persist,0.7866405102740799
2020-06-30,mega,ema,0.7636172300499393
2020-06-30,mega,persist,0.8883225613294594
2020-06-30,mega,ema,0.8700632816136175
2020-06-30,mega,persist,1.0
2020-06-30,mega,ema,0.9960045374885682
2020-06-30,mega,persist,0.9742477919380936
2020-06-30,mega,ema,0.9743900965801272
2020-06-30,mega,persist,0.9710935560478849
2020-06-30,mega,ema,0.9517923113354819
2020-06-30,mega,persist,0.8392652484037157
2020-06-30,mega,ema,0.8137392444798077
2020-06-30,mega,persist,0.9999599509123481
2020-06-30,mega,ema,0.9719214163206661
2020-06-30,mega,persist,0.6250858846738367
2020-06-30,mega,persist,0.6853054418827423
2020-06-30,mega,ema,0.6631394222230279
2020-06-30,mega,persist,0.4415693272015701
2020-06-30,mega,ema,0.4540342020852477
2020-06-30,mega,persist,0.893898464189414
2020-06-30,mega,ema,0.9626179540251517
2020-06-30,mega,persist,0.8874478408903724
2020-06-30,mega,ema,0.8944155219777224
2020-06-30,mega,persist,0.9870966867233643
2020-06-30,mega,ema,0.9976157463911979
2020-06-30,mega,persist,0.9458885628522902
2020-06-30,mega,ema,0.9384137377532146
2020-06-30,mega,persist,0.9983793651975794
2020-06-30,mega,ema,0.997639051997497
2020-06-30,mega,persist,0.9510688152586334
2020-06-30,mega,ema,0.9472291382492212
2020-09-30,mega,persist,0.9999067782488865
2020-09-30,mega,ema,0.9964890895507481
2020-09-30,mega,persist,0.9854353755823384
2020-09-30,mega,ema,0.9839349924280243
2020-09-30,mega,persist,0.9939089005455827
2020-09-30,mega,ema,0.9939089005455827
2020-09-30,mega,persist,0.8076188666984137
2020-09-30,mega,ema,0.8730892210135339
2020-09-30,mega,persist,0.999120825185444
2020-09-30,mega,ema,0.999120825185444
2020-09-30,mega,persist,0.9784754261295612
2020-09-30,mega,ema,0.9784754261295612
2020-09-30,mega,persist,0.9731404977651523
2020-09-30,mega,ema,0.9669018252140277
2020-09-30,mega,persist,0.9959017744463505
2020-09-30,mega,ema,0.9901490577877461
2020-09-30,mega,persist,1.0
2020-09-30,mega,ema,1.0
2020-09-30,mega,persist,0.9724635963873881
2020-09-30,mega,persist,0.9783055303471002
2020-09-30,mega,ema,0.9808176453118503
2020-09-30,mega,persist,0.9992160222151112
2020-09-30,mega,ema,0.9632304196903035
2020-09-30,mega,persist,0.9813174593845118
2020-09-30,mega,ema,0.9813811749300219
2020-09-30,mega,persist,0.9997743273121205
2020-09-30,mega,ema,0.9997743273121205
2020-09-30,mega,persist,0.9952813348551293
2020-09-30,mega,ema,0.993619604589164
2020-09-30,mega,persist,0.9824864674774162
2020-09-30,mega,ema,0.9824864674774162
2020-09-30,mega,persist,0.9956681712470756
2020-09-30,mega,ema,0.9956681712470756
2020-09-30,mega,persist,0.9985301262960325
2020-09-30,mega,ema,0.9996050839634779
2020-09-30,mega,persist,0.9525636834044751
2020-09-30,mega,ema,0.9498270938440008
2020-09-30,mega,persist,0.9685840323499693
2020-09-30,mega,persist,0.9953789697672626
2020-09-30,mega,ema,0.9884245385535503
2020-09-30,mega,persist,0.9786862909519155
2020-09-30,mega,ema,0.9749320801988135
2020-09-30,mega,persist,0.9959398822501163
2020-09-30,mega,ema,0.997513697076262
2020-09-30,mega,persist,0.9884339108990639
2020-09-30,mega,ema,0.9859960964289739
2020-09-30,mega,persist,0.9983107909947518
2020-09-30,mega,ema,0.9981508607452838
2020-09-30,mega,persist,0.9820063737660955
2020-09-30,mega,ema,0.9816190120328679
2020-09-30,mega,persist,0.9875223865181952
2020-09-30,mega,ema,0.9872496569102073
2020-09-30,mega,persist,0.9755561323238519
2020-09-30,mega,ema,0.972604289220742
2020-09-30,mega,persist,0.9757639807223096
2020-09-30,mega,ema,0.9757639807223096
2020-09-30,mega,persist,0.9373456644352016
2020-09-30,mega,ema,0.9137073346996488
2020-09-30,mega,persist,0.9491583714965073
2020-09-30,mega,ema,0.9253859014027654
2020-09-30,mega,persist,0.9926716880420683
2020-09-30,mega,ema,0.9903191031100917
2020-09-30,mega,persist,0.9844429178479855
2020-09-30,mega,ema,0.9994713913445101
2020-09-30,mega,persist,0.9022244489839948
2020-09-30,mega,ema,0.9185439662713267
2020-09-30,mega,persist,0.9655836907237052
2020-09-30,mega,ema,0.9662976937435344
2020-09-30,mega,persist,0.9896990268320593
2020-09-30,mega,ema,0.978799881929666
2020-09-30,mega,persist,0.960985424983217
2020-09-30,mega,ema,0.9621124234102636
2020-09-30,mega,persist,0.9982842754431837
2020-09-30,mega,ema,0.9928692795922855
2020-09-30,mega,persist,0.9991979026472593
2020-09-30,mega,ema,0.9992238485938183
2020-09-30,mega,persist,0.9743761393185547
2020-09-30,mega,ema,0.9743761393185547
2020-09-30,mega,persist,0.9996800702025933
2020-09-30,mega,ema,0.9850698654742975
2020-09-30,mega,persist,0.8262805286972293
2020-09-30,mega,ema,0.8219849970157252
2020-09-30,mega,persist,0.9714132937847773
2020-09-30,mega,ema,0.9714146245498877
2020-09-30,mega,persist,0.8835244163086236
2020-09-30,mega,ema,0.8136618754316084
2020-09-30,mega,persist,0.9849000809638793
2020-09-30,mega,ema,0.9860094597366829
2020-09-30,mega,persist,0.978256930966866
2020-09-30,mega,ema,0.977707112301084
2020-09-30,mega,persist,0.9987425470967619
2020-09-30,mega,ema,0.9987425470967619
2020-09-30,mega,persist,0.8960393638630838
2020-09-30,mega,ema,0.8966280220240642
2020-09-30,mega,persist,0.9258991993540119
2020-09-30,mega,ema,0.92542479458283
2020-09-30,mega,persist,0.7150608236430477
2020-09-30,mega,ema,0.7844874272016916
2020-09-30,mega,persist,0.7256554454349529
2020-09-30,mega,ema,0.7085951827019521
2020-09-30,mega,persist,0.43239843290514385
2020-09-30,mega,ema,0.48352760669126965
2020-09-30,mega,persist,0.990019918756007
2020-09-30,mega,ema,0.9885567896839645
2020-09-30,mega,persist,0.6446071517223712
2020-09-30,mega,ema,0.6139967222452957
2020-09-30,mega,persist,0.999878668399467
2020-09-30,mega,ema,0.9996966131628215
2020-09-30,mega,persist,0.9699582533340196
2020-09-30,mega,ema,0.9701903582004046
2020-09-30,mega,persist,0.8455690820433465
2020-09-30,mega,ema,0.8598912776087084
2020-09-30,mega,persist,0.9997937911507487
2020-09-30,mega,ema,0.9996998727548818
2020-09-30,mega,persist,0.9880969023055681
2020-09-30,mega,ema,0.9898933419853134
2020-09-30,mega,persist,0.9832252931759144
2020-09-30,mega,ema,0.9832252931759144
2020-09-30,mega,persist,0.9967112406407714
2020-09-30,mega,ema,0.998617770248313
2020-09-30,mega,persist,
2020-09-30,mega,ema,
2020-09-30,mega,persist,0.9853492671284533
2020-09-30,mega,ema,0.9827014097604873
2020-09-30,mega,persist,0.9707385476262784
2020-09-30,mega,ema,0.9646921759757712
2020-09-30,mega,persist,0.9859215474299593
2020-09-30,mega,ema,0.980629975169157
2020-09-30,mega,persist,0.9563682043187761
2020-09-30,mega,ema,0.9809951242874647
2020-09-30,mega,persist,0.8798609245031926
2020-09-30,mega,ema,0.8832610661317443
2020-09-30,mega,persist,0.9889238591594001
2020-09-30,mega,ema,0.9924633422927437
2020-09-30,mega,persist,0.9977701825294985
2020-09-30,mega,ema,0.9901312839833926
2020-09-30,mega,persist,0.6762070547522678
2020-09-30,mega,ema,0.6667103079386075
2020-09-30,mega,persist,0.9941704478566141
2020-09-30,mega,ema,0.983004512148952
2020-09-30,mega,persist,0.9916420488944502
2020-09-30,mega,ema,0.9641729579260261
2020-09-30,mega,persist,0.795875167970196
2020-09-30,mega,ema,0.8683527387496502
2020-09-30,mega,persist,0.48182605559284347
2020-09-30,mega,ema,0.40815443406722074
2020-09-30,mega,persist,0.9746948457438419
2020-09-30,mega,ema,0.9736836992259644
2020-09-30,mega,persist,0.9849515010166262
2020-09-30,mega,ema,0.9961904880807918
2020-09-30,mega,persist,0.994738163307792
2020-09-30,mega,ema,0.9888696500493925
2020-09-30,mega,persist,0.9748708055936698
2020-09-30,mega,ema,0.9750408298533826
2020-09-30,mega,persist,0.9411088786559725
2020-09-30,mega,persist,0.9944696593184508
2020-09-30,mega,ema,0.9932374290689102
2020-09-30,mega,persist,0.9927662529504792
2020-09-30,mega,ema,0.9927662529504792
2020-09-30,mega,persist,0.5989077314450058
2020-09-30,mega,ema,0.6319974758003568
2020-09-30,mega,persist,0.6758809233844809
2020-09-30,mega,ema,0.7170278133322026
2020-09-30,mega,persist,0.5809226327307414
2020-09-30,mega,ema,0.6771966297731231
2020-09-30,mega,persist,0.9985165102081899
2020-09-30,mega,persist,0.9918869835862559
2020-09-30,mega,ema,0.99053358289301
2020-09-30,mega,persist,0.9727584319227787
2020-09-30,mega,ema,0.9394092501231618
2020-09-30,mega,persist,0.9521378933759378
2020-09-30,mega,ema,0.9152592827074396
2020-09-30,mega,persist,0.9997183062602398
2020-09-30,mega,ema,0.9997183062602398
2020-09-30,mega,persist,0.9756821919620478
2020-09-30,mega,ema,0.9634600445640337
2020-09-30,mega,persist,0.9796164829356707
2020-09-30,mega,ema,0.9601112262915507
2020-09-30,mega,persist,0.9002792338993955
2020-09-30,mega,ema,0.925481418157436
2020-09-30,mega,persist,0.9947390578037711
2020-09-30,mega,ema,0.9947424701687417
2020-09-30,mega,persist,0.9976981257383924
2020-09-30,mega,ema,0.9194623571148912
2020-09-30,mega,persist,0.89981125223568
2020-09-30,mega,ema,0.9069765749826304
2020-09-30,mega,persist,0.607681437170591
2020-09-30,mega,ema,0.6944811555023718
2020-09-30,mega,persist,0.9996201301847851
2020-09-30,mega,ema,0.9984063352176803
2020-09-30,mega,persist,0.9149315337041731
2020-09-30,mega,ema,0.9313056405388982
2020-09-30,mega,persist,0.9966172460659021
2020-09-30,mega,ema,0.9966172460659021
2020-12-31,mega,persist,0.9971048717922323
2020-12-31,mega,ema,0.9964457242354408
2020-12-31,mega,persist,0.9896843512301345
2020-12-31,mega,ema,0.9943103613197471
2020-12-31,mega,persist,0.9949592475178409
2020-12-31,mega,ema,0.9947827766065486
2020-12-31,mega,persist,0.8849805092712542
2020-12-31,mega,ema,0.9390234612838889
2020-12-31,mega,persist,0.9992858000559021
2020-12-31,mega,ema,0.9991677692331733
2020-12-31,mega,persist,0.98729227421961
2020-12-31,mega,ema,0.9873533911549011
2020-12-31,mega,persist,0.9581477953925058
2020-12-31,mega,ema,0.9608776305091866
2020-12-31,mega,persist,0.9953672048759657
2020-12-31,mega,ema,0.9980640523217699
2020-12-31,mega,persist,1.0
2020-12-31,mega,ema,1.0
2020-12-31,mega,persist,0.7409884179670629
2020-12-31,mega,ema,0.7406251590873216
2020-12-31,mega,persist,0.9963595366502971
2020-12-31,mega,ema,0.9946730113339549
2020-12-31,mega,persist,0.9474605416636103
2020-12-31,mega,ema,0.9474605416636103
2020-12-31,mega,persist,0.9709422986844378
2020-12-31,mega,ema,0.971979538599942
2020-12-31,mega,persist,0.9913091514883318
2020-12-31,mega,ema,0.9926237302561935
2020-12-31,mega,persist,0.898911344917493
2020-12-31,mega,ema,0.898911344917493
2020-12-31,mega,persist,0.9897374402870981
2020-12-31,mega,ema,0.9897540663046002
2020-12-31,mega,persist,0.9680799232773905
2020-12-31,mega,ema,0.9520619906890018
2020-12-31,mega,persist,0.9975277570545881
2020-12-31,mega,ema,0.9966736493142744
2020-12-31,mega,persist,0.9591653930051894
2020-12-31,mega,ema,0.9632817681630729
2020-12-31,mega,persist,0.9550639357925946
2020-12-31,mega,ema,0.9479887541704782
2020-12-31,mega,persist,0.9999511899140853
2020-12-31,mega,ema,0.998834840252351
2020-12-31,mega,persist,0.9747255498764509
2020-12-31,mega,ema,0.9761760379781328
2020-12-31,mega,persist,0.9159834819377579
2020-12-31,mega,ema,0.9058023297498053
2020-12-31,mega,persist,0.9698671665211533
2020-12-31,mega,ema,0.9267770874719928
2020-12-31,mega,persist,0.9969572846208846
2020-12-31,mega,ema,0.9969572846208846
2020-12-31,mega,persist,0.9997948701092212
2020-12-31,mega,ema,0.9997948701092212
2020-12-31,mega,persist,0.9904793598856299
2020-12-31,mega,persist,0.901519679666938
2020-12-31,mega,ema,0.9054842649723641
2020-12-31,mega,persist,0.9868739067167379
2020-12-31,mega,ema,0.9868806771389066
2020-12-31,mega,persist,0.9858270570323387
2020-12-31,mega,ema,0.9858777177519987
2020-12-31,mega,persist,0.9028367691578566
2020-12-31,mega,ema,0.8689505465241162
2020-12-31,mega,persist,0.9515597777212959
2020-12-31,mega,ema,0.9460347461319044
2020-12-31,mega,persist,0.9908078530654243
2020-12-31,mega,ema,0.9901655116018341
2020-12-31,mega,persist,0.9316440106551847
2020-12-31,mega,ema,0.9902709338232561
2020-12-31,mega,persist,0.8060481269431671
2020-12-31,mega,ema,0.7909547516853291
2020-12-31,mega,persist,0.9903478426756571
2020-12-31,mega,ema,0.9903478426756571
2020-12-31,mega,persist,0.9711934911195377
2020-12-31,mega,ema,0.9720586823752686
2020-12-31,mega,persist,0.7650756928292448
2020-12-31,mega,ema,0.7658804108521209
2020-12-31,mega,persist,0.9999221984485176
2020-12-31,mega,ema,0.9973323666196193
2020-12-31,mega,persist,0.9867616076202129
2020-12-31,mega,ema,0.9874311972096506
2020-12-31,mega,persist,0.9996796510753446
2020-12-31,mega,ema,0.9996796510753446
2020-12-31,mega,persist,0.9189890657376927
2020-12-31,mega,ema,0.8916664369483905
2020-12-31,mega,persist,0.9865578680736159
2020-12-31,mega,ema,0.9867129878380704
2020-12-31,mega,persist,0.8766025236929584
2020-12-31,mega,ema,0.8705662037303543
2020-12-31,mega,persist,0.99473409832909
2020-12-31,mega,ema,0.9972813585875508
2020-12-31,mega,persist,0.9880669920939175
2020-12-31,mega,ema,0.961156000869509
2020-12-31,mega,persist,0.993820001805099
2020-12-31,mega,ema,0.9989705542133376
2020-12-31,mega,persist,0.7664585241963229
2020-12-31,mega,ema,0.7553772310319098
2020-12-31,mega,persist,0.9253653207200997
2020-12-31,mega,ema,0.9067552526867003
2020-12-31,mega,persist,0.933016062653572
2020-12-31,mega,ema,0.8899540910943536
2020-12-31,mega,persist,0.37726389067972876
2020-12-31,mega,ema,0.24222777833359962
2020-12-31,mega,persist,0.6079255742879189
2020-12-31,mega,ema,0.6656331885057286
2020-12-31,mega,persist,0.977359375073291
2020-12-31,mega,ema,0.9735134311135774
2020-12-31,mega,persist,0.6727670785427777
2020-12-31,mega,ema,0.7259036511846602
2020-12-31,mega,persist,0.9846993143230889
2020-12-31,mega,ema,0.9846993143230889
2020-12-31,mega,persist,0.981522554555666
2020-12-31,mega,ema,0.9035472820972892
2020-12-31,mega,persist,0.9020949633505851
2020-12-31,mega,ema,0.9228780518169262
2020-12-31,mega,persist,0.9997455776150951
2020-12-31,mega,ema,0.9997455776150951
2020-12-31,mega,persist,0.9914724468044012
2020-12-31,mega,ema,0.99071669097479
2020-12-31,mega,persist,0.9948160095164339
2020-12-31,mega,ema,0.994617062813258
2020-12-31,mega,persist,0.9934343650732967
2020-12-31,mega,ema,0.9930070758107776
2020-12-31,mega,persist,0.00426210032600294
2020-12-31,mega,ema,0.00426210032600294
2020-12-31,mega,persist,0.9916779091775547
2020-12-31,mega,ema,0.9911668813742563
2020-12-31,mega,persist,0.9810062560412139
2020-12-31,mega,ema,0.979005982906847
2020-12-31,mega,persist,0.9810674379352249
2020-12-31,mega,ema,0.9740768676372747
2020-12-31,mega,persist,0.9555259551968542
2020-12-31,mega,ema,0.9652748500606703
2020-12-31,mega,persist,0.9949729233394488
2020-12-31,mega,ema,0.9646050841740214
2020-12-31,mega,persist,0.9994074502522773
2020-12-31,mega,ema,0.9775418797879615
2020-12-31,mega,persist,0.9732919333280666
2020-12-31,mega,ema,0.9682944388771103
2020-12-31,mega,persist,0.3716803772320002
2020-12-31,mega,ema,0.38572626645919367
2020-12-31,mega,persist,0.982574547084494
2020-12-31,mega,ema,0.9769413799408567
2020-12-31,mega,persist,0.9839472407595726
2020-12-31,mega,ema,0.9839472407595726
2020-12-31,mega,persist,0.9033312711571078
2020-12-31,mega,ema,0.9414122046044419
2020-12-31,mega,persist,0.5826822048656601
2020-12-31,mega,ema,0.5294874892446634
2020-12-31,mega,persist,0.9958005708438566
2020-12-31,mega,ema,0.995980256195869
2020-12-31,mega,persist,0.9998358069518423
2020-12-31,mega,ema,0.999738849586566
2020-12-31,mega,persist,0.9874866867926398
2020-12-31,mega,ema,0.997284937730171
2020-12-31,mega,persist,0.9960161986276197
2020-12-31,mega,ema,0.9968554063551516
2020-12-31,mega,persist,0.8458014009828839
2020-12-31,mega,ema,0.8693854943885352
2020-12-31,mega,persist,0.9840018377065586
2020-12-31,mega,ema,0.9934687752288102
2020-12-31,mega,persist,0.9939432405505868
2020-12-31,mega,ema,0.995216408604486
2020-12-31,mega,persist,0.676123267414308
2020-12-31,mega,ema,0.6783955491658342
2020-12-31,mega,persist,0.8493646971921477
2020-12-31,mega,ema,0.8809369793272438
2020-12-31,mega,persist,0.9571235876911243
2020-12-31,mega,ema,0.9137438528174661
2020-12-31,mega,persist,0.9549829531626053
2020-12-31,mega,ema,0.9473438426571718
2020-12-31,mega,persist,0.9885568423792065
2020-12-31,mega,ema,0.9900082349827551
2020-12-31,mega,persist,0.9948932543184804
2020-12-31,mega,ema,0.9818880399745352
2020-12-31,mega,persist,0.9967662822532813
2020-12-31,mega,ema,0.9967662822532813
2020-12-31,mega,persist,0.9984663744057449
2020-12-31,mega,ema,0.9982772342734202
2020-12-31,mega,persist,0.9862400998715981
2020-12-31,mega,ema,0.9602079612973324
2020-12-31,mega,persist,0.976466341600033
2020-12-31,mega,ema,0.9721168152006726
2020-12-31,mega,persist,0.7066865844779198
2020-12-31,mega,ema,0.7228182513677885
2020-12-31,mega,persist,0.9980460220461284
2020-12-31,mega,ema,0.9957119685452481
2020-12-31,mega,persist,0.9619812450103218
2020-12-31,mega,ema,0.9592066393193971
2020-12-31,mega,persist,0.9082630589491963
2020-12-31,mega,ema,0.9402001906298647
2020-12-31,mega,persist,0.6145476093298075
2020-12-31,mega,ema,0.7769166596740802
2020-12-31,mega,persist,0.981475636470094
2020-12-31,mega,ema,0.981475636470094
2020-12-31,mega,persist,0.9859031008405854
2020-12-31,mega,ema,0.985976634468784
2020-12-31,mega,persist,0.9882442204523973
2020-12-31,mega,ema,0.9842206226500599
2021-03-31,mega,persist,0.9951836513404156
2021-03-31,mega,ema,0.9991004045508499
2021-03-31,mega,persist,0.9974590162057867
2021-03-31,mega,ema,0.9970112263584172
2021-03-31,mega,persist,0.9769735109261991
2021-03-31,mega,ema,0.9885312268491327
2021-03-31,mega,persist,0.9355678530711269
2021-03-31,mega,ema,0.9760840695132268
2021-03-31,mega,persist,0.9939446759451133
2021-03-31,mega,ema,0.9908500419300654
2021-03-31,mega,persist,0.9995261007725676
2021-03-31,mega,ema,0.9904806774868871
2021-03-31,mega,persist,0.9783852669996116
2021-03-31,mega,ema,0.982395274566696
2021-03-31,mega,persist,0.9960079549590661
2021-03-31,mega,ema,0.9888032206347318
2021-03-31,mega,persist,1.0
2021-03-31,mega,ema,1.0
2021-03-31,mega,persist,0.9970680434236203
2021-03-31,mega,ema,0.9339579991803098
2021-03-31,mega,persist,0.9992039278622992
2021-03-31,mega,ema,0.9950727827436241
2021-03-31,mega,persist,0.9729981760686657
2021-03-31,mega,ema,0.9739969454164273
2021-03-31,mega,persist,0.9830735339625162
2021-03-31,mega,ema,0.9810339141812824
2021-03-31,mega,persist,0.995587317580374
2021-03-31,mega,ema,0.9931915659521328
2021-03-31,mega,persist,0.9925037127000291
2021-03-31,mega,ema,0.9890454903357491
2021-03-31,mega,persist,0.9996934762792277
2021-03-31,mega,ema,0.9997618667530925
2021-03-31,mega,persist,0.996649411556336
2021-03-31,mega,ema,0.9958508940343839
2021-03-31,mega,persist,0.9950323673692044
2021-03-31,mega,ema,0.9915267858488932
2021-03-31,mega,persist,0.9757587898362996
2021-03-31,mega,ema,0.9781194373554948
2021-03-31,mega,persist,0.9685985197979008
2021-03-31,mega,ema,0.9851301369978542
2021-03-31,mega,persist,0.9893416549226022
2021-03-31,mega,ema,0.9893416549226022
2021-03-31,mega,persist,0.9730667905188617
2021-03-31,mega,ema,0.9735415413230659
2021-03-31,mega,persist,0.8954574896114876
2021-03-31,mega,ema,0.867643006878332
2021-03-31,mega,persist,0.9829670084137715
2021-03-31,mega,ema,0.9955044539275958
2021-03-31,mega,persist,0.9931644790793125
2021-03-31,mega,ema,0.9931607538012237
2021-03-31,mega,persist,0.9820491648564477
2021-03-31,mega,ema,0.9598928130174377
2021-03-31,mega,persist,0.8742892682764399
2021-03-31,mega,ema,0.8458999033752475
2021-03-31,mega,persist,0.998827810887303
2021-03-31,mega,ema,0.9936558231098203
2021-03-31,mega,persist,0.9995542658293243
2021-03-31,mega,ema,0.9998796352534859
2021-03-31,mega,persist,0.8339228387706686
2021-03-31,mega,ema,0.788019015255207
2021-03-31,mega,persist,0.9909897713273497
2021-03-31,mega,ema,0.983985323054352
2021-03-31,mega,persist,0.9866997340006036
2021-03-31,mega,ema,0.9845946720778298
2021-03-31,mega,persist,0.9689617702917328
2021-03-31,mega,ema,0.9745740711926777
2021-03-31,mega,persist,0.9104965083020676
2021-03-31,mega,ema,0.8977660336829044
2021-03-31,mega,persist,0.9689423412320084
2021-03-31,mega,ema,0.9701477784727074
2021-03-31,mega,persist,0.9855902724791318
2021-03-31,mega,ema,0.9855757910364968
2021-03-31,mega,persist,0.9773705178028766
2021-03-31,mega,ema,0.9549056283884768
2021-03-31,mega,persist,0.9782851138954874
2021-03-31,mega,ema,0.9782851138954874
2021-03-31,mega,persist,0.9939718703292818
2021-03-31,mega,ema,0.9951407454979264
2021-03-31,mega,persist,0.9946845559469766
2021-03-31,mega,ema,0.9931993649587165
2021-03-31,mega,persist,0.9345234216369218
2021-03-31,mega,ema,0.8853299575985245
2021-03-31,mega,persist,0.9976443042801189
2021-03-31,mega,ema,0.9946012211068657
2021-03-31,mega,persist,0.8983307215486642
2021-03-31,mega,ema,0.9029282569758939
2021-03-31,mega,persist,0.9825590275753591
2021-03-31,mega,ema,0.9789280807370992
2021-03-31,mega,persist,0.9533795522268655
2021-03-31,mega,ema,0.9516603857731801
2021-03-31,mega,persist,0.9998003234656401
2021-03-31,mega,ema,0.9998003234656401
2021-03-31,mega,persist,0.6931468516045776
2021-03-31,mega,ema,0.8462384056726833
2021-03-31,mega,persist,0.9482763035316862
2021-03-31,mega,ema,0.9435524644068083
2021-03-31,mega,persist,0.5802543306511904
2021-03-31,mega,ema,0.5690923871966865
2021-03-31,mega,persist,0.5672320055688252
2021-03-31,mega,ema,0.5601701892016527
2021-03-31,mega,persist,0.6902328972954059
2021-03-31,mega,ema,0.6902328972954059
2021-03-31,mega,persist,0.9007283925063833
2021-03-31,mega,ema,0.9056048420627959
2021-03-31,mega,persist,0.5110443382505421
2021-03-31,mega,ema,0.5841339212645443
2021-03-31,mega,persist,0.9567076534882732
2021-03-31,mega,ema,0.9706601762930286
2021-03-31,mega,persist,0.9471263066593641
2021-03-31,mega,ema,0.9127679273857435
2021-03-31,mega,persist,0.9232363663921419
2021-03-31,mega,ema,0.938305722045374
2021-03-31,mega,persist,0.991958921657
2021-03-31,mega,ema,0.991958921657
2021-03-31,mega,persist,0.9985127589420527
2021-03-31,mega,ema,0.9985439326940801
2021-03-31,mega,persist,0.9989884016605306
2021-03-31,mega,ema,0.9989884016605306
2021-03-31,mega,persist,0.9770914037592853
2021-03-31,mega,ema,0.9794028170778538
2021-03-31,mega,persist,
2021-03-31,mega,ema,
2021-03-31,mega,persist,0.935475463286956
2021-03-31,mega,ema,0.9365773255619235
2021-03-31,mega,persist,0.9880727048234992
2021-03-31,mega,ema,0.9880727048234992
2021-03-31,mega,persist,0.9968844977338555
2021-03-31,mega,ema,0.9915057872814966
2021-03-31,mega,persist,0.9949621916164605
2021-03-31,mega,ema,0.9846656061479526
2021-03-31,mega,persist,0.997618059950555
2021-03-31,mega,ema,0.9992017154623916
2021-03-31,mega,persist,0.9443333885382907
2021-03-31,mega,ema,0.941649857963038
2021-03-31,mega,persist,0.5404638045282703
2021-03-31,mega,ema,0.5334391973098832
2021-03-31,mega,persist,0.9803187194357907
2021-03-31,mega,ema,0.9743482603640469
2021-03-31,mega,persist,0.9968428063939648
2021-03-31,mega,ema,0.998192228290308
2021-03-31,mega,persist,0.9055422547807542
2021-03-31,mega,ema,0.9534966922172177
2021-03-31,mega,persist,0.583501245356046
2021-03-31,mega,ema,0.5307889110186098
2021-03-31,mega,persist,0.9991695783724579
2021-03-31,mega,ema,0.9891177262028936
2021-03-31,mega,persist,0.9915982720868068
2021-03-31,mega,ema,0.9907647623185765
2021-03-31,mega,persist,0.9554816887492981
2021-03-31,mega,ema,0.9428666361458823
2021-03-31,mega,persist,0.9915458991124843
2021-03-31,mega,ema,0.9912417794088056
2021-03-31,mega,persist,0.8547134560069773
2021-03-31,mega,ema,0.8569368932027248
2021-03-31,mega,persist,0.9931891593061826
2021-03-31,mega,ema,0.9825441832553491
2021-03-31,mega,persist,0.9911854064666386
2021-03-31,mega,ema,0.9911517917413237
2021-03-31,mega,persist,0.7560092151088889
2021-03-31,mega,ema,0.7482546737235725
2021-03-31,mega,persist,0.7904576946463157
2021-03-31,mega,ema,0.7565554091244374
2021-03-31,mega,persist,0.9829101526872376
2021-03-31,mega,ema,0.9871357692838881
2021-03-31,mega,persist,0.999360930681085
2021-03-31,mega,ema,0.9921714754104299
2021-03-31,mega,persist,0.9974876446730738
2021-03-31,mega,ema,0.9985682903425542
2021-03-31,mega,persist,0.933734553377387
2021-03-31,mega,ema,0.9329886851824822
2021-03-31,mega,persist,0.9424025583277916
2021-03-31,mega,ema,0.939301281918444
2021-03-31,mega,persist,0.9925738443162669
2021-03-31,mega,ema,0.9925738443162669
2021-03-31,mega,persist,0.9900737780804931
2021-03-31,mega,ema,0.967827382976832
2021-03-31,mega,persist,0.9713458369885851
2021-03-31,mega,ema,0.9650937958046641
2021-03-31,mega,persist,0.9304070331445442
2021-03-31,mega,ema,0.9333676711739015
2021-03-31,mega,persist,0.9963607987725164
2021-03-31,mega,ema,0.9963607987725164
2021-03-31,mega,persist,0.9791818770290158
2021-03-31,mega,ema,0.9852893756182964
2021-03-31,mega,persist,0.9108759853764299
2021-03-31,mega,ema,0.8937969233650308
2021-03-31,mega,persist,0.5937021058194106
2021-03-31,mega,ema,0.5929098784719473
2021-03-31,mega,persist,0.9972370791079713
2021-03-31,mega,ema,0.9955317457363188
2021-03-31,mega,persist,0.9995200610540796
2021-03-31,mega,ema,0.999964624377604
2021-03-31,mega,persist,0.9848991595969746
2021-03-31,mega,ema,0.9790146950766432
2021-03-31,mega,persist,0.990415724561348
2021-03-31,mega,ema,0.990415724561348
2021-03-31,mega,persist,0.9997451373932925
2021-03-31,mega,ema,0.9902147658945322
2021-06-30,mega,persist,0.9995854651052651
2021-06-30,mega,ema,0.9996408508418111
2021-06-30,mega,persist,0.9479544422203989
2021-06-30,mega,ema,0.9607192618068296
2021-06-30,mega,persist,0.9974535270518239
2021-06-30,mega,ema,0.9974535270518239
2021-06-30,mega,persist,0.9657370526856115
2021-06-30,mega,ema,0.919886727552672
2021-06-30,mega,persist,0.9997557611820751
2021-06-30,mega,ema,0.9997557611820751
2021-06-30,mega,persist,0.9969223599740352
2021-06-30,mega,ema,0.9969223599740352
2021-06-30,mega,persist,0.9545087066289333
2021-06-30,mega,ema,0.9555089357091681
2021-06-30,mega,persist,0.999854539269326
2021-06-30,mega,ema,0.9995106103710408
2021-06-30,mega,persist,1.0
2021-06-30,mega,ema,1.0
2021-06-30,mega,persist,0.9973840085378871
2021-06-30,mega,ema,0.9982973356145273
2021-06-30,mega,persist,0.9979861845397683
2021-06-30,mega,ema,0.9946831981232857
2021-06-30,mega,persist,0.9861816239593766
2021-06-30,mega,ema,0.9867298787438944
2021-06-30,mega,persist,0.9949748016155215
2021-06-30,mega,ema,0.9916673684751975
2021-06-30,mega,persist,0.9768941145631433
2021-06-30,mega,ema,0.9759420532758197
2021-06-30,mega,persist,0.9763014945500803
2021-06-30,mega,ema,0.970802280250389
2021-06-30,mega,persist,0.9969915157547778
2021-06-30,mega,ema,0.9942532739298137
2021-06-30,mega,persist,0.9921908392648
2021-06-30,mega,ema,0.9830844189169718
2021-06-30,mega,persist,0.9792528730563481
2021-06-30,mega,ema,0.9807450995532077
2021-06-30,mega,persist,0.9950996157943583
2021-06-30,mega,ema,0.9951450009807165
2021-06-30,mega,persist,0.991393418320587
2021-06-30,mega,ema,0.9942869633530835
2021-06-30,mega,persist,0.9869386417874566
2021-06-30,mega,ema,0.9840281510080131
2021-06-30,mega,persist,0.9900101337372936
2021-06-30,mega,ema,0.9710632528317584
2021-06-30,mega,persist,0.9633994359664668
2021-06-30,mega,ema,0.9493684870906783
2021-06-30,mega,persist,0.9904490344595152
2021-06-30,mega,ema,0.9904490344595152
2021-06-30,mega,persist,0.9953715740827368
2021-06-30,mega,ema,0.9848983657732121
2021-06-30,mega,persist,0.9950213548890834
2021-06-30,mega,ema,0.9950213548890834
2021-06-30,mega,persist,0.9970587902370862
2021-06-30,mega,ema,0.9970587902370862
2021-06-30,mega,persist,0.9960026051132492
2021-06-30,mega,ema,0.9960026051132492
2021-06-30,mega,persist,0.8488793693452494
2021-06-30,mega,ema,0.8480195316755013
2021-06-30,mega,persist,0.9923673953014175
2021-06-30,mega,ema,0.9923673953014175
2021-06-30,mega,persist,0.996745925192861
2021-06-30,mega,ema,0.9969175022155142
2021-06-30,mega,persist,0.9978322011940195
2021-06-30,mega,ema,0.9901748000525175
2021-06-30,mega,persist,0.8957710212141291
2021-06-30,mega,ema,0.8596392471166174
2021-06-30,mega,persist,0.9995323134043557
2021-06-30,mega,ema,0.9980115035236288
2021-06-30,mega,persist,0.9916871986736328
2021-06-30,mega,ema,0.9916766998625786
2021-06-30,mega,persist,0.9307588383370398
2021-06-30,mega,ema,0.9413161905410571
2021-06-30,mega,persist,1.0
2021-06-30,mega,ema,1.0
2021-06-30,mega,persist,0.9974370020843993
2021-06-30,mega,ema,0.9971849474981713
2021-06-30,mega,persist,0.9992990138807216
2021-06-30,mega,ema,0.9994215710617961
2021-06-30,mega,persist,0.7852830331776625
2021-06-30,mega,ema,0.7722822439241853
2021-06-30,mega,persist,0.994751063523306
2021-06-30,mega,ema,0.994751063523306
2021-06-30,mega,persist,0.9079487108875507
2021-06-30,mega,ema,0.8630871815866719
2021-06-30,mega,persist,0.9976113567653732
2021-06-30,mega,ema,0.9720598586516849
2021-06-30,mega,persist,0.994110074944989
2021-06-30,mega,ema,0.994110074944989
2021-06-30,mega,persist,0.9998289122393107
2021-06-30,mega,ema,0.9998752685126813
2021-06-30,mega,persist,0.8440035525460451
2021-06-30,mega,ema,0.8332497805058573
2021-06-30,mega,persist,0.9862871704734651
2021-06-30,mega,ema,0.9783351304653788
2021-06-30,mega,persist,0.9005654789440717
2021-06-30,mega,ema,0.8276740204645133
2021-06-30,mega,persist,0.6499281637664782
2021-06-30,mega,ema,0.6594170895674224
2021-06-30,mega,persist,0.7920914686335049
2021-06-30,mega,ema,0.7647090725230224
2021-06-30,mega,persist,0.9876998087240489
2021-06-30,mega,ema,0.989228978257362
2021-06-30,mega,persist,0.5858811525190969
2021-06-30,mega,ema,0.703702396308213
2021-06-30,mega,persist,0.9798082009216048
2021-06-30,mega,ema,0.9748750790760485
2021-06-30,mega,persist,0.9639195585545164
2021-06-30,mega,ema,0.9529860688116923
2021-06-30,mega,persist,0.9991814471131852
2021-06-30,mega,ema,0.9989641857572575
2021-06-30,mega,persist,0.9947382372439751
2021-06-30,mega,ema,0.990346017070267
2021-06-30,mega,persist,0.997635341058008
2021-06-30,mega,ema,0.9743730182738377
2021-06-30,mega,persist,0.9986701181518077
2021-06-30,mega,ema,0.9890021337712118
2021-06-30,mega,persist,
2021-06-30,mega,ema,
2021-06-30,mega,persist,0.9256430840340001
2021-06-30,mega,ema,0.9591112579236378
2021-06-30,mega,persist,0.9853125094477454
2021-06-30,mega,ema,0.9905997637422355
2021-06-30,mega,persist,0.989078390023283
2021-06-30,mega,ema,0.9939963099110806
2021-06-30,mega,persist,0.9778816282108825
2021-06-30,mega,ema,0.9908518487357184
2021-06-30,mega,persist,0.9983692841519984
2021-06-30,mega,ema,0.9971669480017139
2021-06-30,mega,persist,0.9976687116386408
2021-06-30,mega,ema,0.9947384367571491
2021-06-30,mega,persist,0.6597820999017677
2021-06-30,mega,ema,0.569971451460917
2021-06-30,mega,persist,0.9824226984852676
2021-06-30,mega,ema,0.9745601342185133
2021-06-30,mega,persist,0.9958690542685474
2021-06-30,mega,ema,0.9959898551018891
2021-06-30,mega,persist,0.9235742329450682
2021-06-30,mega,ema,0.939693371576767
2021-06-30,mega,persist,0.6703505011795535
2021-06-30,mega,ema,0.6087384215734873
2021-06-30,mega,persist,0.9860119351474653
2021-06-30,mega,ema,0.9860119351474653
2021-06-30,mega,persist,0.9930101987714469
2021-06-30,mega,ema,0.9860103043234306
2021-06-30,mega,persist,0.9840297771873701
2021-06-30,mega,ema,0.9845800810017815
2021-06-30,mega,persist,0.9993176180228905
2021-06-30,mega,ema,0.9993245159739758
2021-06-30,mega,persist,0.9467401380364925
2021-06-30,mega,ema,0.9064484965951543
2021-06-30,mega,persist,0.9937534584026536
2021-06-30,mega,ema,0.9938927896829606
2021-06-30,mega,persist,0.9915815566057155
2021-06-30,mega,ema,0.9912232517855067
2021-06-30,mega,persist,0.8447535690133603
2021-06-30,mega,ema,0.8465372181382002
2021-06-30,mega,persist,0.7153886025218241
2021-06-30,mega,ema,0.6668767232404349
2021-06-30,mega,persist,0.9773043442012224
2021-06-30,mega,ema,0.9750932154662386
2021-06-30,mega,persist,1.0
2021-06-30,mega,ema,1.0
2021-06-30,mega,persist,0.9938847185529616
2021-06-30,mega,ema,0.9927415413211576
2021-06-30,mega,persist,0.9346987952239613
2021-06-30,mega,ema,0.9283004240957307
2021-06-30,mega,persist,0.9882631033785756
2021-06-30,mega,ema,0.9858443679792562
2021-06-30,mega,persist,0.995959440174918
2021-06-30,mega,ema,0.9964557497372021
2021-06-30,mega,persist,0.9915262561625836
2021-06-30,mega,ema,0.9841575963212956
2021-06-30,mega,persist,0.9678416612464037
2021-06-30,mega,ema,0.9678416612464037
2021-06-30,mega,persist,0.96150102797751
2021-06-30,mega,ema,0.956856971117228
2021-06-30,mega,persist,0.9917560357583516
2021-06-30,mega,ema,0.9917560357583516
2021-06-30,mega,persist,0.9933233599979799
2021-06-30,mega,ema,0.9944345881899423
2021-06-30,mega,persist,0.8657036969071453
2021-06-30,mega,ema,0.8682802925137656
2021-06-30,mega,persist,0.7028071591178628
2021-06-30,mega,ema,0.6856778346125293
2021-06-30,mega,persist,0.9965417488697598
2021-06-30,mega,persist,0.9939466511114909
2021-06-30,mega,ema,0.9913454187549774
2021-06-30,mega,persist,0.9914102284629844
2021-06-30,mega,ema,0.9914102284629844
2021-06-30,mega,persist,0.9995756315134285
2021-06-30,mega,ema,0.9806340467393894
2021-06-30,mega,persist,0.9991672360594854
2021-06-30,mega,ema,0.9994688495306538
2021-06-30,mega,persist,1.0
2021-06-30,mega,ema,1.0
2021-06-30,mega,persist,0.7709159091611044
2021-06-30,mega,ema,0.810157399758354
2021-09-30,mega,persist,0.9999808524320815
2021-09-30,mega,ema,0.9999808524320815
2021-09-30,mega,persist,0.9986532687482397
2021-09-30,mega,ema,0.9981478857583338
2021-09-30,mega,persist,0.9991697460964878
2021-09-30,mega,ema,0.9998585351076432
2021-09-30,mega,persist,0.9774676467492805
2021-09-30,mega,ema,0.9688643220034557
2021-09-30,mega,persist,0.9999161327111342
2021-09-30,mega,ema,0.9999161327111342
2021-09-30,mega,persist,0.9996240214144334
2021-09-30,mega,ema,0.9995610220218702
2021-09-30,mega,persist,0.9702106425342493
2021-09-30,mega,ema,0.9704108310800272
2021-09-30,mega,persist,0.9972651763154887
2021-09-30,mega,ema,0.9970299423426264
2021-09-30,mega,persist,1.0
2021-09-30,mega,ema,1.0
2021-09-30,mega,persist,0.9985758201609852
2021-09-30,mega,ema,0.9986417776417013
2021-09-30,mega,persist,0.9995209896468831
2021-09-30,mega,ema,0.9995209896468831
2021-09-30,mega,persist,0.8114577888893514
2021-09-30,mega,ema,0.8135255840502208
2021-09-30,mega,persist,0.9836914197987918
2021-09-30,mega,ema,0.9776166842815465
2021-09-30,mega,persist,0.9994459100979396
2021-09-30,mega,ema,0.9995256834373696
2021-09-30,mega,persist,0.9866353546536584
2021-09-30,mega,ema,0.9861735373551351
2021-09-30,mega,persist,0.9996537656420456
2021-09-30,mega,ema,0.9997254824397384
2021-09-30,mega,persist,0.9996880973897916
2021-09-30,mega,ema,0.9993828926082238
2021-09-30,mega,persist,0.9848463901809319
2021-09-30,mega,ema,0.9681062710121262
2021-09-30,mega,persist,0.997225068122388
2021-09-30,mega,ema,0.9970644992433026
2021-09-30,mega,persist,0.9993207712139087
2021-09-30,mega,ema,0.9850168245675655
2021-09-30,mega,persist,0.9995402815370295
2021-09-30,mega,ema,0.9995402815370295
2021-09-30,mega,persist,0.9925459409402999
2021-09-30,mega,ema,0.9854427508968066
2021-09-30,mega,persist,0.9630124413745509
2021-09-30,mega,ema,0.9925751740343658
2021-09-30,mega,persist,0.965609188575909
2021-09-30,mega,ema,0.965609188575909
2021-09-30,mega,persist,0.9986506544937137
2021-09-30,mega,ema,0.9977429199425583
2021-09-30,mega,persist,0.9949074821709595
2021-09-30,mega,ema,0.9949398341786825
2021-09-30,mega,persist,0.9999828645729891
2021-09-30,mega,ema,0.9999532629460353
2021-09-30,mega,persist,0.9997194972575463
2021-09-30,mega,ema,0.9996834208117916
2021-09-30,mega,persist,0.8835103218494423
2021-09-30,mega,ema,0.8896588116284667
2021-09-30,mega,persist,0.9843090283628514
2021-09-30,mega,ema,0.967312538372511
2021-09-30,mega,persist,0.9966190200053355
2021-09-30,mega,ema,0.9962201785586815
2021-09-30,mega,persist,0.9918656290054204
2021-09-30,mega,ema,0.9768806925830845
2021-09-30,mega,persist,0.9574624965970404
2021-09-30,mega,ema,0.9591933406420304
2021-09-30,mega,persist,0.9999173680213896
2021-09-30,mega,ema,0.9999173680213896
2021-09-30,mega,persist,0.9767642872639919
2021-09-30,mega,ema,0.9728004708092316
2021-09-30,mega,persist,0.9985136099947958
2021-09-30,mega,ema,0.9902960660828839
2021-09-30,mega,persist,0.9962150820163752
2021-09-30,mega,ema,0.9962150820163752
2021-09-30,mega,persist,0.9996287174049984
2021-09-30,mega,ema,0.995580687143383
2021-09-30,mega,persist,0.9974439506789972
2021-09-30,mega,ema,0.9971099493712771
2021-09-30,mega,persist,0.5249773480781189
2021-09-30,mega,ema,0.5475857020325133
2021-09-30,mega,persist,0.999279163931277
2021-09-30,mega,ema,0.9995590860469746
2021-09-30,mega,persist,0.9061433878189159
2021-09-30,mega,ema,0.8672248098214707
2021-09-30,mega,persist,0.996245353506975
2021-09-30,mega,ema,0.9968691635422411
2021-09-30,mega,persist,0.9903984756386315
2021-09-30,mega,ema,0.9919128912422389
2021-09-30,mega,persist,0.9855679691322465
2021-09-30,mega,ema,0.9855679691322465
2021-09-30,mega,persist,0.8099897885309972
2021-09-30,mega,ema,0.8054073784541449
2021-09-30,mega,persist,0.9754903713677207
2021-09-30,mega,ema,0.9423733114990289
2021-09-30,mega,persist,0.5643992590266577
2021-09-30,mega,ema,0.5886698792646151
2021-09-30,mega,persist,0.5230738141177061
2021-09-30,mega,ema,0.44600045119852927
2021-09-30,mega,persist,0.7303537494803372
2021-09-30,mega,ema,0.7014221165261064
2021-09-30,mega,persist,0.9499870243723753
2021-09-30,mega,ema,0.9447614945684352
2021-09-30,mega,persist,0.14251729904639496
2021-09-30,mega,ema,0.39470356868913037
2021-09-30,mega,persist,0.8162133468806314
2021-09-30,mega,ema,0.8170707232111821
2021-09-30,mega,persist,0.9808130780469086
2021-09-30,mega,ema,0.9788185672464706
2021-09-30,mega,persist,0.9885012968485121
2021-09-30,mega,ema,0.986765813212862
2021-09-30,mega,persist,0.9991372604453431
2021-09-30,mega,ema,0.9995134396521603
2021-09-30,mega,persist,0.9996397477834884
2021-09-30,mega,ema,0.9979681454007183
2021-09-30,mega,persist,0.9944686758862301
2021-09-30,mega,ema,0.994122605286021
2021-09-30,mega,persist,
2021-09-30,mega,ema,
2021-09-30,mega,persist,0.9934378864047128
2021-09-30,mega,ema,0.9835617994324567
2021-09-30,mega,persist,0.9986862083098643
2021-09-30,mega,ema,0.9910439165929267
2021-09-30,mega,persist,0.9987091146893274
2021-09-30,mega,ema,0.9978882468072782
2021-09-30,mega,persist,0.9999143738422726
2021-09-30,mega,ema,0.9995075243544678
2021-09-30,mega,persist,0.9982122310726961
2021-09-30,mega,ema,0.9961601981551939
2021-09-30,mega,persist,0.8830777147762574
2021-09-30,mega,ema,0.8830777147762574
2021-09-30,mega,persist,0.47813278005070875
2021-09-30,mega,ema,0.47690688355048066
2021-09-30,mega,persist,0.9799202902736307
2021-09-30,mega,ema,0.9810166975605519
2021-09-30,mega,persist,0.9851812878072178
2021-09-30,mega,ema,0.9849936885692726
2021-09-30,mega,persist,0.957690630526874
2021-09-30,mega,ema,0.9683095619351142
2021-09-30,mega,persist,0.5953817245225316
2021-09-30,mega,ema,0.5344884752155739
2021-09-30,mega,persist,0.9999712985922394
2021-09-30,mega,ema,0.9998356054252432
2021-09-30,mega,persist,0.9981022093708728
2021-09-30,mega,ema,0.998294531784326
2021-09-30,mega,persist,0.9682573604869158
2021-09-30,mega,ema,0.9741288119909369
2021-09-30,mega,persist,0.9987509006968407
2021-09-30,mega,ema,0.9984092581532678
2021-09-30,mega,persist,0.9327331636897648
2021-09-30,mega,ema,0.94724001085544
2021-09-30,mega,persist,0.9875890430249215
2021-09-30,mega,ema,0.9874184444044966
2021-09-30,mega,persist,0.9975130095218138
2021-09-30,mega,ema,0.9975130095218138
2021-09-30,mega,persist,0.9739335849943128
2021-09-30,mega,ema,0.9769185503400093
2021-09-30,mega,persist,0.6321052743425616
2021-09-30,mega,ema,0.7259918408896023
2021-09-30,mega,persist,0.9722204250480305
2021-09-30,mega,ema,0.9728127941739599
2021-09-30,mega,persist,0.9534627829984229
2021-09-30,mega,ema,0.9534627829984229
2021-09-30,mega,persist,0.9998632586904699
2021-09-30,mega,ema,0.9931106939241499
2021-09-30,mega,persist,0.8638299215272766
2021-09-30,mega,ema,0.8375801574188156
2021-09-30,mega,persist,0.9953793426264602
2021-09-30,mega,ema,0.9932610143352137
2021-09-30,mega,persist,0.9995899811042228
2021-09-30,mega,ema,0.9995899811042228
2021-09-30,mega,persist,0.9744778949373397
2021-09-30,mega,ema,0.9744778949373397
2021-09-30,mega,persist,0.9922285138015071
2021-09-30,mega,ema,0.9922285138015071
2021-09-30,mega,persist,0.9574967213213897
2021-09-30,mega,ema,0.9349488620803251
2021-09-30,mega,persist,0.9995358336608946
2021-09-30,mega,ema,0.998020776489159
2021-09-30,mega,persist,0.9932578675929921
2021-09-30,mega,ema,0.9765385080631755
2021-09-30,mega,persist,0.8717600838087387
2021-09-30,mega,ema,0.8950134233696728
2021-09-30,mega,persist,0.42869970120090795
2021-09-30,mega,ema,0.4106812226415844
2021-09-30,mega,persist,0.9875816336118318
2021-09-30,mega,ema,0.9955797264817402
2021-09-30,mega,persist,0.9901744982321306
2021-09-30,mega,ema,0.9898737063720844
2021-09-30,mega,persist,0.9998556962028331
2021-09-30,mega,ema,0.9998556962028331
2021-09-30,mega,persist,0.9134936570306955
2021-09-30,mega,ema,0.9134936570306955
2021-09-30,mega,persist,0.9996730224067936
2021-09-30,mega,ema,0.9960408285488397
2021-09-30,mega,persist,1.0
2021-09-30,mega,ema,1.0
2021-09-30,mega,persist,0.6361684566965783
2021-09-30,mega,ema,0.6596318615835487
2021-12-31,mega,persist,0.9991382255283834
2021-12-31,mega,ema,0.9989340186224619
2021-12-31,mega,persist,0.9930590657283667
2021-12-31,mega,ema,0.9930590657283667
2021-12-31,mega,persist,0.9857477243159858
2021-12-31,mega,ema,0.9897781746825284
2021-12-31,mega,persist,0.9741347810689153
2021-12-31,mega,ema,0.9741347810689153
2021-12-31,mega,persist,0.9995542769467102
2021-12-31,mega,ema,0.9991046338247289
2021-12-31,mega,persist,0.9991622354889135
2021-12-31,mega,ema,0.9987932836693033
2021-12-31,mega,persist,0.9761294250126934
2021-12-31,mega,ema,0.9501113906816856
2021-12-31,mega,persist,0.996728472803696
2021-12-31,mega,ema,0.996728472803696
2021-12-31,mega,persist,1.0
2021-12-31,mega,ema,1.0
2021-12-31,mega,persist,0.9952163562128866
2021-12-31,mega,ema,0.9952163562128866
2021-12-31,mega,persist,0.9979432949306254
2021-12-31,mega,ema,0.991874062797783
2021-12-31,mega,persist,0.99119208408239
2021-12-31,mega,ema,0.9929443106205017
2021-12-31,mega,persist,0.9960215041975465
2021-12-31,mega,ema,0.9971859563887167
2021-12-31,mega,persist,0.9983692658932293
2021-12-31,mega,ema,0.9983692658932293
2021-12-31,mega,persist,0.9307616067336356
2021-12-31,mega,ema,0.9310578119661562
2021-12-31,mega,persist,0.9910093225165209
2021-12-31,mega,ema,0.9904187194546983
2021-12-31,mega,persist,0.9840478992543421
2021-12-31,mega,ema,0.9862716591941536
2021-12-31,mega,persist,0.9921135335773696
2021-12-31,mega,ema,0.9709264469486191
2021-12-31,mega,persist,0.9944938552926388
2021-12-31,mega,ema,0.9944938552926388
2021-12-31,mega,persist,0.977008833191333
2021-12-31,mega,ema,0.9769120923646246
2021-12-31,mega,persist,0.9915109587475988
2021-12-31,mega,ema,0.996013532574905
2021-12-31,mega,persist,0.9925393704710397
2021-12-31,mega,ema,0.9925393704710397
2021-12-31,mega,persist,0.9568215518982733
2021-12-31,mega,ema,0.9783051060652901
2021-12-31,mega,persist,0.9134599848856884
2021-12-31,mega,ema,0.9130139679763026
2021-12-31,mega,persist,0.9202625564821795
2021-12-31,mega,ema,0.9195308403890425
2021-12-31,mega,persist,0.9992362750180747
2021-12-31,mega,ema,0.9988739350831379
2021-12-31,mega,persist,0.9994992919667467
2021-12-31,mega,ema,0.9994992919667467
2021-12-31,mega,persist,0.9171995465967187
2021-12-31,mega,ema,0.9160359825488439
2021-12-31,mega,persist,0.9940532813893386
2021-12-31,mega,ema,0.9945048519826932
2021-12-31,mega,persist,0.9969553559576192
2021-12-31,mega,ema,0.9969553559576192
2021-12-31,mega,persist,0.9725291256365218
2021-12-31,mega,ema,0.986416561561623
2021-12-31,mega,persist,0.9236856223300838
2021-12-31,mega,ema,0.9178836965960884
2021-12-31,mega,persist,0.9996701354064752
2021-12-31,mega,ema,0.9990236759256048
2021-12-31,mega,persist,0.9988323831624348
2021-12-31,mega,ema,0.9944754832083335
2021-12-31,mega,persist,0.9533217511005146
2021-12-31,mega,ema,0.9540582484229054
2021-12-31,mega,persist,0.999486864082987
2021-12-31,mega,persist,0.9998700112731845
2021-12-31,mega,ema,0.9996871130854732
2021-12-31,mega,persist,0.997275862054469
2021-12-31,mega,ema,0.9977339173852438
2021-12-31,mega,persist,0.9937976166878861
2021-12-31,mega,ema,0.9936841071068814
2021-12-31,mega,persist,0.9550316814315466
2021-12-31,mega,ema,0.8933154326164122
2021-12-31,mega,persist,0.9997273495398578
2021-12-31,mega,ema,0.9991926492880527
2021-12-31,mega,persist,0.5384630529331522
2021-12-31,mega,ema,0.5263013897742747
2021-12-31,mega,persist,0.9902585363589637
2021-12-31,mega,ema,0.9898497656460264
2021-12-31,mega,persist,0.9992603514140137
2021-12-31,mega,ema,0.9995814120672094
2021-12-31,mega,persist,0.9968903161041283
2021-12-31,mega,ema,0.9972427255139008
2021-12-31,mega,persist,0.6229017454200673
2021-12-31,mega,ema,0.6355672050649381
2021-12-31,mega,persist,0.9052608129402675
2021-12-31,mega,ema,0.8949610702483727
2021-12-31,mega,persist,0.7793793707873512
2021-12-31,mega,ema,0.7996402977234529
2021-12-31,mega,persist,0.8574514479171008
2021-12-31,mega,ema,0.8691480905079672
2021-12-31,mega,persist,0.691114445103501
2021-12-31,mega,ema,0.7305248566356072
2021-12-31,mega,persist,0.8929545348997807
2021-12-31,mega,ema,0.8499949847798872
2021-12-31,mega,persist,0.4982419744673398
2021-12-31,mega,ema,0.6834355210846793
2021-12-31,mega,persist,0.9250364675967573
2021-12-31,mega,ema,0.9524936925134679
2021-12-31,mega,persist,0.9597332378221808
2021-12-31,mega,ema,0.9687546079205458
2021-12-31,mega,persist,0.9652741231558594
2021-12-31,mega,ema,0.9652741231558594
2021-12-31,mega,persist,0.991823278892753
2021-12-31,mega,ema,0.9931748076310242
2021-12-31,mega,persist,0.9955338337841706
2021-12-31,mega,ema,0.9952183083681665
2021-12-31,mega,persist,0.9984756219713887
2021-12-31,mega,ema,0.9969346303651879
2021-12-31,mega,persist,0.002541949853058741
2021-12-31,mega,ema,0.002541949853058741
2021-12-31,mega,persist,0.9696425972325372
2021-12-31,mega,ema,0.9696388149576289
2021-12-31,mega,persist,0.9888835083685803
2021-12-31,mega,ema,0.9832952485826492
2021-12-31,mega,persist,0.9608695114615127
2021-12-31,mega,ema,0.9593372710765639
2021-12-31,mega,persist,0.9993764059799188
2021-12-31,mega,ema,0.9993764059799188
2021-12-31,mega,persist,0.9994770975566943
2021-12-31,mega,ema,0.9996777709601022
2021-12-31,mega,persist,0.9999873796166288
2021-12-31,mega,ema,0.9995875643755512
2021-12-31,mega,persist,0.5499907494330168
2021-12-31,mega,ema,0.5710057205469806
2021-12-31,mega,persist,0.9816652355730173
2021-12-31,mega,ema,0.9816652355730173
2021-12-31,mega,persist,0.9957528726916403
2021-12-31,mega,ema,0.9932259147905369
2021-12-31,mega,persist,0.9339901950349347
2021-12-31,mega,ema,0.9470695702136759
2021-12-31,mega,persist,0.6138792279990007
2021-12-31,mega,ema,0.6236043424577536
2021-12-31,mega,persist,0.9710012502357898
2021-12-31,mega,ema,0.9710012502357898
2021-12-31,mega,persist,0.9720863162460792
2021-12-31,mega,ema,0.9712995372065955
2021-12-31,mega,persist,0.9848088929519111
2021-12-31,mega,ema,0.9733702904590884
2021-12-31,mega,persist,0.996607189019336
2021-12-31,mega,ema,0.9893664184096846
2021-12-31,mega,persist,0.9713789359868067
2021-12-31,mega,ema,0.9706076432074493
2021-12-31,mega,persist,0.9958657441085512
2021-12-31,mega,ema,0.9972568195998812
2021-12-31,mega,persist,0.992194933525475
2021-12-31,mega,ema,0.9919602145118109
2021-12-31,mega,persist,0.9611325715816266
2021-12-31,mega,ema,0.9580676117731008
2021-12-31,mega,persist,0.9138498187115411
2021-12-31,mega,ema,0.8615702892011311
2021-12-31,mega,persist,0.9686277401549344
2021-12-31,mega,ema,0.9652056606198689
2021-12-31,mega,persist,0.9904844296984002
2021-12-31,mega,ema,0.9983780189495807
2021-12-31,mega,persist,0.996926933449348
2021-12-31,mega,ema,0.9962379152909114
2021-12-31,mega,persist,0.9913937042575705
2021-12-31,mega,ema,0.7899251119816901
2021-12-31,mega,persist,0.9744998274190265
2021-12-31,mega,ema,0.9743024830699961
2021-12-31,mega,persist,0.9927331430888023
2021-12-31,mega,ema,0.9907506359480438
2021-12-31,mega,persist,0.9746888139263858
2021-12-31,mega,ema,0.9894553633997212
2021-12-31,mega,persist,0.9777800956530984
2021-12-31,mega,ema,0.966790184743741
2021-12-31,mega,persist,0.9818823122562705
2021-12-31,mega,ema,0.9856603516212554
2021-12-31,mega,persist,0.9995845467820772
2021-12-31,mega,ema,0.9996202589904074
2021-12-31,mega,persist,0.9777861806817885
2021-12-31,mega,ema,0.9853529897154779
2021-12-31,mega,persist,0.8376911159041804
2021-12-31,mega,ema,0.8333791793486655
2021-12-31,mega,persist,0.352938304259551
2021-12-31,mega,ema,0.3717116404711769
2021-12-31,mega,persist,0.9697521624054305
2021-12-31,mega,ema,0.9733811375186039
2021-12-31,mega,persist,0.9903185434278694
2021-12-31,mega,ema,0.9734672422944274
2021-12-31,mega,persist,0.9942928040208673
2021-12-31,mega,ema,0.9942928040208673
2021-12-31,mega,persist,0.990585846598623
2021-12-31,mega,ema,0.9821197878968451
2021-12-31,mega,persist,0.9941644438865138
2021-12-31,mega,ema,0.9941644438865138
2021-12-31,mega,persist,0.9882729855672494
2021-12-31,mega,ema,0.9882729855672494
2021-12-31,mega,persist,0.8000242678786037
2021-12-31,mega,ema,0.8316211221310125
2022-03-31,mega,persist,0.9923062332723109
2022-03-31,mega,ema,0.9923876617497756
2022-03-31,mega,persist,0.9636712937326224
2022-03-31,mega,ema,0.9672892258324309
2022-03-31,mega,persist,0.9962231508417867
2022-03-31,mega,ema,0.9962682698328795
2022-03-31,mega,persist,0.9765327311617095
2022-03-31,mega,ema,0.9783885663519998
2022-03-31,mega,persist,0.9993121478683529
2022-03-31,mega,ema,0.9993121478683529
2022-03-31,mega,persist,0.9959744140655847
2022-03-31,mega,ema,0.9929672631780104
2022-03-31,mega,persist,0.8488846785844322
2022-03-31,mega,ema,0.8353896921237559
2022-03-31,mega,persist,0.9983725828530046
2022-03-31,mega,ema,0.9943118719873616
2022-03-31,mega,persist,1.0
2022-03-31,mega,ema,1.0
2022-03-31,mega,persist,0.9955415039433249
2022-03-31,mega,ema,0.9958418755876538
2022-03-31,mega,persist,0.9799475864359677
2022-03-31,mega,ema,0.9807325946192216
2022-03-31,mega,persist,0.9832844574020281
2022-03-31,mega,ema,0.9823521137262361
2022-03-31,mega,persist,0.9923061194217867
2022-03-31,mega,ema,0.9908513811914739
2022-03-31,mega,persist,0.9964069567288006
2022-03-31,mega,ema,0.9952332638863552
2022-03-31,mega,persist,0.9869302677401668
2022-03-31,mega,ema,0.9703265178764855
2022-03-31,mega,persist,0.9986875404824033
2022-03-31,mega,ema,0.9874483668055662
2022-03-31,mega,persist,0.9807397321716134
2022-03-31,mega,ema,0.9902843367663201
2022-03-31,mega,persist,0.9944147556741484
2022-03-31,mega,ema,0.9940965472776452
2022-03-31,mega,persist,0.973948315418082
2022-03-31,mega,ema,0.9627268070672054
2022-03-31,mega,persist,0.9047192460154742
2022-03-31,mega,ema,0.9045378079007573
2022-03-31,mega,persist,0.9830358548353866
2022-03-31,mega,ema,0.9830358548353866
2022-03-31,mega,persist,0.9108008533211019
2022-03-31,mega,ema,0.9083503302746507
2022-03-31,mega,persist,0.9833387573755996
2022-03-31,mega,ema,0.9833387573755996
2022-03-31,mega,persist,0.9828531704451213
2022-03-31,mega,ema,0.9719432965335513
2022-03-31,mega,persist,0.8428812851941753
2022-03-31,mega,persist,0.7575262376361077
2022-03-31,mega,ema,0.7505704012552226
2022-03-31,mega,persist,0.9960234209306041
2022-03-31,mega,ema,0.9930095292472338
2022-03-31,mega,persist,0.992560557478259
2022-03-31,mega,ema,0.9922314219413926
2022-03-31,mega,persist,0.8699253321825093
2022-03-31,mega,ema,0.9188165968905811
2022-03-31,mega,persist,0.9188452691715763
2022-03-31,mega,ema,0.8778553169772905
2022-03-31,mega,persist,0.991424699310308
2022-03-31,mega,ema,0.9909519828893211
2022-03-31,mega,persist,0.9725371978618449
2022-03-31,mega,ema,0.977808779834937
2022-03-31,mega,persist,0.9287423551688159
2022-03-31,mega,ema,0.9044216034422792
2022-03-31,mega,persist,0.9794292709156482
2022-03-31,mega,ema,0.9787774425275958
2022-03-31,mega,persist,0.9838942555868352
2022-03-31,mega,ema,0.9810813429880062
2022-03-31,mega,persist,0.7575532108476873
2022-03-31,mega,ema,0.9266953135771092
2022-03-31,mega,persist,0.9806058775705125
2022-03-31,mega,ema,0.9520338612099334
2022-03-31,mega,persist,0.9949573463260194
2022-03-31,mega,ema,0.9943835343428007
2022-03-31,mega,persist,0.9948234688171329
2022-03-31,mega,ema,0.9922680876725366
2022-03-31,mega,persist,0.9979277391234345
2022-03-31,mega,ema,0.9979277391234345
2022-03-31,mega,persist,0.7547210431267032
2022-03-31,mega,ema,0.7504864198172905
2022-03-31,mega,persist,0.9975249517082944
2022-03-31,mega,ema,0.99457242060668
2022-03-31,mega,persist,0.9466072004725915
2022-03-31,mega,ema,0.9164692531517908
2022-03-31,mega,persist,0.972178537316322
2022-03-31,mega,ema,0.9716952325901138
2022-03-31,mega,persist,0.9931854776570521
2022-03-31,mega,ema,0.9932466276666769
2022-03-31,mega,persist,0.9902321488841098
2022-03-31,mega,ema,0.9895499787031138
2022-03-31,mega,persist,0.7785289931100638
2022-03-31,mega,ema,0.785750524258736
2022-03-31,mega,persist,0.9842242373880318
2022-03-31,mega,ema,0.9789112227520533
2022-03-31,mega,persist,0.6795582482221092
2022-03-31,mega,ema,0.6546326043194082
2022-03-31,mega,persist,0.6771769517818989
2022-03-31,mega,ema,0.6593543030572295
2022-03-31,mega,persist,0.5286998721085169
2022-03-31,mega,ema,0.5279317006156881
2022-03-31,mega,persist,0.8999420489581477
2022-03-31,mega,ema,0.9143138794553972
2022-03-31,mega,persist,0.6826677321150717
2022-03-31,mega,ema,0.5446974965496113
2022-03-31,mega,persist,0.9412876200239538
2022-03-31,mega,ema,0.9860023726663999
2022-03-31,mega,persist,0.9823463370947472
2022-03-31,mega,ema,0.9796099629677152
2022-03-31,mega,persist,0.9706358692025415
2022-03-31,mega,ema,0.9635602220551645
2022-03-31,mega,persist,0.9959229207729926
2022-03-31,mega,ema,0.9959229207729926
2022-03-31,mega,persist,0.9827349720449838
2022-03-31,mega,ema,0.9801370313710396
2022-03-31,mega,persist,0.9899016478809897
2022-03-31,mega,ema,0.9920477802210882
2022-03-31,mega,persist,
2022-03-31,mega,ema,
2022-03-31,mega,persist,0.9964025949748931
2022-03-31,mega,ema,0.9848341134117181
2022-03-31,mega,persist,0.9993334567280845
2022-03-31,mega,ema,0.9993962464426122
2022-03-31,mega,persist,0.9863753297421158
2022-03-31,mega,ema,0.9769864101126157
2022-03-31,mega,persist,0.9977052181400289
2022-03-31,mega,ema,0.9979471801670228
2022-03-31,mega,persist,0.9943525323816665
2022-03-31,mega,ema,0.9988034696746524
2022-03-31,mega,persist,0.9853707675538613
2022-03-31,mega,ema,0.9856375889723216
2022-03-31,mega,persist,0.5951642810571799
2022-03-31,mega,ema,0.6313974573076103
2022-03-31,mega,persist,0.9856926414004596
2022-03-31,mega,ema,0.9831778061155836
2022-03-31,mega,persist,0.9657220620320516
2022-03-31,mega,ema,0.9650650725724929
2022-03-31,mega,persist,0.9615363788193967
2022-03-31,mega,ema,0.9721116524495285
2022-03-31,mega,persist,0.5833661989594016
2022-03-31,mega,ema,0.5632433564679835
2022-03-31,mega,persist,0.9859172898822047
2022-03-31,mega,ema,0.9856807712326231
2022-03-31,mega,persist,0.9912432564610084
2022-03-31,mega,ema,0.9854425604775032
2022-03-31,mega,persist,0.9771982816499614
2022-03-31,mega,ema,0.981232395402375
2022-03-31,mega,persist,0.993779538094218
2022-03-31,mega,ema,0.9929461827487451
2022-03-31,mega,persist,0.986104098262348
2022-03-31,mega,ema,0.9873857441471298
2022-03-31,mega,persist,0.999108362691763
2022-03-31,mega,ema,0.9989044558569422
2022-03-31,mega,persist,0.9965928821789816
2022-03-31,mega,ema,0.9958329085987396
2022-03-31,mega,persist,0.9408264623344971
2022-03-31,mega,ema,0.9417221703719056
2022-03-31,mega,persist,0.7838575163083213
2022-03-31,mega,ema,0.7842585388400422
2022-03-31,mega,persist,0.953239837844411
2022-03-31,mega,ema,0.9285261554824338
2022-03-31,mega,persist,0.9982260443558294
2022-03-31,mega,ema,0.9974606722233442
2022-03-31,mega,persist,0.9967506307134932
2022-03-31,mega,ema,0.9967944964054867
2022-03-31,mega,persist,0.9898564562979989
2022-03-31,mega,ema,0.989446263027617
2022-03-31,mega,persist,0.9620891157734317
2022-03-31,mega,ema,0.9620100060072638
2022-03-31,mega,persist,0.996348863860313
2022-03-31,mega,ema,0.9965927604724316
2022-03-31,mega,persist,0.9834733394677252
2022-03-31,mega,ema,0.9732982594880569
2022-03-31,mega,persist,0.9791999733274999
2022-03-31,mega,ema,0.9791999733274999
2022-03-31,mega,persist,0.9593645684979716
2022-03-31,mega,ema,0.9584969671257233
2022-03-31,mega,persist,0.9830911015123176
2022-03-31,mega,ema,0.9825776390307088
2022-03-31,mega,persist,0.992955536681018
2022-03-31,mega,ema,0.992955536681018
2022-03-31,mega,persist,0.8690801760563833
2022-03-31,mega,ema,0.8925238827698905
2022-03-31,mega,persist,0.438939875622437
2022-03-31,mega,ema,0.38430287624360143
2022-03-31,mega,persist,0.9974245155068906
2022-03-31,mega,ema,0.9972601884435796
2022-03-31,mega,persist,0.9923086722423047
2022-03-31,mega,ema,0.992459043290392
2022-03-31,mega,persist,0.999582330815694
2022-03-31,mega,ema,0.998454722032765
2022-03-31,mega,persist,0.9261007941191511
2022-03-31,mega,ema,0.9261007941191511
2022-03-31,mega,persist,0.9926961743621311
2022-03-31,mega,ema,0.9920305526125275
2022-03-31,mega,persist,0.9928916108194286
2022-03-31,mega,ema,0.9931782505195681
2022-06-30,mega,persist,0.9973570503359566
2022-06-30,mega,ema,0.9973570503359566
2022-06-30,mega,persist,0.9862116206879799
2022-06-30,mega,ema,0.983503077932147
2022-06-30,mega,persist,0.9194729086355062
2022-06-30,mega,ema,0.9203216970926881
2022-06-30,mega,persist,0.9444194657915876
2022-06-30,mega,ema,0.944096703939653
2022-06-30,mega,persist,0.9995000425013302
2022-06-30,mega,ema,0.9994845548660108
2022-06-30,mega,persist,0.9927412159382624
2022-06-30,mega,ema,0.9927412159382624
2022-06-30,mega,persist,0.9495198404882158
2022-06-30,mega,ema,0.9450823402056961
2022-06-30,mega,persist,0.994108523719652
2022-06-30,mega,ema,0.9935717058570028
2022-06-30,mega,persist,1.0
2022-06-30,mega,ema,1.0
2022-06-30,mega,persist,0.9969194988761148
2022-06-30,mega,ema,0.9969194988761148
2022-06-30,mega,persist,0.9826782430886469
2022-06-30,mega,ema,0.9834143113405527
2022-06-30,mega,persist,0.9655442291445375
2022-06-30,mega,ema,0.9654311443785975
2022-06-30,mega,persist,0.9907188352161579
2022-06-30,mega,ema,0.980796639636629
2022-06-30,mega,persist,0.997316519799267
2022-06-30,mega,ema,0.9978582689972515
2022-06-30,mega,persist,0.8312695753300365
2022-06-30,mega,ema,0.8322952175517659
2022-06-30,mega,persist,0.9895818234271663
2022-06-30,mega,ema,0.9895057184091567
2022-06-30,mega,persist,0.9707352825529205
2022-06-30,mega,ema,0.9704059526970976
2022-06-30,mega,persist,0.9919470113266023
2022-06-30,mega,ema,0.9919470113266023
2022-06-30,mega,persist,0.9946250333972102
2022-06-30,mega,ema,0.9901193015334899
2022-06-30,mega,persist,0.9068816392890907
2022-06-30,mega,ema,0.9374156043541545
2022-06-30,mega,persist,0.993887113582485
2022-06-30,mega,ema,0.9939217348453027
2022-06-30,mega,persist,0.9879281307745885
2022-06-30,mega,ema,0.9560847345283029
2022-06-30,mega,persist,0.9316345984755761
2022-06-30,mega,ema,0.9265199716332388
2022-06-30,mega,persist,0.9838505158537498
2022-06-30,mega,ema,0.9839914596533081
2022-06-30,mega,persist,0.8084505420299649
2022-06-30,mega,ema,0.8907057302106683
2022-06-30,mega,persist,0.9612007025938202
2022-06-30,mega,ema,0.9403165170704165
2022-06-30,mega,persist,0.9922693582227702
2022-06-30,mega,ema,0.9922693582227702
2022-06-30,mega,persist,0.9915341362664284
2022-06-30,mega,ema,0.9911175205779637
2022-06-30,mega,persist,0.8522049025583394
2022-06-30,mega,ema,0.7957538808455766
2022-06-30,mega,persist,0.93882827268643
2022-06-30,mega,ema,0.8907900862398389
2022-06-30,mega,persist,0.9913617608422914
2022-06-30,mega,ema,0.9912815398671294
2022-06-30,mega,persist,0.9796017613032156
2022-06-30,mega,ema,0.9690374303139848
2022-06-30,mega,persist,0.8808657674928152
2022-06-30,mega,ema,0.8787040115830664
2022-06-30,mega,persist,0.9858151868080737
2022-06-30,mega,ema,0.9781857805915556
2022-06-30,mega,persist,0.9879448489093837
2022-06-30,mega,ema,0.9869483303367952
2022-06-30,mega,persist,0.9189130474180488
2022-06-30,mega,ema,0.9107161500988441
2022-06-30,mega,persist,0.997221707772525
2022-06-30,mega,ema,0.9935519179403612
2022-06-30,mega,persist,0.9917199534573156
2022-06-30,mega,ema,0.9917199534573156
2022-06-30,mega,persist,0.9922453716209109
2022-06-30,mega,ema,0.9922453716209109
2022-06-30,mega,persist,0.9653768692090634
2022-06-30,mega,ema,0.9653768692090634
2022-06-30,mega,persist,0.9494039466065233
2022-06-30,mega,ema,0.8843642568337943
2022-06-30,mega,persist,0.995015642937998
2022-06-30,mega,ema,0.9946872404255748
2022-06-30,mega,persist,0.8512950127907627
2022-06-30,mega,ema,0.8232776297856093
2022-06-30,mega,persist,0.9823546969635115
2022-06-30,mega,ema,0.9824581647845355
2022-06-30,mega,persist,0.9935502340941789
2022-06-30,mega,ema,0.9875396531635711
2022-06-30,mega,persist,0.9990642214475028
2022-06-30,mega,ema,0.9996191838907172
2022-06-30,mega,persist,0.7946799956045615
2022-06-30,mega,ema,0.7892291415686565
2022-06-30,mega,persist,0.9525590328468455
2022-06-30,mega,ema,0.9474263703240217
2022-06-30,mega,persist,0.4237104688416314
2022-06-30,mega,ema,0.49725485102982814
2022-06-30,mega,persist,0.631405776252014
2022-06-30,mega,ema,0.7339283945553746
2022-06-30,mega,persist,0.6649715204426074
2022-06-30,mega,ema,0.658527315552557
2022-06-30,mega,persist,0.9482146302350025
2022-06-30,mega,ema,0.9762983071838173
2022-06-30,mega,persist,0.2928917411887013
2022-06-30,mega,ema,0.4432452053200863
2022-06-30,mega,persist,0.9839256373371983
2022-06-30,mega,ema,0.9839256373371983
2022-06-30,mega,persist,0.9847116521635423
2022-06-30,mega,ema,0.9847205703453399
2022-06-30,mega,persist,0.9984476602383828
2022-06-30,mega,ema,0.9984476602383828
2022-06-30,mega,persist,0.994299749719004
2022-06-30,mega,ema,0.9936101830944026
2022-06-30,mega,persist,0.9993775206336908
2022-06-30,mega,ema,0.9969794057970164
2022-06-30,mega,persist,
2022-06-30,mega,ema,
2022-06-30,mega,persist,0.8999781157477371
2022-06-30,mega,ema,0.9131442684528879
2022-06-30,mega,persist,0.9305652703907268
2022-06-30,mega,ema,0.927917645729355
2022-06-30,mega,persist,0.9830546471121984
2022-06-30,mega,ema,0.9788498784942412
2022-06-30,mega,persist,0.9371964238632274
2022-06-30,mega,ema,0.9487138100027851
2022-06-30,mega,persist,0.9979392141526507
2022-06-30,mega,ema,0.9828008710668665
2022-06-30,mega,persist,0.9949089633570102
2022-06-30,mega,ema,0.994493250629602
2022-06-30,mega,persist,0.3838888773173184
2022-06-30,mega,ema,0.40124217133742357
2022-06-30,mega,persist,0.9625193655860442
2022-06-30,mega,ema,0.9393981582201573
2022-06-30,mega,persist,0.9895012784866352
2022-06-30,mega,ema,0.989445001218979
2022-06-30,mega,persist,0.9909846095365399
2022-06-30,mega,ema,0.987974462049531
2022-06-30,mega,persist,0.634568722509146
2022-06-30,mega,ema,0.6814013799688158
2022-06-30,mega,persist,0.9766720282361991
2022-06-30,mega,ema,0.9742983769628362
2022-06-30,mega,persist,0.9854183808986361
2022-06-30,mega,ema,0.986700642615184
2022-06-30,mega,persist,0.9876544733491758
2022-06-30,mega,ema,0.987091455155706
2022-06-30,mega,persist,0.9952778639311123
2022-06-30,mega,ema,0.9913324131575388
2022-06-30,mega,persist,0.9461121834330085
2022-06-30,mega,ema,0.93741175314627
2022-06-30,mega,persist,0.991793704222417
2022-06-30,mega,ema,0.9917972970920924
2022-06-30,mega,persist,0.9993996513785905
2022-06-30,mega,ema,0.9989632511022635
2022-06-30,mega,persist,0.8943483444753819
2022-06-30,mega,ema,0.9019062209873476
2022-06-30,mega,persist,0.8403432910363194
2022-06-30,mega,ema,0.8990844926556095
2022-06-30,mega,persist,0.9899440895326233
2022-06-30,mega,ema,0.9899362512207333
2022-06-30,mega,persist,0.9929710103545183
2022-06-30,mega,ema,0.9860305101867939
2022-06-30,mega,persist,0.9982842035072589
2022-06-30,mega,ema,0.9842871005688233
2022-06-30,mega,persist,0.9965395696150641
2022-06-30,mega,ema,0.9964232146272403
2022-06-30,mega,persist,0.9539582399541388
2022-06-30,mega,ema,0.9394215535409276
2022-06-30,mega,persist,0.6702920690124498
2022-06-30,mega,ema,0.6702920690124498
2022-06-30,mega,persist,0.9677251302572448
2022-06-30,mega,ema,0.9731818918391648
2022-06-30,mega,persist,0.9952904201638714
2022-06-30,mega,ema,0.9951606836246862
2022-06-30,mega,persist,0.9510372057120918
2022-06-30,mega,ema,0.9510372057120918
2022-06-30,mega,persist,0.9991659611324565
2022-06-30,mega,ema,0.9992656483365531
2022-06-30,mega,persist,0.9563124066069855
2022-06-30,mega,ema,0.9570452666772632
2022-06-30,mega,persist,0.9025288344965142
2022-06-30,mega,ema,0.9326935716406947
2022-06-30,mega,persist,0.7969751744584895
2022-06-30,mega,ema,0.7742724008421328
2022-06-30,mega,persist,0.9923426021794597
2022-06-30,mega,ema,0.9932096444416694
2022-06-30,mega,persist,0.9934897942794492
2022-06-30,mega,ema,0.9936603087442503
2022-06-30,mega,persist,0.9981363788304213
2022-06-30,mega,ema,0.9981363788304213
2022-06-30,mega,persist,0.9021813941892156
2022-06-30,mega,ema,0.8753122878712895
2022-06-30,mega,persist,0.9986024440642285
2022-06-30,mega,ema,0.9981360080042836
2022-06-30,mega,persist,0.9985175170720666
2022-06-30,mega,ema,0.9985175170720666
2022-06-30,mega,persist,0.816533007818937
2022-06-30,mega,ema,0.8220934155637672
2022-09-30,mega,persist,0.9593314840284096
2022-09-30,mega,ema,0.9532959405745989
2022-09-30,mega,persist,0.9999590821162798
2022-09-30,mega,ema,0.9992241039908712
2022-09-30,mega,persist,0.9940114398100544
2022-09-30,mega,ema,0.9942042570724255
2022-09-30,mega,persist,0.941082238103854
2022-09-30,mega,ema,0.9632989530713343
2022-09-30,mega,persist,0.8712211691806467
2022-09-30,mega,ema,0.8717711294513175
2022-09-30,mega,persist,0.9940047440185107
2022-09-30,mega,ema,0.9940047440185107
2022-09-30,mega,persist,0.9911521383837129
2022-09-30,mega,ema,0.9981117985150632
2022-09-30,mega,persist,0.9981209462941684
2022-09-30,mega,ema,0.9981209462941684
2022-09-30,mega,persist,1.0
2022-09-30,mega,ema,1.0
2022-09-30,mega,persist,0.9922492359276609
2022-09-30,mega,ema,0.9922492359276609
2022-09-30,mega,persist,0.977532514474827
2022-09-30,mega,ema,0.9796739674033994
2022-09-30,mega,persist,0.9809965356276484
2022-09-30,mega,ema,0.9903965323014479
2022-09-30,mega,persist,0.9820426067654938
2022-09-30,mega,ema,0.9832831700976037
2022-09-30,mega,persist,0.9987782733776059
2022-09-30,mega,ema,0.9973403461467073
2022-09-30,mega,persist,0.7974067886188972
2022-09-30,mega,ema,0.9707054305059071
2022-09-30,mega,persist,0.9776077643137239
2022-09-30,mega,ema,0.9967329163465714
2022-09-30,mega,persist,0.985294185261632
2022-09-30,mega,ema,0.9899761857774728
2022-09-30,mega,persist,0.9988146886465472
2022-09-30,mega,ema,0.9953818992414836
2022-09-30,mega,persist,0.9994610104004488
2022-09-30,mega,ema,0.9990579456687358
2022-09-30,mega,persist,0.9995915926795994
2022-09-30,mega,ema,0.9853771531186578
2022-09-30,mega,persist,0.9965082126278404
2022-09-30,mega,ema,0.9883706252946711
2022-09-30,mega,persist,0.9554548474786438
2022-09-30,mega,ema,0.9520937873845615
2022-09-30,mega,persist,0.9954593355056689
2022-09-30,mega,ema,0.9910078755487823
2022-09-30,mega,persist,0.9685086114424878
2022-09-30,mega,ema,0.9717391779662232
2022-09-30,mega,persist,0.8891973635585642
2022-09-30,mega,ema,0.8663749871252978
2022-09-30,mega,persist,0.8895253200950531
2022-09-30,mega,ema,0.8902802057616498
2022-09-30,mega,persist,0.9945647785842523
2022-09-30,mega,ema,0.9942519609667654
2022-09-30,mega,persist,0.9984534226749646
2022-09-30,mega,ema,0.9940739555995992
2022-09-30,mega,persist,0.933244368659188
2022-09-30,mega,ema,0.8995518361487937
2022-09-30,mega,persist,0.9838518620031318
2022-09-30,mega,ema,0.9850568875322827
2022-09-30,mega,persist,0.9864273781958365
2022-09-30,mega,ema,0.9882488963459858
2022-09-30,mega,persist,0.976698498915035
2022-09-30,mega,ema,0.977853367475669
2022-09-30,mega,persist,0.8373383173102636
2022-09-30,mega,ema,0.7856686733743209
2022-09-30,mega,persist,0.9669367009150428
2022-09-30,mega,ema,0.9869935141382223
2022-09-30,mega,persist,0.9968660922266683
2022-09-30,mega,ema,0.9936239445131367
2022-09-30,mega,persist,0.994467940012747
2022-09-30,mega,ema,0.9943495929438941
2022-09-30,mega,persist,0.9977365881503083
2022-09-30,mega,ema,0.9977365881503083
2022-09-30,mega,persist,0.9978841768747753
2022-09-30,mega,ema,0.998165753120991
2022-09-30,mega,persist,0.9949722867089031
2022-09-30,mega,ema,0.9957444505457317
2022-09-30,mega,persist,0.9996288533532061
2022-09-30,mega,ema,0.999759645349061
2022-09-30,mega,persist,0.7346105990733465
2022-09-30,mega,ema,0.7009814220689521
2022-09-30,mega,persist,0.9945106069185866
2022-09-30,mega,ema,0.9938490431802793
2022-09-30,mega,persist,0.8819916510185222
2022-09-30,mega,ema,0.8845881832524847
2022-09-30,mega,persist,0.9962509018564473
2022-09-30,mega,ema,0.9942449660164198
2022-09-30,mega,persist,0.9893505833434003
2022-09-30,mega,ema,0.9893618273551487
2022-09-30,mega,persist,0.8751377845620065
2022-09-30,mega,ema,0.8751377845620065
2022-09-30,mega,persist,0.9509530650635124
2022-09-30,mega,ema,0.9509621024073568
2022-09-30,mega,persist,0.8977826815376454
2022-09-30,mega,ema,0.902935702710803
2022-09-30,mega,persist,0.8003422177522619
2022-09-30,mega,ema,0.7864273030744356
2022-09-30,mega,persist,0.7226367143229359
2022-09-30,mega,ema,0.751524695275227
2022-09-30,mega,persist,0.5051381723088563
2022-09-30,mega,ema,0.5526413044170081
2022-09-30,mega,persist,0.986161484720199
2022-09-30,mega,ema,0.9891019290365408
2022-09-30,mega,persist,0.6611675196217576
2022-09-30,mega,ema,0.6375820384498632
2022-09-30,mega,persist,0.9980256003069656
2022-09-30,mega,ema,0.9980256003069656
2022-09-30,mega,persist,0.9910780058824505
2022-09-30,mega,ema,0.9839181693563939
2022-09-30,mega,persist,0.995048602783815
2022-09-30,mega,ema,0.9941845249093266
2022-09-30,mega,persist,0.9899461928431038
2022-09-30,mega,ema,0.9959948827374588
2022-09-30,mega,persist,0.9998805346249512
2022-09-30,mega,ema,0.9972792222404256
2022-09-30,mega,persist,
2022-09-30,mega,ema,
2022-09-30,mega,persist,0.9573215271998441
2022-09-30,mega,ema,0.9589224157392396
2022-09-30,mega,persist,0.983425031636024
2022-09-30,mega,ema,0.9830076956962834
2022-09-30,mega,persist,0.9814233243421642
2022-09-30,mega,ema,0.9826879995622265
2022-09-30,mega,persist,0.986387820187157
2022-09-30,mega,ema,0.9902274417791027
2022-09-30,mega,persist,0.9969251470068482
2022-09-30,mega,ema,0.9967896481122588
2022-09-30,mega,persist,0.9941190455932499
2022-09-30,mega,ema,0.994887615139408
2022-09-30,mega,persist,0.609749326951516
2022-09-30,mega,ema,0.6353377826878839
2022-09-30,mega,persist,0.9894024911252448
2022-09-30,mega,ema,0.9876487112540724
2022-09-30,mega,persist,0.9995113330323105
2022-09-30,mega,ema,0.9925652539252235
2022-09-30,mega,persist,0.9662687833542949
2022-09-30,mega,ema,0.9719703606568476
2022-09-30,mega,persist,0.7615717733987339
2022-09-30,mega,ema,0.6935445621190116
2022-09-30,mega,persist,0.9840297297405864
2022-09-30,mega,ema,0.9845612620780316
2022-09-30,mega,persist,0.9975147327877468
2022-09-30,mega,ema,0.9974769483225402
2022-09-30,mega,persist,0.9964488677270374
2022-09-30,mega,ema,0.9905741578658716
2022-09-30,mega,persist,0.9974923746305803
2022-09-30,mega,ema,0.9971301231030129
2022-09-30,mega,persist,0.9929284785181088
2022-09-30,mega,ema,0.9929284785181088
2022-09-30,mega,persist,0.8463027377685124
2022-09-30,mega,ema,0.8462306448502901
2022-09-30,mega,persist,0.9970603500765455
2022-09-30,mega,ema,0.9963610013067564
2022-09-30,mega,persist,0.8697548106573999
2022-09-30,mega,ema,0.8807694406562907
2022-09-30,mega,persist,0.889707957558792
2022-09-30,mega,ema,0.9313165836192789
2022-09-30,mega,persist,0.9670491413100578
2022-09-30,mega,ema,0.9718514028429527
2022-09-30,mega,persist,0.9907675828981888
2022-09-30,mega,ema,0.9912653653994495
2022-09-30,mega,persist,0.9997473578250919
2022-09-30,mega,ema,0.9997659634498222
2022-09-30,mega,persist,0.9222068408932079
2022-09-30,mega,ema,0.9222747038743936
2022-09-30,mega,persist,0.9477584654035685
2022-09-30,mega,ema,0.9528675552980178
2022-09-30,mega,persist,1.0
2022-09-30,mega,ema,0.999894415213764
2022-09-30,mega,persist,0.9572455521881008
2022-09-30,mega,ema,0.9582350238794849
2022-09-30,mega,persist,0.8956211602411009
2022-09-30,mega,ema,0.8691238340393783
2022-09-30,mega,persist,0.9751701440548556
2022-09-30,mega,ema,0.9180183037358899
2022-09-30,mega,persist,0.9984790559495687
2022-09-30,mega,ema,0.9969715296145032
2022-09-30,mega,persist,0.9961790802955153
2022-09-30,mega,ema,0.9949007505770935
2022-09-30,mega,persist,0.8485127233308792
2022-09-30,mega,ema,0.8538574132070926
2022-09-30,mega,persist,0.4065674524420405
2022-09-30,mega,ema,0.5286163295028534
2022-09-30,mega,persist,0.9337391548001555
2022-09-30,mega,ema,0.9303970251986562
2022-09-30,mega,persist,0.9790149078859731
2022-09-30,mega,ema,0.9845414438674794
2022-09-30,mega,persist,0.9940989221466507
2022-09-30,mega,ema,0.9950677006001988
2022-09-30,mega,persist,0.9787546433515237
2022-09-30,mega,ema,0.9532917541778163
2022-09-30,mega,persist,1.0
2022-09-30,mega,ema,0.9998779481312345
2022-09-30,mega,persist,0.9987065358343925
2022-09-30,mega,ema,0.9962885174553265
2022-09-30,mega,persist,0.8340723128460392
2022-09-30,mega,ema,0.8521466698020514
2022-12-31,mega,persist,0.9872853159144709
2022-12-31,mega,ema,0.992672288333133
2022-12-31,mega,persist,0.9994309851190264
2022-12-31,mega,ema,0.9991699810327972
2022-12-31,mega,persist,0.981800756985828
2022-12-31,mega,ema,0.9793610704915249
2022-12-31,mega,persist,0.9670479681087185
2022-12-31,mega,ema,0.9632879308296357
2022-12-31,mega,persist,0.9143581990932602
2022-12-31,mega,ema,0.9143581990932602
2022-12-31,mega,persist,0.9895328240975918
2022-12-31,mega,ema,0.9895328240975918
2022-12-31,mega,persist,0.9652540376924067
2022-12-31,mega,ema,0.9652540376924067
2022-12-31,mega,persist,0.9849172342815278
2022-12-31,mega,ema,0.9849172342815278
2022-12-31,mega,persist,1.0
2022-12-31,mega,ema,1.0
2022-12-31,mega,persist,0.9990157280280579
2022-12-31,mega,ema,0.9965157371807194
2022-12-31,mega,persist,0.9827993783603689
2022-12-31,mega,ema,0.9827664775310418
2022-12-31,mega,persist,0.9856368588876843
2022-12-31,mega,ema,0.9958182685150999
2022-12-31,mega,persist,0.18284000876232206
2022-12-31,mega,ema,0.18284000876232206
2022-12-31,mega,persist,0.9871597703149327
2022-12-31,mega,ema,0.9879417573056416
2022-12-31,mega,persist,0.9899120926905003
2022-12-31,mega,ema,0.9689813688684141
2022-12-31,mega,persist,0.98651133336636
2022-12-31,mega,ema,0.9889650516881381
2022-12-31,mega,persist,0.9759792879776712
2022-12-31,mega,ema,0.9745403929964768
2022-12-31,mega,persist,0.9891377356881982
2022-12-31,mega,ema,0.9923347641154925
2022-12-31,mega,persist,0.9831496386554662
2022-12-31,mega,ema,0.9849043470528526
2022-12-31,mega,persist,0.17982693317818818
2022-12-31,mega,ema,0.17982693317818818
2022-12-31,mega,persist,0.9968471416753191
2022-12-31,mega,ema,0.9987582985554834
2022-12-31,mega,persist,0.0020342553373203947
2022-12-31,mega,ema,0.0020342553373203947
2022-12-31,mega,persist,0.9910166134048443
2022-12-31,mega,ema,0.9955221423819642
2022-12-31,mega,persist,0.97742597867039
2022-12-31,mega,ema,0.9815432442452323
2022-12-31,mega,persist,0.7546618389008445
2022-12-31,mega,ema,0.6949742881130107
2022-12-31,mega,persist,0.9377245533760681
2022-12-31,mega,ema,0.9636882798963716
2022-12-31,mega,persist,0.9890336129326592
2022-12-31,mega,ema,0.9890336129326592
2022-12-31,mega,persist,0.9851726146882951
2022-12-31,mega,ema,0.9851726146882951
2022-12-31,mega,persist,0.8924507007242355
2022-12-31,mega,ema,0.9045332993886325
2022-12-31,mega,persist,0.9539383094169929
2022-12-31,mega,ema,0.9467640689875186
2022-12-31,mega,persist,0.9886566328298981
2022-12-31,mega,ema,0.9817646886673868
2022-12-31,mega,persist,0.9601512048157768
2022-12-31,mega,ema,0.9577800748271345
2022-12-31,mega,persist,0.8885878114640683
2022-12-31,mega,ema,0.8895590286048516
2022-12-31,mega,persist,0.9944720786278834
2022-12-31,mega,ema,0.9959991454602803
2022-12-31,mega,persist,0.986657440634061
2022-12-31,mega,ema,0.9892609246199155
2022-12-31,mega,persist,0.39237473668867784
2022-12-31,mega,ema,0.39237473668867784
2022-12-31,mega,persist,0.9964468568319429
2022-12-31,mega,ema,0.9960609238881507
2022-12-31,mega,persist,0.9834973545431929
2022-12-31,mega,ema,0.9833562132540685
2022-12-31,mega,persist,0.9905336031956509
2022-12-31,mega,ema,0.9905336031956509
2022-12-31,mega,persist,0.9901214545288243
2022-12-31,mega,ema,0.9899143603198338
2022-12-31,mega,persist,0.8794819686104451
2022-12-31,mega,ema,0.9257658067074073
2022-12-31,mega,persist,0.988034554736347
2022-12-31,mega,ema,0.988034554736347
2022-12-31,mega,persist,0.7067180564868619
2022-12-31,mega,ema,0.7025897432841455
2022-12-31,mega,persist,0.9892627355036907
2022-12-31,mega,ema,0.9904934520072434
2022-12-31,mega,persist,0.00011119123789846334
2022-12-31,mega,ema,0.0001025374391867137
2022-12-31,mega,persist,0.9998846043924059
2022-12-31,mega,ema,0.9652399871413184
2022-12-31,mega,persist,0.857286659758456
2022-12-31,mega,ema,0.8286141556617946
2022-12-31,mega,persist,0.9336319499502423
2022-12-31,mega,ema,0.8919010579125769
2022-12-31,mega,persist,0.6895527218983282
2022-12-31,mega,ema,0.7504108817197518
2022-12-31,mega,persist,0.6069911718590099
2022-12-31,mega,ema,0.7058442573309941
2022-12-31,mega,persist,0.49140618336054104
2022-12-31,mega,ema,0.6235593326610782
2022-12-31,mega,persist,0.9683836221554384
2022-12-31,mega,ema,0.9669726825381751
2022-12-31,mega,persist,0.4957367233196991
2022-12-31,mega,ema,0.5912042213723542
2022-12-31,mega,persist,0.9891660401697244
2022-12-31,mega,ema,0.9811432527735777
2022-12-31,mega,persist,0.9885563330098932
2022-12-31,mega,ema,0.9883182921160134
2022-12-31,mega,persist,0.325171738051459
2022-12-31,mega,ema,0.325171738051459
2022-12-31,mega,persist,0.9832654764646012
2022-12-31,mega,ema,0.9844086249951481
2022-12-31,mega,persist,0.9952330167792925
2022-12-31,mega,ema,0.9954951004452217
2022-12-31,mega,persist,0.002943185136674422
2022-12-31,mega,ema,0.002943185136674422
2022-12-31,mega,persist,0.96464514722046
2022-12-31,mega,ema,0.9621472146823585
2022-12-31,mega,persist,0.9986957727471817
2022-12-31,mega,ema,0.9991431053452221
2022-12-31,mega,persist,1.0
2022-12-31,mega,ema,0.9968768617211718
2022-12-31,mega,persist,0.9589292906667384
2022-12-31,mega,ema,0.9518019416365435
2022-12-31,mega,persist,0.9857295977589586
2022-12-31,mega,ema,0.9849994335080934
2022-12-31,mega,persist,0.9736916985373759
2022-12-31,mega,ema,0.9726917828377994
2022-12-31,mega,persist,0.5354733480152228
2022-12-31,mega,ema,0.5252734923937593
2022-12-31,mega,persist,0.9761252554259454
2022-12-31,mega,ema,0.958898837044845
2022-12-31,mega,persist,0.9908957284898356
2022-12-31,mega,ema,0.9896712526056965
2022-12-31,mega,persist,0.8944130164991527
2022-12-31,mega,ema,0.9369883875957307
2022-12-31,mega,persist,0.49766282246840243
2022-12-31,mega,ema,0.5086225009763187
2022-12-31,mega,persist,0.9767058615995691
2022-12-31,mega,ema,0.9738801908192721
2022-12-31,mega,persist,0.9823499272379957
2022-12-31,mega,ema,0.9808854776443248
2022-12-31,mega,persist,0.978672690963219
2022-12-31,mega,ema,0.9809052275899033
2022-12-31,mega,persist,0.9818338150021799
2022-12-31,mega,ema,0.9847621562637481
2022-12-31,mega,persist,0.9287676957591711
2022-12-31,mega,ema,0.9329642004761378
2022-12-31,mega,persist,0.9795800188507126
2022-12-31,mega,ema,0.9688953168686413
2022-12-31,mega,persist,0.26934540416005043
2022-12-31,mega,ema,0.26934540416005043
2022-12-31,mega,persist,0.7953514520110023
2022-12-31,mega,ema,0.8239497913119205
2022-12-31,mega,persist,0.839681607562279
2022-12-31,mega,ema,0.8384249260008605
2022-12-31,mega,persist,0.9264278516632815
2022-12-31,mega,ema,0.9331923301523236
2022-12-31,mega,persist,0.2268543672669374
2022-12-31,mega,ema,0.2268543672669374
2022-12-31,mega,persist,0.9840558852500119
2022-12-31,mega,ema,0.9840558852500119
2022-12-31,mega,persist,0.9953683667942875
2022-12-31,mega,ema,0.9918622769577893
2022-12-31,mega,persist,0.8937596443372302
2022-12-31,mega,ema,0.8248734337746344
2022-12-31,mega,persist,0.95803425839295
2022-12-31,mega,ema,0.95803425839295
2022-12-31,mega,persist,0.9066526870669478
2022-12-31,mega,ema,0.9374014915050118
2022-12-31,mega,persist,0.9692277584937844
2022-12-31,mega,ema,0.965995962126066
2022-12-31,mega,persist,0.7535625034350371
2022-12-31,mega,ema,0.7509095829667011
2022-12-31,mega,persist,1.0
2022-12-31,mega,ema,0.999982234926931
2022-12-31,mega,persist,0.9797427505075962
2022-12-31,mega,ema,0.980515846970876
2022-12-31,mega,persist,0.8891988353536457
2022-12-31,mega,ema,0.9575672633337238
2022-12-31,mega,persist,0.6850648355587436
2022-12-31,mega,ema,0.7277276794192132
2022-12-31,mega,persist,0.004756801943983444
2022-12-31,mega,ema,0.004756801943983444
2022-12-31,mega,persist,0.9261551859451664
2022-12-31,mega,ema,0.9228276815624331
2022-12-31,mega,persist,0.9875228055403321
2022-12-31,mega,ema,0.9875228055403321
2022-12-31,mega,persist,0.9978543962212006
2022-12-31,mega,ema,0.9978543962212006
2022-12-31,mega,persist,0.9660049383664296
2022-12-31,mega,ema,0.9660049383664296
2022-12-31,mega,persist,0.9856480845231509
2022-12-31,mega,ema,0.9880466645982374
2022-12-31,mega,persist,0.867251300891509
2022-12-31,mega,ema,0.881769102286598
2023-03-31,mega,persist,0.9806230269139947
2023-03-31,mega,ema,0.9865193615365485
2023-03-31,mega,persist,0.9905963641201565
2023-03-31,mega,ema,0.9905963641201565
2023-03-31,mega,persist,1.0
2023-03-31,mega,persist,0.9756914214618841
2023-03-31,mega,persist,0.9917295445322917
2023-03-31,mega,ema,0.9985279476651132
2023-03-31,mega,persist,0.9778122467752886
2023-03-31,mega,ema,0.9782994054334594
2023-03-31,mega,persist,0.7605827782740265
2023-03-31,mega,ema,0.7393608582637591
2023-03-31,mega,persist,0.9691839653412337
2023-03-31,mega,ema,0.979314416475672
2023-03-31,mega,persist,0.9822990272362278
2023-03-31,mega,ema,0.975192564596207
2023-03-31,mega,persist,0.97061066616451
2023-03-31,mega,ema,0.9697817514915682
2023-03-31,mega,persist,1.0
2023-03-31,mega,ema,1.0
2023-03-31,mega,persist,0.8716608155478899
2023-03-31,mega,ema,0.871560990194909
2023-03-31,mega,persist,0.9972626157800257
2023-03-31,mega,ema,0.9984076437255724
2023-03-31,mega,persist,0.9929818716179657
2023-03-31,mega,ema,0.9944560866914313
2023-03-31,mega,persist,0.9952893577048257
2023-03-31,mega,ema,0.9952893577048257
2023-03-31,mega,persist,0.9670338636859179
2023-03-31,mega,ema,0.9764353923603999
2023-03-31,mega,persist,0.20852771279201496
2023-03-31,mega,ema,0.20852771279201496
2023-03-31,mega,persist,0.9758977375613728
2023-03-31,mega,ema,0.9825620291059015
2023-03-31,mega,persist,0.971654592688757
2023-03-31,mega,ema,0.9735131981816691
2023-03-31,mega,persist,0.994632401912333
2023-03-31,mega,ema,0.9966963866317055
2023-03-31,mega,persist,0.9644798624208106
2023-03-31,mega,ema,0.9774134798877531
2023-03-31,mega,persist,0.9962118891548801
2023-03-31,mega,ema,0.9962118891548801
2023-03-31,mega,persist,0.9791930449295475
2023-03-31,mega,ema,0.9791930449295475
2023-03-31,mega,persist,0.9936487746812132
2023-03-31,mega,ema,0.9957880573814838
2023-03-31,mega,persist,0.9402660977115123
2023-03-31,mega,ema,0.928457630337447
2023-03-31,mega,persist,0.9920683862078379
2023-03-31,mega,ema,0.9777492942683376
2023-03-31,mega,persist,0.9724894613052157
2023-03-31,mega,ema,0.9815530710668247
2023-03-31,mega,persist,0.9208763304102244
2023-03-31,mega,persist,0.9758034322344658
2023-03-31,mega,ema,0.9833636219830799
2023-03-31,mega,persist,0.8265898908562267
2023-03-31,mega,ema,0.8284741961645953
2023-03-31,mega,persist,0.9811569800576393
2023-03-31,mega,ema,0.9907275726619771
2023-03-31,mega,persist,0.9991618806099057
2023-03-31,mega,ema,0.9908974709747062
2023-03-31,mega,persist,0.9669158182987789
2023-03-31,mega,ema,0.9661980584038774
2023-03-31,mega,persist,0.8611876243535459
2023-03-31,mega,ema,0.8973750440404429
2023-03-31,mega,persist,0.9810124755054644
2023-03-31,mega,ema,0.985860639704223
2023-03-31,mega,persist,0.9776388740063132
2023-03-31,mega,ema,0.9840759096520442
2023-03-31,mega,persist,0.5756874180259957
2023-03-31,mega,ema,0.579252452864467
2023-03-31,mega,persist,0.9981396631656131
2023-03-31,mega,ema,0.9973020682002489
2023-03-31,mega,persist,0.987137466553891
2023-03-31,mega,ema,0.9877004283273698
2023-03-31,mega,persist,0.9702648900831057
2023-03-31,mega,ema,0.9799261109550479
2023-03-31,mega,persist,1.0
2023-03-31,mega,ema,1.0
2023-03-31,mega,persist,0.9325306715430555
2023-03-31,mega,ema,0.9046224532326076
2023-03-31,mega,persist,0.9693390777801485
2023-03-31,mega,ema,0.9788623265681518
2023-03-31,mega,persist,0.8721388781341789
2023-03-31,mega,ema,0.7835431312448371
2023-03-31,mega,persist,0.9745965512928039
2023-03-31,mega,ema,0.9828948204319684
2023-03-31,mega,persist,0.9881672138441666
2023-03-31,mega,ema,0.9881672138441666
2023-03-31,mega,persist,0.38994094023887377
2023-03-31,mega,ema,0.38994094023887377
2023-03-31,mega,persist,0.8422370721173065
2023-03-31,mega,ema,0.9089707424619395
2023-03-31,mega,persist,0.9694010460909863
2023-03-31,mega,ema,0.9697437949172227
2023-03-31,mega,persist,0.7218220032721621
2023-03-31,mega,ema,0.6904568959659186
2023-03-31,mega,persist,0.6557618081524108
2023-03-31,mega,ema,0.6441694816757514
2023-03-31,mega,persist,0.5730809437911025
2023-03-31,mega,ema,0.5851486128805868
2023-03-31,mega,persist,0.9424730795183542
2023-03-31,mega,ema,0.954380817855682
2023-03-31,mega,persist,0.6062735171366139
2023-03-31,mega,ema,0.7574792879718562
2023-03-31,mega,persist,0.7974590745757438
2023-03-31,mega,persist,0.966352751595631
2023-03-31,mega,persist,0.9260296281302847
2023-03-31,mega,ema,0.9251628139659137
2023-03-31,mega,persist,0.9964007959077988
2023-03-31,mega,ema,0.9966967280439039
2023-03-31,mega,persist,0.9773895365379872
2023-03-31,mega,ema,0.9773895365379872
2023-03-31,mega,persist,0.9712122013978172
2023-03-31,mega,ema,0.9824026666251909
2023-03-31,mega,persist,0.9529815902500786
2023-03-31,mega,ema,0.9529815902500786
2023-03-31,mega,persist,
2023-03-31,mega,ema,
2023-03-31,mega,persist,0.9879706239588293
2023-03-31,mega,ema,0.9583666572534592
2023-03-31,mega,persist,0.971157865731896
2023-03-31,mega,ema,0.9709809957770374
2023-03-31,mega,persist,0.9276905563488516
2023-03-31,mega,ema,0.9276905563488516
2023-03-31,mega,persist,0.9823504857021635
2023-03-31,mega,ema,0.9892493298529647
2023-03-31,mega,persist,0.9979104727713848
2023-03-31,mega,ema,0.9983803720533533
2023-03-31,mega,persist,0.9851722586761984
2023-03-31,mega,ema,0.9850001611808175
2023-03-31,mega,persist,0.4996484248777302
2023-03-31,mega,ema,0.5054721075922142
2023-03-31,mega,persist,0.9691198502962977
2023-03-31,mega,ema,0.9862351840861948
2023-03-31,mega,persist,0.9798309517534429
2023-03-31,mega,ema,0.9864795326398659
2023-03-31,mega,persist,0.9779045397298669
2023-03-31,mega,ema,0.9739077069154031
2023-03-31,mega,persist,0.631199451079126
2023-03-31,mega,ema,0.7450554140197588
2023-03-31,mega,persist,0.991414117547469
2023-03-31,mega,ema,0.993162906249897
2023-03-31,mega,persist,0.9927314689386691
2023-03-31,mega,ema,0.9923562972862657
2023-03-31,mega,persist,0.9979150588760874
2023-03-31,mega,ema,0.9979150588760874
2023-03-31,mega,persist,0.15983720621018482
2023-03-31,mega,ema,0.15983720621018482
2023-03-31,mega,persist,0.969645985293638
2023-03-31,mega,ema,0.9717227259306883
2023-03-31,mega,persist,0.9961049788914506
2023-03-31,mega,ema,0.9944410811530839
2023-03-31,mega,persist,0.9853684306107239
2023-03-31,mega,ema,0.9853684306107239
2023-03-31,mega,persist,0.8134843728165635
2023-03-31,mega,ema,0.8478520663713406
2023-03-31,mega,persist,0.9146234001381244
2023-03-31,mega,ema,0.8951657945441598
2023-03-31,mega,persist,0.9993969445843016
2023-03-31,mega,ema,0.9879169384092403
2023-03-31,mega,persist,0.9593199222649947
2023-03-31,mega,ema,0.9551533939841947
2023-03-31,mega,persist,0.9982596684192813
2023-03-31,mega,ema,0.9982596684192813
2023-03-31,mega,persist,0.9851790344043636
2023-03-31,mega,ema,0.984190125796003
2023-03-31,mega,persist,0.9853652805936276
2023-03-31,mega,ema,0.965497772685959
2023-03-31,mega,persist,0.9740036794561957
2023-03-31,mega,ema,0.928867840880947
2023-03-31,mega,persist,0.9787084849130354
2023-03-31,mega,ema,0.9771136006071809
2023-03-31,mega,persist,0.9984338202256908
2023-03-31,mega,ema,0.9981064764710833
2023-03-31,mega,persist,0.9298590376444866
2023-03-31,mega,ema,0.9501192659933391
2023-03-31,mega,persist,0.9999637635336872
2023-03-31,mega,ema,0.9999637635336872
2023-03-31,mega,persist,0.971982181241548
2023-03-31,mega,ema,0.9786746315262206
2023-03-31,mega,persist,0.9184017037745128
2023-03-31,mega,ema,0.928383058797903
2023-03-31,mega,persist,0.44144972348032085
2023-03-31,mega,ema,0.4333327713105676
2023-03-31,mega,persist,0.7481299172973395
2023-03-31,mega,ema,0.7481299172973395
2023-03-31,mega,persist,0.9635168459942902
2023-03-31,mega,ema,0.9627368667323459
2023-03-31,mega,persist,0.9806421043166642
2023-03-31,mega,ema,0.9916595105323801
2023-03-31,mega,persist,0.9752666958837847
2023-03-31,mega,ema,0.9756804632376748
2023-06-30,mega,persist,0.9968299155822642
2023-06-30,mega,ema,0.9788665886539701
2023-06-30,mega,persist,0.9995294850495575
2023-06-30,mega,ema,0.9744551746208182
2023-06-30,mega,persist,1.0
2023-06-30,mega,ema,1.0
2023-06-30,mega,persist,0.9937469667434131
2023-06-30,mega,ema,0.9834823406243318
2023-06-30,mega,persist,0.9899566809723256
2023-06-30,mega,ema,0.9895049922922365
2023-06-30,mega,persist,0.9741677409891459
2023-06-30,mega,ema,0.9722091159420733
2023-06-30,mega,persist,0.7991031064060291
2023-06-30,mega,ema,0.9439279233861477
2023-06-30,mega,persist,0.999521761540436
2023-06-30,mega,ema,0.9880839115499331
2023-06-30,mega,persist,0.9915679605683115
2023-06-30,mega,ema,0.9815417974600471
2023-06-30,mega,persist,0.9995454798672371
2023-06-30,mega,ema,0.9973609610174291
2023-06-30,mega,persist,1.0
2023-06-30,mega,ema,1.0
2023-06-30,mega,persist,0.9638137222396524
2023-06-30,mega,ema,0.9634969568643341
2023-06-30,mega,persist,0.9899918190330378
2023-06-30,mega,ema,0.9882329766335541
2023-06-30,mega,persist,0.9956231772586764
2023-06-30,mega,ema,0.9954451483885008
2023-06-30,mega,persist,0.9985587923176429
2023-06-30,mega,ema,0.9981604505807815
2023-06-30,mega,persist,0.9995914262133694
2023-06-30,mega,ema,0.996518875479713
2023-06-30,mega,persist,0.992188829125973
2023-06-30,mega,ema,0.992188829125973
2023-06-30,mega,persist,0.9978497020369499
2023-06-30,mega,ema,0.9860482738141321
2023-06-30,mega,persist,0.7556325659395172
2023-06-30,mega,ema,0.7450138861955667
2023-06-30,mega,persist,0.8741696028705983
2023-06-30,mega,ema,0.8375839438809327
2023-06-30,mega,persist,0.98833440145029
2023-06-30,mega,ema,0.9871176315545559
2023-06-30,mega,persist,0.9951622125026182
2023-06-30,mega,ema,0.9939734167488987
2023-06-30,mega,persist,0.987040308971215
2023-06-30,mega,ema,0.9664270582266039
2023-06-30,mega,persist,0.9872048940034105
2023-06-30,mega,ema,0.9769730410544477
2023-06-30,mega,persist,0.8663843263106331
2023-06-30,mega,ema,0.8063124802032334
2023-06-30,mega,persist,0.9952801332550678
2023-06-30,mega,ema,0.9863009745429039
2023-06-30,mega,persist,0.9992716880077885
2023-06-30,mega,ema,0.9878562331675501
2023-06-30,mega,persist,0.6841379606511395
2023-06-30,mega,ema,0.6833080749402292
2023-06-30,mega,persist,0.9991406580750648
2023-06-30,mega,ema,0.9879568437528915
2023-06-30,mega,persist,0.788393175908977
2023-06-30,mega,ema,0.7849064102631833
2023-06-30,mega,persist,0.9606124780282335
2023-06-30,mega,ema,0.9596343258983514
2023-06-30,mega,persist,0.9682052771807758
2023-06-30,mega,ema,0.9682052771807758
2023-06-30,mega,persist,0.9884551543681482
2023-06-30,mega,ema,0.9875954702882533
2023-06-30,mega,persist,0.7065706628320227
2023-06-30,mega,ema,0.7270687467741076
2023-06-30,mega,persist,0.9974717776376776
2023-06-30,mega,persist,0.9749683142666338
2023-06-30,mega,ema,0.9738215344343399
2023-06-30,mega,persist,0.23029189101519335
2023-06-30,mega,ema,0.23029189101519335
2023-06-30,mega,persist,0.71854022798541
2023-06-30,mega,ema,0.7669876135748969
2023-06-30,mega,persist,0.9970065497049548
2023-06-30,mega,ema,0.9963378541805503
2023-06-30,mega,persist,0.9939056799090126
2023-06-30,mega,ema,0.9933138484686331
2023-06-30,mega,persist,0.9994898874843445
2023-06-30,mega,ema,0.9875376394943826
2023-06-30,mega,persist,0.9938896003397066
2023-06-30,mega,ema,0.9938896003397066
2023-06-30,mega,persist,0.825424402916319
2023-06-30,mega,ema,0.8051436405918668
2023-06-30,mega,persist,0.9988454701297156
2023-06-30,mega,ema,0.9871830293337833
2023-06-30,mega,persist,0.9275966177555829
2023-06-30,mega,ema,0.9231190951983486
2023-06-30,mega,persist,0.9956792519365072
2023-06-30,mega,ema,0.992329321582141
2023-06-30,mega,persist,0.996656372404122
2023-06-30,mega,ema,0.9828510646160096
2023-06-30,mega,persist,0.9905204806939955
2023-06-30,mega,ema,0.9905204806939955
2023-06-30,mega,persist,0.7363514640367861
2023-06-30,mega,ema,0.8109124158939802
2023-06-30,mega,persist,0.8842344140709546
2023-06-30,mega,ema,0.8828495872007418
2023-06-30,mega,persist,0.5515951826429543
2023-06-30,mega,ema,0.5722888258225088
2023-06-30,mega,persist,0.5957811129021995
2023-06-30,mega,ema,0.5703680061215224
2023-06-30,mega,persist,0.6029064391918659
2023-06-30,mega,ema,0.6134189835480562
2023-06-30,mega,persist,0.9860397355862182
2023-06-30,mega,ema,0.9829782599260057
2023-06-30,mega,persist,0.4547418040444618
2023-06-30,mega,ema,0.4196043001128078
2023-06-30,mega,persist,0.7463406159020898
2023-06-30,mega,ema,0.7299499801617798
2023-06-30,mega,persist,0.9980415499693285
2023-06-30,mega,ema,0.998097835110034
2023-06-30,mega,persist,0.9915222179005108
2023-06-30,mega,ema,0.9898664373602829
2023-06-30,mega,persist,0.9823055097662131
2023-06-30,mega,ema,0.983442472111241
2023-06-30,mega,persist,0.9988691311516633
2023-06-30,mega,ema,0.9976355604426699
2023-06-30,mega,persist,0.9973653204964473
2023-06-30,mega,ema,0.9970548089755649
2023-06-30,mega,persist,0.985783079634714
2023-06-30,mega,ema,0.9858861140127574
2023-06-30,mega,persist,
2023-06-30,mega,ema,
2023-06-30,mega,persist,0.9884815274659625
2023-06-30,mega,ema,0.9830856801446155
2023-06-30,mega,persist,0.9804848429128157
2023-06-30,mega,ema,0.975371704226224
2023-06-30,mega,persist,0.7185786131966884
2023-06-30,mega,ema,0.7223206379684518
2023-06-30,mega,persist,0.986322756143418
2023-06-30,mega,ema,0.986322756143418
2023-06-30,mega,persist,0.9981378478265709
2023-06-30,mega,ema,0.9999203864184801
2023-06-30,mega,persist,0.9931150977598711
2023-06-30,mega,ema,0.9931150977598711
2023-06-30,mega,persist,0.7130416028255577
2023-06-30,mega,ema,0.7097595953949887
2023-06-30,mega,persist,0.9921445678266633
2023-06-30,mega,ema,0.9897560678887396
2023-06-30,mega,persist,0.9953103780467016
2023-06-30,mega,ema,0.9842591065957582
2023-06-30,mega,persist,0.8424393560032958
2023-06-30,mega,ema,0.838861138791526
2023-06-30,mega,persist,0.5753547797046987
2023-06-30,mega,ema,0.638592418082795
2023-06-30,mega,persist,0.9946454984916782
2023-06-30,mega,ema,0.9803282292015607
2023-06-30,mega,persist,0.9985396710525826
2023-06-30,mega,ema,0.9985396710525826
2023-06-30,mega,persist,0.944680601126905
2023-06-30,mega,ema,0.9445198424477426
2023-06-30,mega,persist,0.05212619970780968
2023-06-30,mega,ema,0.05212619970780968
2023-06-30,mega,persist,0.9695330226344615
2023-06-30,mega,ema,0.9561673107631805
2023-06-30,mega,persist,0.9982057794294114
2023-06-30,mega,ema,0.984077668454292
2023-06-30,mega,persist,0.9999975055774304
2023-06-30,mega,ema,0.9993245982927447
2023-06-30,mega,persist,0.9484735928239907
2023-06-30,mega,ema,0.9583242792431125
2023-06-30,mega,persist,0.6394298712953351
2023-06-30,mega,ema,0.614416755478308
2023-06-30,mega,persist,0.975123377260799
2023-06-30,mega,ema,0.975123377260799
2023-06-30,mega,persist,0.9875262297189384
2023-06-30,mega,ema,0.9850168060226542
2023-06-30,mega,persist,0.9793510621927877
2023-06-30,mega,ema,0.974669458610809
2023-06-30,mega,persist,0.9618152200087638
2023-06-30,mega,ema,0.9629118517572771
2023-06-30,mega,persist,0.9906615638839702
2023-06-30,mega,ema,0.9879196926919573
2023-06-30,mega,persist,0.7279718899148405
2023-06-30,mega,ema,0.7221448412680053
2023-06-30,mega,persist,0.9946240116486945
2023-06-30,mega,ema,0.9644881057549705
2023-06-30,mega,persist,0.973130486810458
2023-06-30,mega,ema,0.9724960355782362
2023-06-30,mega,persist,0.9848201377691734
2023-06-30,mega,ema,0.9853991132555854
2023-06-30,mega,persist,0.9992250438887822
2023-06-30,mega,ema,0.9992250438887822
2023-06-30,mega,persist,0.9915897827336366
2023-06-30,mega,ema,0.984264785266034
2023-06-30,mega,persist,0.9673597573866946
2023-06-30,mega,ema,0.9109763046961935
2023-06-30,mega,persist,0.603853210537736
2023-06-30,mega,ema,0.5203688713431421
2023-06-30,mega,persist,0.9931388751476747
2023-06-30,mega,ema,0.9693420859011727
2023-06-30,mega,persist,0.9800616969259666
2023-06-30,mega,ema,0.9860723078426036
2023-06-30,mega,persist,0.9992116972206119
2023-06-30,mega,ema,0.9877157722863593
2023-09-30,mega,persist,0.9948081258607566
2023-09-30,mega,ema,0.9940108646218591
2023-09-30,mega,persist,0.9998926134845731
2023-09-30,mega,ema,0.9998926134845731
2023-09-30,mega,persist,1.0
2023-09-30,mega,ema,1.0
2023-09-30,mega,persist,0.9995936702622509
2023-09-30,mega,ema,0.999968993004645
2023-09-30,mega,persist,0.9951351268882103
2023-09-30,mega,ema,0.9913410747945207
2023-09-30,mega,persist,0.9718042018403206
2023-09-30,mega,ema,0.9799693509496269
2023-09-30,mega,persist,0.9975926351406319
2023-09-30,mega,ema,0.9755617208477231
2023-09-30,mega,persist,0.9996298123195736
2023-09-30,mega,ema,0.9999163892150795
2023-09-30,mega,persist,0.9987326073857027
2023-09-30,mega,ema,0.9905615649210234
2023-09-30,mega,persist,0.9990982401163369
2023-09-30,mega,ema,0.999035588078424
2023-09-30,mega,persist,1.0
2023-09-30,mega,ema,1.0
2023-09-30,mega,persist,0.9984595501616835
2023-09-30,mega,ema,0.9970059925939772
2023-09-30,mega,persist,0.9990265837306792
2023-09-30,mega,ema,0.9979062424005049
2023-09-30,mega,persist,0.9976373920947031
2023-09-30,mega,ema,0.9965908538621296
2023-09-30,mega,persist,0.992662460667439
2023-09-30,mega,ema,0.9951730221953459
2023-09-30,mega,persist,0.997183209236611
2023-09-30,mega,ema,0.997183209236611
2023-09-30,mega,persist,0.9963507025067027
2023-09-30,mega,ema,0.9964917762991041
2023-09-30,mega,persist,0.9996626694236803
2023-09-30,mega,ema,0.9999274212233598
2023-09-30,mega,persist,0.991150416587638
2023-09-30,mega,ema,0.9985809891325222
2023-09-30,mega,persist,0.995580108908658
2023-09-30,mega,ema,0.9761888416888845
2023-09-30,mega,persist,0.997050511864054
2023-09-30,mega,ema,0.9996634777663217
2023-09-30,mega,persist,0.9956107874278646
2023-09-30,mega,ema,0.9935479532399567
2023-09-30,mega,persist,0.9995626281800255
2023-09-30,mega,ema,0.9997806863442809
2023-09-30,mega,persist,0.03451518397758132
2023-09-30,mega,persist,0.9894365186253175
2023-09-30,mega,ema,0.9854353671009898
2023-09-30,mega,persist,0.9718316912510019
2023-09-30,mega,ema,0.9653792572449076
2023-09-30,mega,persist,0.9999931633679464
2023-09-30,mega,ema,0.9999931633679464
2023-09-30,mega,persist,0.9995039066563428
2023-09-30,mega,ema,0.9999953392578926
2023-09-30,mega,persist,0.6813615942828073
2023-09-30,mega,ema,0.6391576533103647
2023-09-30,mega,persist,0.9975383121775825
2023-09-30,mega,ema,0.9974473252238919
2023-09-30,mega,persist,0.9332753783159736
2023-09-30,mega,ema,0.9616815075330026
2023-09-30,mega,persist,0.9838906757189199
2023-09-30,mega,ema,0.9524819229258837
2023-09-30,mega,persist,0.9946264379252903
2023-09-30,mega,ema,0.9934413053745446
2023-09-30,mega,persist,0.9913653929949438
2023-09-30,mega,ema,0.9903739401716298
2023-09-30,mega,persist,0.8626679491457226
2023-09-30,mega,ema,0.8449029883225931
2023-09-30,mega,persist,0.9989675764361367
2023-09-30,mega,ema,0.9985376784476969
2023-09-30,mega,persist,0.9891640764956793
2023-09-30,mega,ema,0.9982362299761738
2023-09-30,mega,persist,0.9954545671852401
2023-09-30,mega,ema,0.9954545671852401
2023-09-30,mega,persist,0.9179952189075719
2023-09-30,mega,ema,0.9251452356447042
2023-09-30,mega,persist,0.9999569020905291
2023-09-30,mega,ema,0.9999569020905291
2023-09-30,mega,persist,0.9998497543314534
2023-09-30,mega,ema,0.9998497543314534
2023-09-30,mega,persist,0.9996500999772967
2023-09-30,mega,ema,1.0
2023-09-30,mega,persist,0.997654035572395
2023-09-30,mega,ema,0.9948463041068855
2023-09-30,mega,persist,0.90664481334186
2023-09-30,mega,ema,0.9009573017148137
2023-09-30,mega,persist,0.9999939403294439
2023-09-30,mega,ema,1.0
2023-09-30,mega,persist,0.9409818918806431
2023-09-30,mega,ema,0.9542251727308807
2023-09-30,mega,persist,0.9936258515670046
2023-09-30,mega,ema,0.9937985210239673
2023-09-30,mega,persist,0.9953238612610099
2023-09-30,mega,ema,0.9953187481017506
2023-09-30,mega,persist,0.8542150775864051
2023-09-30,mega,ema,0.8552839065799124
2023-09-30,mega,persist,0.6594142135106692
2023-09-30,mega,ema,0.7968892809027318
2023-09-30,mega,persist,0.9566477963113116
2023-09-30,mega,ema,0.9487410353862392
2023-09-30,mega,persist,0.9199765485170667
2023-09-30,mega,ema,0.7925836100701937
2023-09-30,mega,persist,0.6487677619262039
2023-09-30,mega,ema,0.6412706237126627
2023-09-30,mega,persist,0.8424953233658571
2023-09-30,mega,ema,0.8474464238554514
2023-09-30,mega,persist,0.9977923920167836
2023-09-30,mega,ema,0.9966052369537937
2023-09-30,mega,persist,0.5479542562728702
2023-09-30,mega,ema,0.5463993969929157
2023-09-30,mega,persist,0.9169104144285616
2023-09-30,mega,ema,0.793274052906027
2023-09-30,mega,persist,0.9930372682148522
2023-09-30,mega,ema,0.9974989166829847
2023-09-30,mega,persist,0.9904737403091135
2023-09-30,mega,ema,0.9904737403091135
2023-09-30,mega,persist,0.9717296486735004
2023-09-30,mega,ema,0.9717296486735004
2023-09-30,mega,persist,0.9856793540493674
2023-09-30,mega,ema,0.9862367799617286
2023-09-30,mega,persist,0.9998862418165037
2023-09-30,mega,ema,0.9960686380245188
2023-09-30,mega,persist,0.9995030895369481
2023-09-30,mega,ema,0.9976334816410536
2023-09-30,mega,persist,
2023-09-30,mega,ema,
2023-09-30,mega,persist,0.9676660211308155
2023-09-30,mega,ema,0.9581927315937288
2023-09-30,mega,persist,0.9881529881998392
2023-09-30,mega,ema,0.9881529881998392
2023-09-30,mega,persist,1.0
2023-09-30,mega,ema,0.9509103636697417
2023-09-30,mega,persist,0.9975182255127216
2023-09-30,mega,ema,0.9879343763261795
2023-09-30,mega,persist,0.9970125746768251
2023-09-30,mega,ema,0.9960679567114631
2023-09-30,mega,persist,0.9909677264004448
2023-09-30,mega,ema,0.9909677264004448
2023-09-30,mega,persist,0.7068545775605448
2023-09-30,mega,ema,0.6066742998599581
2023-09-30,mega,persist,0.9987940019430049
2023-09-30,mega,ema,0.9987940019430049
2023-09-30,mega,persist,0.9975041175791931
2023-09-30,mega,ema,0.9987683512184741
2023-09-30,mega,persist,0.9128980775945867
2023-09-30,mega,ema,0.9552070742795062
2023-09-30,mega,persist,0.6753681386128932
2023-09-30,mega,ema,0.7472017430604012
2023-09-30,mega,persist,0.9963896230714634
2023-09-30,mega,ema,0.9923162034840263
2023-09-30,mega,persist,0.9917213397373716
2023-09-30,mega,ema,0.9917114521913944
2023-09-30,mega,persist,0.9740603903736959
2023-09-30,mega,ema,0.9825372789372884
2023-09-30,mega,persist,0.9996994826089918
2023-09-30,mega,ema,0.9996994826089918
2023-09-30,mega,persist,0.9801948570745924
2023-09-30,mega,ema,0.9791898947427444
2023-09-30,mega,persist,0.9980826652094077
2023-09-30,mega,ema,0.9987888957792342
2023-09-30,mega,persist,0.9994250501968257
2023-09-30,mega,ema,0.9994614181262668
2023-09-30,mega,persist,0.947995389918819
2023-09-30,mega,ema,0.9546792604661052
2023-09-30,mega,persist,0.8418546807175374
2023-09-30,mega,ema,0.786212236153289
2023-09-30,mega,persist,0.9966996799455888
2023-09-30,mega,ema,0.9966996799455888
2023-09-30,mega,persist,0.9997839076253676
2023-09-30,mega,ema,0.9997839076253676
2023-09-30,mega,persist,0.9883468366038234
2023-09-30,mega,ema,0.9879676650421572
2023-09-30,mega,persist,0.9989713121948383
2023-09-30,mega,ema,0.9974208008524155
2023-09-30,mega,persist,0.9981470850673431
2023-09-30,mega,ema,0.9979439924460612
2023-09-30,mega,persist,0.9990626002103247
2023-09-30,mega,ema,0.9516383957462172
2023-09-30,mega,persist,0.9394167056636268
2023-09-30,mega,ema,0.9388989748575927
2023-09-30,mega,persist,0.9966002806033182
2023-09-30,mega,ema,0.995681382929467
2023-09-30,mega,persist,0.9518648640415803
2023-09-30,mega,ema,0.9588549649037447
2023-09-30,mega,persist,1.0
2023-09-30,mega,ema,1.0
2023-09-30,mega,persist,0.9910735353349314
2023-09-30,mega,ema,0.9910735353349314
2023-09-30,mega,persist,0.9499403388596827
2023-09-30,mega,ema,0.9676794919718078
2023-09-30,mega,persist,0.782143134409851
2023-09-30,mega,ema,0.714495134334548
2023-09-30,mega,persist,0.9984270239698542
2023-09-30,mega,ema,0.9972016183405099
2023-09-30,mega,persist,0.9894834964406086
2023-09-30,mega,ema,0.9894047161024337
2023-12-31,mega,persist,0.9925182248933391
2023-12-31,mega,ema,0.9929436375787707
2023-12-31,mega,persist,0.9998883515951184
2023-12-31,mega,ema,0.9998883515951184
2023-12-31,mega,persist,1.0
2023-12-31,mega,ema,1.0
2023-12-31,mega,persist,0.9952839097370498
2023-12-31,mega,ema,0.9952839097370498
2023-12-31,mega,persist,0.997681165737367
2023-12-31,mega,ema,0.9967469239628505
2023-12-31,mega,persist,0.9712217235138209
2023-12-31,mega,ema,0.9712217235138209
2023-12-31,mega,persist,0.9992924844865473
2023-12-31,mega,ema,0.9992924844865473
2023-12-31,mega,persist,0.995847930496076
2023-12-31,mega,ema,0.995847930496076
2023-12-31,mega,persist,0.9781124328365978
2023-12-31,mega,ema,0.9579705742757691
2023-12-31,mega,persist,0.994949217583641
2023-12-31,mega,ema,0.994949217583641
2023-12-31,mega,persist,1.0
2023-12-31,mega,ema,1.0
2023-12-31,mega,persist,0.9990588442913242
2023-12-31,mega,ema,0.9988571160424096
2023-12-31,mega,persist,0.9986408465871418
2023-12-31,mega,ema,0.9992137826404499
2023-12-31,mega,persist,0.9968925728118206
2023-12-31,mega,ema,0.9918660665142852
2023-12-31,mega,persist,0.9965344014066624
2023-12-31,mega,ema,0.9900580943260489
2023-12-31,mega,persist,0.99873043184006
2023-12-31,mega,ema,0.99873043184006
2023-12-31,mega,persist,0.9963904852662149
2023-12-31,mega,ema,0.9963904852662149
2023-12-31,mega,persist,0.9958280437664748
2023-12-31,mega,ema,0.9958280437664748
2023-12-31,mega,persist,1.0
2023-12-31,mega,ema,1.0
2023-12-31,mega,persist,0.9960918870805776
2023-12-31,mega,ema,0.9962596352447003
2023-12-31,mega,persist,0.9988923721567923
2023-12-31,mega,ema,0.9988923721567923
2023-12-31,mega,persist,0.9984756241500558
2023-12-31,mega,ema,0.9984529254469348
2023-12-31,mega,persist,0.9717856250612579
2023-12-31,mega,persist,0.9985236110015397
2023-12-31,mega,ema,0.9985236110015397
2023-12-31,mega,persist,0.9999073912470346
2023-12-31,mega,ema,0.8040037863157362
2023-12-31,mega,persist,0.996932318982557
2023-12-31,mega,persist,0.9955583365392527
2023-12-31,mega,ema,0.9911230940885655
2023-12-31,mega,persist,0.908269789979805
2023-12-31,mega,ema,0.9174833972684345
2023-12-31,mega,persist,0.9917681861323939
2023-12-31,mega,ema,0.9915979763802332
2023-12-31,mega,persist,0.9961127775051988
2023-12-31,mega,ema,0.9961127775051988
2023-12-31,mega,persist,0.9724326247493152
2023-12-31,mega,ema,0.9690070432124097
2023-12-31,mega,persist,0.9956977404504437
2023-12-31,mega,ema,0.9956977404504437
2023-12-31,mega,persist,0.921889308003174
2023-12-31,mega,ema,0.899887642831924
2023-12-31,mega,persist,0.9722346302138647
2023-12-31,mega,ema,0.9607043871428655
2023-12-31,mega,persist,0.9957698038254907
2023-12-31,mega,ema,0.9951374130687571
2023-12-31,mega,persist,0.9903280804807442
2023-12-31,mega,ema,0.9865515736407184
2023-12-31,mega,persist,0.8204084273851665
2023-12-31,mega,ema,0.8411009472180182
2023-12-31,mega,persist,0.9966086110784113
2023-12-31,mega,ema,0.9957055344019439
2023-12-31,mega,persist,0.9877961347583644
2023-12-31,mega,ema,0.9877961347583644
2023-12-31,mega,persist,0.9957176220762259
2023-12-31,mega,ema,0.9857608297299685
2023-12-31,mega,persist,0.5343449011233409
2023-12-31,mega,ema,0.6871675055142729
2023-12-31,mega,persist,0.9974281210920909
2023-12-31,mega,ema,0.9974281210920909
2023-12-31,mega,persist,0.9960609728977813
2023-12-31,mega,ema,0.9959640666484687
2023-12-31,mega,persist,0.9990959318195479
2023-12-31,mega,ema,0.9990959318195479
2023-12-31,mega,persist,0.9829388221326399
2023-12-31,mega,ema,0.9829388221326399
2023-12-31,mega,persist,0.8857887763973611
2023-12-31,mega,ema,0.8703371268102521
2023-12-31,mega,persist,0.9984532445979398
2023-12-31,mega,ema,0.9986471683589752
2023-12-31,mega,persist,0.9609227530213053
2023-12-31,mega,ema,0.9596801561073176
2023-12-31,mega,persist,0.9898811075668429
2023-12-31,mega,ema,0.9898811075668429
2023-12-31,mega,persist,0.991647270629741
2023-12-31,mega,ema,0.991647270629741
2023-12-31,mega,persist,1.0
2023-12-31,mega,ema,0.998960746787635
2023-12-31,mega,persist,0.8410298169755412
2023-12-31,mega,ema,0.8606147618728461
2023-12-31,mega,persist,0.9977276821180754
2023-12-31,mega,ema,0.9816988646496982
2023-12-31,mega,persist,0.02865723178998292
2023-12-31,mega,ema,0.022536518526670074
2023-12-31,mega,persist,0.49024700856524195
2023-12-31,mega,ema,0.49130551543849965
2023-12-31,mega,persist,0.7989679332181439
2023-12-31,mega,ema,0.812854986309579
2023-12-31,mega,persist,0.9643597591317595
2023-12-31,mega,ema,0.9724039377751827
2023-12-31,mega,persist,0.6546269204908662
2023-12-31,mega,ema,0.5967474011841838
2023-12-31,mega,persist,0.9614824900243261
2023-12-31,mega,ema,0.9558741118516091
2023-12-31,mega,persist,0.9943261443107133
2023-12-31,mega,persist,0.9909500839958181
2023-12-31,mega,ema,0.9909149459268032
2023-12-31,mega,persist,0.9743057682950322
2023-12-31,mega,ema,0.9744684197909644
2023-12-31,mega,persist,0.99993828210795
2023-12-31,mega,ema,0.9970668327106309
2023-12-31,mega,persist,0.9964365110687996
2023-12-31,mega,ema,0.9970110263518914
2023-12-31,mega,persist,0.9939235222200526
2023-12-31,mega,ema,0.9939235222200526
2023-12-31,mega,persist,0.9986272404712215
2023-12-31,mega,ema,0.9945090383896228
2023-12-31,mega,persist,0.0023776184949973497
2023-12-31,mega,ema,0.0023776184949973497
2023-12-31,mega,persist,0.9732691543783754
2023-12-31,mega,ema,0.9722286543995188
2023-12-31,mega,persist,0.9860728893975285
2023-12-31,mega,ema,0.9857856766696043
2023-12-31,mega,persist,0.9862892604363872
2023-12-31,mega,ema,0.9862892604363872
2023-12-31,mega,persist,0.9977951741489087
2023-12-31,mega,ema,0.993388630461287
2023-12-31,mega,persist,0.9981575485968944
2023-12-31,mega,ema,0.9981925294374883
2023-12-31,mega,persist,0.9909899892384759
2023-12-31,mega,ema,0.9909348156322807
2023-12-31,mega,persist,0.7521797664919103
2023-12-31,mega,ema,0.7305586065454767
2023-12-31,mega,persist,0.9951205721453544
2023-12-31,mega,ema,0.9949998426566359
2023-12-31,mega,persist,0.9918170173912908
2023-12-31,mega,ema,0.9918170173912908
2023-12-31,mega,persist,0.9726457074181594
2023-12-31,mega,ema,0.9497056843790944
2023-12-31,mega,persist,0.6072590315313362
2023-12-31,mega,ema,0.7409269926923346
2023-12-31,mega,persist,0.986646113808088
2023-12-31,mega,ema,0.9871686305119659
2023-12-31,mega,persist,0.9856662576963696
2023-12-31,mega,ema,0.9852174169427341
2023-12-31,mega,persist,0.9877460245934295
2023-12-31,mega,ema,0.9899118065033018
2023-12-31,mega,persist,0.9970451965565128
2023-12-31,mega,ema,0.9985465116689372
2023-12-31,mega,persist,0.9173910003667584
2023-12-31,mega,ema,0.9159185892174765
2023-12-31,mega,persist,0.9956732306741344
2023-12-31,mega,ema,0.99318798162578
2023-12-31,mega,persist,0.9944688203287569
2023-12-31,mega,ema,0.9944688203287569
2023-12-31,mega,persist,0.9591683126312935
2023-12-31,mega,ema,0.9519182195373076
2023-12-31,mega,persist,0.13515175441008198
2023-12-31,mega,ema,0.13515175441008198
2023-12-31,mega,persist,0.9952234945399943
2023-12-31,mega,ema,0.995107841901594
2023-12-31,mega,persist,0.9994030652604459
2023-12-31,mega,ema,0.9994030652604459
2023-12-31,mega,persist,0.9889522599760191
2023-12-31,mega,ema,0.9889522599760191
2023-12-31,mega,persist,0.9964179892650709
2023-12-31,mega,ema,0.9998675747869648
2023-12-31,mega,persist,0.9521600637624962
2023-12-31,mega,ema,0.9434145803348384
2023-12-31,mega,persist,0.9816590449411808
2023-12-31,mega,ema,0.9914452326225319
2023-12-31,mega,persist,0.9974684099490042
2023-12-31,mega,ema,0.9893123348296307
2023-12-31,mega,persist,0.9980729616894521
2023-12-31,mega,ema,0.9883128991305085
2023-12-31,mega,persist,0.9689950281939875
2023-12-31,mega,ema,0.9762501129648246
2023-12-31,mega,persist,0.3144856142157719
2023-12-31,mega,ema,0.3144856142157719
2023-12-31,mega,persist,1.0
2023-12-31,mega,ema,0.9938567853144001
2023-12-31,mega,persist,0.9271805622801357
2023-12-31,mega,ema,0.940173086232813
2024-03-31,mega,persist,0.9700260025826011
2024-03-31,mega,ema,0.9834184574877542
2024-03-31,mega,persist,0.9827213135686345
2024-03-31,mega,ema,0.9827213135686345
2024-03-31,mega,persist,1.0
2024-03-31,mega,ema,1.0
2024-03-31,mega,persist,0.9592044308479653
2024-03-31,mega,ema,0.9566976599537198
2024-03-31,mega,persist,0.9501054351677157
2024-03-31,mega,ema,0.9326156193254737
2024-03-31,mega,persist,0.9871294984487936
2024-03-31,mega,ema,0.9913591747572402
2024-03-31,mega,persist,0.9930591303977347
2024-03-31,mega,ema,0.9964956807488375
2024-03-31,mega,persist,0.9596578903963768
2024-03-31,mega,ema,0.9549089434595713
2024-03-31,mega,persist,0.9864999345840931
2024-03-31,mega,ema,0.9798959396442529
2024-03-31,mega,persist,0.9664999651191876
2024-03-31,mega,ema,0.9664999651191876
2024-03-31,mega,persist,1.0
2024-03-31,mega,ema,1.0
2024-03-31,mega,persist,0.997701396150184
2024-03-31,mega,ema,0.9975728191222649
2024-03-31,mega,persist,0.9917946195121126
2024-03-31,mega,ema,0.9963852275799764
2024-03-31,mega,persist,0.9918149898229056
2024-03-31,mega,ema,0.9949578208951045
2024-03-31,mega,persist,0.9867937127479913
2024-03-31,mega,ema,0.9866119234156312
2024-03-31,mega,persist,0.982069095703242
2024-03-31,mega,ema,0.9905622315412375
2024-03-31,mega,persist,0.9598311524374196
2024-03-31,mega,ema,0.9645335274598739
2024-03-31,mega,persist,0.9850172216828998
2024-03-31,mega,ema,0.984263284174836
2024-03-31,mega,persist,0.9931199058830238
2024-03-31,mega,ema,0.9931199058830238
2024-03-31,mega,persist,0.9721867113466395
2024-03-31,mega,ema,0.9709209706450925
2024-03-31,mega,persist,0.9869258463049394
2024-03-31,mega,ema,0.9496671522127361
2024-03-31,mega,persist,0.9951985933971289
2024-03-31,mega,ema,0.9951985933971289
2024-03-31,mega,persist,0.9660454451402776
2024-03-31,mega,ema,0.9708338872217323
2024-03-31,mega,persist,0.9896359768308075
2024-03-31,mega,ema,0.9883168354748554
2024-03-31,mega,persist,0.9775387751741977
2024-03-31,mega,ema,0.9735769698405445
2024-03-31,mega,persist,0.9950463224968079
2024-03-31,mega,ema,0.996488581550195
2024-03-31,mega,persist,0.9936739559747225
2024-03-31,mega,ema,0.9923912338499314
2024-03-31,mega,persist,0.9553023829912357
2024-03-31,mega,ema,0.955432045183594
2024-03-31,mega,persist,0.9596721488831701
2024-03-31,mega,ema,0.9596721488831701
2024-03-31,mega,persist,0.9904086958802111
2024-03-31,mega,ema,0.9904086958802111
2024-03-31,mega,persist,0.8449145679144737
2024-03-31,mega,ema,0.8970350625700945
2024-03-31,mega,persist,0.9904545788751334
2024-03-31,mega,ema,0.9863190129215607
2024-03-31,mega,persist,0.9641825628758305
2024-03-31,mega,ema,0.9682836045786312
2024-03-31,mega,persist,0.9525995352641823
2024-03-31,mega,ema,0.9545664712676876
2024-03-31,mega,persist,0.9989011504535992
2024-03-31,mega,ema,0.9979949004858748
2024-03-31,mega,persist,0.983620670625513
2024-03-31,mega,ema,0.9805328719097595
2024-03-31,mega,persist,0.9364995497154409
2024-03-31,mega,ema,0.9166783741265092
2024-03-31,mega,persist,0.9810075663613862
2024-03-31,mega,ema,0.982217988908702
2024-03-31,mega,persist,0.9862896142592648
2024-03-31,mega,ema,0.9860467563671726
2024-03-31,mega,persist,1.0
2024-03-31,mega,ema,1.0
2024-03-31,mega,persist,0.958164877163338
2024-03-31,mega,ema,0.943684594649988
2024-03-31,mega,persist,0.9954986240500656
2024-03-31,mega,ema,0.9954986240500656
2024-03-31,mega,persist,0.9892249812716826
2024-03-31,mega,ema,0.98896325085594
2024-03-31,mega,persist,0.9691630321314164
2024-03-31,mega,ema,0.9639689255097135
2024-03-31,mega,persist,0.9822384401034115
2024-03-31,mega,ema,0.9815090090981795
2024-03-31,mega,persist,0.8490235040127387
2024-03-31,mega,ema,0.8920203167168915
2024-03-31,mega,persist,0.9602220509443516
2024-03-31,mega,ema,0.9593980693730657
2024-03-31,mega,persist,0.8417534706838636
2024-03-31,mega,ema,0.8411148856130832
2024-03-31,mega,persist,0.992915098500703
2024-03-31,mega,ema,0.9752481548140164
2024-03-31,mega,persist,0.00014927404763919052
2024-03-31,mega,ema,0.00016032123218666892
2024-03-31,mega,persist,0.9982705641620248
2024-03-31,mega,ema,0.9982705641620248
2024-03-31,mega,persist,0.8931096710186173
2024-03-31,mega,ema,0.9305821479899844
2024-03-31,mega,persist,0.9882907469620772
2024-03-31,mega,ema,0.9897719865982609
2024-03-31,mega,persist,0.9449574139957517
2024-03-31,mega,ema,0.9449574139957517
2024-03-31,mega,persist,0.47007518665408266
2024-03-31,mega,ema,0.4985647361692969
2024-03-31,mega,persist,0.9119627548359308
2024-03-31,mega,ema,0.9182764914892341
2024-03-31,mega,persist,0.9374592332315217
2024-03-31,mega,ema,0.933470378224677
2024-03-31,mega,persist,0.4321792778525368
2024-03-31,mega,ema,0.4527249030284193
2024-03-31,mega,persist,0.978582728460503
2024-03-31,mega,ema,0.9740792135949147
2024-03-31,mega,persist,0.980315879681042
2024-03-31,mega,ema,0.9799882892243094
2024-03-31,mega,persist,0.8968469277726915
2024-03-31,mega,ema,0.8972629829172107
2024-03-31,mega,persist,0.9871054813015229
2024-03-31,mega,ema,0.9874696689116628
2024-03-31,mega,persist,0.9869644904437149
2024-03-31,mega,ema,0.9874037413504347
2024-03-31,mega,persist,0.9655850769632466
2024-03-31,mega,ema,0.9655850769632466
2024-03-31,mega,persist,0.9918570127437312
2024-03-31,mega,ema,0.9491798319273482
2024-03-31,mega,persist,0.9768793767062496
2024-03-31,mega,ema,0.9776792899802218
2024-03-31,mega,persist,
2024-03-31,mega,ema,
2024-03-31,mega,persist,0.9292388421296806
2024-03-31,mega,ema,0.9333436831834506
2024-03-31,mega,persist,0.9982182599811642
2024-03-31,mega,ema,0.9982182599811642
2024-03-31,mega,persist,0.946762980832488
2024-03-31,mega,ema,0.9469632675514752
2024-03-31,mega,persist,0.9977731079235556
2024-03-31,mega,ema,0.9977731079235556
2024-03-31,mega,persist,0.9660665386748234
2024-03-31,mega,ema,0.9344033272969224
2024-03-31,mega,persist,0.8142837650381881
2024-03-31,mega,ema,0.8289383270225797
2024-03-31,mega,persist,0.973322051540325
2024-03-31,mega,ema,0.9739089041540299
2024-03-31,mega,persist,0.9582617928038791
2024-03-31,mega,ema,0.9574562029489184
2024-03-31,mega,persist,0.936252431613504
2024-03-31,mega,ema,0.9343914070555958
2024-03-31,mega,persist,0.6045928624637225
2024-03-31,mega,ema,0.6093878077629934
2024-03-31,mega,persist,0.9859266601900504
2024-03-31,mega,ema,0.9859266601900504
2024-03-31,mega,persist,0.9942375871180301
2024-03-31,mega,ema,0.994653965862763
2024-03-31,mega,persist,0.9750904334512162
2024-03-31,mega,ema,0.9957781679385957
2024-03-31,mega,persist,0.9655448522376616
2024-03-31,mega,ema,0.9612219805597398
2024-03-31,mega,persist,0.9692427829855252
2024-03-31,mega,ema,0.9466963165894748
2024-03-31,mega,persist,0.9638733727258698
2024-03-31,mega,ema,0.9641992921257252
2024-03-31,mega,persist,0.9569522019696151
2024-03-31,mega,ema,0.9551156748544514
2024-03-31,mega,persist,0.9753718586101031
2024-03-31,mega,ema,0.9644099836453379
2024-03-31,mega,persist,0.961904858758275
2024-03-31,mega,ema,0.961904858758275
2024-03-31,mega,persist,0.9879612692139154
2024-03-31,mega,ema,0.9879612692139154
2024-03-31,mega,persist,0.969631717148676
2024-03-31,mega,ema,0.969631717148676
2024-03-31,mega,persist,1.0
2024-03-31,mega,ema,0.999795164555803
2024-03-31,mega,persist,0.983286316521632
2024-03-31,mega,ema,0.983286316521632
2024-03-31,mega,persist,0.9991433078387341
2024-03-31,mega,ema,0.9811310332719475
2024-03-31,mega,persist,0.9552598993030128
2024-03-31,mega,ema,0.9477047786247356
2024-03-31,mega,persist,0.9716330576475575
2024-03-31,mega,ema,0.9708826279883491
2024-03-31,mega,persist,0.9873432771155516
2024-03-31,mega,ema,0.9855670892452644
2024-03-31,mega,persist,0.9730563671625931
2024-03-31,mega,ema,0.9829797190461494
2024-03-31,mega,persist,0.3339274816185853
2024-03-31,mega,ema,0.7048702986463703
2024-03-31,mega,persist,0.9662417286832514
2024-03-31,mega,ema,0.9662417286832514
2024-03-31,mega,persist,0.9396066908178371
2024-03-31,mega,ema,0.9370630838824635
2024-03-31,mega,persist,0.7853777483104573
2024-03-31,mega,ema,0.7264664438631762
2024-06-30,mega,persist,0.9951574450856728
2024-06-30,mega,ema,0.9833944595368704
2024-06-30,mega,persist,0.9862617945659677
2024-06-30,mega,ema,0.9890232969843438
2024-06-30,mega,persist,1.0
2024-06-30,mega,ema,1.0
2024-06-30,mega,persist,0.9996493672745426
2024-06-30,mega,ema,0.9996493672745426
2024-06-30,mega,persist,0.9811399249782642
2024-06-30,mega,ema,0.9791432583124415
2024-06-30,mega,persist,0.9904107552603493
2024-06-30,mega,ema,0.9815687062662183
2024-06-30,mega,persist,0.9999574323667059
2024-06-30,mega,ema,0.9950659574168709
2024-06-30,mega,persist,0.9995317252690431
2024-06-30,mega,ema,0.9998528434118283
2024-06-30,mega,persist,0.9923110925261022
2024-06-30,mega,ema,0.9964799100527739
2024-06-30,mega,persist,0.9961225432298922
2024-06-30,mega,ema,0.9959567444271467
2024-06-30,mega,persist,1.0
2024-06-30,mega,ema,1.0
2024-06-30,mega,persist,0.9988653359819518
2024-06-30,mega,ema,0.9988653359819518
2024-06-30,mega,persist,0.9988407948803746
2024-06-30,mega,ema,0.9992163217421651
2024-06-30,mega,persist,0.9664443331541974
2024-06-30,mega,ema,0.9633102454729765
2024-06-30,mega,persist,0.9897046278629985
2024-06-30,mega,ema,0.9870497727201683
2024-06-30,mega,persist,0.9862408346486623
2024-06-30,mega,ema,0.9999786499396358
2024-06-30,mega,persist,0.9476034219957927
2024-06-30,mega,ema,0.9476034219957927
2024-06-30,mega,persist,0.9957522442556627
2024-06-30,mega,ema,0.9957522442556627
2024-06-30,mega,persist,0.9993405441542288
2024-06-30,mega,ema,0.9931378210491172
2024-06-30,mega,persist,1.0
2024-06-30,mega,ema,0.9988947721986123
2024-06-30,mega,persist,0.9968025201165391
2024-06-30,mega,ema,0.992222730607537
2024-06-30,mega,persist,0.9920291188374031
2024-06-30,mega,ema,0.9884664526351389
2024-06-30,mega,persist,0.9948325274761531
2024-06-30,mega,ema,0.9907530825910654
2024-06-30,mega,persist,0.9936084390455011
2024-06-30,mega,ema,0.9933643293354522
2024-06-30,mega,persist,0.9197379567988263
2024-06-30,mega,ema,0.9183118762251593
2024-06-30,mega,persist,0.987863136493394
2024-06-30,mega,ema,0.9878785533317185
2024-06-30,mega,persist,0.9917502546348166
2024-06-30,mega,ema,0.9906411979298235
2024-06-30,mega,persist,0.8411329698066176
2024-06-30,mega,ema,0.8416470319639571
2024-06-30,mega,persist,0.9936364831713667
2024-06-30,mega,ema,0.9936566923951741
2024-06-30,mega,persist,0.9648466156187309
2024-06-30,mega,ema,0.9627682925954953
2024-06-30,mega,persist,1.0
2024-06-30,mega,persist,0.972198423906177
2024-06-30,mega,ema,0.9638041424263492
2024-06-30,mega,persist,0.9886322599530178
2024-06-30,mega,ema,0.9891418465115795
2024-06-30,mega,persist,0.93976241424635
2024-06-30,mega,ema,0.937214584596759
2024-06-30,mega,persist,0.9955997923058547
2024-06-30,mega,ema,0.9704900850882697
2024-06-30,mega,persist,0.9736766357519964
2024-06-30,mega,ema,0.9721505780522944
2024-06-30,mega,persist,0.9361728226837838
2024-06-30,mega,ema,0.9348263367960826
2024-06-30,mega,persist,0.9104933321882888
2024-06-30,mega,ema,0.9080962475624055
2024-06-30,mega,persist,0.9993135740824771
2024-06-30,mega,ema,0.9991378413086989
2024-06-30,mega,persist,1.0
2024-06-30,mega,ema,0.994785490824931
2024-06-30,mega,persist,1.0
2024-06-30,mega,ema,1.0
2024-06-30,mega,persist,0.9962692408683088
2024-06-30,mega,ema,0.9981597097930784
2024-06-30,mega,persist,1.0
2024-06-30,mega,ema,1.0
2024-06-30,mega,persist,0.9995289425947124
2024-06-30,mega,ema,0.9995289425947124
2024-06-30,mega,persist,0.9133891455921589
2024-06-30,mega,ema,0.9120119377480325
2024-06-30,mega,persist,0.9971699913769236
2024-06-30,mega,ema,0.9956905169038484
2024-06-30,mega,persist,0.8275191362221098
2024-06-30,mega,ema,0.7895301849195435
2024-06-30,mega,persist,0.9997889018555549
2024-06-30,mega,ema,0.9997889018555549
2024-06-30,mega,persist,0.9358601214232551
2024-06-30,mega,ema,0.938062139781713
2024-06-30,mega,persist,0.9830209398177983
2024-06-30,mega,ema,0.9821176652271096
2024-06-30,mega,persist,0.998322618565547
2024-06-30,mega,ema,0.998322618565547
2024-06-30,mega,persist,0.9893343732790468
2024-06-30,mega,ema,0.999961527961489
2024-06-30,mega,persist,0.938550803099772
2024-06-30,mega,ema,0.9078117403317414
2024-06-30,mega,persist,0.9734931184860527
2024-06-30,mega,ema,0.9693924598387279
2024-06-30,mega,persist,0.9107335273591394
2024-06-30,mega,ema,0.9420099784835128
2024-06-30,mega,persist,0.6596403827989943
2024-06-30,mega,ema,0.6907191057658892
2024-06-30,mega,persist,0.8447121974401981
2024-06-30,mega,ema,0.9153488967455959
2024-06-30,mega,persist,0.9816201483686714
2024-06-30,mega,ema,0.9650679840439728
2024-06-30,mega,persist,0.7627168794510901
2024-06-30,mega,ema,0.7350515544375237
2024-06-30,mega,persist,0.9879201785076586
2024-06-30,mega,ema,0.9834092415222784
2024-06-30,mega,persist,0.9881217429119813
2024-06-30,mega,ema,0.9867276651569725
2024-06-30,mega,persist,0.9717277289387336
2024-06-30,mega,ema,0.9647874721879725
2024-06-30,mega,persist,0.9936385732717493
2024-06-30,mega,ema,0.9784050504762718
2024-06-30,mega,persist,0.9914601784903049
2024-06-30,mega,ema,0.9914601784903049
2024-06-30,mega,persist,0.9649426348143505
2024-06-30,mega,ema,0.9655411879633384
2024-06-30,mega,persist,0.994532350484293
2024-06-30,mega,ema,0.994532350484293
2024-06-30,mega,persist,0.9701999564893122
2024-06-30,mega,ema,0.9952087692616085
2024-06-30,mega,persist,0.002997494679133178
2024-06-30,mega,ema,0.002997494679133178
2024-06-30,mega,persist,0.9637170315701441
2024-06-30,mega,ema,0.978421454761297
2024-06-30,mega,persist,0.9987092945506234
2024-06-30,mega,ema,0.9983462661635193
2024-06-30,mega,persist,0.9798728618842331
2024-06-30,mega,ema,0.9816939578704289
2024-06-30,mega,persist,0.995488876733253
2024-06-30,mega,ema,0.995488876733253
2024-06-30,mega,persist,0.9862392767649344
2024-06-30,mega,ema,0.9874544923695652
2024-06-30,mega,persist,0.7824719441295833
2024-06-30,mega,ema,0.750846975894983
2024-06-30,mega,persist,0.9885082458479204
2024-06-30,mega,ema,0.9882809864499192
2024-06-30,mega,persist,0.9982493464744673
2024-06-30,mega,ema,0.9980143301847816
2024-06-30,mega,persist,0.9803097907055583
2024-06-30,mega,ema,0.9817086046656452
2024-06-30,mega,persist,0.6722741348861043
2024-06-30,mega,ema,0.6485704403379304
2024-06-30,mega,persist,0.993193334896792
2024-06-30,mega,ema,0.9886148741605232
2024-06-30,mega,persist,0.9835868960392367
2024-06-30,mega,ema,0.9921636174942157
2024-06-30,mega,persist,0.9794040561544948
2024-06-30,mega,ema,0.9791189546498352
2024-06-30,mega,persist,0.9968842801817351
2024-06-30,mega,ema,0.997090429648524
2024-06-30,mega,persist,0.9498833994610609
2024-06-30,mega,ema,0.9425001690984256
2024-06-30,mega,persist,0.9930995503815535
2024-06-30,mega,ema,0.9927263541230729
2024-06-30,mega,persist,0.9957785185235332
2024-06-30,mega,ema,0.9957785185235332
2024-06-30,mega,persist,0.9290082762873249
2024-06-30,mega,ema,0.9491456482167708
2024-06-30,mega,persist,0.9572429185895557
2024-06-30,mega,ema,0.9542365402343169
2024-06-30,mega,persist,0.9421053557123951
2024-06-30,mega,ema,0.9367102496040799
2024-06-30,mega,persist,0.9346568873876895
2024-06-30,mega,ema,0.9313202848642123
2024-06-30,mega,persist,0.9985677078749494
2024-06-30,mega,ema,0.9985677078749494
2024-06-30,mega,persist,0.9964250561473065
2024-06-30,mega,ema,0.9910351973396823
2024-06-30,mega,persist,0.7818035182254865
2024-06-30,mega,ema,0.7818035182254865
2024-06-30,mega,persist,0.9838643103746553
2024-06-30,mega,ema,0.9844935077860273
2024-06-30,mega,persist,0.9978474640526339
2024-06-30,mega,ema,0.9943667776385468
2024-06-30,mega,persist,0.9965948982441881
2024-06-30,mega,ema,0.9793924748858822
2024-06-30,mega,persist,0.9524119265449608
2024-06-30,mega,ema,0.9540028563074311
2024-06-30,mega,persist,0.9990194072731644
2024-06-30,mega,ema,0.9955696464486902
2024-06-30,mega,persist,0.9574597157621136
2024-06-30,mega,ema,0.9546726409335339
2024-06-30,mega,persist,0.9484896220346828
2024-06-30,mega,ema,0.9432632940658445
2024-09-30,mega,persist,0.985830308892784
2024-09-30,mega,ema,0.9791242088957174
2024-09-30,mega,persist,0.9993808181240196
2024-09-30,mega,ema,0.9993808181240196
2024-09-30,mega,persist,1.0
2024-09-30,mega,ema,1.0
2024-09-30,mega,persist,0.9893384140383489
2024-09-30,mega,ema,0.9893384140383489
2024-09-30,mega,persist,0.9785236779133527
2024-09-30,mega,ema,0.9785236779133527
2024-09-30,mega,persist,0.9701844397587733
2024-09-30,mega,ema,0.9876773179953995
2024-09-30,mega,persist,0.9949849860561962
2024-09-30,mega,ema,0.9969490630225175
2024-09-30,mega,persist,0.979497082343916
2024-09-30,mega,ema,0.9866938966146537
2024-09-30,mega,persist,0.9946262948483193
2024-09-30,mega,ema,0.9941719703726974
2024-09-30,mega,persist,0.9910666386157138
2024-09-30,mega,ema,0.9910666386157138
2024-09-30,mega,persist,1.0
2024-09-30,mega,ema,1.0
2024-09-30,mega,persist,0.9987298544436332
2024-09-30,mega,ema,0.9987548229955738
2024-09-30,mega,persist,0.9935501354048285
2024-09-30,mega,ema,0.9923480755018543
2024-09-30,mega,persist,0.9993500265387374
2024-09-30,mega,ema,0.9995909601724285
2024-09-30,mega,persist,0.9919916824866607
2024-09-30,mega,ema,0.9925026685449305
2024-09-30,mega,persist,0.9947583767665417
2024-09-30,mega,ema,0.9954235275268213
2024-09-30,mega,persist,0.9460627918759608
2024-09-30,mega,ema,0.9611170387896262
2024-09-30,mega,persist,0.9933417596801286
2024-09-30,mega,ema,0.9942181485655983
2024-09-30,mega,persist,0.9994108881531186
2024-09-30,mega,ema,0.9994108881531186
2024-09-30,mega,persist,0.9977303843811036
2024-09-30,mega,ema,0.9977303843811036
2024-09-30,mega,persist,0.9757885293729195
2024-09-30,mega,ema,0.9819281429548615
2024-09-30,mega,persist,0.9948074501690068
2024-09-30,mega,ema,0.9994574449387748
2024-09-30,mega,persist,0.9970512949437509
2024-09-30,mega,ema,0.9975922740872722
2024-09-30,mega,persist,3.116007805706664e-05
2024-09-30,mega,ema,3.116007805706664e-05
2024-09-30,mega,persist,0.9947144988716224
2024-09-30,mega,ema,0.9951113914183
2024-09-30,mega,persist,0.968985033546248
2024-09-30,mega,ema,0.9704057891543005
2024-09-30,mega,persist,0.9902504148812535
2024-09-30,mega,ema,0.985165949922937
2024-09-30,mega,persist,0.9860925692674556
2024-09-30,mega,ema,0.9864294437918588
2024-09-30,mega,persist,0.9900516103406166
2024-09-30,mega,ema,0.9900516103406166
2024-09-30,mega,persist,0.9918986580886247
2024-09-30,mega,ema,0.9912052110967067
2024-09-30,mega,persist,0.9954087855925886
2024-09-30,mega,ema,0.9954087855925886
2024-09-30,mega,persist,0.9992012241779279
2024-09-30,mega,ema,0.9993855346884073
2024-09-30,mega,persist,0.9974096906178466
2024-09-30,mega,ema,0.9974096906178466
2024-09-30,mega,persist,0.8967586081938209
2024-09-30,mega,ema,0.8914188665066471
2024-09-30,mega,persist,0.9607750139148009
2024-09-30,mega,ema,0.958799452361924
2024-09-30,mega,persist,0.984618677761557
2024-09-30,mega,ema,0.9842314691797991
2024-09-30,mega,persist,0.9993570472622842
2024-09-30,mega,ema,0.9954752641302618
2024-09-30,mega,persist,0.8599969991807113
2024-09-30,mega,ema,0.8505607073661876
2024-09-30,mega,persist,0.9983151726430819
2024-09-30,mega,ema,0.9983151726430819
2024-09-30,mega,persist,0.9974431070164538
2024-09-30,mega,ema,0.9974431070164538
2024-09-30,mega,persist,0.16319357801330867
2024-09-30,mega,ema,0.16319357801330867
2024-09-30,mega,persist,0.9568421425765833
2024-09-30,mega,ema,0.9560262462857643
2024-09-30,mega,persist,0.9915398704702346
2024-09-30,mega,ema,0.9915398704702346
2024-09-30,mega,persist,0.9951682081749529
2024-09-30,mega,ema,0.9977588556533359
2024-09-30,mega,persist,0.9216767826061542
2024-09-30,mega,ema,0.9146169140495259
2024-09-30,mega,persist,0.9808492758066693
2024-09-30,mega,ema,0.9852701602945444
2024-09-30,mega,persist,0.8452711559867677
2024-09-30,mega,ema,0.8262637294352019
2024-09-30,mega,persist,0.9892066263959486
2024-09-30,mega,ema,0.9892066263959486
2024-09-30,mega,persist,0.865348259184156
2024-09-30,mega,ema,0.8698992262178502
2024-09-30,mega,persist,0.9989246739816946
2024-09-30,mega,ema,0.9992270856965697
2024-09-30,mega,persist,0.9812961421465584
2024-09-30,mega,ema,0.9879874470877101
2024-09-30,mega,persist,0.4408929614384619
2024-09-30,mega,ema,0.4408929614384619
2024-09-30,mega,persist,0.9871723605618866
2024-09-30,mega,ema,0.9757615453191467
2024-09-30,mega,persist,0.9971151166046751
2024-09-30,mega,ema,0.996626271866374
2024-09-30,mega,persist,0.8966423972009708
2024-09-30,mega,ema,0.8851994817848933
2024-09-30,mega,persist,0.5754546702081227
2024-09-30,mega,ema,0.5368684711948102
2024-09-30,mega,persist,0.7578359616412405
2024-09-30,mega,ema,0.7908075740882177
2024-09-30,mega,persist,0.9797113427751875
2024-09-30,mega,ema,0.976766514638795
2024-09-30,mega,persist,0.8499465766181713
2024-09-30,mega,ema,0.8207927222708786
2024-09-30,mega,persist,0.9828141452448214
2024-09-30,mega,ema,0.9743062933369392
2024-09-30,mega,persist,0.9886599127600038
2024-09-30,mega,ema,0.9751740380752418
2024-09-30,mega,persist,0.9687361014263882
2024-09-30,mega,ema,0.9691609340357454
2024-09-30,mega,persist,0.9924480135804963
2024-09-30,mega,ema,0.9920633839676257
2024-09-30,mega,persist,0.9972030818736417
2024-09-30,mega,ema,0.9974503396258328
2024-09-30,mega,persist,0.9911196955565311
2024-09-30,mega,ema,0.9851545213899784
2024-09-30,mega,persist,0.9893843856543759
2024-09-30,mega,ema,0.9880632855312627
2024-09-30,mega,persist,0.9999636320665283
2024-09-30,mega,ema,0.9999636320665283
2024-09-30,mega,persist,
2024-09-30,mega,ema,
2024-09-30,mega,persist,0.9874145225642156
2024-09-30,mega,ema,0.9916463390712986
2024-09-30,mega,persist,0.992234107688641
2024-09-30,mega,ema,0.9902756061974799
2024-09-30,mega,persist,0.9783332395993471
2024-09-30,mega,ema,0.9908459725582555
2024-09-30,mega,persist,0.9965883376392649
2024-09-30,mega,ema,0.9965570565680456
2024-09-30,mega,persist,0.994111208701263
2024-09-30,mega,ema,0.9924930301515928
2024-09-30,mega,persist,0.754836082320213
2024-09-30,mega,ema,0.7873616352678002
2024-09-30,mega,persist,0.550469291750206
2024-09-30,mega,ema,0.5508109136190222
2024-09-30,mega,persist,0.9787977482531327
2024-09-30,mega,ema,0.9796727348341387
2024-09-30,mega,persist,0.9455196460418651
2024-09-30,mega,ema,0.9414591535996071
2024-09-30,mega,persist,0.6135589384932258
2024-09-30,mega,ema,0.6489122104787673
2024-09-30,mega,persist,0.9918258616845659
2024-09-30,mega,ema,0.9909457893162175
2024-09-30,mega,persist,0.9404962033884431
2024-09-30,mega,ema,0.9404962033884431
2024-09-30,mega,persist,0.9979770389727457
2024-09-30,mega,ema,0.9960763434043141
2024-09-30,mega,persist,0.9758002467302173
2024-09-30,mega,ema,0.9774469113883505
2024-09-30,mega,persist,0.9719886145667849
2024-09-30,mega,ema,0.9722276001452317
2024-09-30,mega,persist,0.9929694727259114
2024-09-30,mega,ema,0.9983468426595264
2024-09-30,mega,persist,0.9959743772675257
2024-09-30,mega,ema,0.9961400972885925
2024-09-30,mega,persist,0.907546478842807
2024-09-30,mega,ema,0.9123284696692519
2024-09-30,mega,persist,0.8805723767407385
2024-09-30,mega,ema,0.9294939611594805
2024-09-30,mega,persist,0.9804798572082261
2024-09-30,mega,ema,0.9695148959143604
2024-09-30,mega,persist,0.9696270349215625
2024-09-30,mega,ema,0.971346442652809
2024-09-30,mega,persist,0.9917340372311635
2024-09-30,mega,ema,0.9999177635428724
2024-09-30,mega,persist,0.998918804334952
2024-09-30,mega,ema,0.9987727636440086
2024-09-30,mega,persist,0.9274197774726639
2024-09-30,mega,ema,0.941885621335632
2024-09-30,mega,persist,0.9869913162424252
2024-09-30,mega,ema,0.9869913162424252
2024-09-30,mega,persist,0.987130627557673
2024-09-30,mega,ema,0.9868626564976836
2024-09-30,mega,persist,0.9914496556828705
2024-09-30,mega,ema,0.9968569015622527
2024-09-30,mega,persist,0.9416620381668934
2024-09-30,mega,ema,0.9400873733321156
2024-09-30,mega,persist,0.9992268522007731
2024-09-30,mega,ema,0.9968494818814123
2024-09-30,mega,persist,0.9818022830392046
2024-09-30,mega,ema,0.9781962470248757
2024-09-30,mega,persist,0.9256957901828881
2024-09-30,mega,ema,0.9639429246609477
2024-12-31,mega,persist,1.0
2024-12-31,mega,ema,0.9947235210121177
2024-12-31,mega,persist,0.9968074708647975
2024-12-31,mega,ema,0.9968074708647975
2024-12-31,mega,persist,1.0
2024-12-31,mega,ema,1.0
2024-12-31,mega,persist,0.9948498392981702
2024-12-31,mega,persist,0.9856635598315218
2024-12-31,mega,ema,0.9855394857641224
2024-12-31,mega,persist,0.9891413503245206
2024-12-31,mega,ema,0.9891413503245206
2024-12-31,mega,persist,0.9496155545244203
2024-12-31,mega,ema,0.9616111375852463
2024-12-31,mega,persist,0.995514203097287
2024-12-31,mega,ema,0.995514203097287
2024-12-31,mega,persist,0.9861811995139225
2024-12-31,mega,persist,0.9963958929848
2024-12-31,mega,ema,0.9822609081156919
2024-12-31,mega,persist,0.9891062133541672
2024-12-31,mega,ema,0.9903064016725674
2024-12-31,mega,persist,0.9965531183531673
2024-12-31,mega,ema,0.9965563792000539
2024-12-31,mega,persist,1.0
2024-12-31,mega,ema,1.0
2024-12-31,mega,persist,0.9992874507451102
2024-12-31,mega,ema,0.9995263187749943
2024-12-31,mega,persist,0.9843860751921728
2024-12-31,mega,ema,0.9843860751921728
2024-12-31,mega,persist,0.9852512953677532
2024-12-31,mega,ema,0.9852512953677532
2024-12-31,mega,persist,0.9852016579146602
2024-12-31,mega,ema,0.9845072504601974
2024-12-31,mega,persist,0.9989093218607686
2024-12-31,mega,ema,0.9989093218607686
2024-12-31,mega,persist,0.9323252462611226
2024-12-31,mega,ema,0.916793884679404
2024-12-31,mega,persist,0.9868279280437612
2024-12-31,mega,ema,0.9866570347062378
2024-12-31,mega,persist,0.974193948919497
2024-12-31,mega,ema,0.974193948919497
2024-12-31,mega,persist,0.9937566701195891
2024-12-31,mega,ema,0.9931777398073577
2024-12-31,mega,persist,0.998229097537326
2024-12-31,mega,ema,0.9985502277603364
2024-12-31,mega,persist,0.9859371138736758
2024-12-31,mega,ema,0.9861302330868448
2024-12-31,mega,persist,0.00024600227809502286
2024-12-31,mega,ema,0.00024600227809502286
2024-12-31,mega,persist,0.989594679541388
2024-12-31,mega,persist,0.9957506762678769
2024-12-31,mega,ema,0.9993629972184956
2024-12-31,mega,persist,0.9944540065078668
2024-12-31,mega,ema,0.9942369754430074
2024-12-31,mega,persist,0.8819950885688596
2024-12-31,mega,ema,0.882204230827654
2024-12-31,mega,persist,0.9649222804795851
2024-12-31,mega,ema,0.9669310372090613
2024-12-31,mega,persist,0.3800611515374384
2024-12-31,mega,ema,0.37700031120231975
2024-12-31,mega,persist,0.9980884570610927
2024-12-31,mega,ema,0.983900057908404
2024-12-31,mega,persist,0.9935562506289276
2024-12-31,mega,ema,0.993550191160204
2024-12-31,mega,persist,0.9745803348502072
2024-12-31,mega,ema,0.9771391719185327
2024-12-31,mega,persist,0.6381048473789555
2024-12-31,mega,ema,0.6366880361373191
2024-12-31,mega,persist,0.5681265010254949
2024-12-31,mega,ema,0.5900889203246974
2024-12-31,mega,persist,0.9723731982166669
2024-12-31,mega,ema,0.9723731982166669
2024-12-31,mega,persist,0.987537167623196
2024-12-31,mega,ema,0.9810946288406678
2024-12-31,mega,persist,0.5808454558633517
2024-12-31,mega,ema,0.5802661635337308
2024-12-31,mega,persist,0.9504380394950656
2024-12-31,mega,ema,0.9518142805690917
2024-12-31,mega,persist,0.9818622888083802
2024-12-31,mega,ema,0.9729962887086516
2024-12-31,mega,persist,0.998417897397087
2024-12-31,mega,ema,0.9982366654266958
2024-12-31,mega,persist,0.9950227683790159
2024-12-31,mega,ema,0.9950227683790159
2024-12-31,mega,persist,0.9349990092476331
2024-12-31,mega,ema,0.9083677831857052
2024-12-31,mega,persist,1.0
2024-12-31,mega,ema,1.0
2024-12-31,mega,persist,0.982762889618755
2024-12-31,mega,ema,0.9830867845407205
2024-12-31,mega,persist,0.9781034894727988
2024-12-31,mega,ema,0.976865587361009
2024-12-31,mega,persist,0.9998045024201929
2024-12-31,mega,ema,0.9984415123407572
2024-12-31,mega,persist,0.7155700694702892
2024-12-31,mega,ema,0.7175617841684456
2024-12-31,mega,persist,0.998400548817939
2024-12-31,mega,ema,0.9843635955027612
2024-12-31,mega,persist,0.9717532969378714
2024-12-31,mega,ema,0.9778024407218978
2024-12-31,mega,persist,0.9797056661625906
2024-12-31,mega,ema,0.9780747425347555
2024-12-31,mega,persist,0.9794889981323646
2024-12-31,mega,ema,0.9794926013189604
2024-12-31,mega,persist,1.0
2024-12-31,mega,ema,1.0
2024-12-31,mega,persist,0.9721236551021284
2024-12-31,mega,ema,0.9745390877910833
2024-12-31,mega,persist,0.9741956124341875
2024-12-31,mega,ema,0.9741956124341875
2024-12-31,mega,persist,0.7621029471872002
2024-12-31,mega,ema,0.744179831954835
2024-12-31,mega,persist,0.5127007115582763
2024-12-31,mega,ema,0.5051670809292257
2024-12-31,mega,persist,0.6599846978194494
2024-12-31,mega,ema,0.7819820039903959
2024-12-31,mega,persist,0.17637635248334818
2024-12-31,mega,ema,0.17637635248334818
2024-12-31,mega,persist,0.8973492610559262
2024-12-31,mega,ema,0.8717681702365885
2024-12-31,mega,persist,0.9699523418652009
2024-12-31,mega,ema,0.9524219326456022
2024-12-31,mega,persist,0.9920387356729999
2024-12-31,mega,ema,0.9732935255217323
2024-12-31,mega,persist,0.6543399613006288
2024-12-31,mega,ema,0.6314669910748943
2024-12-31,mega,persist,0.9843462718973484
2024-12-31,mega,ema,0.9841624014198048
2024-12-31,mega,persist,0.9953679084097744
2024-12-31,mega,ema,0.9966623781490929
2024-12-31,mega,persist,0.9848152883111142
2024-12-31,mega,ema,0.9960269101086299
2024-12-31,mega,persist,0.9787311184740349
2024-12-31,mega,ema,0.9859379001083619
2024-12-31,mega,persist,0.9918282480384409
2024-12-31,mega,ema,0.9918282480384409
2024-12-31,mega,persist,0.002348957674337107
2024-12-31,mega,ema,0.002348957674337107
2024-12-31,mega,persist,0.9611644244518743
2024-12-31,mega,ema,0.9741201911422332
2024-12-31,mega,persist,0.994470977408227
2024-12-31,mega,ema,0.9954961681115124
2024-12-31,mega,persist,0.9503705899864882
2024-12-31,mega,ema,0.9658478216689159
2024-12-31,mega,persist,0.9998650711143107
2024-12-31,mega,ema,0.998702337495397
2024-12-31,mega,persist,0.9642117393138577
2024-12-31,mega,ema,0.9677690607984168
2024-12-31,mega,persist,0.7599107725850563
2024-12-31,mega,ema,0.732055878549357
2024-12-31,mega,persist,0.2441234501856816
2024-12-31,mega,ema,0.3677854839361931
2024-12-31,mega,persist,0.9941507632042886
2024-12-31,mega,ema,0.9941507632042886
2024-12-31,mega,persist,0.9198046130231169
2024-12-31,mega,ema,0.9429498644254919
2024-12-31,mega,persist,0.2107548983646432
2024-12-31,mega,ema,0.20459880064817682
2024-12-31,mega,persist,0.9873201852664782
2024-12-31,mega,ema,0.98253388864846
2024-12-31,mega,persist,0.993094086235599
2024-12-31,mega,ema,0.9760785973823138
2024-12-31,mega,persist,0.9971281852789757
2024-12-31,mega,ema,0.9959727287046715
2024-12-31,mega,persist,0.9925615891321047
2024-12-31,mega,ema,0.9929043677524678
2024-12-31,mega,persist,0.9071076210880725
2024-12-31,mega,persist,0.9838605865994895
2024-12-31,mega,ema,0.9673364538375961
2024-12-31,mega,persist,0.9910771431415395
2024-12-31,mega,ema,0.9910771431415395
2024-12-31,mega,persist,0.9937789634394386
2024-12-31,mega,ema,0.9733792492927977
2024-12-31,mega,persist,0.9383775024156241
2024-12-31,mega,ema,0.9383775024156241
2024-12-31,mega,persist,0.879740152071887
2024-12-31,mega,ema,0.918043270206338
2024-12-31,mega,persist,0.9626521218662177
2024-12-31,mega,ema,0.9434994205774887
2024-12-31,mega,persist,0.9899283432333633
2024-12-31,mega,ema,0.99038642777628
2024-12-31,mega,persist,0.9858262661419502
2024-12-31,mega,ema,0.9858262661419502
2024-12-31,mega,persist,0.9979760250867641
2024-12-31,mega,ema,0.9994747591235277
2024-12-31,mega,persist,0.9989917635927048
2024-12-31,mega,ema,0.9989917635927048
2024-12-31,mega,persist,0.9976351209535608
2024-12-31,mega,ema,0.9825988258464728
2024-12-31,mega,persist,0.9774232726510766
2024-12-31,mega,ema,0.9448222404881622
2024-12-31,mega,persist,0.9824837063913064
2024-12-31,mega,ema,0.9791814255700642
2024-12-31,mega,persist,0.8303317391615562
2024-12-31,mega,ema,0.8520145391401426
2025-03-31,mega,persist,0.9996030167780313
2025-03-31,mega,ema,0.9996030167780313
2025-03-31,mega,persist,0.9981222999314877
2025-03-31,mega,persist,0.9942208577881051
2025-03-31,mega,ema,0.9935742425296812
2025-03-31,mega,persist,1.0
2025-03-31,mega,ema,1.0
2025-03-31,mega,persist,0.9970259184776785
2025-03-31,mega,ema,0.9974002317901189
2025-03-31,mega,persist,0.9941788009517679
2025-03-31,mega,ema,0.9979765903986393
2025-03-31,mega,persist,0.9987665272797942
2025-03-31,mega,ema,0.9958694413545667
2025-03-31,mega,persist,0.9628760223772262
2025-03-31,mega,ema,0.9724152236128246
2025-03-31,mega,persist,0.9903913750802935
2025-03-31,mega,ema,0.9908348849119851
2025-03-31,mega,persist,0.991698682633727
2025-03-31,mega,ema,0.9919520810609538
2025-03-31,mega,persist,0.9961957989854293
2025-03-31,mega,ema,0.9966658156425083
2025-03-31,mega,persist,0.8977042154726084
2025-03-31,mega,ema,0.9043005203131456
2025-03-31,mega,persist,0.9958471650409283
2025-03-31,mega,ema,0.9951920038246816
2025-03-31,mega,persist,1.0
2025-03-31,mega,ema,1.0
2025-03-31,mega,persist,0.9985073730223573
2025-03-31,mega,ema,0.9984321034645399
2025-03-31,mega,persist,0.9946366633937549
2025-03-31,mega,ema,0.9944945404680393
2025-03-31,mega,persist,0.9351422575219662
2025-03-31,mega,ema,0.9352743747709944
2025-03-31,mega,persist,0.9701573093148724
2025-03-31,mega,ema,0.9831091402916053
2025-03-31,mega,persist,0.9985408024240809
2025-03-31,mega,ema,0.9981330049230268
2025-03-31,mega,persist,0.9900450969993119
2025-03-31,mega,ema,0.9552539517353931
2025-03-31,mega,persist,0.9986985843228573
2025-03-31,mega,ema,0.9986985843228573
2025-03-31,mega,persist,0.9985785627642817
2025-03-31,mega,ema,0.9995325402761991
2025-03-31,mega,persist,0.9752815406152299
2025-03-31,mega,ema,0.9743933141316924
2025-03-31,mega,persist,0.9994092835580114
2025-03-31,mega,ema,0.9994092835580114
2025-03-31,mega,persist,0.9820061996925621
2025-03-31,mega,ema,0.9820061996925621
2025-03-31,mega,persist,0.9877550749712126
2025-03-31,mega,ema,0.9877550749712126
2025-03-31,mega,persist,0.9936379581387247
2025-03-31,mega,ema,0.9906420713346045
2025-03-31,mega,persist,0.9959732542412497
2025-03-31,mega,ema,0.9988657835855781
2025-03-31,mega,persist,0.9926534722621906
2025-03-31,mega,ema,0.9966386027978726
2025-03-31,mega,persist,0.9503480023749117
2025-03-31,mega,ema,0.9191494782465188
2025-03-31,mega,persist,0.9582479143232359
2025-03-31,mega,ema,0.9606777768736625
2025-03-31,mega,persist,0.9918566166473352
2025-03-31,mega,ema,0.9961432381441463
2025-03-31,mega,persist,0.9946984019287975
2025-03-31,mega,ema,0.9986970799314762
2025-03-31,mega,persist,0.9018809795556397
2025-03-31,mega,ema,0.8822801075574275
2025-03-31,mega,persist,0.9223502734901549
2025-03-31,mega,ema,0.8936058530529248
2025-03-31,mega,persist,0.9240884819857055
2025-03-31,mega,ema,0.9307551416503757
2025-03-31,mega,persist,0.9462476187616496
2025-03-31,mega,ema,0.9461273571169972
2025-03-31,mega,persist,0.97509578157132
2025-03-31,mega,ema,0.9769529609962498
2025-03-31,mega,persist,0.9905577265803033
2025-03-31,mega,ema,0.9853562910915874
2025-03-31,mega,persist,0.8772880716574035
2025-03-31,mega,ema,0.8300781588935365
2025-03-31,mega,persist,0.9952847661772622
2025-03-31,mega,ema,0.9949963630553246
2025-03-31,mega,persist,0.977303973957056
2025-03-31,mega,ema,0.9987763871311297
2025-03-31,mega,persist,0.993202853050291
2025-03-31,mega,ema,0.991579087869069
2025-03-31,mega,persist,0.9708076194299932
2025-03-31,mega,ema,0.9748387114241287
2025-03-31,mega,persist,0.9988757113970166
2025-03-31,mega,ema,0.9988757113970166
2025-03-31,mega,persist,0.9918744456099499
2025-03-31,mega,ema,0.9967819640348381
2025-03-31,mega,persist,0.7062256141387244
2025-03-31,mega,ema,0.7029841220449972
2025-03-31,mega,persist,0.9964276221713458
2025-03-31,mega,ema,0.996737042520494
2025-03-31,mega,persist,0.7886049887364105
2025-03-31,mega,ema,0.7436694500235067
2025-03-31,mega,persist,0.9958788348422393
2025-03-31,mega,ema,0.9994042467149906
2025-03-31,mega,persist,0.9653180099612546
2025-03-31,mega,ema,0.961869562304439
2025-03-31,mega,persist,0.9959582254407017
2025-03-31,mega,ema,0.9992308033701827
2025-03-31,mega,persist,0.9908926250182961
2025-03-31,mega,ema,0.9974375006148962
2025-03-31,mega,persist,1.0
2025-03-31,mega,ema,1.0
2025-03-31,mega,persist,0.9696806689714548
2025-03-31,mega,ema,0.9746643282885724
2025-03-31,mega,persist,0.9822428071094775
2025-03-31,mega,ema,0.9875883691137033
2025-03-31,mega,persist,0.8494307537071252
2025-03-31,mega,ema,0.9689862833381263
2025-03-31,mega,persist,0.5919295773300415
2025-03-31,mega,ema,0.6496387336671434
2025-03-31,mega,persist,0.933548897896451
2025-03-31,mega,ema,0.95732783741996
2025-03-31,mega,persist,0.9622657277102199
2025-03-31,mega,ema,0.9622657277102199
2025-03-31,mega,persist,0.9214659406997047
2025-03-31,mega,ema,0.9293204430684018
2025-03-31,mega,persist,0.9884007154465804
2025-03-31,mega,ema,0.9895168975579267
2025-03-31,mega,persist,0.9990081355460708
2025-03-31,mega,ema,0.9994170523923972
2025-03-31,mega,persist,0.9281025769577376
2025-03-31,mega,ema,0.9326311193581691
2025-03-31,mega,persist,0.9783754189671733
2025-03-31,mega,ema,0.9775152101242985
2025-03-31,mega,persist,0.9865898311999741
2025-03-31,mega,ema,0.9865898311999741
2025-03-31,mega,persist,0.9882930630265406
2025-03-31,mega,ema,0.9891521598331103
2025-03-31,mega,persist,0.9940151996177687
2025-03-31,mega,ema,0.9946265768705885
2025-03-31,mega,persist,0.9779215313131193
2025-03-31,mega,ema,0.9939018365974632
2025-03-31,mega,persist,
2025-03-31,mega,ema,
2025-03-31,mega,persist,0.9575719400660155
2025-03-31,mega,ema,0.9842029428682665
2025-03-31,mega,persist,0.9915771964336676
2025-03-31,mega,ema,0.9995396122147759
2025-03-31,mega,persist,0.9732392706831827
2025-03-31,mega,ema,0.9902964088793759
2025-03-31,mega,persist,0.9981423124530203
2025-03-31,mega,ema,0.9982324575199077
2025-03-31,mega,persist,0.996959216701995
2025-03-31,mega,ema,0.9950586346651837
2025-03-31,mega,persist,0.4567566502998783
2025-03-31,mega,ema,0.31011374808475484
2025-03-31,mega,persist,0.9921974913424932
2025-03-31,mega,ema,0.937218506847553
2025-03-31,mega,persist,0.9937528843544499
2025-03-31,mega,ema,0.9943691657316991
2025-03-31,mega,persist,0.9510011090637205
2025-03-31,mega,ema,0.9521622300947807
2025-03-31,mega,persist,0.860079716220382
2025-03-31,mega,ema,0.8574672727601331
2025-03-31,mega,persist,0.9899672007144337
2025-03-31,mega,ema,0.9803428042463064
2025-03-31,mega,persist,0.988507585530146
2025-03-31,mega,ema,0.9896503219845576
2025-03-31,mega,persist,0.9869046245305241
2025-03-31,mega,ema,0.9869046245305241
2025-03-31,mega,persist,0.987526469786849
2025-03-31,mega,ema,0.987526469786849
2025-03-31,mega,persist,0.9965202841247321
2025-03-31,mega,ema,0.995852201727306
2025-03-31,mega,persist,0.24403366556152256
2025-03-31,mega,ema,0.24403366556152256
2025-03-31,mega,persist,0.9892824468503711
2025-03-31,mega,ema,0.9892824468503711
2025-03-31,mega,persist,0.9985423035240463
2025-03-31,mega,ema,0.9985423035240463
2025-03-31,mega,persist,0.9344635632826729
2025-03-31,mega,ema,0.9359323115109168
2025-03-31,mega,persist,0.895442879233449
2025-03-31,mega,ema,0.8968298429747726
2025-03-31,mega,persist,0.9796437872239723
2025-03-31,mega,ema,0.9708686295871874
2025-03-31,mega,persist,0.9871362230788938
2025-03-31,mega,ema,0.9896030057333377
2025-03-31,mega,persist,0.9951583270284243
2025-03-31,mega,ema,0.995089436250041
2025-03-31,mega,persist,0.999074913123122
2025-03-31,mega,ema,0.999074913123122
2025-03-31,mega,persist,0.996539949062831
2025-03-31,mega,ema,0.9985608352777132
2025-03-31,mega,persist,0.9789500076558248
2025-03-31,mega,ema,0.9793854929025934
2025-03-31,mega,persist,0.9917170296874457
2025-03-31,mega,ema,0.9926406076492917
2025-03-31,mega,persist,0.7947212387057303
2025-03-31,mega,ema,0.7939534647538363
2025-03-31,mega,persist,0.926787598675986
2025-03-31,mega,ema,0.9342880863848869
2025-06-30,mega,persist,0.9666251756466754
2025-06-30,mega,ema,0.9670634609267247
2025-06-30,mega,persist,0.9888033852783942
2025-06-30,mega,ema,0.985419340426545
2025-06-30,mega,persist,0.9783266189585332
2025-06-30,mega,ema,0.9763721384852598
2025-06-30,mega,persist,1.0
2025-06-30,mega,ema,1.0
2025-06-30,mega,persist,0.9926521974165914
2025-06-30,mega,ema,0.9850314571127173
2025-06-30,mega,persist,0.962251123694477
2025-06-30,mega,ema,0.9674379999683016
2025-06-30,mega,persist,0.9712150293161731
2025-06-30,mega,ema,0.9708355771333571
2025-06-30,mega,persist,0.92959479279642
2025-06-30,mega,ema,0.95070069569793
2025-06-30,mega,persist,0.9934308291580032
2025-06-30,mega,ema,0.9934308291580032
2025-06-30,mega,persist,0.9612543361478478
2025-06-30,mega,ema,0.9616004469466741
2025-06-30,mega,persist,0.7596312801993149
2025-06-30,mega,ema,0.7604465689704203
2025-06-30,mega,persist,0.95765060191553
2025-06-30,mega,ema,0.9609176354110219
2025-06-30,mega,persist,1.0
2025-06-30,mega,ema,1.0
2025-06-30,mega,persist,0.997406866380034
2025-06-30,mega,ema,0.9985381601020117
2025-06-30,mega,persist,0.9496586896313299
2025-06-30,mega,ema,0.9496586896313299
2025-06-30,mega,persist,0.9646314515249149
2025-06-30,mega,ema,0.9697127503760945
2025-06-30,mega,persist,0.9582574046931764
2025-06-30,mega,ema,0.9640874250984974
2025-06-30,mega,persist,0.8105328768878657
2025-06-30,mega,ema,0.8322902674371341
2025-06-30,mega,persist,0.9631225127815106
2025-06-30,mega,ema,0.9636566053076338
2025-06-30,mega,persist,0.9231835629330586
2025-06-30,mega,persist,1.0
2025-06-30,mega,ema,0.9997498834916385
2025-06-30,mega,persist,0.9615254217145389
2025-06-30,mega,ema,0.9635606068088061
2025-06-30,mega,persist,0.9754933417878416
2025-06-30,mega,ema,0.9760116750468758
2025-06-30,mega,persist,0.9766767493082176
2025-06-30,mega,ema,0.9909738185126084
2025-06-30,mega,persist,0.971181482185594
2025-06-30,mega,ema,0.9993307223644252
2025-06-30,mega,persist,0.9566878139357249
2025-06-30,mega,ema,0.9658886372496008
2025-06-30,mega,persist,0.9883510922016909
2025-06-30,mega,ema,0.9883510922016909
2025-06-30,mega,persist,0.9927516981581087
2025-06-30,mega,ema,0.9928036524834263
2025-06-30,mega,persist,0.9818793189792875
2025-06-30,mega,ema,0.9819419047060811
2025-06-30,mega,persist,0.9981127339241429
2025-06-30,mega,ema,0.9848226495067184
2025-06-30,mega,persist,0.9878663281046551
2025-06-30,mega,ema,0.9882146662913945
2025-06-30,mega,persist,0.9663770282681096
2025-06-30,mega,ema,0.9667626397845706
2025-06-30,mega,persist,0.8550021717131171
2025-06-30,mega,ema,0.8915789417670205
2025-06-30,mega,persist,0.9501762791737376
2025-06-30,mega,ema,0.95033692071973
2025-06-30,mega,persist,0.9316093598037516
2025-06-30,mega,ema,0.9098870768865079
2025-06-30,mega,persist,0.9722108446462285
2025-06-30,mega,ema,0.9759398186991194
2025-06-30,mega,persist,0.9891095434861217
2025-06-30,mega,ema,0.9774555173074272
2025-06-30,mega,persist,0.9749827106200243
2025-06-30,mega,ema,0.9927300856793831
2025-06-30,mega,persist,0.8880620407591743
2025-06-30,mega,ema,0.876365144072595
2025-06-30,mega,persist,0.9576851433747152
2025-06-30,mega,ema,0.959946866409454
2025-06-30,mega,persist,0.9484797835736428
2025-06-30,mega,ema,0.9694644628962861
2025-06-30,mega,persist,0.982278636936985
2025-06-30,mega,ema,0.982278636936985
2025-06-30,mega,persist,0.9606979727448515
2025-06-30,mega,ema,0.9800556177379127
2025-06-30,mega,persist,0.9996161311633067
2025-06-30,mega,ema,0.9996161311633067
2025-06-30,mega,persist,0.9758585917223787
2025-06-30,mega,ema,0.9864461197968785
2025-06-30,mega,persist,0.9586004842978453
2025-06-30,mega,ema,0.9676751891929889
2025-06-30,mega,persist,0.9742613551079097
2025-06-30,mega,ema,0.9676409388871867
2025-06-30,mega,persist,0.8546974365815888
2025-06-30,mega,ema,0.8833908687646089
2025-06-30,mega,persist,0.965829372799614
2025-06-30,mega,ema,0.9668445100255529
2025-06-30,mega,persist,0.881019744734124
2025-06-30,mega,ema,0.881019744734124
2025-06-30,mega,persist,0.9535404296017208
2025-06-30,mega,ema,0.9547437850242305
2025-06-30,mega,persist,0.9550335978775647
2025-06-30,mega,ema,0.9588945909948895
2025-06-30,mega,persist,0.999989803396659
2025-06-30,mega,ema,0.999989803396659
2025-06-30,mega,persist,0.9295114860346636
2025-06-30,mega,ema,0.9676606468501184
2025-06-30,mega,persist,0.9939161043754906
2025-06-30,mega,ema,0.9936016120316216
2025-06-30,mega,persist,0.8969898485234111
2025-06-30,mega,ema,0.9439332425128412
2025-06-30,mega,persist,0.6066262009150845
2025-06-30,mega,ema,0.697103721509358
2025-06-30,mega,persist,0.8895044949240384
2025-06-30,mega,ema,0.8798133860629898
2025-06-30,mega,persist,0.9229253548497113
2025-06-30,mega,ema,0.9196714545656588
2025-06-30,mega,persist,0.9583653127073026
2025-06-30,mega,ema,0.9772300353973905
2025-06-30,mega,persist,0.9429410429066021
2025-06-30,mega,ema,0.9734828741257356
2025-06-30,mega,persist,0.9550630811607292
2025-06-30,mega,ema,0.9683259510005372
2025-06-30,mega,persist,0.9549427119497884
2025-06-30,mega,ema,0.9886251115380725
2025-06-30,mega,persist,0.975434238436742
2025-06-30,mega,ema,0.9738884223383971
2025-06-30,mega,persist,0.9953312984008063
2025-06-30,mega,ema,0.996436304096322
2025-06-30,mega,persist,0.9492165289761727
2025-06-30,mega,ema,0.9430428039495644
2025-06-30,mega,persist,0.9447576770141646
2025-06-30,mega,ema,0.9543616427111241
2025-06-30,mega,persist,0.9909275681984201
2025-06-30,mega,ema,0.9909275681984201
2025-06-30,mega,persist,0.0025603980100737697
2025-06-30,mega,ema,0.0025603980100737697
2025-06-30,mega,persist,0.9537945617524785
2025-06-30,mega,ema,0.9629410174049302
2025-06-30,mega,persist,0.9129221177418418
2025-06-30,mega,ema,0.9129221177418418
2025-06-30,mega,persist,0.9769904432435619
2025-06-30,mega,ema,0.9619478975702483
2025-06-30,mega,persist,0.9949874699014568
2025-06-30,mega,ema,0.9993555662323444
2025-06-30,mega,persist,0.9945254385482344
2025-06-30,mega,ema,0.9942167978866242
2025-06-30,mega,persist,0.5099349516083511
2025-06-30,mega,ema,0.6160415439409846
2025-06-30,mega,persist,0.9461408882645379
2025-06-30,mega,ema,0.9461408882645379
2025-06-30,mega,persist,0.9608969627127947
2025-06-30,mega,ema,0.9482181752164615
2025-06-30,mega,persist,0.9633512615073313
2025-06-30,mega,ema,0.9778192375947483
2025-06-30,mega,persist,0.8568735566140437
2025-06-30,mega,ema,0.8937064587898341
2025-06-30,mega,persist,0.9206931985780035
2025-06-30,mega,ema,0.9336420743767585
2025-06-30,mega,persist,0.9998237582664197
2025-06-30,mega,ema,0.9998237582664197
2025-06-30,mega,persist,0.9993820551891432
2025-06-30,mega,ema,0.9904204560049342
2025-06-30,mega,persist,0.9524125393654482
2025-06-30,mega,ema,0.9524125393654482
2025-06-30,mega,persist,0.9847808002801064
2025-06-30,mega,ema,0.9847808002801064
2025-06-30,mega,persist,0.970112644633675
2025-06-30,mega,ema,0.970112644633675
2025-06-30,mega,persist,0.9570735320118031
2025-06-30,mega,ema,0.9767989351047911
2025-06-30,mega,persist,0.9459876152624713
2025-06-30,mega,ema,0.9506534368492602
2025-06-30,mega,persist,0.9574279144163796
2025-06-30,mega,ema,0.9774347376730701
2025-06-30,mega,persist,0.923076093184791
2025-06-30,mega,ema,0.9126297815138521
2025-06-30,mega,persist,0.9707718983465728
2025-06-30,mega,ema,0.9695217516984792
2025-06-30,mega,persist,0.8745891350510065
2025-06-30,mega,ema,0.8746269362105941
2025-06-30,mega,persist,0.9752753580525899
2025-06-30,mega,ema,0.9654495593119521
2025-06-30,mega,persist,0.9999891304208061
2025-06-30,mega,ema,0.9998125036838466
2025-06-30,mega,persist,0.9944457692151489
2025-06-30,mega,ema,0.9944457692151489
2025-06-30,mega,persist,0.9722841944638136
2025-06-30,mega,ema,0.9749405838969712
2025-06-30,mega,persist,0.9924738552407453
2025-06-30,mega,ema,0.9840696578346187
2025-06-30,mega,persist,0.9641194667663106
2025-06-30,mega,ema,0.8135203816071195
2025-06-30,mega,persist,0.8332052293503251
2025-06-30,mega,ema,0.8526655999101831
2025-06-30,mega,persist,0.9978566189851743
2025-06-30,mega,ema,0.9992287430756085
2025-09-30,mega,persist,0.9975452780299013
2025-09-30,mega,ema,0.9975452780299013
2025-09-30,mega,persist,0.9924640636718925
2025-09-30,mega,ema,0.992567183283156
2025-09-30,mega,persist,0.9972504818105223
2025-09-30,mega,ema,0.999735089598528
2025-09-30,mega,persist,1.0
2025-09-30,mega,ema,1.0
2025-09-30,mega,persist,0.9976675848700637
2025-09-30,mega,ema,0.99631398603742
2025-09-30,mega,persist,0.9935929034094106
2025-09-30,mega,ema,0.976284214234348
2025-09-30,mega,persist,0.9992919815164801
2025-09-30,mega,ema,0.9961985491856726
2025-09-30,mega,persist,0.999192037236271
2025-09-30,mega,ema,0.9966559965234757
2025-09-30,mega,persist,0.9996326400049639
2025-09-30,mega,ema,0.9997771158090323
2025-09-30,mega,persist,0.9994121939058788
2025-09-30,mega,ema,0.9994121939058788
2025-09-30,mega,persist,0.9820442199327467
2025-09-30,mega,ema,0.9839546138416548
2025-09-30,mega,persist,0.9826414454137976
2025-09-30,mega,ema,0.9837167534408472
2025-09-30,mega,persist,1.0
2025-09-30,mega,ema,1.0
2025-09-30,mega,persist,0.9950189468034427
2025-09-30,mega,ema,0.9949016426212218
2025-09-30,mega,persist,0.9981863303634675
2025-09-30,mega,ema,0.9981863303634675
2025-09-30,mega,persist,0.9662727164194176
2025-09-30,mega,ema,0.9611400575276186
2025-09-30,mega,persist,0.9980251233976978
2025-09-30,mega,ema,0.9980251233976978
2025-09-30,mega,persist,0.9204880485844225
2025-09-30,mega,ema,0.9121926370031191
2025-09-30,mega,persist,0.9924236727999527
2025-09-30,mega,ema,0.9908709451166645
2025-09-30,mega,persist,0.9949976582160811
2025-09-30,mega,ema,0.9949976582160811
2025-09-30,mega,persist,0.990420804483221
2025-09-30,mega,persist,0.9896399723554868
2025-09-30,mega,ema,0.9896399723554868
2025-09-30,mega,persist,0.9984002969127641
2025-09-30,mega,ema,0.9965559724391103
2025-09-30,mega,persist,0.9829865915115306
2025-09-30,mega,persist,0.9967897266128244
2025-09-30,mega,ema,0.9967897266128244
2025-09-30,mega,persist,0.9799843251060321
2025-09-30,mega,ema,0.979363620658728
2025-09-30,mega,persist,0.9991520777561698
2025-09-30,mega,ema,0.9994612183375637
2025-09-30,mega,persist,0.988369158514049
2025-09-30,mega,ema,0.9878109180742359
2025-09-30,mega,persist,0.9960939746309891
2025-09-30,mega,ema,0.9958828841246254
2025-09-30,mega,persist,0.9862252030677139
2025-09-30,mega,ema,0.9861668049368778
2025-09-30,mega,persist,0.9887807518030914
2025-09-30,mega,ema,0.9884984525663022
2025-09-30,mega,persist,0.977447675514803
2025-09-30,mega,persist,0.9970927679387105
2025-09-30,mega,ema,0.9964362517975307
2025-09-30,mega,persist,0.9998103985528676
2025-09-30,mega,ema,0.9999018791761112
2025-09-30,mega,persist,0.9997617670558115
2025-09-30,mega,ema,0.9828072170811989
2025-09-30,mega,persist,0.9872571182721727
2025-09-30,mega,persist,0.8706257606380822
2025-09-30,mega,ema,0.842371841324057
2025-09-30,mega,persist,0.9952289395078201
2025-09-30,mega,ema,0.9935728646273044
2025-09-30,mega,persist,0.8054826371619545
2025-09-30,mega,ema,0.7689867240479701
2025-09-30,mega,persist,0.9845180487414202
2025-09-30,mega,ema,0.9839020621063729
2025-09-30,mega,persist,0.9957387450117154
2025-09-30,mega,ema,0.9862550947146174
2025-09-30,mega,persist,0.9907688797365024
2025-09-30,mega,ema,0.9908180906116777
2025-09-30,mega,persist,0.8572815819203442
2025-09-30,mega,ema,0.8756157033602484
2025-09-30,mega,persist,0.9804616632930756
2025-09-30,mega,ema,0.9828434941844741
2025-09-30,mega,persist,0.9840227761541266
2025-09-30,mega,ema,0.9838533878983625
2025-09-30,mega,persist,0.9996061765990724
2025-09-30,mega,ema,0.9938447364011443
2025-09-30,mega,persist,0.9997047060305473
2025-09-30,mega,ema,0.9983367259576378
2025-09-30,mega,persist,0.9976676552003628
2025-09-30,mega,ema,0.9976676552003628
2025-09-30,mega,persist,0.9985423551926622
2025-09-30,mega,ema,0.9985423551926622
2025-09-30,mega,persist,0.9897708036215958
2025-09-30,mega,ema,0.9895307788363557
2025-09-30,mega,persist,0.7948971405571361
2025-09-30,mega,ema,0.7508162928335248
2025-09-30,mega,persist,0.9993689450645364
2025-09-30,mega,ema,0.9815658783705221
2025-09-30,mega,persist,0.8525362534986776
2025-09-30,mega,ema,0.9395617749906869
2025-09-30,mega,persist,0.9943540819382061
2025-09-30,mega,ema,0.9742876529191962
2025-09-30,mega,persist,0.9994294543576377
2025-09-30,mega,ema,0.9994294543576377
2025-09-30,mega,persist,0.8876459583896853
2025-09-30,mega,ema,0.8876459583896853
2025-09-30,mega,persist,0.9913023953300445
2025-09-30,mega,ema,0.9921551581905483
2025-09-30,mega,persist,0.9195915220630748
2025-09-30,mega,ema,0.9195915220630748
2025-09-30,mega,persist,0.7084589331432903
2025-09-30,mega,ema,0.7554505842254429
2025-09-30,mega,persist,0.547351456063124
2025-09-30,mega,ema,0.5624202949619975
2025-09-30,mega,persist,0.8522669392240865
2025-09-30,mega,ema,0.9208880982016117
2025-09-30,mega,persist,0.9748451336459034
2025-09-30,mega,ema,0.9819715123136687
2025-09-30,mega,persist,0.8194289538469565
2025-09-30,mega,ema,0.8422288780427613
2025-09-30,mega,persist,0.9934822697378787
2025-09-30,mega,ema,0.9929071480259136
2025-09-30,mega,persist,0.9830094418990949
2025-09-30,mega,ema,0.9887957757560507
2025-09-30,mega,persist,0.8833593462175079
2025-09-30,mega,ema,0.8780263420928504
2025-09-30,mega,persist,0.9888049210356176
2025-09-30,mega,ema,0.9889407720645872
2025-09-30,mega,persist,0.9922414631378904
2025-09-30,mega,ema,0.9805176920590217
2025-09-30,mega,persist,0.998179606180218
2025-09-30,mega,ema,0.9893668603864659
2025-09-30,mega,persist,0.994089220651262
2025-09-30,mega,ema,0.9922609387361744
2025-09-30,mega,persist,0.9925014231844129
2025-09-30,mega,ema,0.9921053071767405
2025-09-30,mega,persist,
2025-09-30,mega,ema,
2025-09-30,mega,persist,0.9477153637681589
2025-09-30,mega,persist,0.9971040087519898
2025-09-30,mega,ema,0.9996098311208815
2025-09-30,mega,persist,0.999940955377392
2025-09-30,mega,persist,0.9869729497705122
2025-09-30,mega,ema,0.9869729497705122
2025-09-30,mega,persist,1.0
2025-09-30,mega,ema,0.9999176287927937
2025-09-30,mega,persist,0.9845886016713096
2025-09-30,mega,ema,0.9835540857800545
2025-09-30,mega,persist,0.6162660986715585
2025-09-30,mega,ema,0.5046205796060692
2025-09-30,mega,persist,0.9899397712813958
2025-09-30,mega,ema,0.993089417256813
2025-09-30,mega,persist,0.9974751870923232
2025-09-30,mega,ema,0.9974751870923232
2025-09-30,mega,persist,0.9230843482395235
2025-09-30,mega,ema,0.9226289534113781
2025-09-30,mega,persist,0.8420030170408955
2025-09-30,mega,ema,0.8630322802116527
2025-09-30,mega,persist,0.9999465760694674
2025-09-30,mega,ema,0.9888546273545157
2025-09-30,mega,persist,0.988577600570867
2025-09-30,mega,ema,0.988577600570867
2025-09-30,mega,persist,0.9913266427829034
2025-09-30,mega,ema,0.9893947633406364
2025-09-30,mega,persist,0.9985430446015586
2025-09-30,mega,ema,0.997430668086516
2025-09-30,mega,persist,0.9862898686247015
2025-09-30,mega,ema,0.9960227886532705
2025-09-30,mega,persist,0.9724668938188075
2025-09-30,mega,ema,0.9747075716267666
2025-09-30,mega,persist,0.9983443453044796
2025-09-30,mega,ema,0.9976335144233498
2025-09-30,mega,persist,1.0
2025-09-30,mega,ema,1.0
2025-09-30,mega,persist,0.916315051219841
2025-09-30,mega,ema,0.9204409285397851
2025-09-30,mega,persist,0.9433197866535468
2025-09-30,mega,ema,0.904907151233884
2025-09-30,mega,persist,0.9991724376843529
2025-09-30,mega,ema,0.9865062232522627
2025-09-30,mega,persist,0.9877484739321284
2025-09-30,mega,ema,0.991381467960148
2025-09-30,mega,persist,0.9857233485932203
2025-09-30,mega,ema,0.9846922940990854
2025-09-30,mega,persist,0.9963803202647434
2025-09-30,mega,ema,0.9961275253138919
2025-09-30,mega,persist,0.9760833667202724
2025-09-30,mega,ema,0.9770791655399281
2025-09-30,mega,persist,0.842328397487743
2025-09-30,mega,ema,0.8414294880208002
2025-12-31,mega,persist,0.9997446514899674
2025-12-31,mega,ema,0.9931937091276059
2025-12-31,mega,persist,0.9994473046016712
2025-12-31,mega,ema,0.9994473046016712
2025-12-31,mega,persist,0.9900363312517276
2025-12-31,mega,ema,0.9891445508991852
2025-12-31,mega,persist,1.0
2025-12-31,mega,ema,1.0
2025-12-31,mega,persist,0.9952021490368429
2025-12-31,mega,ema,0.9959053280408584
2025-12-31,mega,persist,0.9941308646598804
2025-12-31,mega,ema,0.9941308646598804
2025-12-31,mega,persist,0.9809230618216918
2025-12-31,mega,ema,0.9819573515070277
2025-12-31,mega,persist,0.991559178562854
2025-12-31,mega,ema,0.990789741251859
2025-12-31,mega,persist,0.9967523847866983
2025-12-31,mega,ema,0.9993494143146748
2025-12-31,mega,persist,0.9939214728920316
2025-12-31,mega,ema,0.9939214728920316
2025-12-31,mega,persist,0.9992199397381576
2025-12-31,mega,ema,0.9840580549979959
2025-12-31,mega,persist,0.9984308243351477
2025-12-31,mega,ema,0.9957209285947954
2025-12-31,mega,persist,1.0
2025-12-31,mega,ema,1.0
2025-12-31,mega,persist,1.0
2025-12-31,mega,ema,0.9981959245311572
2025-12-31,mega,persist,0.9992396758730069
2025-12-31,mega,persist,0.9962840527855005
2025-12-31,mega,ema,0.9962840527855005
2025-12-31,mega,persist,0.9935814821307151
2025-12-31,mega,ema,0.9927696648218635
2025-12-31,mega,persist,0.9991097691845114
2025-12-31,mega,ema,0.9904879080518959
2025-12-31,mega,persist,0.9992564842071266
2025-12-31,mega,ema,0.8531030810661734
2025-12-31,mega,persist,0.9958328785333611
2025-12-31,mega,persist,0.9945353462881906
2025-12-31,mega,ema,0.9938496956901648
2025-12-31,mega,persist,0.9981428004290649
2025-12-31,mega,ema,0.9981428004290649
2025-12-31,mega,persist,0.9588373112996622
2025-12-31,mega,ema,0.907527738761834
2025-12-31,mega,persist,0.9981554223333385
2025-12-31,mega,ema,0.9869409802334566
2025-12-31,mega,persist,0.9984633855826753
2025-12-31,mega,ema,0.9924331263476168
2025-12-31,mega,persist,0.9836410773309101
2025-12-31,mega,ema,0.9581403636256447
2025-12-31,mega,persist,0.9800397387437272
2025-12-31,mega,ema,0.9800397387437272
2025-12-31,mega,persist,0.9852049054097375
2025-12-31,mega,ema,0.9906877996582566
2025-12-31,mega,persist,0.9989487160045224
2025-12-31,mega,ema,0.9989487160045224
2025-12-31,mega,persist,0.9871210672135523
2025-12-31,mega,ema,0.987382087186714
2025-12-31,mega,persist,0.9930648787452117
2025-12-31,mega,ema,0.9923455192937115
2025-12-31,mega,persist,0.9992224562025015
2025-12-31,mega,ema,0.9978876827534521
2025-12-31,mega,persist,0.9984556339933602
2025-12-31,mega,ema,0.9984556339933602
2025-12-31,mega,persist,0.9920011429592996
2025-12-31,mega,ema,0.9915349814224421
2025-12-31,mega,persist,0.988316039934391
2025-12-31,mega,ema,0.9946558297501124
2025-12-31,mega,persist,0.9987125992418667
2025-12-31,mega,ema,0.9987125992418667
2025-12-31,mega,persist,0.9939421343699226
2025-12-31,mega,ema,0.9939421343699226
2025-12-31,mega,persist,0.9992203677329855
2025-12-31,mega,ema,0.9914098237218384
2025-12-31,mega,persist,0.9819851199697497
2025-12-31,mega,ema,0.9617118874135636
2025-12-31,mega,persist,0.991762677410313
2025-12-31,mega,ema,0.991762677410313
2025-12-31,mega,persist,0.9299722594448482
2025-12-31,mega,ema,0.9305727727793033
2025-12-31,mega,persist,0.9545960128895271
2025-12-31,mega,ema,0.9302383355878485
2025-12-31,mega,persist,0.9795233029493252
2025-12-31,mega,ema,0.979037502329325
2025-12-31,mega,persist,0.9892883851543299
2025-12-31,mega,ema,0.9868846294102402
2025-12-31,mega,persist,0.8077766279043639
2025-12-31,mega,ema,0.8111725695953694
2025-12-31,mega,persist,0.9963288494279166
2025-12-31,mega,ema,0.9963288494279166
2025-12-31,mega,persist,0.9938912154238229
2025-12-31,mega,ema,0.9840735611637212
2025-12-31,mega,persist,0.9901767716476226
2025-12-31,mega,ema,0.9901767716476226
2025-12-31,mega,persist,0.9997337988114512
2025-12-31,mega,ema,0.9958389056303426
2025-12-31,mega,persist,0.9970342226400182
2025-12-31,mega,ema,0.9970342226400182
2025-12-31,mega,persist,0.9882906814389476
2025-12-31,mega,ema,0.982018811969608
2025-12-31,mega,persist,0.9906989670305392
2025-12-31,mega,ema,0.9852036842958652
2025-12-31,mega,persist,0.8777851986147006
2025-12-31,mega,ema,0.7862247872475499
2025-12-31,mega,persist,0.9937989131996233
2025-12-31,mega,ema,0.9937989131996233
2025-12-31,mega,persist,0.98639961122228
2025-12-31,mega,ema,0.9649837865506248
2025-12-31,mega,persist,0.9971868579738837
2025-12-31,mega,ema,0.9961766241005527
2025-12-31,mega,persist,0.9921452181346532
2025-12-31,mega,ema,0.9921452181346532
2025-12-31,mega,persist,1.0
2025-12-31,mega,ema,0.9789788872575234
2025-12-31,mega,persist,0.9637881696316274
2025-12-31,mega,ema,0.9722195153033575
2025-12-31,mega,persist,0.9491145339460223
2025-12-31,mega,ema,0.9290226967107205
2025-12-31,mega,persist,0.6508667564390281
2025-12-31,mega,ema,0.7059727742653388
2025-12-31,mega,persist,0.7996701540871411
2025-12-31,mega,ema,0.8433933657094315
2025-12-31,mega,persist,0.851570678190711
2025-12-31,mega,ema,0.8490237635588125
2025-12-31,mega,persist,0.9927181986866237
2025-12-31,mega,ema,0.9742352275646552
2025-12-31,mega,persist,0.6739322682825368
2025-12-31,mega,ema,0.6833903072038127
2025-12-31,mega,persist,0.9388102051311387
2025-12-31,mega,ema,0.9390066122773918
2025-12-31,mega,persist,0.9989063581235472
2025-12-31,mega,ema,0.9931892553977703
2025-12-31,mega,persist,0.0449377614790741
2025-12-31,mega,ema,0.0449377614790741
2025-12-31,mega,persist,0.9740676559477788
2025-12-31,mega,ema,0.9757826102125234
2025-12-31,mega,persist,0.989420453248837
2025-12-31,mega,ema,0.989420453248837
2025-12-31,mega,persist,0.9938074668275473
2025-12-31,mega,ema,0.9938074668275473
2025-12-31,mega,persist,0.9999649425213482
2025-12-31,mega,ema,0.9890951207710578
2025-12-31,mega,persist,0.9964828139018439
2025-12-31,mega,ema,0.98782076812204
2025-12-31,mega,persist,0.002772822252661081
2025-12-31,mega,ema,0.002772822252661081
2025-12-31,mega,persist,0.9908578595546994
2025-12-31,mega,ema,0.9730720349461284
2025-12-31,mega,persist,0.11438366845524625
2025-12-31,mega,ema,0.11438366845524625
2025-12-31,mega,persist,0.9999968962403735
2025-12-31,mega,ema,0.999962716573518
2025-12-31,mega,persist,0.9451331334137002
2025-12-31,mega,ema,0.9451331334137002
2025-12-31,mega,persist,0.9992612572203364
2025-12-31,mega,ema,0.9992612572203364
2025-12-31,mega,persist,0.9743996074880966
2025-12-31,mega,ema,0.9741597448156156
2025-12-31,mega,persist,0.7147814989298719
2025-12-31,mega,ema,0.7369807358086129
2025-12-31,mega,persist,0.9907930661774176
2025-12-31,mega,ema,0.99022283932229
2025-12-31,mega,persist,0.9953039739112015
2025-12-31,mega,ema,0.9899524430503884
2025-12-31,mega,persist,0.9649344398519719
2025-12-31,mega,ema,0.9619058435326936
2025-12-31,mega,persist,0.9397405913135535
2025-12-31,mega,ema,0.9360736014657859
2025-12-31,mega,persist,0.9966806437856567
2025-12-31,mega,ema,0.9962624471097544
2025-12-31,mega,persist,0.8558389036628526
2025-12-31,mega,ema,0.8584837700682937
2025-12-31,mega,persist,0.9937755448274159
2025-12-31,mega,ema,0.9825751365956908
2025-12-31,mega,persist,0.9990607868400101
2025-12-31,mega,ema,0.9927518906204751
2025-12-31,mega,persist,0.9990961635445416
2025-12-31,mega,ema,0.9918603246413124
2025-12-31,mega,persist,0.975067183163131
2025-12-31,mega,ema,0.9885434242237398
2025-12-31,mega,persist,0.9990041898376729
2025-12-31,mega,ema,0.984423074843608
2025-12-31,mega,persist,0.9953760239526854
2025-12-31,mega,ema,0.9953760239526854
2025-12-31,mega,persist,0.9464332407205719
2025-12-31,mega,ema,0.9601821353312271
2025-12-31,mega,persist,0.897143684282526
2025-12-31,mega,ema,0.8949069120804137
2025-12-31,mega,persist,0.9938317831982181
2025-12-31,mega,ema,0.9926375834454997
2025-12-31,mega,persist,0.9937996472983297
2025-12-31,mega,ema,0.9908193242540334
2025-12-31,mega,persist,0.9957348388270043
2025-12-31,mega,ema,0.9957348388270043
2025-12-31,mega,persist,0.9995002124984406
2025-12-31,mega,ema,0.9994460778675772
2026-03-31,mega,persist,0.9474950456328087
2026-03-31,mega,ema,0.9497211852388823
2026-03-31,mega,persist,0.9829599432191083
2026-03-31,mega,ema,0.9829599432191083
2026-03-31,mega,persist,0.9974991379572318
2026-03-31,mega,ema,0.9963958022756223
2026-03-31,mega,persist,1.0
2026-03-31,mega,ema,1.0
2026-03-31,mega,persist,0.9894563498251329
2026-03-31,mega,ema,0.9894563498251329
2026-03-31,mega,persist,0.9926371960130397
2026-03-31,mega,ema,0.9918245072166747
2026-03-31,mega,persist,0.5288108371893044
2026-03-31,mega,ema,0.5316999826932007
2026-03-31,mega,persist,0.9990552967045526
2026-03-31,mega,ema,0.9962305960926907
2026-03-31,mega,persist,0.9918728693676595
2026-03-31,mega,persist,1.0
2026-03-31,mega,ema,0.999853788456146
2026-03-31,mega,persist,0.9985085274562545
2026-03-31,mega,ema,0.9984749444795035
2026-03-31,mega,persist,0.9925857799367378
2026-03-31,mega,ema,0.9925857799367378
2026-03-31,mega,persist,1.0
2026-03-31,mega,ema,1.0
2026-03-31,mega,persist,0.9986025206503292
2026-03-31,mega,ema,0.9986025206503292
2026-03-31,mega,persist,0.9545815903716165
2026-03-31,mega,ema,0.9545815903716165
2026-03-31,mega,persist,0.9839499898311042
2026-03-31,mega,ema,0.9790033541021365
2026-03-31,mega,persist,0.9527412986323277
2026-03-31,mega,ema,0.949695270877905
2026-03-31,mega,persist,1.0
2026-03-31,mega,ema,0.9994935623457755
2026-03-31,mega,persist,0.8842590825436498
2026-03-31,mega,ema,0.8841230848011705
2026-03-31,mega,persist,0.9986810606651234
2026-03-31,mega,ema,0.9976956973757998
2026-03-31,mega,persist,0.9999339875551206
2026-03-31,mega,ema,0.9995958308141225
2026-03-31,mega,persist,0.987437169021589
2026-03-31,mega,ema,0.9870871683402692
2026-03-31,mega,persist,0.9171414544462693
2026-03-31,mega,ema,0.947018712165944
2026-03-31,mega,persist,0.9997442399792513
2026-03-31,mega,ema,0.9997442399792513
2026-03-31,mega,persist,1.0
2026-03-31,mega,ema,0.9998211691484523
2026-03-31,mega,persist,0.9424725670826029
2026-03-31,mega,ema,0.9253649341960287
2026-03-31,mega,persist,0.9396133299112336
2026-03-31,mega,ema,0.9396133299112336
2026-03-31,mega,persist,0.99721318660677
2026-03-31,mega,ema,0.9960532486330435
2026-03-31,mega,persist,0.9982341933419318
2026-03-31,mega,ema,0.9982341933419318
2026-03-31,mega,persist,0.9961769624177121
2026-03-31,mega,ema,0.9936703755082812
2026-03-31,mega,persist,0.9801656351140927
2026-03-31,mega,ema,0.9801384518481995
2026-03-31,mega,persist,0.9965898614031505
2026-03-31,mega,ema,0.9970840896424774
2026-03-31,mega,persist,0.9786248089445928
2026-03-31,mega,ema,0.9615816825843893
2026-03-31,mega,persist,0.9870811771361655
2026-03-31,mega,ema,0.9874286904630688
2026-03-31,mega,persist,0.9999991253436811
2026-03-31,mega,ema,0.9998375194711069
2026-03-31,mega,persist,1.0
2026-03-31,mega,ema,0.999825838936927
2026-03-31,mega,persist,1.0
2026-03-31,mega,ema,1.0
2026-03-31,mega,persist,0.9023807738537032
2026-03-31,mega,ema,0.8408958874478636
2026-03-31,mega,persist,0.9971456092575907
2026-03-31,mega,ema,0.9966230264681271
2026-03-31,mega,persist,0.7435658028028139
2026-03-31,mega,ema,0.8435979948096214
2026-03-31,mega,persist,0.9649271151576893
2026-03-31,mega,ema,0.9748154770454298
2026-03-31,mega,persist,0.995832974349682
2026-03-31,mega,ema,0.9842942898109226
2026-03-31,mega,persist,0.09595208479002536
2026-03-31,mega,ema,0.09595208479002536
2026-03-31,mega,persist,0.8276314152048524
2026-03-31,mega,ema,0.9061463914785067
2026-03-31,mega,persist,0.9992177278477831
2026-03-31,mega,ema,0.9989852115773239
2026-03-31,mega,persist,0.9985942965357074
2026-03-31,mega,ema,0.9925722685864076
2026-03-31,mega,persist,0.988868504931033
2026-03-31,mega,ema,0.988868504931033
2026-03-31,mega,persist,0.9944462123675972
2026-03-31,mega,ema,0.9944462123675972
2026-03-31,mega,persist,0.9999602885359162
2026-03-31,mega,ema,0.999509711102582
2026-03-31,mega,persist,0.9945851804215309
2026-03-31,mega,ema,0.9945851804215309
2026-03-31,mega,persist,0.8322991477635332
2026-03-31,mega,ema,0.8144947579887912
2026-03-31,mega,persist,0.9997488666419466
2026-03-31,mega,ema,0.9997488666419466
2026-03-31,mega,persist,0.8938223891663135
2026-03-31,mega,ema,0.8328888759816088
2026-03-31,mega,persist,0.959826295706535
2026-03-31,mega,ema,0.959826295706535
2026-03-31,mega,persist,1.0
2026-03-31,mega,ema,0.997866054324038
2026-03-31,mega,persist,1.0
2026-03-31,mega,ema,1.0
2026-03-31,mega,persist,0.9898747655591719
2026-03-31,mega,ema,0.976317790218383
2026-03-31,mega,persist,0.9233076078615091
2026-03-31,mega,ema,0.9191563554918042
2026-03-31,mega,persist,0.2697407791855183
2026-03-31,mega,ema,0.29975169683030406
2026-03-31,mega,persist,0.7032240961451585
2026-03-31,mega,ema,0.688352768303791
2026-03-31,mega,persist,0.8667718336664827
2026-03-31,mega,ema,0.8678730048590403
2026-03-31,mega,persist,0.9980281139032854
2026-03-31,mega,ema,0.9980281139032854
2026-03-31,mega,persist,0.914623815845596
2026-03-31,mega,ema,0.8753116813145433
2026-03-31,mega,persist,0.9221340672954254
2026-03-31,mega,ema,0.9139521166215985
2026-03-31,mega,persist,0.9965634168794937
2026-03-31,mega,ema,0.9965403916624358
2026-03-31,mega,persist,0.9282430109259056
2026-03-31,mega,ema,0.9282430109259056
2026-03-31,mega,persist,0.9614384864217226
2026-03-31,mega,ema,0.9026417733924084
2026-03-31,mega,persist,0.998417716275692
2026-03-31,mega,ema,0.998417716275692
2026-03-31,mega,persist,0.30318503079081044
2026-03-31,mega,ema,0.30410089053577904
2026-03-31,mega,persist,0.9983570933569897
2026-03-31,mega,ema,0.9982687284408911
2026-03-31,mega,persist,0.9967966582368967
2026-03-31,mega,ema,0.9943356015205265
2026-03-31,mega,persist,
2026-03-31,mega,ema,
2026-03-31,mega,persist,0.9693173204894924
2026-03-31,mega,ema,0.9685433911613198
2026-03-31,mega,persist,0.9900247125991882
2026-03-31,mega,ema,0.9900247125991882
2026-03-31,mega,persist,0.999990552840134
2026-03-31,mega,ema,0.9999893575991919
2026-03-31,mega,persist,0.999284359846768
2026-03-31,mega,ema,0.9992709944950248
2026-03-31,mega,persist,0.9915595438649657
2026-03-31,mega,persist,0.9536204468250964
2026-03-31,mega,persist,0.9633429808418127
2026-03-31,mega,ema,0.9633429808418127
2026-03-31,mega,persist,0.9667722850106333
2026-03-31,mega,ema,0.9633541439032275
2026-03-31,mega,persist,0.752264390468279
2026-03-31,mega,ema,0.768767435860574
2026-03-31,mega,persist,0.9947483234596518
2026-03-31,mega,ema,0.9944806457275459
2026-03-31,mega,persist,0.9946711186638327
2026-03-31,mega,ema,0.9944719668461276
2026-03-31,mega,persist,0.9581379305867324
2026-03-31,mega,ema,0.966589692061176
2026-03-31,mega,persist,0.7635105846313535
2026-03-31,mega,ema,0.7855901880629809
2026-03-31,mega,persist,0.9922491805866922
2026-03-31,mega,ema,0.9935001224502189
2026-03-31,mega,persist,0.8292326458743075
2026-03-31,mega,ema,0.9108489851019695
2026-03-31,mega,persist,0.9967159668792143
2026-03-31,mega,ema,0.9965935895303106
2026-03-31,mega,persist,0.9999568257325436
2026-03-31,mega,ema,0.9999568257325436
2026-03-31,mega,persist,0.91960828553179
2026-03-31,mega,ema,0.918438610972607
2026-03-31,mega,persist,0.9689874272610383
2026-03-31,mega,ema,0.9722166238656411
2026-03-31,mega,persist,0.9915286371779016
2026-03-31,mega,ema,0.9925100871423899
2026-03-31,mega,persist,0.9999771660410547
2026-03-31,mega,ema,0.9996108550013155
2026-03-31,mega,persist,0.8684197449322388
2026-03-31,mega,ema,0.8808100720980103
2026-03-31,mega,persist,
2026-03-31,mega,ema,
2026-03-31,mega,persist,0.9913615125594255
2026-03-31,mega,ema,0.957038285482108
2026-03-31,mega,persist,0.9869980117730179
2026-03-31,mega,ema,0.9868490016711281
2026-03-31,mega,persist,0.9803352794851139
2026-03-31,mega,ema,0.9740892231692869
2026-03-31,mega,persist,0.9945877877427435
2026-03-31,mega,ema,0.9924053835429341
2014-06-30,active,persist,0.9995221160326045
2014-06-30,active,ema,0.9998102603095607
2014-06-30,active,persist,0.9098931819453229
2014-06-30,active,ema,0.8972504137671402
2014-06-30,active,persist,0.9667493687777531
2014-06-30,active,ema,0.946939260575027
2014-06-30,active,persist,0.9996683946463331
2014-06-30,active,ema,0.9996683946463331
2014-06-30,active,persist,0.9593219467015256
2014-06-30,active,ema,0.9562994744370171
2014-06-30,active,persist,0.9992803626874626
2014-06-30,active,ema,0.9992803626874626
2014-06-30,active,persist,0.6623503075978066
2014-06-30,active,ema,0.8982461669038465
2014-06-30,active,persist,0.999802830080021
2014-06-30,active,ema,0.9998547731252041
2014-06-30,active,persist,0.7463556406413091
2014-06-30,active,ema,0.7379837527580401
2014-06-30,active,persist,0.7044155524261256
2014-06-30,active,ema,0.7276357262609234
2014-06-30,active,persist,0.991664126241411
2014-06-30,active,ema,0.9840894209668942
2014-06-30,active,persist,1.0
2014-06-30,active,ema,1.0
2014-06-30,active,persist,0.9913292670079575
2014-06-30,active,ema,0.98185457705372
2014-06-30,active,persist,0.8973343585032431
2014-06-30,active,ema,0.9126161573021977
2014-06-30,active,persist,0.9988910250357583
2014-06-30,active,ema,0.9952234113422949
2014-06-30,active,persist,0.8950475213588024
2014-06-30,active,ema,0.8759015307862925
2014-06-30,active,persist,0.9742423037170383
2014-06-30,active,ema,0.9759591006992206
2014-06-30,active,persist,0.950477342531524
2014-06-30,active,ema,0.9493812542851638
2014-06-30,active,persist,0.9632121680507801
2014-06-30,active,ema,0.9632121680507801
2014-06-30,active,persist,0.998958248780073
2014-06-30,active,ema,0.998958248780073
2014-06-30,active,persist,0.818545667673006
2014-06-30,active,ema,0.8058767155500353
2014-06-30,active,persist,0.9740569342593524
2014-06-30,active,ema,0.9809435229193719
2014-06-30,active,persist,0.9972438899614193
2014-06-30,active,ema,0.9709693461353595
2014-06-30,active,persist,0.9743512189379666
2014-06-30,active,ema,0.9679845013012996
2014-06-30,active,persist,0.989955120926206
2014-06-30,active,ema,0.9972123951525071
2014-06-30,active,persist,0.8788136034761391
2014-06-30,active,ema,0.8702191608589692
2014-06-30,active,persist,0.9830942321164039
2014-06-30,active,ema,0.9925970500932961
2014-06-30,active,persist,0.9702498741646106
2014-06-30,active,ema,0.9679494149139183
2014-06-30,active,persist,0.9999182358663646
2014-06-30,active,ema,0.9999182358663646
2014-06-30,active,persist,0.7726845184883673
2014-06-30,active,ema,0.7723969806385205
2014-06-30,active,persist,0.956466123345261
2014-06-30,active,ema,0.9439153418777645
2014-06-30,active,persist,0.9964607950092199
2014-06-30,active,ema,0.98607870064541
2014-06-30,active,persist,0.9996304192752652
2014-06-30,active,ema,0.9996304192752652
2014-06-30,active,persist,0.8998498214451732
2014-06-30,active,ema,0.9083783303557061
2014-06-30,active,persist,0.9745318668611725
2014-06-30,active,ema,0.9820939980417931
2014-06-30,active,persist,0.9992125067058207
2014-06-30,active,ema,0.9992125067058207
2014-06-30,active,persist,0.7748625190388669
2014-06-30,active,ema,0.7418813840034298
2014-06-30,active,persist,0.9882835192548792
2014-06-30,active,ema,0.9882835192548792
2014-06-30,active,persist,0.9984613908335493
2014-06-30,active,ema,0.9984124266612496
2014-06-30,active,persist,0.942567195017644
2014-06-30,active,ema,0.9419698832903164
2014-06-30,active,persist,0.9881378069839755
2014-06-30,active,ema,0.98211360161554
2014-06-30,active,persist,0.36363600365841364
2014-06-30,active,ema,0.3633238848549406
2014-06-30,active,persist,0.9997520211601025
2014-06-30,active,ema,0.9997520211601025
2014-06-30,active,persist,0.9950633334267699
2014-06-30,active,ema,0.995370039074976
2014-06-30,active,persist,0.9928891624287088
2014-06-30,active,ema,0.9089974432721145
2014-06-30,active,persist,0.9912301712769929
2014-06-30,active,ema,0.9981699680413769
2014-06-30,active,persist,1.0
2014-06-30,active,ema,1.0
2014-06-30,active,persist,0.9990345905719694
2014-06-30,active,ema,0.9990345905719694
2014-06-30,active,persist,0.9589490778414955
2014-06-30,active,ema,0.9589490778414955
2014-06-30,active,persist,0.9369413841086216
2014-06-30,active,ema,0.9372078400351976
2014-06-30,active,persist,0.924405650748293
2014-06-30,active,ema,0.9216846270287989
2014-06-30,active,persist,0.9815882415298832
2014-06-30,active,ema,0.9815882415298832
2014-06-30,active,persist,0.4536148780932335
2014-06-30,active,ema,0.4536148780932335
2014-06-30,active,persist,0.9467257740161322
2014-06-30,active,ema,0.937814774803917
2014-06-30,active,persist,0.8500181309951561
2014-06-30,active,ema,0.9258342066610786
2014-06-30,active,persist,0.9373836802753802
2014-06-30,active,ema,0.9470360991385904
2014-06-30,active,persist,0.9616661367402537
2014-06-30,active,ema,0.960888288412488
2014-06-30,active,persist,0.9695936929329495
2014-06-30,active,ema,0.9155755941443156
2014-06-30,active,persist,0.8738324007232826
2014-06-30,active,ema,0.8565170639667048
2014-06-30,active,persist,1.0
2014-06-30,active,ema,1.0
2014-06-30,active,persist,0.9778880047910085
2014-06-30,active,ema,0.9778414053381017
2014-06-30,active,persist,0.9509160181972055
2014-06-30,active,ema,0.968572882523263
2014-09-30,active,persist,0.9997823427198739
2014-09-30,active,ema,0.9999091407324411
2014-09-30,active,persist,0.9969528741978029
2014-09-30,active,ema,0.9977727233810557
2014-09-30,active,persist,0.9604499931275983
2014-09-30,active,ema,0.9594441793610491
2014-09-30,active,persist,0.9984961802487317
2014-09-30,active,ema,0.9981945479940867
2014-09-30,active,persist,0.9095743056945202
2014-09-30,active,ema,0.909586581806242
2014-09-30,active,persist,0.9958875199361423
2014-09-30,active,ema,0.9808704233303092
2014-09-30,active,persist,0.8455440236474634
2014-09-30,active,ema,0.8369229854154138
2014-09-30,active,persist,0.9025111607495128
2014-09-30,active,ema,0.907785276460333
2014-09-30,active,persist,0.5480880124437342
2014-09-30,active,ema,0.6532348711331224
2014-09-30,active,persist,0.842579328953817
2014-09-30,active,ema,0.842579328953817
2014-09-30,active,persist,0.6414461144846213
2014-09-30,active,ema,0.6414461144846213
2014-09-30,active,persist,0.989585036869232
2014-09-30,active,ema,0.9891783248521102
2014-09-30,active,persist,0.8594373812246726
2014-09-30,active,ema,0.8821154092343324
2014-09-30,active,persist,0.9993987627789269
2014-09-30,active,ema,0.9991322895144168
2014-09-30,active,persist,0.9234712180095843
2014-09-30,active,ema,0.9257174730145176
2014-09-30,active,persist,0.9871329077278984
2014-09-30,active,ema,0.9828602467632033
2014-09-30,active,persist,0.9791375389966049
2014-09-30,active,ema,0.977467375201678
2014-09-30,active,persist,0.9548686975977907
2014-09-30,active,ema,0.9553662515732407
2014-09-30,active,persist,0.9984621598674176
2014-09-30,active,ema,0.9998640961183882
2014-09-30,active,persist,0.6518914024633266
2014-09-30,active,ema,0.664292624659198
2014-09-30,active,persist,0.9878734697077288
2014-09-30,active,ema,0.9988666386200655
2014-09-30,active,persist,0.9584080560831846
2014-09-30,active,ema,0.955583308214135
2014-09-30,active,persist,0.9757835582386563
2014-09-30,active,ema,0.9856046290567045
2014-09-30,active,persist,0.9986868259571986
2014-09-30,active,ema,0.998413810289802
2014-09-30,active,persist,0.9470954330679231
2014-09-30,active,ema,0.9574579837076761
2014-09-30,active,persist,0.981662830747796
2014-09-30,active,ema,0.9721997820358496
2014-09-30,active,persist,0.9946872580945588
2014-09-30,active,ema,0.997643054013767
2014-09-30,active,persist,0.9956040872392955
2014-09-30,active,ema,0.9950607273152967
2014-09-30,active,persist,0.8816184110488051
2014-09-30,active,ema,0.8521356037800616
2014-09-30,active,persist,0.9410208707842345
2014-09-30,active,ema,0.9278417272261293
2014-09-30,active,persist,0.9995223137150887
2014-09-30,active,ema,0.9991967971355417
2014-09-30,active,persist,0.9999783285182472
2014-09-30,active,ema,0.9999053194342468
2014-09-30,active,persist,0.9860494869311416
2014-09-30,active,ema,0.9857431803020426
2014-09-30,active,persist,0.9106494657660471
2014-09-30,active,ema,0.91809561123859
2014-09-30,active,persist,0.9972782544417387
2014-09-30,active,ema,0.9979968354338189
2014-09-30,active,persist,0.8081885220050292
2014-09-30,active,ema,0.8179933467326609
2014-09-30,active,persist,0.9948501753524237
2014-09-30,active,ema,0.9933219919244277
2014-09-30,active,persist,1.0
2014-09-30,active,ema,1.0
2014-09-30,active,persist,0.9406915567439517
2014-09-30,active,ema,0.9360463546258551
2014-09-30,active,persist,0.9993786947916035
2014-09-30,active,ema,0.9971918289781676
2014-09-30,active,persist,0.6687430361048299
2014-09-30,active,ema,0.6064938030903653
2014-09-30,active,persist,0.9988011715209782
2014-09-30,active,ema,0.9988011715209782
2014-09-30,active,persist,0.9958687344941627
2014-09-30,active,ema,0.995844896671641
2014-09-30,active,persist,0.990945680043964
2014-09-30,active,ema,0.990945680043964
2014-09-30,active,persist,0.9506663480816538
2014-09-30,active,ema,0.9567243360105862
2014-09-30,active,persist,0.9999780777358397
2014-09-30,active,ema,0.9999780777358397
2014-09-30,active,persist,0.9987694682112122
2014-09-30,active,ema,0.9987694682112122
2014-09-30,active,persist,0.9826821300854456
2014-09-30,active,ema,0.9498813693006355
2014-09-30,active,persist,0.980515671491187
2014-09-30,active,ema,0.9798437082273472
2014-09-30,active,persist,0.979826612625561
2014-09-30,active,ema,0.9820034286418173
2014-09-30,active,persist,0.9937178118289072
2014-09-30,active,ema,0.9954098805199981
2014-09-30,active,persist,0.9769747630570551
2014-09-30,active,ema,0.9769747630570551
2014-09-30,active,persist,0.9407059760782945
2014-09-30,active,ema,0.938934402239227
2014-09-30,active,persist,0.9698703447864081
2014-09-30,active,ema,0.9557303112878486
2014-09-30,active,persist,0.9425641220774928
2014-09-30,active,ema,0.9323133066948537
2014-09-30,active,persist,0.9563903838160138
2014-09-30,active,ema,0.9555783639660343
2014-09-30,active,persist,0.9219402560292089
2014-09-30,active,persist,0.832622269497823
2014-09-30,active,ema,0.9070730600259302
2014-09-30,active,persist,0.8702846265960638
2014-09-30,active,ema,0.8494494675847594
2014-09-30,active,persist,0.6582125108329695
2014-09-30,active,ema,0.6582125108329695
2014-09-30,active,persist,0.9873607439327925
2014-09-30,active,ema,0.9849854550880832
2014-09-30,active,persist,0.992553751970673
2014-09-30,active,ema,0.9990453509001345
2014-09-30,active,persist,0.9987624392477347
2014-09-30,active,persist,0.9978402300264848
2014-12-31,active,persist,0.9997966982688276
2014-12-31,active,ema,0.999841131036865
2014-12-31,active,persist,0.8785948977612839
2014-12-31,active,ema,0.8748570493736119
2014-12-31,active,persist,0.9023544818701835
2014-12-31,active,ema,0.8529264187303695
2014-12-31,active,persist,0.9410832458732323
2014-12-31,active,ema,0.941250768253336
2014-12-31,active,persist,0.9988518757298293
2014-12-31,active,ema,0.9904513158194688
2014-12-31,active,persist,0.6419618794498522
2014-12-31,active,ema,0.6723777178382373
2014-12-31,active,persist,0.9725169741461553
2014-12-31,active,ema,0.969986469738369
2014-12-31,active,persist,0.9489950531897403
2014-12-31,active,ema,0.8968640401849188
2014-12-31,active,persist,0.5246391408843091
2014-12-31,active,ema,0.5309921914934909
2014-12-31,active,persist,0.9762758487704895
2014-12-31,active,ema,0.9946593520791825
2014-12-31,active,persist,1.0
2014-12-31,active,ema,1.0
2014-12-31,active,persist,0.9762279715335416
2014-12-31,active,ema,0.9766583973331534
2014-12-31,active,persist,0.9624188271773324
2014-12-31,active,ema,0.9308692093681511
2014-12-31,active,persist,0.992332885434838
2014-12-31,active,ema,0.9905745854617034
2014-12-31,active,persist,0.8608464183641997
2014-12-31,active,ema,0.858485371520931
2014-12-31,active,persist,0.8871324350972228
2014-12-31,active,ema,0.8916574028909391
2014-12-31,active,persist,0.9784617064114495
2014-12-31,active,ema,0.9604676005844213
2014-12-31,active,persist,0.9708807767647922
2014-12-31,active,ema,0.970469369357737
2014-12-31,active,persist,0.9973787252102604
2014-12-31,active,ema,0.9995609179682945
2014-12-31,active,persist,0.6855781263201117
2014-12-31,active,ema,0.6826565220079369
2014-12-31,active,persist,0.9845747259666929
2014-12-31,active,ema,0.956823040894512
2014-12-31,active,persist,0.9885955520237857
2014-12-31,active,ema,0.9853998684008601
2014-12-31,active,persist,0.945088022078765
2014-12-31,active,ema,0.9561121154182985
2014-12-31,active,persist,0.9601444555196011
2014-12-31,active,ema,0.9601444555196011
2014-12-31,active,persist,0.9318416018152096
2014-12-31,active,ema,0.9232725652224872
2014-12-31,active,persist,0.9571890390228206
2014-12-31,active,ema,0.956847948198841
2014-12-31,active,persist,0.9777488541754126
2014-12-31,active,ema,0.9617254152940434
2014-12-31,active,persist,0.995494253727242
2014-12-31,active,ema,0.995494253727242
2014-12-31,active,persist,0.9451663260071624
2014-12-31,active,ema,0.9415688004972486
2014-12-31,active,persist,0.9876494329714255
2014-12-31,active,ema,0.9849801330384768
2014-12-31,active,persist,0.8342012560244247
2014-12-31,active,ema,0.8340997660969911
2014-12-31,active,persist,0.9990306443344015
2014-12-31,active,ema,0.9937773179516125
2014-12-31,active,persist,0.9988781814171708
2014-12-31,active,ema,0.9943141354068992
2014-12-31,active,persist,0.9288635128587288
2014-12-31,active,ema,0.9291055829195569
2014-12-31,active,persist,0.9721484410960193
2014-12-31,active,ema,0.9721484410960193
2014-12-31,active,persist,0.8528242853548588
2014-12-31,active,ema,0.8111700114891369
2014-12-31,active,persist,0.9975393774789261
2014-12-31,active,ema,0.994200676069274
2014-12-31,active,persist,0.9543846604512985
2014-12-31,active,ema,0.9543846604512985
2014-12-31,active,persist,0.9999831598480731
2014-12-31,active,ema,1.0
2014-12-31,active,persist,0.9977040710700772
2014-12-31,active,ema,0.9921952297279211
2014-12-31,active,persist,0.8846028430054066
2014-12-31,active,ema,0.8563510542329308
2014-12-31,active,persist,1.0
2014-12-31,active,ema,0.9999490612303059
2014-12-31,active,persist,0.9808355735333522
2014-12-31,active,ema,0.9791958833452397
2014-12-31,active,persist,0.8706850646990316
2014-12-31,active,ema,0.8706850646990316
2014-12-31,active,persist,0.9725865160082312
2014-12-31,active,ema,0.9418998913391756
2014-12-31,active,persist,0.9881746526144133
2014-12-31,active,ema,0.9881849843712227
2014-12-31,active,persist,0.9788217315877773
2014-12-31,active,ema,0.9788217315877773
2014-12-31,active,persist,0.9715743297774384
2014-12-31,active,ema,0.9918430291116029
2014-12-31,active,persist,0.9242099920121161
2014-12-31,active,ema,0.9158111267795596
2014-12-31,active,persist,0.7670051610063328
2014-12-31,active,ema,0.7667065024066755
2014-12-31,active,persist,0.3027674103088162
2014-12-31,active,ema,0.30803700673148143
2014-12-31,active,persist,0.9361481169516811
2014-12-31,active,ema,0.931039123667174
2014-12-31,active,persist,0.9592594088658467
2014-12-31,active,ema,0.9656249606060351
2014-12-31,active,persist,0.9979841812559702
2014-12-31,active,ema,0.974686150656295
2014-12-31,active,persist,0.8989287061805716
2014-12-31,active,ema,0.8965375961351367
2014-12-31,active,persist,0.8904641186149614
2014-12-31,active,ema,0.8513127125702754
2014-12-31,active,persist,0.7196441356512188
2014-12-31,active,ema,0.7196441356512188
2014-12-31,active,persist,0.2084003981841354
2014-12-31,active,ema,0.2049149743416882
2014-12-31,active,persist,0.942765599577497
2014-12-31,active,ema,0.806793938278023
2014-12-31,active,persist,0.9968907073619295
2014-12-31,active,ema,0.9972528081186535
2014-12-31,active,persist,0.9562181482777553
2014-12-31,active,ema,0.9678743250818121
2014-12-31,active,persist,0.7493476138146401
2014-12-31,active,ema,0.7493476138146401
2014-12-31,active,persist,0.9666564483906268
2014-12-31,active,ema,0.9618332290848118
2014-12-31,active,persist,0.9947788174217643
2015-03-31,active,persist,0.9988038525557357
2015-03-31,active,ema,0.9987881344147087
2015-03-31,active,persist,0.9559658032907755
2015-03-31,active,ema,0.9543684407838748
2015-03-31,active,persist,0.9529265303938095
2015-03-31,active,ema,0.9385651132227627
2015-03-31,active,persist,0.9761970606896898
2015-03-31,active,ema,0.9762038483675076
2015-03-31,active,persist,0.9679537217306095
2015-03-31,active,ema,0.9679537217306095
2015-03-31,active,persist,0.9525124113482493
2015-03-31,active,ema,0.8687992212182915
2015-03-31,active,persist,0.9734397501659547
2015-03-31,active,ema,0.9734397501659547
2015-03-31,active,persist,0.9664606792138725
2015-03-31,active,ema,0.9598147865222555
2015-03-31,active,persist,0.4236034735554928
2015-03-31,active,ema,0.425841074889462
2015-03-31,active,persist,0.9215093979110929
2015-03-31,active,ema,0.9214299069259604
2015-03-31,active,persist,1.0
2015-03-31,active,ema,1.0
2015-03-31,active,persist,0.9511411692796642
2015-03-31,active,ema,0.9507901606567334
2015-03-31,active,persist,0.9740820066263048
2015-03-31,active,ema,0.9591926526833378
2015-03-31,active,persist,0.9914836267839527
2015-03-31,active,ema,0.9897260499711844
2015-03-31,active,persist,0.9343300610625208
2015-03-31,active,ema,0.8859961221703198
2015-03-31,active,persist,0.9881224067891677
2015-03-31,active,ema,0.9812876667192502
2015-03-31,active,persist,0.9826746767952613
2015-03-31,active,ema,0.9914031005171894
2015-03-31,active,persist,0.8766394331039872
2015-03-31,active,ema,0.8595253393245393
2015-03-31,active,persist,0.997833844294399
2015-03-31,active,ema,0.997833844294399
2015-03-31,active,persist,0.7993267632796373
2015-03-31,active,ema,0.7685160145503616
2015-03-31,active,persist,0.9160536866990218
2015-03-31,active,ema,0.9597341227722174
2015-03-31,active,persist,0.9944704514664413
2015-03-31,active,ema,0.9944704514664413
2015-03-31,active,persist,0.9738353835459602
2015-03-31,active,ema,0.9717771917247823
2015-03-31,active,persist,0.9873761712282181
2015-03-31,active,ema,0.9564098206608325
2015-03-31,active,persist,0.9870537373888477
2015-03-31,active,ema,0.9433310926959969
2015-03-31,active,persist,0.9000090434594219
2015-03-31,active,ema,0.8852391861251302
2015-03-31,active,persist,0.9799225014217646
2015-03-31,active,ema,0.9756159221438505
2015-03-31,active,persist,0.9989826748346653
2015-03-31,active,ema,0.9990368663186178
2015-03-31,active,persist,0.9045145987116286
2015-03-31,active,ema,0.8928946673252661
2015-03-31,active,persist,0.9982278756572909
2015-03-31,active,ema,0.9984515217351414
2015-03-31,active,persist,0.9468871781458812
2015-03-31,active,ema,0.9472776689490883
2015-03-31,active,persist,0.9890486082255142
2015-03-31,active,ema,0.985897401948437
2015-03-31,active,persist,0.9856303672112766
2015-03-31,active,ema,0.9868456164329318
2015-03-31,active,persist,0.986256637783698
2015-03-31,active,ema,0.9346547504451627
2015-03-31,active,persist,0.956344151139677
2015-03-31,active,ema,0.9724295409873591
2015-03-31,active,persist,0.8953319344432239
2015-03-31,active,ema,0.8582400546223148
2015-03-31,active,persist,1.0
2015-03-31,active,ema,1.0
2015-03-31,active,persist,0.7979336838569674
2015-03-31,active,ema,0.797927633883263
2015-03-31,active,persist,0.3960496676112454
2015-03-31,active,ema,0.3960470581377531
2015-03-31,active,persist,0.9997894040500235
2015-03-31,active,ema,0.9967387211245893
2015-03-31,active,persist,0.8376990428473942
2015-03-31,active,ema,0.8169072527431058
2015-03-31,active,persist,0.999882764670354
2015-03-31,active,ema,0.999882764670354
2015-03-31,active,persist,0.9779020354247708
2015-03-31,active,ema,0.9986870808907359
2015-03-31,active,persist,0.9997054034927187
2015-03-31,active,ema,0.9995482053930184
2015-03-31,active,persist,0.958646032613708
2015-03-31,active,ema,0.9809942356755058
2015-03-31,active,persist,0.9993940736567032
2015-03-31,active,ema,0.9974576280759218
2015-03-31,active,persist,0.8991400895283131
2015-03-31,active,ema,0.8719512962279856
2015-03-31,active,persist,0.9883595077313035
2015-03-31,active,ema,0.9040592052762493
2015-03-31,active,persist,0.9032373806152667
2015-03-31,active,ema,0.912129126971155
2015-03-31,active,persist,0.998469311842273
2015-03-31,active,ema,0.9990526951599001
2015-03-31,active,persist,0.7051161118667573
2015-03-31,active,ema,0.5916997200410535
2015-03-31,active,persist,0.9297300192975042
2015-03-31,active,ema,0.9343664466193579
2015-03-31,active,persist,0.9913085910585177
2015-03-31,active,ema,0.9896408600556807
2015-03-31,active,persist,0.9852439758527943
2015-03-31,active,ema,0.9799108628510877
2015-03-31,active,persist,0.9714226072840292
2015-03-31,active,ema,0.9698746502550247
2015-03-31,active,persist,0.7790231060517905
2015-03-31,active,ema,0.8568117014043746
2015-03-31,active,persist,0.885722438578356
2015-03-31,active,ema,0.8852713062741436
2015-03-31,active,persist,0.8819442754045022
2015-03-31,active,ema,0.8506705864963563
2015-03-31,active,persist,0.9969147215085369
2015-03-31,active,ema,0.9930871937764454
2015-03-31,active,persist,0.9859382371678027
2015-03-31,active,ema,0.9858898869953825
2015-03-31,active,persist,0.6965590858006221
2015-03-31,active,persist,0.996482884539811
2015-03-31,active,ema,0.996482884539811
2015-03-31,active,persist,0.8167583362177424
2015-03-31,active,persist,0.9941426159083355
2015-03-31,active,persist,1.0
2015-03-31,active,ema,0.8023715886344918
2015-03-31,active,persist,0.7137818573923939
2015-03-31,active,persist,0.9835218960094348
2015-03-31,active,ema,0.951553902020327
2015-03-31,active,persist,0.9936281594495754
2015-03-31,active,ema,0.9934003219287045
2015-03-31,active,persist,0.8188185742302431
2015-03-31,active,persist,0.9607795411902514
2015-06-30,active,persist,0.9986803891517274
2015-06-30,active,ema,0.9992875982297045
2015-06-30,active,persist,0.999579755418964
2015-06-30,active,ema,0.998449423938476
2015-06-30,active,persist,0.9864212607652624
2015-06-30,active,ema,0.9857197661682854
2015-06-30,active,persist,0.9989539562066265
2015-06-30,active,ema,0.9964616129600811
2015-06-30,active,persist,0.9479972213050515
2015-06-30,active,ema,0.9479972213050515
2015-06-30,active,persist,0.9901166837782548
2015-06-30,active,ema,0.9658119813308702
2015-06-30,active,persist,0.9998566203338025
2015-06-30,active,ema,0.9994348921354064
2015-06-30,active,persist,0.9532861285764337
2015-06-30,active,ema,0.9580769949330036
2015-06-30,active,persist,0.23235123447916314
2015-06-30,active,ema,0.20869649812855243
2015-06-30,active,persist,0.9829058686836191
2015-06-30,active,ema,0.9826309688658521
2015-06-30,active,persist,0.5350735151707408
2015-06-30,active,ema,0.5350735151707408
2015-06-30,active,persist,0.9935869603233958
2015-06-30,active,ema,0.9766340983517952
2015-06-30,active,persist,0.9723547497284782
2015-06-30,active,ema,0.9657513167224472
2015-06-30,active,persist,0.9964124540930727
2015-06-30,active,ema,0.9964326582302754
2015-06-30,active,persist,0.9758726093672051
2015-06-30,active,ema,0.9517355485394852
2015-06-30,active,persist,0.9924977335220881
2015-06-30,active,ema,0.9921853830251474
2015-06-30,active,persist,0.975117251971903
2015-06-30,active,ema,0.9742094089788013
2015-06-30,active,persist,0.9265883830616174
2015-06-30,active,ema,0.9209300730166297
2015-06-30,active,persist,1.0
2015-06-30,active,ema,1.0
2015-06-30,active,persist,0.45684726263171926
2015-06-30,active,ema,0.4679055482300009
2015-06-30,active,persist,0.9858438858229231
2015-06-30,active,ema,0.9846625720209711
2015-06-30,active,persist,0.9769715496512217
2015-06-30,active,ema,0.9990119822872903
2015-06-30,active,persist,0.9943380617330463
2015-06-30,active,ema,0.9853161096298908
2015-06-30,active,persist,0.9986101309832575
2015-06-30,active,ema,0.9816260466215084
2015-06-30,active,persist,0.9214145645953974
2015-06-30,active,ema,0.9220469705893812
2015-06-30,active,persist,0.9240731799230568
2015-06-30,active,ema,0.9350666385942141
2015-06-30,active,persist,0.994572406945687
2015-06-30,active,ema,0.9957210532330427
2015-06-30,active,persist,0.9987370877537499
2015-06-30,active,ema,0.9989539398230742
2015-06-30,active,persist,0.7902651283104206
2015-06-30,active,ema,0.5278133308690389
2015-06-30,active,persist,0.8154397518049704
2015-06-30,active,ema,0.8227009831109523
2015-06-30,active,persist,0.9999263516892191
2015-06-30,active,ema,0.997763616740607
2015-06-30,active,persist,0.994860866426151
2015-06-30,active,ema,0.9935002717647531
2015-06-30,active,persist,0.9025349424615295
2015-06-30,active,ema,0.9741482442978913
2015-06-30,active,persist,0.9102038855070966
2015-06-30,active,ema,0.8736446490621632
2015-06-30,active,persist,0.8077550284059223
2015-06-30,active,ema,0.796981978297242
2015-06-30,active,persist,0.999668793464459
2015-06-30,active,ema,0.999668793464459
2015-06-30,active,persist,0.969929441576985
2015-06-30,active,ema,0.9606153051223003
2015-06-30,active,persist,0.4417328956664939
2015-06-30,active,ema,0.4417328956664939
2015-06-30,active,persist,0.9975489528352951
2015-06-30,active,ema,0.995290747343551
2015-06-30,active,persist,0.8028269850574365
2015-06-30,active,ema,0.8092749993841941
2015-06-30,active,persist,0.9999185588244784
2015-06-30,active,ema,0.9997425999474335
2015-06-30,active,persist,0.7827456187494262
2015-06-30,active,ema,0.7827456187494262
2015-06-30,active,persist,0.9986920333000334
2015-06-30,active,ema,0.9986600780342829
2015-06-30,active,persist,0.954932496742361
2015-06-30,active,ema,0.9992226704826513
2015-06-30,active,persist,0.9999160546424721
2015-06-30,active,ema,0.9999160546424721
2015-06-30,active,persist,0.8510408200765028
2015-06-30,active,ema,0.8456248932260803
2015-06-30,active,persist,0.9680637348348609
2015-06-30,active,ema,0.970337662606841
2015-06-30,active,persist,0.9702283114435917
2015-06-30,active,ema,0.9696994945697649
2015-06-30,active,persist,1.0
2015-06-30,active,ema,1.0
2015-06-30,active,persist,0.8327793177325724
2015-06-30,active,ema,0.8284895845797269
2015-06-30,active,persist,0.9929468607769891
2015-06-30,active,ema,0.9947965821085305
2015-06-30,active,persist,0.9992303080444997
2015-06-30,active,ema,0.926100640904576
2015-06-30,active,persist,0.9661898817978789
2015-06-30,active,ema,0.9661898817978789
2015-06-30,active,persist,0.9923826014766626
2015-06-30,active,ema,0.9912156924824495
2015-06-30,active,persist,0.9964912378806541
2015-06-30,active,ema,0.9956442978543995
2015-06-30,active,persist,0.9988278199879163
2015-06-30,active,ema,0.9988278199879163
2015-06-30,active,persist,0.9981579817594574
2015-06-30,active,ema,0.9972941628039667
2015-06-30,active,persist,0.9552789025002485
2015-06-30,active,ema,0.9239185807878244
2015-06-30,active,persist,0.9981282063879603
2015-06-30,active,ema,0.9981282063879603
2015-06-30,active,persist,0.8848952456648167
2015-06-30,active,ema,0.8812607825591621
2015-06-30,active,persist,0.8772707340464004
2015-06-30,active,ema,0.8772707340464004
2015-06-30,active,persist,0.7870664553441664
2015-06-30,active,ema,0.7870664553441664
2015-06-30,active,persist,0.2012651227775339
2015-06-30,active,ema,0.1913016723055446
2015-06-30,active,persist,0.981009066168879
2015-06-30,active,ema,0.9686093317808506
2015-06-30,active,persist,0.9858435308072336
2015-06-30,active,ema,0.984266575678455
2015-06-30,active,persist,0.8972105757468438
2015-06-30,active,ema,0.9022315049424179
2015-06-30,active,persist,0.9544640898964188
2015-06-30,active,ema,0.9537514293577924
2015-09-30,active,persist,0.9941687562236461
2015-09-30,active,ema,0.9937413961514275
2015-09-30,active,persist,0.7494528240604745
2015-09-30,active,ema,0.748351228709686
2015-09-30,active,persist,0.9956552972876448
2015-09-30,active,ema,0.995284243705909
2015-09-30,active,persist,0.9999271362616107
2015-09-30,active,ema,0.9980463406260035
2015-09-30,active,persist,0.999703227256032
2015-09-30,active,ema,0.9994915415129546
2015-09-30,active,persist,0.9714384061943258
2015-09-30,active,ema,0.9706028521977299
2015-09-30,active,persist,0.979152689254227
2015-09-30,active,ema,0.979152689254227
2015-09-30,active,persist,0.9429742381730873
2015-09-30,active,ema,0.9440061439356223
2015-09-30,active,persist,0.9713837705380239
2015-09-30,active,ema,0.9136860390159705
2015-09-30,active,persist,0.9961854268931339
2015-09-30,active,ema,0.9874927745166665
2015-09-30,active,persist,0.9997369919551864
2015-09-30,active,ema,0.8956611183606598
2015-09-30,active,persist,0.9545161568435319
2015-09-30,active,ema,0.9335830793670867
2015-09-30,active,persist,0.9544700169551181
2015-09-30,active,ema,0.9438047459433057
2015-09-30,active,persist,0.9928065356936697
2015-09-30,active,ema,0.9850416802125552
2015-09-30,active,persist,0.9682619147848186
2015-09-30,active,ema,0.9746593045710842
2015-09-30,active,persist,0.9716323845856952
2015-09-30,active,ema,0.9684718819349943
2015-09-30,active,persist,0.9370860243230379
2015-09-30,active,ema,0.9366868346761238
2015-09-30,active,persist,0.9527414289083781
2015-09-30,active,ema,0.9527385534304401
2015-09-30,active,persist,0.8232848021393419
2015-09-30,active,ema,0.8232848021393419
2015-09-30,active,persist,0.9370579017026855
2015-09-30,active,ema,0.9395557176914275
2015-09-30,active,persist,0.9570412843398386
2015-09-30,active,ema,0.9717625388448654
2015-09-30,active,persist,0.996444537164129
2015-09-30,active,ema,0.996444537164129
2015-09-30,active,persist,0.999832183926132
2015-09-30,active,ema,0.9993325945105422
2015-09-30,active,persist,0.9798966020952901
2015-09-30,active,ema,0.9785015296863817
2015-09-30,active,persist,0.2788594544861954
2015-09-30,active,ema,0.2760419587337513
2015-09-30,active,persist,0.9784932466672707
2015-09-30,active,ema,0.9706991983080363
2015-09-30,active,persist,0.9822020107123853
2015-09-30,active,ema,0.9828130611557885
2015-09-30,active,persist,0.9986751396561806
2015-09-30,active,ema,0.9987293717994455
2015-09-30,active,persist,0.9115004776503104
2015-09-30,active,ema,0.897564157946312
2015-09-30,active,persist,0.9957161549525564
2015-09-30,active,ema,0.9947286594972805
2015-09-30,active,persist,0.992517394624908
2015-09-30,active,ema,0.992517394624908
2015-09-30,active,persist,0.9918950682152218
2015-09-30,active,ema,0.9787737532663985
2015-09-30,active,persist,0.9042116087442427
2015-09-30,active,ema,0.9017976642703549
2015-09-30,active,persist,0.9540471168301329
2015-09-30,active,ema,0.9355730581837104
2015-09-30,active,persist,0.9494111947920165
2015-09-30,active,ema,0.9314906104475883
2015-09-30,active,persist,0.6925440810813889
2015-09-30,active,ema,0.6925440810813889
2015-09-30,active,persist,0.6460782592200628
2015-09-30,active,ema,0.6707194605268428
2015-09-30,active,persist,0.8522389769539213
2015-09-30,active,ema,0.8493351997342391
2015-09-30,active,persist,0.9997998673872377
2015-09-30,active,ema,0.9999845453364582
2015-09-30,active,persist,0.8857024743357993
2015-09-30,active,ema,0.8625762562789244
2015-09-30,active,persist,0.9869832718536948
2015-09-30,active,ema,0.9870383184526144
2015-09-30,active,persist,0.9214807045665974
2015-09-30,active,ema,0.9431373479866159
2015-09-30,active,persist,0.9951059252286152
2015-09-30,active,ema,0.9940984064554961
2015-09-30,active,persist,0.991187906912235
2015-09-30,active,ema,0.991927225940833
2015-09-30,active,persist,1.0
2015-09-30,active,ema,1.0
2015-09-30,active,persist,0.9879867205660144
2015-09-30,active,ema,0.9871977936200028
2015-09-30,active,persist,0.9885156096788006
2015-09-30,active,ema,0.9909031952418211
2015-09-30,active,persist,0.9273088642460319
2015-09-30,active,ema,0.9000880673102254
2015-09-30,active,persist,0.9337829765087614
2015-09-30,active,ema,0.928346073715959
2015-09-30,active,persist,0.9313043711311386
2015-09-30,active,ema,0.9868261677396494
2015-09-30,active,persist,0.9481953190113946
2015-09-30,active,ema,0.9424248017264424
2015-09-30,active,persist,0.9922646571557262
2015-09-30,active,ema,0.9922646571557262
2015-09-30,active,persist,0.8919456875405736
2015-09-30,active,ema,0.8970952548162564
2015-09-30,active,persist,0.9959937564458039
2015-09-30,active,ema,0.9938660057078014
2015-09-30,active,persist,0.987754457719992
2015-09-30,active,ema,0.9870756476137045
2015-09-30,active,persist,0.997755674259706
2015-09-30,active,ema,0.9923251854610476
2015-09-30,active,persist,0.9604637531534198
2015-09-30,active,ema,0.9629190860639749
2015-09-30,active,persist,0.9975025085347521
2015-09-30,active,ema,0.9976955878042513
2015-09-30,active,persist,0.8575672220903796
2015-09-30,active,ema,0.8253689711264661
2015-09-30,active,persist,0.9142989565174809
2015-09-30,active,ema,0.907740355462159
2015-09-30,active,persist,0.9107895481430616
2015-09-30,active,ema,0.9107895481430616
2015-09-30,active,persist,0.4324410585118724
2015-09-30,active,ema,0.4208803118962499
2015-09-30,active,persist,0.9815325942191597
2015-09-30,active,ema,0.9731973045686385
2015-09-30,active,persist,0.9922719652265835
2015-09-30,active,ema,0.9923419257183416
2015-09-30,active,persist,0.9150878663403897
2015-09-30,active,ema,0.9130304342138295
2015-09-30,active,persist,0.9843979730699877
2015-09-30,active,ema,0.9814414835934646
2015-12-31,active,persist,0.9998281716703123
2015-12-31,active,ema,0.9997767386388574
2015-12-31,active,persist,0.9438383973963251
2015-12-31,active,ema,0.9244365632915271
2015-12-31,active,persist,0.9677246515940483
2015-12-31,active,ema,0.9602183825589343
2015-12-31,active,persist,0.9940491442695717
2015-12-31,active,ema,0.9940491442695717
2015-12-31,active,persist,0.9953984041369834
2015-12-31,active,ema,0.9950583580917993
2015-12-31,active,persist,0.9591642934976474
2015-12-31,active,ema,0.971823322482559
2015-12-31,active,persist,0.9395357004029327
2015-12-31,active,ema,0.925716703359883
2015-12-31,active,persist,0.9638715231333507
2015-12-31,active,ema,0.9671631919790342
2015-12-31,active,persist,0.27058228825341
2015-12-31,active,ema,0.23945098794760541
2015-12-31,active,persist,0.9719705583178325
2015-12-31,active,ema,0.9878182265538392
2015-12-31,active,persist,0.9998335757457881
2015-12-31,active,ema,0.9998232096485029
2015-12-31,active,persist,0.9506868750038524
2015-12-31,active,ema,0.9513822274436116
2015-12-31,active,persist,0.8743287277207538
2015-12-31,active,ema,0.9168468224846132
2015-12-31,active,persist,0.9833985247895348
2015-12-31,active,ema,0.9819093106458103
2015-12-31,active,persist,0.841975210985793
2015-12-31,active,ema,0.816488090287676
2015-12-31,active,persist,0.9947465378542422
2015-12-31,active,ema,0.9915008057679794
2015-12-31,active,persist,0.9765949660434593
2015-12-31,active,ema,0.974268196971708
2015-12-31,active,persist,0.8351040136546919
2015-12-31,active,ema,0.8163433839937339
2015-12-31,active,persist,0.9999585830879407
2015-12-31,active,ema,0.9867755932271804
2015-12-31,active,persist,0.7777670762472109
2015-12-31,active,ema,0.7902013503669921
2015-12-31,active,persist,0.9504936723754396
2015-12-31,active,ema,0.928567753731469
2015-12-31,active,persist,0.9927103275461377
2015-12-31,active,ema,0.9938743754241679
2015-12-31,active,persist,0.9945217550793768
2015-12-31,active,ema,0.9945217550793768
2015-12-31,active,persist,0.9883708846241722
2015-12-31,active,ema,0.9883708846241722
2015-12-31,active,persist,0.9334188406582362
2015-12-31,active,ema,0.8757108003954769
2015-12-31,active,persist,0.9574896362078187
2015-12-31,active,ema,0.9261533099910237
2015-12-31,active,persist,0.9666053077620825
2015-12-31,active,ema,0.9657082294244735
2015-12-31,active,persist,0.9987135043994095
2015-12-31,active,ema,0.9988886434658331
2015-12-31,active,persist,0.886621252496157
2015-12-31,active,ema,0.8781768271478316
2015-12-31,active,persist,0.99004384818389
2015-12-31,active,ema,0.9962583298145071
2015-12-31,active,persist,0.9889486115423007
2015-12-31,active,ema,0.9886128854871022
2015-12-31,active,persist,0.9696046841884758
2015-12-31,active,ema,0.9704984060784978
2015-12-31,active,persist,0.9258737646466818
2015-12-31,active,ema,0.9455104313535739
2015-12-31,active,persist,0.9556682479563092
2015-12-31,active,ema,0.9600125198915143
2015-12-31,active,persist,0.8281268994303581
2015-12-31,active,ema,0.8278346048842213
2015-12-31,active,persist,1.0
2015-12-31,active,ema,1.0
2015-12-31,active,persist,0.929456574456229
2015-12-31,active,ema,0.9281862876166134
2015-12-31,active,persist,0.8498034090577101
2015-12-31,active,ema,0.8501530070407188
2015-12-31,active,persist,0.9990474675457067
2015-12-31,active,ema,0.9990474675457067
2015-12-31,active,persist,0.752611348310223
2015-12-31,active,ema,0.7523980978225719
2015-12-31,active,persist,0.9963893903819467
2015-12-31,active,ema,0.9964020120874341
2015-12-31,active,persist,0.6023398621515957
2015-12-31,active,ema,0.6259640264244392
2015-12-31,active,persist,0.9993281735756632
2015-12-31,active,ema,0.9993281735756632
2015-12-31,active,persist,0.9913798230561784
2015-12-31,active,ema,0.990421498839682
2015-12-31,active,persist,1.0
2015-12-31,active,ema,1.0
2015-12-31,active,persist,0.9835019748431136
2015-12-31,active,ema,0.9807063311817552
2015-12-31,active,persist,0.9868593278987814
2015-12-31,active,ema,0.9853664040657718
2015-12-31,active,persist,0.9842701414826073
2015-12-31,active,ema,0.9755556544759802
2015-12-31,active,persist,0.8976730908635339
2015-12-31,active,ema,0.8451221692192121
2015-12-31,active,persist,0.9970451274977876
2015-12-31,active,ema,0.9977781067677894
2015-12-31,active,persist,0.9935358039292468
2015-12-31,active,ema,0.9935358039292468
2015-12-31,active,persist,0.9983229399809384
2015-12-31,active,ema,0.9979045935597972
2015-12-31,active,persist,0.994635489398139
2015-12-31,active,ema,0.9784322495794231
2015-12-31,active,persist,0.9853663168666071
2015-12-31,active,ema,0.9810934188433239
2015-12-31,active,persist,0.9854730642088462
2015-12-31,active,ema,0.9854741958779332
2015-12-31,active,persist,0.9572862230046791
2015-12-31,active,ema,0.9572862230046791
2015-12-31,active,persist,0.8083601585096389
2015-12-31,active,ema,0.785805097145363
2015-12-31,active,persist,0.9903339618885262
2015-12-31,active,ema,0.9869818653389392
2015-12-31,active,persist,0.9160813665393926
2015-12-31,active,ema,0.904743090181714
2015-12-31,active,persist,0.8855109035815909
2015-12-31,active,ema,0.8855109035815909
2015-12-31,active,persist,0.999697589625425
2015-12-31,active,ema,0.999697589625425
2015-12-31,active,persist,0.588848336826818
2015-12-31,active,ema,0.5931956604576919
2015-12-31,active,persist,0.941159782438707
2015-12-31,active,ema,0.9283911353641204
2015-12-31,active,persist,0.936933363318807
2015-12-31,active,ema,0.9327582410819624
2015-12-31,active,persist,0.929130636068741
2015-12-31,active,ema,0.9055375201907574
2015-12-31,active,persist,0.960910562589891
2015-12-31,active,ema,0.9562134149136691
2016-03-31,active,persist,0.9994375461765652
2016-03-31,active,ema,0.9988120237044448
2016-03-31,active,persist,0.8485297080595705
2016-03-31,active,ema,0.8569338839396332
2016-03-31,active,persist,0.969054498401181
2016-03-31,active,ema,0.96040226794455
2016-03-31,active,persist,0.998651865609966
2016-03-31,active,ema,0.9977252615745779
2016-03-31,active,persist,0.9863995148478918
2016-03-31,active,ema,0.9863995148478918
2016-03-31,active,persist,0.9896203248756672
2016-03-31,active,ema,0.991338423298271
2016-03-31,active,persist,0.9936596543819124
2016-03-31,active,ema,0.9936596543819124
2016-03-31,active,persist,0.9438650136086436
2016-03-31,active,ema,0.952890333226462
2016-03-31,active,persist,0.47223187036472836
2016-03-31,active,ema,0.4680009055008063
2016-03-31,active,persist,0.9964645768949659
2016-03-31,active,ema,0.9965910022153911
2016-03-31,active,persist,0.9720482353356098
2016-03-31,active,ema,0.9720496833076516
2016-03-31,active,persist,0.9405078777542135
2016-03-31,active,ema,0.9343017657279155
2016-03-31,active,persist,0.9698173115290859
2016-03-31,active,ema,0.9062098531051219
2016-03-31,active,persist,0.9969825580669414
2016-03-31,active,ema,0.9940546386385285
2016-03-31,active,persist,0.8277241460154818
2016-03-31,active,ema,0.8115353897049143
2016-03-31,active,persist,0.9059067515127136
2016-03-31,active,ema,0.8786026180722569
2016-03-31,active,persist,0.9857826403574048
2016-03-31,active,ema,0.9824917904028991
2016-03-31,active,persist,0.9567922982207224
2016-03-31,active,ema,0.9576299728642139
2016-03-31,active,persist,0.9734492914794377
2016-03-31,active,ema,0.9734492914794377
2016-03-31,active,persist,0.9502539681648988
2016-03-31,active,ema,0.946718779623558
2016-03-31,active,persist,0.9987259863389559
2016-03-31,active,ema,0.9992943699968923
2016-03-31,active,persist,0.988630106587695
2016-03-31,active,ema,0.9937584865169158
2016-03-31,active,persist,0.9962857044893041
2016-03-31,active,ema,0.9948806143382675
2016-03-31,active,persist,0.9039750268182138
2016-03-31,active,ema,0.8471192483544929
2016-03-31,active,persist,0.9693090950087304
2016-03-31,active,ema,0.9644023032537724
2016-03-31,active,persist,0.984658484275765
2016-03-31,active,ema,0.9745302113058882
2016-03-31,active,persist,0.9946700522437081
2016-03-31,active,ema,0.9855408959459108
2016-03-31,active,persist,0.9993303094760149
2016-03-31,active,ema,0.9984372959730058
2016-03-31,active,persist,0.8567198112962667
2016-03-31,active,ema,0.9719328513314586
2016-03-31,active,persist,0.9991524655861896
2016-03-31,active,ema,0.9952637761871581
2016-03-31,active,persist,0.8902506204978964
2016-03-31,active,ema,0.8907916803591831
2016-03-31,active,persist,0.9917800759094646
2016-03-31,active,ema,0.9917800759094646
2016-03-31,active,persist,0.9517555956682476
2016-03-31,active,ema,0.9310611979587196
2016-03-31,active,persist,0.9956043817689094
2016-03-31,active,ema,0.9974380465996556
2016-03-31,active,persist,0.9135189667371344
2016-03-31,active,ema,0.8952278766803272
2016-03-31,active,persist,0.9993616244882652
2016-03-31,active,ema,0.9993616244882652
2016-03-31,active,persist,0.844622987506165
2016-03-31,active,ema,0.8448811710200312
2016-03-31,active,persist,0.9561769477846679
2016-03-31,active,ema,0.9583068314309372
2016-03-31,active,persist,0.9671479731364445
2016-03-31,active,ema,0.9680628163176735
2016-03-31,active,persist,0.9243419422945068
2016-03-31,active,ema,0.8706855859646467
2016-03-31,active,persist,0.9926956531858729
2016-03-31,active,ema,0.9926956531858729
2016-03-31,active,persist,0.9630471858828538
2016-03-31,active,ema,0.9905584351075817
2016-03-31,active,persist,0.9998569475807542
2016-03-31,active,ema,0.999875783431603
2016-03-31,active,persist,0.9895119625905014
2016-03-31,active,ema,0.9958767668986348
2016-03-31,active,persist,0.9956879762053045
2016-03-31,active,ema,0.9956879762053045
2016-03-31,active,persist,0.8578548362183587
2016-03-31,active,ema,0.8578548362183587
2016-03-31,active,persist,0.9475269869675451
2016-03-31,active,ema,0.9429986631839048
2016-03-31,active,persist,0.9327040091065001
2016-03-31,active,ema,0.9306842279450505
2016-03-31,active,persist,0.9806390806228483
2016-03-31,active,ema,0.978036297889256
2016-03-31,active,persist,0.9990165195195455
2016-03-31,active,ema,0.9940683488209141
2016-03-31,active,persist,0.9995341694640625
2016-03-31,active,ema,0.9995341694640625
2016-03-31,active,persist,0.7622942758116995
2016-03-31,active,ema,0.7631064488431196
2016-03-31,active,persist,0.9477197881169792
2016-03-31,active,ema,0.9411410197454899
2016-03-31,active,persist,0.7998646122547147
2016-03-31,active,ema,0.7985014827033269
2016-03-31,active,persist,0.9986865945860515
2016-03-31,active,ema,0.9997059285987804
2016-03-31,active,persist,0.9951706573288992
2016-03-31,active,ema,0.9947744478402097
2016-03-31,active,persist,0.8677564694066823
2016-03-31,active,ema,0.8497372479975749
2016-03-31,active,persist,0.9919740439365349
2016-03-31,active,ema,0.9922017254628924
2016-03-31,active,persist,0.8588182149312075
2016-03-31,active,ema,0.879841638190041
2016-03-31,active,persist,0.9402487856698722
2016-03-31,active,ema,0.9478476114448653
2016-03-31,active,persist,0.9999851534061908
2016-03-31,active,ema,0.9999851534061908
2016-03-31,active,persist,0.3985046480534027
2016-03-31,active,ema,0.380248747836776
2016-03-31,active,persist,0.7880774788041621
2016-03-31,active,ema,0.7776871560257179
2016-03-31,active,persist,0.9780285866117788
2016-03-31,active,ema,0.9569618317503286
2016-03-31,active,persist,0.7596493921301455
2016-03-31,active,ema,0.7708920092332935
2016-03-31,active,persist,0.9919271028992707
2016-03-31,active,ema,0.9889601017204289
2016-06-30,active,persist,0.9998062634574496
2016-06-30,active,ema,0.9991355051626793
2016-06-30,active,persist,0.5805251130594861
2016-06-30,active,ema,0.565577594471154
2016-06-30,active,persist,0.9996413919310908
2016-06-30,active,ema,0.9996413919310908
2016-06-30,active,persist,0.9979993619407728
2016-06-30,active,ema,0.997697744649623
2016-06-30,active,persist,0.99997217604704
2016-06-30,active,ema,0.9925515582828301
2016-06-30,active,persist,0.9856973521045611
2016-06-30,active,ema,0.9881909802974411
2016-06-30,active,persist,0.978474700832872
2016-06-30,active,ema,0.9782285111386594
2016-06-30,active,persist,0.9120116016120523
2016-06-30,active,ema,0.9093730737967106
2016-06-30,active,persist,0.8775593236173802
2016-06-30,active,ema,0.8609866281471829
2016-06-30,active,persist,0.9949694358321708
2016-06-30,active,ema,0.9949694358321708
2016-06-30,active,persist,0.8311388253361811
2016-06-30,active,ema,0.8311383174691443
2016-06-30,active,persist,0.9617516166091237
2016-06-30,active,ema,0.9556027708607334
2016-06-30,active,persist,0.905958695185608
2016-06-30,active,ema,0.9317314622094617
2016-06-30,active,persist,0.9998394812211087
2016-06-30,active,ema,0.9982866187090124
2016-06-30,active,persist,0.7274001074047344
2016-06-30,active,ema,0.6434488496091456
2016-06-30,active,persist,0.969604668515627
2016-06-30,active,ema,0.966957932573588
2016-06-30,active,persist,0.4349033140140847
2016-06-30,active,ema,0.448197460662596
2016-06-30,active,persist,0.939445063829725
2016-06-30,active,ema,0.9396491455960996
2016-06-30,active,persist,0.9998587228388156
2016-06-30,active,ema,0.9998587228388156
2016-06-30,active,persist,0.7987032963734644
2016-06-30,active,ema,0.7507324181431032
2016-06-30,active,persist,0.9528295214337357
2016-06-30,active,ema,0.992246521903564
2016-06-30,active,persist,0.9835959699222522
2016-06-30,active,ema,0.989500002753268
2016-06-30,active,persist,0.9940947822477384
2016-06-30,active,ema,0.9839432463743916
2016-06-30,active,persist,1.0
2016-06-30,active,ema,0.9743312586069872
2016-06-30,active,persist,0.9511972139636349
2016-06-30,active,ema,0.9511972139636349
2016-06-30,active,persist,0.992799258164656
2016-06-30,active,ema,0.9929545209179528
2016-06-30,active,persist,0.9995761484776572
2016-06-30,active,ema,0.9999462834167606
2016-06-30,active,persist,0.9972296583860483
2016-06-30,active,ema,0.9973163099990631
2016-06-30,active,persist,0.8396078908582996
2016-06-30,active,ema,0.8448396700322942
2016-06-30,active,persist,0.9977132108623971
2016-06-30,active,ema,0.9977132108623971
2016-06-30,active,persist,0.9957339857940485
2016-06-30,active,ema,0.9685260458007409
2016-06-30,active,persist,0.9961101310925414
2016-06-30,active,ema,0.9961101310925414
2016-06-30,active,persist,0.9755377852640125
2016-06-30,active,ema,0.9819560205219807
2016-06-30,active,persist,0.9403437048303559
2016-06-30,active,ema,0.9383385267965267
2016-06-30,active,persist,0.9975423187087267
2016-06-30,active,ema,0.9849313681771346
2016-06-30,active,persist,0.9996795158850652
2016-06-30,active,ema,0.9994495800808674
2016-06-30,active,persist,0.4882800829891182
2016-06-30,active,ema,0.4719367621270179
2016-06-30,active,persist,0.9942557349020907
2016-06-30,active,ema,0.9939719606723719
2016-06-30,active,persist,0.9824054798332682
2016-06-30,active,ema,0.9824054798332682
2016-06-30,active,persist,0.7309651865317983
2016-06-30,active,ema,0.7476282108075812
2016-06-30,active,persist,0.9994050780468209
2016-06-30,active,ema,1.0
2016-06-30,active,persist,0.9586587094478173
2016-06-30,active,ema,0.9621115110900612
2016-06-30,active,persist,0.9877061019071668
2016-06-30,active,ema,0.9877061019071668
2016-06-30,active,persist,0.9941210046237474
2016-06-30,active,ema,0.9941600442761599
2016-06-30,active,persist,0.9994716638416092
2016-06-30,active,ema,0.9994716638416092
2016-06-30,active,persist,0.8975566238503527
2016-06-30,active,ema,0.8912985133076696
2016-06-30,active,persist,0.9966704952104585
2016-06-30,active,ema,0.9980651453410198
2016-06-30,active,persist,0.7830350084737875
2016-06-30,active,ema,0.7861759516457336
2016-06-30,active,persist,1.0
2016-06-30,active,persist,0.9725139953815777
2016-06-30,active,ema,0.9840370407485834
2016-06-30,active,persist,0.9941589292059
2016-06-30,active,ema,0.9935279867927987
2016-06-30,active,persist,0.8923839126108899
2016-06-30,active,ema,0.9095994145741517
2016-06-30,active,persist,0.9612890236732291
2016-06-30,active,ema,0.9612275558264258
2016-06-30,active,persist,0.8872093015446302
2016-06-30,active,ema,0.8795820652700794
2016-06-30,active,persist,0.9762714577046684
2016-06-30,active,ema,0.9762714577046684
2016-06-30,active,persist,0.9527289500979116
2016-06-30,active,ema,0.9527139602778204
2016-06-30,active,persist,0.9051915452443184
2016-06-30,active,ema,0.813008816653295
2016-06-30,active,persist,0.9933666729153537
2016-06-30,active,ema,0.9962639146939611
2016-06-30,active,persist,0.9828173266843474
2016-06-30,active,ema,0.9859692677564665
2016-06-30,active,persist,0.85153246219927
2016-06-30,active,ema,0.8486222268226488
2016-06-30,active,persist,0.7059571122239015
2016-06-30,active,ema,0.7062579083768794
2016-06-30,active,persist,0.1828660763739497
2016-06-30,active,ema,0.1842761382814933
2016-06-30,active,persist,0.9618502698664874
2016-06-30,active,ema,0.9601706193028828
2016-06-30,active,persist,0.9965647061737687
2016-06-30,active,ema,0.9726404257159487
2016-06-30,active,persist,0.6643013368244031
2016-06-30,active,ema,0.5992633312083214
2016-06-30,active,persist,0.953062053947116
2016-06-30,active,ema,0.9520647945422114
2016-06-30,active,persist,0.7575915206131667
2016-09-30,active,persist,0.9994968872652747
2016-09-30,active,ema,0.999479782783376
2016-09-30,active,persist,0.9453655931647995
2016-09-30,active,ema,0.8891053512080848
2016-09-30,active,persist,0.9964448541576644
2016-09-30,active,ema,0.9954112722928677
2016-09-30,active,persist,0.9951732008521587
2016-09-30,active,ema,0.9937372265970208
2016-09-30,active,persist,0.9999998012055445
2016-09-30,active,ema,0.9999998012055445
2016-09-30,active,persist,0.9898419581009041
2016-09-30,active,ema,0.9870852674168388
2016-09-30,active,persist,0.9882788709108495
2016-09-30,active,ema,0.9882788709108495
2016-09-30,active,persist,0.9676409296928556
2016-09-30,active,ema,0.9528189810847534
2016-09-30,active,persist,0.8941187744789022
2016-09-30,active,ema,0.905315186025467
2016-09-30,active,persist,0.9684554576576968
2016-09-30,active,ema,0.9683780694634341
2016-09-30,active,persist,0.9070513490120823
2016-09-30,active,ema,0.9070513490120823
2016-09-30,active,persist,0.9791446244692388
2016-09-30,active,ema,0.9798181895641672
2016-09-30,active,persist,0.9474871645181541
2016-09-30,active,ema,0.9390053333319163
2016-09-30,active,persist,0.9994637405586191
2016-09-30,active,ema,0.9989555088886818
2016-09-30,active,persist,0.8985585577274214
2016-09-30,active,ema,0.894682438927529
2016-09-30,active,persist,0.9869783869500801
2016-09-30,active,ema,0.9919618983853749
2016-09-30,active,persist,0.9731651677477866
2016-09-30,active,ema,0.9873012846780028
2016-09-30,active,persist,0.9617906524367243
2016-09-30,active,ema,0.9279379247748776
2016-09-30,active,persist,0.9926123078008142
2016-09-30,active,ema,0.9922607241695294
2016-09-30,active,persist,0.9845609383901841
2016-09-30,active,ema,0.9768423080474349
2016-09-30,active,persist,0.999302745315086
2016-09-30,active,ema,0.984791275237507
2016-09-30,active,persist,0.999370279863481
2016-09-30,active,ema,0.9992436501657301
2016-09-30,active,persist,0.9965370165231225
2016-09-30,active,ema,0.9905548427568817
2016-09-30,active,persist,0.9981954318330832
2016-09-30,active,ema,0.9981954318330832
2016-09-30,active,persist,0.987999910621361
2016-09-30,active,ema,0.9837608617118866
2016-09-30,active,persist,0.9601593648150507
2016-09-30,active,ema,0.9598849519474734
2016-09-30,active,persist,0.9841430978797301
2016-09-30,active,ema,0.983781102354618
2016-09-30,active,persist,0.9997962097614669
2016-09-30,active,ema,0.9997103950013339
2016-09-30,active,persist,0.8987010360972554
2016-09-30,active,ema,0.8728395307419837
2016-09-30,active,persist,0.9839798142960035
2016-09-30,active,ema,0.9838191044189646
2016-09-30,active,persist,0.9998181880978152
2016-09-30,active,ema,0.9998181880978152
2016-09-30,active,persist,0.9865640703424342
2016-09-30,active,ema,0.9862478710681243
2016-09-30,active,persist,0.9401321148464868
2016-09-30,active,ema,0.9415719969940327
2016-09-30,active,persist,0.9291577737397383
2016-09-30,active,ema,0.9149551366092225
2016-09-30,active,persist,0.9946596010168461
2016-09-30,active,ema,0.9913186868936883
2016-09-30,active,persist,1.0
2016-09-30,active,ema,1.0
2016-09-30,active,persist,0.9999438174376113
2016-09-30,active,ema,0.9988265299031331
2016-09-30,active,persist,0.8991784288767843
2016-09-30,active,ema,0.8991784288767843
2016-09-30,active,persist,0.9997376715440248
2016-09-30,active,ema,0.9997376715440248
2016-09-30,active,persist,0.47218255803967984
2016-09-30,active,ema,0.42564237075366346
2016-09-30,active,persist,0.99978212675521
2016-09-30,active,ema,0.99978212675521
2016-09-30,active,persist,0.9997495903376216
2016-09-30,active,ema,0.9989002646221906
2016-09-30,active,persist,0.9918345785731711
2016-09-30,active,ema,0.9918345785731711
2016-09-30,active,persist,0.9857409833247155
2016-09-30,active,ema,0.9906599001703635
2016-09-30,active,persist,0.9980881375178522
2016-09-30,active,ema,0.9980881375178522
2016-09-30,active,persist,0.9653646956554355
2016-09-30,active,ema,0.9586578794688854
2016-09-30,active,persist,0.9826075342089841
2016-09-30,active,ema,0.986578936055741
2016-09-30,active,persist,0.9699840449520568
2016-09-30,active,ema,0.9534519950531537
2016-09-30,active,persist,1.0
2016-09-30,active,ema,1.0
2016-09-30,active,persist,0.9896985520030742
2016-09-30,active,ema,0.9951473687177372
2016-09-30,active,persist,0.9724770021968697
2016-09-30,active,ema,0.9999332379088819
2016-09-30,active,persist,0.9744766672651322
2016-09-30,active,ema,0.975671190553571
2016-09-30,active,persist,0.9155233999839204
2016-09-30,active,ema,0.8863221887136221
2016-09-30,active,persist,0.8775915275667797
2016-09-30,active,ema,0.8775875979761889
2016-09-30,active,persist,0.8090521092489398
2016-09-30,active,ema,0.8090394579099155
2016-09-30,active,persist,0.989752840131157
2016-09-30,active,ema,0.9967213949229051
2016-09-30,active,persist,0.9029999270929578
2016-09-30,active,ema,0.897788973548683
2016-09-30,active,persist,0.8993662772493636
2016-09-30,active,ema,0.9037419354910114
2016-09-30,active,persist,0.9649522255760271
2016-09-30,active,ema,0.9650755742824504
2016-09-30,active,persist,0.9463487773903468
2016-09-30,active,ema,0.9413525123274
2016-09-30,active,persist,1.0
2016-09-30,active,ema,1.0
2016-09-30,active,persist,0.09355225151283704
2016-09-30,active,ema,0.09641816030301543
2016-09-30,active,persist,0.9571190461655462
2016-09-30,active,ema,0.8904519613734491
2016-09-30,active,persist,0.994727724004605
2016-09-30,active,ema,0.9950072283136019
2016-09-30,active,persist,0.7947869536629818
2016-09-30,active,ema,0.8158096545652177
2016-09-30,active,persist,0.9374808562524379
2016-09-30,active,ema,0.9348289163224334
2016-09-30,active,persist,0.9967686141715562
2016-09-30,active,ema,0.9096332635868069
2016-12-31,active,persist,0.9995731732729828
2016-12-31,active,ema,0.9989289309193405
2016-12-31,active,persist,0.9826277636611651
2016-12-31,active,ema,0.9836945793245471
2016-12-31,active,persist,0.9405335416377852
2016-12-31,active,ema,0.9387897566074475
2016-12-31,active,persist,0.9981297594952728
2016-12-31,active,ema,0.998081443209877
2016-12-31,active,persist,0.9895600677138171
2016-12-31,active,ema,0.9896825501858213
2016-12-31,active,persist,0.9886437403092528
2016-12-31,active,ema,0.9853393110925979
2016-12-31,active,persist,0.9787284539301574
2016-12-31,active,ema,0.9777517487907508
2016-12-31,active,persist,0.9044260049445612
2016-12-31,active,ema,0.9491581998795084
2016-12-31,active,persist,0.45441410031779955
2016-12-31,active,ema,0.46779519749565335
2016-12-31,active,persist,0.9695758670453983
2016-12-31,active,ema,0.9700556137150719
2016-12-31,active,persist,0.9946729109219731
2016-12-31,active,ema,0.9946729109219731
2016-12-31,active,persist,0.9404836592660903
2016-12-31,active,ema,0.9381218444652991
2016-12-31,active,persist,0.9894597930455019
2016-12-31,active,ema,0.9841547361984833
2016-12-31,active,persist,0.9900288537310665
2016-12-31,active,ema,0.9887646614541685
2016-12-31,active,persist,0.8586562977091574
2016-12-31,active,ema,0.8421698971570921
2016-12-31,active,persist,0.9738054565034406
2016-12-31,active,ema,0.9739334973621087
2016-12-31,active,persist,0.9614911381343435
2016-12-31,active,ema,0.9678991862354634
2016-12-31,active,persist,0.9904581819391746
2016-12-31,active,ema,0.9932414346911741
2016-12-31,active,persist,0.9783570292711913
2016-12-31,active,ema,0.978346668282531
2016-12-31,active,persist,0.8402941192650545
2016-12-31,active,ema,0.8401009672344256
2016-12-31,active,persist,0.97636237583362
2016-12-31,active,ema,0.9842822971378223
2016-12-31,active,persist,0.9952416656548005
2016-12-31,active,ema,0.993911487506378
2016-12-31,active,persist,0.9641797692194696
2016-12-31,active,ema,0.9637375536074677
2016-12-31,active,persist,0.8218228162884096
2016-12-31,active,ema,0.8225745411159358
2016-12-31,active,persist,0.954441587564721
2016-12-31,active,ema,0.9460781980517787
2016-12-31,active,persist,0.9563771584728263
2016-12-31,active,ema,0.9652797933692362
2016-12-31,active,persist,1.0
2016-12-31,active,ema,0.9998238644909814
2016-12-31,active,persist,0.9998520886429295
2016-12-31,active,ema,0.9997261511186329
2016-12-31,active,persist,0.9526961298140046
2016-12-31,active,ema,0.9519114869078872
2016-12-31,active,persist,0.9783688541467913
2016-12-31,active,ema,0.9783688541467913
2016-12-31,active,persist,0.9977652323328714
2016-12-31,active,ema,0.9977652323328714
2016-12-31,active,persist,0.9817381879291307
2016-12-31,active,ema,0.9749180501906867
2016-12-31,active,persist,0.9873470750194769
2016-12-31,active,ema,0.9753559956169482
2016-12-31,active,persist,0.9160705547067546
2016-12-31,active,ema,0.902925542631159
2016-12-31,active,persist,0.9535003727142292
2016-12-31,active,ema,0.9386091004597462
2016-12-31,active,persist,1.0
2016-12-31,active,ema,1.0
2016-12-31,active,persist,0.9267258127449136
2016-12-31,active,ema,0.9369902852691457
2016-12-31,active,persist,0.8800175282372227
2016-12-31,active,ema,0.8800175282372227
2016-12-31,active,persist,0.9638266045536498
2016-12-31,active,ema,0.9638266045536498
2016-12-31,active,persist,0.5131510897663314
2016-12-31,active,ema,0.365692796752439
2016-12-31,active,persist,0.9997724216572642
2016-12-31,active,ema,0.9997724216572642
2016-12-31,active,persist,1.0
2016-12-31,active,ema,1.0
2016-12-31,active,persist,0.9951763263337559
2016-12-31,active,ema,0.9951671534286781
2016-12-31,active,persist,0.9917687274402945
2016-12-31,active,ema,0.9905093086083382
2016-12-31,active,persist,0.9999525916684778
2016-12-31,active,ema,0.9994537164549723
2016-12-31,active,persist,0.889472007292658
2016-12-31,active,ema,0.8836383383216343
2016-12-31,active,persist,0.9844164383969009
2016-12-31,active,ema,0.984932228125651
2016-12-31,active,persist,0.9572237938801823
2016-12-31,active,ema,0.9569809936359966
2016-12-31,active,persist,1.0
2016-12-31,active,ema,1.0
2016-12-31,active,persist,0.9145505906656441
2016-12-31,active,ema,0.9218271583193471
2016-12-31,active,persist,0.9902429357494081
2016-12-31,active,ema,0.985923835722957
2016-12-31,active,persist,0.9992285455100307
2016-12-31,active,ema,0.9584953640276188
2016-12-31,active,persist,0.9269715195697378
2016-12-31,active,ema,0.9160098031296598
2016-12-31,active,persist,0.9316498510710456
2016-12-31,active,ema,0.9257173997873422
2016-12-31,active,persist,0.7086982844246843
2016-12-31,active,ema,0.7069996707543115
2016-12-31,active,persist,0.5656699726162238
2016-12-31,active,ema,0.565636841060016
2016-12-31,active,persist,0.8637168928433779
2016-12-31,active,ema,0.857735859697672
2016-12-31,active,persist,0.9938989888141428
2016-12-31,active,ema,0.9936513782084043
2016-12-31,active,persist,0.9537890799666987
2016-12-31,active,ema,0.9107230759955536
2016-12-31,active,persist,0.8653784172183191
2016-12-31,active,ema,0.8582420285308944
2016-12-31,active,persist,0.9473190463223099
2016-12-31,active,ema,0.9473190463223099
2016-12-31,active,persist,0.4749355733718826
2016-12-31,active,ema,0.5473355741992119
2016-12-31,active,persist,0.9096891448470305
2016-12-31,active,ema,0.9001072101582736
2016-12-31,active,persist,0.9254862954602362
2016-12-31,active,ema,0.9318520584233932
2016-12-31,active,persist,0.8896796063486229
2016-12-31,active,ema,0.8334497153822447
2016-12-31,active,persist,0.9979347174559788
2016-12-31,active,ema,0.9934078755205843
2016-12-31,active,persist,0.9708342022130656
2016-12-31,active,ema,0.9708342022130656
2017-03-31,active,persist,0.9996169872487672
2017-03-31,active,ema,0.9995269360429774
2017-03-31,active,persist,0.6751295055865398
2017-03-31,active,ema,0.6748661960672504
2017-03-31,active,persist,0.9986266243338751
2017-03-31,active,ema,0.9918610494343516
2017-03-31,active,persist,0.987969396260306
2017-03-31,active,ema,0.9935315048516333
2017-03-31,active,persist,0.9900799423152498
2017-03-31,active,ema,0.9894712977433564
2017-03-31,active,persist,0.9860831868236457
2017-03-31,active,ema,0.9891436666953698
2017-03-31,active,persist,0.8547385179957111
2017-03-31,active,ema,0.8546730594634334
2017-03-31,active,persist,0.9095618120005815
2017-03-31,active,ema,0.861660236515102
2017-03-31,active,persist,0.94773483591861
2017-03-31,active,ema,0.8457390295355076
2017-03-31,active,persist,0.9917714482290348
2017-03-31,active,ema,0.9912890297571344
2017-03-31,active,persist,0.9298754681989406
2017-03-31,active,persist,0.9999515734447119
2017-03-31,active,ema,0.9999538738241256
2017-03-31,active,persist,0.9771051118973545
2017-03-31,active,ema,0.9780770833972693
2017-03-31,active,persist,0.9687333101627926
2017-03-31,active,ema,0.9764010926323605
2017-03-31,active,persist,0.9895164652124423
2017-03-31,active,ema,0.9924085871556604
2017-03-31,active,persist,0.890324171789718
2017-03-31,active,ema,0.8784097251648669
2017-03-31,active,persist,0.9983472601651421
2017-03-31,active,ema,0.9870204456451543
2017-03-31,active,persist,0.9286434638187036
2017-03-31,active,ema,0.9687054650047894
2017-03-31,active,persist,0.889953162784176
2017-03-31,active,ema,0.8834031526012294
2017-03-31,active,persist,0.9868463754763236
2017-03-31,active,ema,0.9872807645223369
2017-03-31,active,persist,0.9932660468196376
2017-03-31,active,ema,0.9932660468196376
2017-03-31,active,persist,0.939917634486852
2017-03-31,active,ema,0.9194578243658994
2017-03-31,active,persist,0.988809249679886
2017-03-31,active,ema,0.9912473578731146
2017-03-31,active,persist,0.9971932493591991
2017-03-31,active,ema,0.9977128214958184
2017-03-31,active,persist,0.973321014664747
2017-03-31,active,ema,0.9372961170111666
2017-03-31,active,persist,0.9765774020121675
2017-03-31,active,ema,0.9800559947986289
2017-03-31,active,persist,0.9554830261107822
2017-03-31,active,ema,0.9374284957937682
2017-03-31,active,persist,0.9920578216843976
2017-03-31,active,ema,0.9920578216843976
2017-03-31,active,persist,0.9999012422771401
2017-03-31,active,ema,0.9999810644525061
2017-03-31,active,persist,0.9066398057125798
2017-03-31,active,ema,0.9095361079258352
2017-03-31,active,persist,0.9174062689406645
2017-03-31,active,ema,0.91599091607139
2017-03-31,active,persist,0.9757935534345841
2017-03-31,active,persist,0.9990015945701622
2017-03-31,active,ema,0.9990947416108446
2017-03-31,active,persist,0.9940865521169554
2017-03-31,active,ema,0.9923486999844383
2017-03-31,active,persist,0.9508059379746041
2017-03-31,active,ema,0.9508059379746041
2017-03-31,active,persist,0.9757244095245214
2017-03-31,active,ema,0.9737458451651596
2017-03-31,active,persist,0.9753987233529466
2017-03-31,active,ema,0.9739096395322839
2017-03-31,active,persist,0.9966036987256626
2017-03-31,active,ema,0.9966036987256626
2017-03-31,active,persist,0.9976901006460905
2017-03-31,active,ema,0.9976901006460905
2017-03-31,active,persist,0.9983249176735681
2017-03-31,active,ema,0.9985338817838751
2017-03-31,active,persist,0.9885537216923868
2017-03-31,active,ema,0.9957660015155004
2017-03-31,active,persist,0.7496137321751228
2017-03-31,active,ema,0.7497564024381501
2017-03-31,active,persist,0.9998661641190183
2017-03-31,active,ema,0.999630937419111
2017-03-31,active,persist,0.9977879654481082
2017-03-31,active,ema,0.9977879654481082
2017-03-31,active,persist,0.7850155788163987
2017-03-31,active,ema,0.7850122881553508
2017-03-31,active,persist,0.9888220663767421
2017-03-31,active,ema,0.9855485010028099
2017-03-31,active,persist,0.9993649703657294
2017-03-31,active,ema,0.9992363552665675
2017-03-31,active,persist,0.9883438521035144
2017-03-31,active,ema,0.9808022412227209
2017-03-31,active,persist,0.9937613414468536
2017-03-31,active,ema,0.9822056536180696
2017-03-31,active,persist,0.8766359801402362
2017-03-31,active,ema,0.872974820185333
2017-03-31,active,persist,1.0
2017-03-31,active,ema,1.0
2017-03-31,active,persist,0.9397571045729455
2017-03-31,active,ema,0.9329470114785767
2017-03-31,active,persist,0.9998786259287867
2017-03-31,active,ema,0.9998786259287867
2017-03-31,active,persist,0.9927948290806563
2017-03-31,active,ema,0.9927948290806563
2017-03-31,active,persist,0.9914862423890999
2017-03-31,active,ema,0.9968938080110271
2017-03-31,active,persist,0.7858445744051156
2017-03-31,active,ema,0.7948887567134727
2017-03-31,active,persist,0.4814413053342926
2017-03-31,active,ema,0.45540508050021045
2017-03-31,active,persist,0.9614441038325269
2017-03-31,active,ema,0.961373100449121
2017-03-31,active,persist,0.8699688477986998
2017-03-31,active,ema,0.8578101244701503
2017-03-31,active,persist,0.9851675494804625
2017-03-31,active,ema,0.9947424252755496
2017-03-31,active,persist,0.7903784744362792
2017-03-31,active,persist,0.7872737959630782
2017-03-31,active,ema,0.7559030952857936
2017-03-31,active,persist,0.7925388403861902
2017-03-31,active,ema,0.8114421840179891
2017-03-31,active,persist,0.7326813504600428
2017-03-31,active,ema,0.7254403618948057
2017-03-31,active,persist,0.3409405223747137
2017-03-31,active,ema,0.3108603073634123
2017-03-31,active,persist,0.9472295071130373
2017-03-31,active,ema,0.9379305115124905
2017-03-31,active,persist,0.907466573794428
2017-03-31,active,ema,0.9045707399220272
2017-03-31,active,persist,0.8779472512151476
2017-03-31,active,ema,0.8451040364794804
2017-03-31,active,persist,0.9803593575141931
2017-03-31,active,ema,0.9797264794717583
2017-03-31,active,persist,0.806854567129551
2017-03-31,active,ema,0.8061225839559544
2017-03-31,active,persist,0.7835464668783145
2017-06-30,active,persist,0.999702689968896
2017-06-30,active,ema,0.9997156673803855
2017-06-30,active,persist,0.9926930945271273
2017-06-30,active,ema,0.9726637288745282
2017-06-30,active,persist,0.9985848886420069
2017-06-30,active,ema,0.9997855467809779
2017-06-30,active,persist,0.9960351307549175
2017-06-30,active,ema,0.9958876918870906
2017-06-30,active,persist,0.9971609216049211
2017-06-30,active,ema,0.9962419071039871
2017-06-30,active,persist,0.9956213038179756
2017-06-30,active,ema,0.993283525207738
2017-06-30,active,persist,0.9718474563437521
2017-06-30,active,ema,0.9488956156597997
2017-06-30,active,persist,0.9052353903860946
2017-06-30,active,ema,0.8281616970760106
2017-06-30,active,persist,0.7000265989775741
2017-06-30,active,ema,0.7010740734072759
2017-06-30,active,persist,0.9979860871326585
2017-06-30,active,ema,0.9475236085792149
2017-06-30,active,persist,0.28453383421512635
2017-06-30,active,ema,0.25716961818261835
2017-06-30,active,persist,0.914682563600958
2017-06-30,active,ema,0.9151607168627817
2017-06-30,active,persist,0.9982051524159491
2017-06-30,active,ema,0.9934016614549338
2017-06-30,active,persist,0.9658448570480062
2017-06-30,active,ema,0.9641320889326983
2017-06-30,active,persist,0.9988148456918554
2017-06-30,active,ema,0.9930315959663455
2017-06-30,active,persist,0.9344237339422847
2017-06-30,active,ema,0.9409343654371344
2017-06-30,active,persist,0.9825421129702957
2017-06-30,active,ema,0.9941479804430008
2017-06-30,active,persist,0.9684168700803623
2017-06-30,active,ema,0.9572146858820753
2017-06-30,active,persist,0.9274978519157819
2017-06-30,active,ema,0.9364597250057981
2017-06-30,active,persist,1.0
2017-06-30,active,ema,0.996850138218032
2017-06-30,active,persist,0.9999489274826886
2017-06-30,active,ema,0.9997526119071017
2017-06-30,active,persist,0.9935200538999004
2017-06-30,active,ema,0.9875972268308382
2017-06-30,active,persist,0.9997500531243416
2017-06-30,active,ema,0.999495598206385
2017-06-30,active,persist,0.9997995059803652
2017-06-30,active,ema,0.9964382825341976
2017-06-30,active,persist,0.9646821238768174
2017-06-30,active,ema,0.9646821238768174
2017-06-30,active,persist,0.9862610620066803
2017-06-30,active,ema,0.975485270831787
2017-06-30,active,persist,0.8991997354083828
2017-06-30,active,ema,0.8928537038884619
2017-06-30,active,persist,0.9984262177588591
2017-06-30,active,ema,0.988118896734934
2017-06-30,active,persist,0.8561576697941017
2017-06-30,active,ema,0.856126427844688
2017-06-30,active,persist,0.9660072948772206
2017-06-30,active,ema,0.9460745513105535
2017-06-30,active,persist,0.9965073648929467
2017-06-30,active,ema,0.9965073648929467
2017-06-30,active,persist,0.9943387961247198
2017-06-30,active,ema,0.9743464034626652
2017-06-30,active,persist,0.9993520290809362
2017-06-30,active,ema,0.9993205002101111
2017-06-30,active,persist,0.9864149554792245
2017-06-30,active,ema,0.9865309035606781
2017-06-30,active,persist,0.9369479238168132
2017-06-30,active,ema,0.9603025827279965
2017-06-30,active,persist,0.9992924757591674
2017-06-30,active,ema,0.9965775924094813
2017-06-30,active,persist,0.9036208120474356
2017-06-30,active,ema,0.9024672184462864
2017-06-30,active,persist,0.9897196263041402
2017-06-30,active,ema,0.9978321852987364
2017-06-30,active,persist,0.9531980947074181
2017-06-30,active,ema,0.953192505906559
2017-06-30,active,persist,0.9986503494924351
2017-06-30,active,ema,0.9988386907473822
2017-06-30,active,persist,0.8194176147023425
2017-06-30,active,ema,0.8172317414687645
2017-06-30,active,persist,0.9340637850260733
2017-06-30,active,ema,0.9267846919965538
2017-06-30,active,persist,0.998726318496961
2017-06-30,active,ema,1.0
2017-06-30,active,persist,0.9986559173883922
2017-06-30,active,ema,0.9986559173883922
2017-06-30,active,persist,0.8500578911522141
2017-06-30,active,ema,0.8561629630283017
2017-06-30,active,persist,0.9735306242557692
2017-06-30,active,ema,0.9684084805288111
2017-06-30,active,persist,0.9998463412341875
2017-06-30,active,ema,1.0
2017-06-30,active,persist,0.9634751969156949
2017-06-30,active,ema,0.9616531209784258
2017-06-30,active,persist,0.9702050894829124
2017-06-30,active,ema,0.9694586050880694
2017-06-30,active,persist,0.9719791959231765
2017-06-30,active,ema,0.9721370642577404
2017-06-30,active,persist,0.8317966062510391
2017-06-30,active,ema,0.8317966062510391
2017-06-30,active,persist,0.5646862770119363
2017-06-30,active,ema,0.5820325240466796
2017-06-30,active,persist,1.0
2017-06-30,active,ema,1.0
2017-06-30,active,persist,1.0
2017-06-30,active,ema,0.9994035912635073
2017-06-30,active,persist,0.9240152004463339
2017-06-30,active,ema,0.9283182122004164
2017-06-30,active,persist,0.9221258915346292
2017-06-30,active,ema,0.886435556383066
2017-06-30,active,persist,0.911551214074133
2017-06-30,active,ema,0.898674181072806
2017-06-30,active,persist,0.9667045792057416
2017-06-30,active,ema,0.9946792957599717
2017-06-30,active,persist,0.846525684793168
2017-06-30,active,ema,0.846525684793168
2017-06-30,active,persist,0.9952161363910492
2017-06-30,active,ema,0.9888702096431313
2017-06-30,active,persist,0.9813087486702046
2017-06-30,active,ema,0.9813087486702046
2017-06-30,active,persist,0.88699007592969
2017-06-30,active,ema,0.8886900913636433
2017-06-30,active,persist,0.830800769004614
2017-06-30,active,ema,0.9056530560120134
2017-06-30,active,persist,0.9836815033829577
2017-06-30,active,ema,0.9836815033829577
2017-06-30,active,persist,0.965146038662825
2017-06-30,active,ema,0.9667777026245861
2017-06-30,active,persist,0.9967691766274756
2017-06-30,active,ema,0.989110382667056
2017-06-30,active,persist,0.8572328177308816
2017-06-30,active,ema,0.8086826149686308
2017-06-30,active,persist,0.9961415353769618
2017-06-30,active,ema,0.979677217610418
2017-06-30,active,persist,0.7601928251237265
2017-06-30,active,ema,0.7598864054873758
2017-06-30,active,persist,1.0
2017-06-30,active,persist,0.7568999675684708
2017-06-30,active,ema,0.7981218769039152
2017-06-30,active,persist,0.9632081403759384
2017-06-30,active,persist,0.850891037844839
2017-09-30,active,persist,0.9995830135793982
2017-09-30,active,ema,0.9995610968734244
2017-09-30,active,persist,0.9764303964213031
2017-09-30,active,ema,0.9659803029422591
2017-09-30,active,persist,0.9938552954846254
2017-09-30,active,ema,0.9964216813609527
2017-09-30,active,persist,0.9988361076353018
2017-09-30,active,ema,0.998308883587601
2017-09-30,active,persist,0.9898118686985254
2017-09-30,active,ema,0.9897870219226521
2017-09-30,active,persist,0.978181220615125
2017-09-30,active,ema,0.9762238343257662
2017-09-30,active,persist,0.9658782235312368
2017-09-30,active,ema,0.9573153431242134
2017-09-30,active,persist,0.9134247778326243
2017-09-30,active,ema,0.8742461489913539
2017-09-30,active,persist,0.9882638858511759
2017-09-30,active,ema,0.9882638858511759
2017-09-30,active,persist,0.9945864602553379
2017-09-30,active,ema,0.9947890963772608
2017-09-30,active,persist,0.49033610284599505
2017-09-30,active,ema,0.4579418002944452
2017-09-30,active,persist,0.8517061827416946
2017-09-30,active,ema,0.8409452265375524
2017-09-30,active,persist,0.9839454579516544
2017-09-30,active,ema,0.977956803355293
2017-09-30,active,persist,0.9338542525102004
2017-09-30,active,ema,0.9365646251162313
2017-09-30,active,persist,0.9957434772110628
2017-09-30,active,ema,0.999804694782663
2017-09-30,active,persist,0.9234886441952255
2017-09-30,active,ema,0.9233096608804114
2017-09-30,active,persist,0.9943387835125981
2017-09-30,active,ema,0.9931121848885036
2017-09-30,active,persist,0.9759967090520765
2017-09-30,active,ema,0.9776310133657078
2017-09-30,active,persist,0.9110862049415863
2017-09-30,active,ema,0.8894222356657664
2017-09-30,active,persist,0.9336906607634586
2017-09-30,active,ema,0.9336906607634586
2017-09-30,active,persist,0.956886402703428
2017-09-30,active,ema,0.956884809246891
2017-09-30,active,persist,0.908916059725881
2017-09-30,active,persist,0.952545360445994
2017-09-30,active,ema,0.9863277461118267
2017-09-30,active,persist,0.9902064501217309
2017-09-30,active,ema,0.9902064501217309
2017-09-30,active,persist,0.9834389909580381
2017-09-30,active,ema,0.9834389909580381
2017-09-30,active,persist,0.9933771786174068
2017-09-30,active,ema,0.9676408318327064
2017-09-30,active,persist,0.9844341131755673
2017-09-30,active,ema,0.9848218911759081
2017-09-30,active,persist,0.8926451321615624
2017-09-30,active,ema,0.878991085687929
2017-09-30,active,persist,0.9950923732106915
2017-09-30,active,ema,0.9951411793494861
2017-09-30,active,persist,0.9988201669537586
2017-09-30,active,ema,0.9989711786343256
2017-09-30,active,persist,0.9572015450318767
2017-09-30,active,ema,0.9572108043356691
2017-09-30,active,persist,0.9960080475890253
2017-09-30,active,ema,0.9955141678063382
2017-09-30,active,persist,0.9945453579675609
2017-09-30,active,ema,0.9926073369098454
2017-09-30,active,persist,1.0
2017-09-30,active,ema,0.9997631489866547
2017-09-30,active,persist,0.9964406322663535
2017-09-30,active,ema,0.9961582692206729
2017-09-30,active,persist,0.956190036188841
2017-09-30,active,ema,0.9671034268801563
2017-09-30,active,persist,0.902824423343631
2017-09-30,active,ema,0.902824423343631
2017-09-30,active,persist,0.9787185614464883
2017-09-30,active,ema,0.9787185614464883
2017-09-30,active,persist,0.9960022620317945
2017-09-30,active,ema,0.9959614880685721
2017-09-30,active,persist,0.999962644926392
2017-09-30,active,ema,0.9979095157733395
2017-09-30,active,persist,0.9942054630482782
2017-09-30,active,ema,0.9942054630482782
2017-09-30,active,persist,0.986997666279057
2017-09-30,active,ema,0.9822159475627338
2017-09-30,active,persist,0.8392523134866138
2017-09-30,active,ema,0.8394113934235435
2017-09-30,active,persist,1.0
2017-09-30,active,ema,1.0
2017-09-30,active,persist,0.9715916158071755
2017-09-30,active,ema,0.9715525931144985
2017-09-30,active,persist,0.9915374257707166
2017-09-30,active,ema,0.9918166133894083
2017-09-30,active,persist,0.9949681929333654
2017-09-30,active,ema,0.9939084412108709
2017-09-30,active,persist,1.0
2017-09-30,active,ema,0.9968006698306406
2017-09-30,active,persist,0.9815409060603405
2017-09-30,active,ema,0.9798058741529566
2017-09-30,active,persist,0.9903287438306148
2017-09-30,active,ema,0.9721938601484332
2017-09-30,active,persist,0.9664415224890981
2017-09-30,active,ema,0.971908930628373
2017-09-30,active,persist,0.510344668473644
2017-09-30,active,ema,0.510344668473644
2017-09-30,active,persist,0.8714812401102976
2017-09-30,active,ema,0.9199688937828915
2017-09-30,active,persist,0.9807829547870675
2017-09-30,active,ema,0.9807600920852827
2017-09-30,active,persist,0.9736118729378371
2017-09-30,active,ema,0.9736118729378371
2017-09-30,active,persist,0.9708892304665299
2017-09-30,active,ema,0.9722093555357174
2017-09-30,active,persist,0.9644099116481805
2017-09-30,active,ema,0.9640436192838464
2017-09-30,active,persist,0.9796541751638193
2017-09-30,active,ema,0.9796541751638193
2017-09-30,active,persist,0.96711024780399
2017-09-30,active,ema,0.9653685792483283
2017-09-30,active,persist,0.8954815161667128
2017-09-30,active,ema,0.9013983639230464
2017-09-30,active,persist,0.9973766085431908
2017-09-30,active,ema,0.9973766085431908
2017-09-30,active,persist,0.9894888662022321
2017-09-30,active,ema,0.9894888662022321
2017-09-30,active,persist,0.8104239853728089
2017-09-30,active,ema,0.8049974932513907
2017-09-30,active,persist,0.9530664445331187
2017-09-30,active,ema,0.9381564154774477
2017-09-30,active,persist,0.9811865082859991
2017-09-30,active,ema,0.9811865082859991
2017-09-30,active,persist,0.9829408147058047
2017-09-30,active,ema,0.9304637016130529
2017-09-30,active,persist,0.993810890570428
2017-09-30,active,ema,0.993810890570428
2017-09-30,active,persist,0.9239287753292875
2017-09-30,active,ema,0.914430090478474
2017-09-30,active,persist,0.9972282886812158
2017-09-30,active,ema,0.9937567130982586
2017-09-30,active,persist,0.9989005608219521
2017-09-30,active,ema,0.9839716650809559
2017-09-30,active,persist,1.0
2017-09-30,active,ema,1.0
2017-09-30,active,persist,0.7551681001589424
2017-09-30,active,ema,0.7175605317498333
2017-09-30,active,persist,0.9809289073747256
2017-09-30,active,ema,0.9840438020171515
2017-09-30,active,persist,0.8726554171350951
2017-09-30,active,ema,0.859112505757407
2017-12-31,active,persist,0.9984456455289478
2017-12-31,active,ema,0.9982962626988111
2017-12-31,active,persist,0.9624118573692098
2017-12-31,active,ema,0.9605094590851302
2017-12-31,active,persist,0.9959410874159098
2017-12-31,active,ema,0.9992245107043862
2017-12-31,active,persist,0.9999774096873039
2017-12-31,active,ema,0.9999774096873039
2017-12-31,active,persist,0.9796256914339744
2017-12-31,active,ema,0.9790458845833789
2017-12-31,active,persist,0.9847973547827499
2017-12-31,active,ema,0.9870258185551043
2017-12-31,active,persist,0.9985717830612507
2017-12-31,active,ema,0.9869418780310699
2017-12-31,active,persist,0.8547059258221599
2017-12-31,active,ema,0.8484308107076679
2017-12-31,active,persist,0.8948470370759969
2017-12-31,active,ema,0.894176855201447
2017-12-31,active,persist,0.9172747413586058
2017-12-31,active,ema,0.9172347756909595
2017-12-31,active,persist,0.7153056741336472
2017-12-31,active,ema,0.9208224984210356
2017-12-31,active,persist,0.8321313496124736
2017-12-31,active,ema,0.8321373131292719
2017-12-31,active,persist,0.9749569776641266
2017-12-31,active,ema,0.9740519256913756
2017-12-31,active,persist,0.97532773500673
2017-12-31,active,ema,0.9772898208208604
2017-12-31,active,persist,0.9930127845173855
2017-12-31,active,ema,0.9923519253640081
2017-12-31,active,persist,0.6714897624334492
2017-12-31,active,ema,0.6773577950662694
2017-12-31,active,persist,0.9944599305844884
2017-12-31,active,ema,0.9914370777829126
2017-12-31,active,persist,0.9803609157606046
2017-12-31,active,ema,0.9816790411406107
2017-12-31,active,persist,0.9319509209504292
2017-12-31,active,ema,0.7969350964117204
2017-12-31,active,persist,0.9830813305348187
2017-12-31,active,ema,0.9705918200343051
2017-12-31,active,persist,1.0
2017-12-31,active,ema,1.0
2017-12-31,active,persist,0.969831913615706
2017-12-31,active,ema,0.9644229687270601
2017-12-31,active,persist,0.9668789015926614
2017-12-31,active,ema,0.9749708753159374
2017-12-31,active,persist,0.9993746578351731
2017-12-31,active,ema,0.9988148301139351
2017-12-31,active,persist,0.991593892830255
2017-12-31,active,ema,0.9848366571009153
2017-12-31,active,persist,1.0
2017-12-31,active,ema,0.9993498572035254
2017-12-31,active,persist,0.963933967370377
2017-12-31,active,ema,0.9685020661558794
2017-12-31,active,persist,0.9586853810042895
2017-12-31,active,ema,0.9548261062855457
2017-12-31,active,persist,0.9682779297816286
2017-12-31,active,ema,0.9682265217114894
2017-12-31,active,persist,0.99848086528707
2017-12-31,active,ema,0.998515028652943
2017-12-31,active,persist,0.9700020296301984
2017-12-31,active,ema,0.9640075036565815
2017-12-31,active,persist,0.9954049450409379
2017-12-31,active,ema,0.9954049450409379
2017-12-31,active,persist,0.993647206210134
2017-12-31,active,ema,0.993647206210134
2017-12-31,active,persist,0.9996039271933328
2017-12-31,active,ema,0.9996039271933328
2017-12-31,active,persist,0.9951670578202535
2017-12-31,active,ema,0.9924267895098521
2017-12-31,active,persist,0.9462403451581599
2017-12-31,active,ema,0.9673342224740366
2017-12-31,active,persist,0.5419670827208565
2017-12-31,active,ema,0.5389343617577761
2017-12-31,active,persist,0.8696536844429947
2017-12-31,active,ema,0.869343082506079
2017-12-31,active,persist,0.9699200790955683
2017-12-31,active,ema,0.9585234969676184
2017-12-31,active,persist,0.9388581071366896
2017-12-31,active,ema,0.9392266678593523
2017-12-31,active,persist,1.0
2017-12-31,active,ema,0.9999206540132775
2017-12-31,active,persist,0.9996042120181995
2017-12-31,active,ema,0.9998780519019714
2017-12-31,active,persist,0.8289821301921361
2017-12-31,active,ema,0.8221494508294777
2017-12-31,active,persist,1.0
2017-12-31,active,ema,1.0
2017-12-31,active,persist,0.9991938929803784
2017-12-31,active,ema,0.9980487175468717
2017-12-31,active,persist,0.9864254706054573
2017-12-31,active,ema,0.9864254706054573
2017-12-31,active,persist,0.9716328272362811
2017-12-31,active,ema,0.9714449523146201
2017-12-31,active,persist,1.0
2017-12-31,active,ema,1.0
2017-12-31,active,persist,0.9625504472081563
2017-12-31,active,ema,0.959774275962631
2017-12-31,active,persist,0.9569164120959863
2017-12-31,active,ema,0.9657633448875503
2017-12-31,active,persist,0.9493101992921494
2017-12-31,active,ema,0.9437829838360867
2017-12-31,active,persist,0.9894789794694773
2017-12-31,active,ema,0.9894789794694773
2017-12-31,active,persist,0.9845417418505733
2017-12-31,active,ema,0.9790602526980766
2017-12-31,active,persist,0.9017244081435841
2017-12-31,active,ema,0.9971587962542182
2017-12-31,active,persist,0.9628731224756407
2017-12-31,active,ema,0.962708206190525
2017-12-31,active,persist,0.9053770036941855
2017-12-31,active,ema,0.904412790736468
2017-12-31,active,persist,0.9839730668673657
2017-12-31,active,ema,0.9924068631240753
2017-12-31,active,persist,0.9525754762461076
2017-12-31,active,ema,0.9525754762461076
2017-12-31,active,persist,1.0
2017-12-31,active,ema,0.9992502464332137
2017-12-31,active,persist,0.9348907813825565
2017-12-31,active,ema,0.9291069119695416
2017-12-31,active,persist,0.9983746171174752
2017-12-31,active,ema,0.9980553012960799
2017-12-31,active,persist,0.99128184735478
2017-12-31,active,ema,0.9909121987994823
2017-12-31,active,persist,0.8635381784301515
2017-12-31,active,ema,0.9526345119880965
2017-12-31,active,persist,0.9426666550074364
2017-12-31,active,ema,0.9048120832872801
2017-12-31,active,persist,0.994160907259242
2017-12-31,active,ema,1.0
2017-12-31,active,persist,0.37751151445849296
2017-12-31,active,persist,0.9879819288775775
2017-12-31,active,ema,0.9883961312514092
2017-12-31,active,persist,0.953507271911562
2017-12-31,active,ema,0.9544978628714672
2017-12-31,active,persist,0.9446350220000663
2017-12-31,active,ema,0.8955011298839365
2017-12-31,active,persist,0.9935561411382086
2017-12-31,active,ema,0.9923518244987642
2017-12-31,active,persist,0.8975764411584517
2017-12-31,active,ema,0.8976170564038523
2017-12-31,active,persist,0.999541365622849
2017-12-31,active,ema,0.999541365622849
2017-12-31,active,persist,0.8313279885780699
2017-12-31,active,ema,0.889352696053081
2017-12-31,active,persist,0.7748114580340502
2017-12-31,active,ema,0.7918420535936629
2018-03-31,active,persist,0.9999509351125876
2018-03-31,active,ema,0.9998946289350069
2018-03-31,active,persist,0.9909477898952981
2018-03-31,active,ema,0.9939305819746356
2018-03-31,active,persist,0.9976927956261569
2018-03-31,active,ema,0.9976227226508031
2018-03-31,active,persist,0.9973380724693391
2018-03-31,active,ema,0.9973380724693391
2018-03-31,active,persist,0.9999338771867676
2018-03-31,active,ema,0.9996060455164953
2018-03-31,active,persist,0.9982315565328036
2018-03-31,active,ema,0.982273149220245
2018-03-31,active,persist,0.9819710743328071
2018-03-31,active,ema,0.9819710743328071
2018-03-31,active,persist,0.8921607298771599
2018-03-31,active,ema,0.8931256385416649
2018-03-31,active,persist,0.9633756865663963
2018-03-31,active,ema,0.9570568950730401
2018-03-31,active,persist,0.9813723885042237
2018-03-31,active,ema,0.9787352118660657
2018-03-31,active,persist,0.6881429446937727
2018-03-31,active,ema,0.6679928123331077
2018-03-31,active,persist,0.9993140231424532
2018-03-31,active,ema,0.9993314482530706
2018-03-31,active,persist,0.8345215112759786
2018-03-31,active,ema,0.8389246500640752
2018-03-31,active,persist,0.942130690413686
2018-03-31,active,ema,0.9492192826792304
2018-03-31,active,persist,0.9966409074023028
2018-03-31,active,ema,0.9950874790410048
2018-03-31,active,persist,0.7401387612730875
2018-03-31,active,ema,0.7297426221809505
2018-03-31,active,persist,0.9845663095237477
2018-03-31,active,ema,0.97955402472319
2018-03-31,active,persist,0.922488782374709
2018-03-31,active,ema,0.9226809700766427
2018-03-31,active,persist,0.8158453135015765
2018-03-31,active,ema,0.8186777258630635
2018-03-31,active,persist,0.9998992035076641
2018-03-31,active,ema,0.9339187073166756
2018-03-31,active,persist,0.16403432332211576
2018-03-31,active,ema,0.16403432332211576
2018-03-31,active,persist,0.9999963929113952
2018-03-31,active,ema,0.9930864486434521
2018-03-31,active,persist,0.9797243487607274
2018-03-31,active,ema,0.9907836965852329
2018-03-31,active,persist,0.9993106461949337
2018-03-31,active,ema,0.9993106461949337
2018-03-31,active,persist,0.9746540797920277
2018-03-31,active,ema,0.9746540797920277
2018-03-31,active,persist,0.9825190572849892
2018-03-31,active,ema,0.9825190572849892
2018-03-31,active,persist,0.9781464937707595
2018-03-31,active,ema,0.9703184163855254
2018-03-31,active,persist,0.9783466257198626
2018-03-31,active,ema,0.9528236661598684
2018-03-31,active,persist,0.9990886719818768
2018-03-31,active,ema,0.9944539790984972
2018-03-31,active,persist,0.9999882014466638
2018-03-31,active,ema,1.0
2018-03-31,active,persist,0.9268094404722136
2018-03-31,active,ema,0.9253984619803314
2018-03-31,active,persist,0.9921484633927469
2018-03-31,active,ema,0.9921484633927469
2018-03-31,active,persist,0.9969909113226878
2018-03-31,active,ema,0.9790941918807863
2018-03-31,active,persist,0.999275339800381
2018-03-31,active,ema,0.999275339800381
2018-03-31,active,persist,0.9602660413793712
2018-03-31,active,ema,0.9466686065727408
2018-03-31,active,persist,0.8930300540014415
2018-03-31,active,ema,0.8858832851680691
2018-03-31,active,persist,1.0
2018-03-31,active,ema,0.9553717428081135
2018-03-31,active,persist,0.9815152292575013
2018-03-31,active,ema,0.9764958913723316
2018-03-31,active,persist,0.9968960214360559
2018-03-31,active,ema,0.9917101567306997
2018-03-31,active,persist,0.9986657375288677
2018-03-31,active,ema,1.0
2018-03-31,active,persist,0.8197411122554994
2018-03-31,active,persist,0.9999771033071065
2018-03-31,active,ema,0.9999771033071065
2018-03-31,active,persist,0.9983732300262742
2018-03-31,active,ema,0.9876709020796517
2018-03-31,active,persist,0.9121120134055274
2018-03-31,active,ema,0.9145183345524144
2018-03-31,active,persist,0.890234466830079
2018-03-31,active,ema,0.890234466830079
2018-03-31,active,persist,1.0
2018-03-31,active,ema,0.9996278196933476
2018-03-31,active,persist,0.343901621609058
2018-03-31,active,ema,0.343901621609058
2018-03-31,active,persist,0.999055683982894
2018-03-31,active,ema,0.9922422573634432
2018-03-31,active,persist,1.0
2018-03-31,active,ema,1.0
2018-03-31,active,persist,0.9409866923466313
2018-03-31,active,ema,0.9406027631320876
2018-03-31,active,persist,0.9587951521868072
2018-03-31,active,ema,0.9622290491599291
2018-03-31,active,persist,0.9829167310914267
2018-03-31,active,ema,0.9883364188164084
2018-03-31,active,persist,0.5752983600839767
2018-03-31,active,ema,0.5752983600839767
2018-03-31,active,persist,0.8805981874541846
2018-03-31,active,ema,0.8807802265051651
2018-03-31,active,persist,0.8663666800918739
2018-03-31,active,ema,0.8663204177328077
2018-03-31,active,persist,1.0
2018-03-31,active,ema,0.996298337887996
2018-03-31,active,persist,0.9364725495839784
2018-03-31,active,ema,0.9294598286435319
2018-03-31,active,persist,0.9559618152753293
2018-03-31,active,ema,0.9565697069261743
2018-03-31,active,persist,0.8647077422643876
2018-03-31,active,ema,0.864242848122575
2018-03-31,active,persist,0.9993906956262371
2018-03-31,active,ema,0.9993906956262371
2018-03-31,active,persist,0.9768649641623441
2018-03-31,active,ema,0.9583794285894481
2018-03-31,active,persist,0.9994901248107512
2018-03-31,active,ema,0.9994901248107512
2018-03-31,active,persist,0.9877718601458254
2018-03-31,active,ema,0.9861060872948192
2018-03-31,active,persist,0.8848094076836613
2018-03-31,active,ema,0.8848094076836613
2018-03-31,active,persist,0.8197708576650622
2018-03-31,active,ema,0.8263503421903844
2018-03-31,active,persist,1.0
2018-03-31,active,ema,1.0
2018-03-31,active,persist,0.5434044652230654
2018-03-31,active,ema,0.5157107894096253
2018-03-31,active,persist,0.9759376145654598
2018-03-31,active,ema,0.9763614459602558
2018-03-31,active,persist,0.9947667373080249
2018-03-31,active,ema,0.9947667373080249
2018-03-31,active,persist,0.9303580109957338
2018-03-31,active,ema,0.9210501265213252
2018-03-31,active,persist,0.9860402714929606
2018-03-31,active,ema,0.9810329691603089
2018-03-31,active,persist,0.9291043538342818
2018-03-31,active,ema,0.9290084332477613
2018-03-31,active,persist,0.8935238541881564
2018-03-31,active,persist,0.9999996138434621
2018-03-31,active,ema,0.9998743964737467
2018-03-31,active,persist,0.7915463821680574
2018-03-31,active,ema,0.7633684218848245
2018-03-31,active,persist,0.94659243210685
2018-03-31,active,persist,0.6165101129977134
2018-03-31,active,ema,0.5894288318661405
2018-03-31,active,persist,0.9999398468219612
2018-03-31,active,persist,0.9190691316601928
2018-03-31,active,persist,0.9413840272183828
2018-03-31,active,persist,1.0
2018-06-30,active,persist,0.9990366510233624
2018-06-30,active,ema,0.9989645526244945
2018-06-30,active,persist,0.9394358735438803
2018-06-30,active,ema,0.9394358735438803
2018-06-30,active,persist,0.9999132274005058
2018-06-30,active,ema,0.9981293375698469
2018-06-30,active,persist,0.9973363724206102
2018-06-30,active,ema,0.9950132548125773
2018-06-30,active,persist,0.9756456720855323
2018-06-30,active,ema,0.9712110487851179
2018-06-30,active,persist,0.9537977110827216
2018-06-30,active,ema,0.9524900889224059
2018-06-30,active,persist,0.8912355257386895
2018-06-30,active,ema,0.8678546724018118
2018-06-30,active,persist,0.9936496027508437
2018-06-30,active,ema,0.986247860783192
2018-06-30,active,persist,0.9987817755675854
2018-06-30,active,ema,0.9991107711075887
2018-06-30,active,persist,0.9331535570303944
2018-06-30,active,ema,0.9330469570542033
2018-06-30,active,persist,0.9381930761874998
2018-06-30,active,ema,0.9380430188664808
2018-06-30,active,persist,0.9915399728924311
2018-06-30,active,ema,0.9562413305957062
2018-06-30,active,persist,0.9663045449353842
2018-06-30,active,ema,0.9632740370930869
2018-06-30,active,persist,0.9950811883666904
2018-06-30,active,ema,0.9955630882949192
2018-06-30,active,persist,0.9462995886330281
2018-06-30,active,ema,0.9452097149988431
2018-06-30,active,persist,0.966610250456213
2018-06-30,active,ema,0.9609104109830645
2018-06-30,active,persist,0.9738792655832728
2018-06-30,active,ema,0.9747995059602701
2018-06-30,active,persist,0.8360972832177591
2018-06-30,active,ema,0.7884255652482199
2018-06-30,active,persist,0.9990261913561207
2018-06-30,active,ema,0.9997480727610023
2018-06-30,active,persist,0.8076197514603963
2018-06-30,active,ema,0.8050246148894284
2018-06-30,active,persist,0.9960133714710694
2018-06-30,active,ema,0.9960133714710694
2018-06-30,active,persist,0.9217934303868399
2018-06-30,active,ema,0.909674512165589
2018-06-30,active,persist,0.9957449057852135
2018-06-30,active,ema,0.9951411232789572
2018-06-30,active,persist,0.9922342382372593
2018-06-30,active,ema,0.9906187823667258
2018-06-30,active,persist,0.9903176156432104
2018-06-30,active,ema,0.9816559705752265
2018-06-30,active,persist,0.7409350851075738
2018-06-30,active,ema,0.7423491523798373
2018-06-30,active,persist,0.9150841820304784
2018-06-30,active,ema,0.9118349018717206
2018-06-30,active,persist,0.9904373719227086
2018-06-30,active,ema,0.9900903848690907
2018-06-30,active,persist,1.0
2018-06-30,active,ema,1.0
2018-06-30,active,persist,0.8837763017834828
2018-06-30,active,ema,0.8540883801408817
2018-06-30,active,persist,0.9292223195020796
2018-06-30,active,ema,0.9167186544151453
2018-06-30,active,persist,1.0
2018-06-30,active,ema,1.0
2018-06-30,active,persist,0.9974286271497186
2018-06-30,active,ema,0.9974286271497186
2018-06-30,active,persist,0.9843913450731413
2018-06-30,active,ema,0.9870942543203293
2018-06-30,active,persist,0.9805844611870598
2018-06-30,active,ema,0.9684043010192881
2018-06-30,active,persist,0.9837425846305935
2018-06-30,active,ema,0.9837425846305935
2018-06-30,active,persist,0.9231710575643329
2018-06-30,active,ema,0.8937298203140862
2018-06-30,active,persist,0.9985911452558554
2018-06-30,active,ema,0.9977436228234107
2018-06-30,active,persist,0.8382334192523919
2018-06-30,active,ema,0.8382334192523919
2018-06-30,active,persist,0.9255263127067036
2018-06-30,active,ema,0.947232631073435
2018-06-30,active,persist,1.0
2018-06-30,active,ema,1.0
2018-06-30,active,persist,1.0
2018-06-30,active,ema,1.0
2018-06-30,active,persist,0.9154823806448339
2018-06-30,active,ema,0.9255537079706755
2018-06-30,active,persist,0.9052133372717326
2018-06-30,active,ema,0.9084849252523319
2018-06-30,active,persist,0.9873096165428297
2018-06-30,active,ema,0.9873096165428297
2018-06-30,active,persist,0.8778059835927139
2018-06-30,active,ema,0.8693147926248457
2018-06-30,active,persist,0.9949267827158449
2018-06-30,active,ema,0.9948342746300263
2018-06-30,active,persist,1.0
2018-06-30,active,ema,1.0
2018-06-30,active,persist,0.9372592680821655
2018-06-30,active,ema,0.9278752139675513
2018-06-30,active,persist,0.9796492026315783
2018-06-30,active,ema,0.9832205991216112
2018-06-30,active,persist,0.8596793089217658
2018-06-30,active,ema,0.8574577840898115
2018-06-30,active,persist,1.0
2018-06-30,active,ema,1.0
2018-06-30,active,persist,0.9437613652960054
2018-06-30,active,ema,0.9448069214697227
2018-06-30,active,persist,0.9353637097571803
2018-06-30,active,persist,1.0
2018-06-30,active,ema,0.983555279603378
2018-06-30,active,persist,0.9356655927971476
2018-06-30,active,ema,0.9356655927971476
2018-06-30,active,persist,0.9731905031687853
2018-06-30,active,ema,0.9742695375353863
2018-06-30,active,persist,0.9651343586590557
2018-06-30,active,ema,0.9659114722266531
2018-06-30,active,persist,0.672197291159529
2018-06-30,active,ema,0.6896357996073321
2018-06-30,active,persist,0.9699580061495803
2018-06-30,active,ema,0.9709970087110413
2018-06-30,active,persist,0.9213120971291012
2018-06-30,active,ema,0.9213120971291012
2018-06-30,active,persist,0.9958751650188121
2018-06-30,active,ema,0.995978080026384
2018-06-30,active,persist,0.9582985036858016
2018-06-30,active,ema,0.9583104213841668
2018-06-30,active,persist,0.8736022160615732
2018-06-30,active,ema,0.876438450317263
2018-06-30,active,persist,0.6860902840275651
2018-06-30,active,ema,0.6960337257665653
2018-06-30,active,persist,0.8797668558203035
2018-06-30,active,ema,0.8797668558203035
2018-06-30,active,persist,0.22837335604094142
2018-06-30,active,ema,0.237641644885616
2018-06-30,active,persist,0.9506626433959079
2018-06-30,active,ema,0.9426968492808304
2018-06-30,active,persist,0.9949036128310862
2018-06-30,active,ema,0.9946809307806669
2018-06-30,active,persist,0.9097036799710112
2018-06-30,active,ema,0.9132004634110867
2018-06-30,active,persist,0.9973587874936859
2018-06-30,active,ema,0.9973587874936859
2018-06-30,active,persist,0.9995031514814514
2018-06-30,active,ema,0.9984848958552003
2018-06-30,active,persist,0.9494750473362634
2018-06-30,active,ema,0.9456509473345229
2018-06-30,active,persist,0.8127755964374278
2018-06-30,active,ema,0.8839200898582767
2018-06-30,active,persist,0.9154720521879034
2018-06-30,active,ema,0.8991689493735628
2018-06-30,active,persist,0.9958167004730946
2018-06-30,active,ema,0.9605558505407762
2018-06-30,active,persist,0.9998142561164886
2018-06-30,active,persist,0.9999998767693046
2018-06-30,active,persist,0.9681416496375609
2018-06-30,active,persist,1.0
2018-06-30,active,ema,1.0
2018-06-30,active,persist,0.8688965499568724
2018-06-30,active,ema,0.8655650654268815
2018-06-30,active,persist,0.9868621269478474
2018-06-30,active,ema,0.9867713101803178
2018-06-30,active,persist,0.9959349337354416
2018-06-30,active,ema,0.9959349337354416
2018-09-30,active,persist,0.9992489051538
2018-09-30,active,ema,0.9991176877358289
2018-09-30,active,persist,0.9646520857254018
2018-09-30,active,ema,0.9671585578478259
2018-09-30,active,persist,0.9998685664272845
2018-09-30,active,ema,0.9998592281238189
2018-09-30,active,persist,0.8770188513704077
2018-09-30,active,ema,0.8770188513704077
2018-09-30,active,persist,0.976378397996523
2018-09-30,active,ema,0.971140988417273
2018-09-30,active,persist,0.9997750763087351
2018-09-30,active,ema,0.9947804115859199
2018-09-30,active,persist,0.8702201643942489
2018-09-30,active,ema,0.9048879146823311
2018-09-30,active,persist,0.8311464268716143
2018-09-30,active,ema,0.8186861260277387
2018-09-30,active,persist,0.9971584000264908
2018-09-30,active,ema,0.9967428373083097
2018-09-30,active,persist,0.7376875410515082
2018-09-30,active,ema,0.7570865993188052
2018-09-30,active,persist,0.9992824785380525
2018-09-30,active,ema,0.9992399587997955
2018-09-30,active,persist,0.9973546938737698
2018-09-30,active,ema,0.9942033700325225
2018-09-30,active,persist,0.9493916865559577
2018-09-30,active,ema,0.9352532322553843
2018-09-30,active,persist,0.9979849304516751
2018-09-30,active,ema,0.9977476488655704
2018-09-30,active,persist,0.9452585048127844
2018-09-30,active,ema,0.9457098401283589
2018-09-30,active,persist,0.9959439228927559
2018-09-30,active,ema,0.9966657230226568
2018-09-30,active,persist,0.9655044103792855
2018-09-30,active,ema,0.9801759921963743
2018-09-30,active,persist,0.9317844311155442
2018-09-30,active,ema,0.9225524868979712
2018-09-30,active,persist,0.9852761341819571
2018-09-30,active,ema,0.9852761341819571
2018-09-30,active,persist,0.868081563730434
2018-09-30,active,ema,0.86526156511619
2018-09-30,active,persist,0.975707945938752
2018-09-30,active,ema,0.9759757683842216
2018-09-30,active,persist,0.9985236820219615
2018-09-30,active,ema,0.9754186208520523
2018-09-30,active,persist,0.9996123890983044
2018-09-30,active,ema,0.983148217161477
2018-09-30,active,persist,0.9915743129708341
2018-09-30,active,ema,0.9890426509067362
2018-09-30,active,persist,1.0
2018-09-30,active,ema,0.9995435920456097
2018-09-30,active,persist,0.994940099471479
2018-09-30,active,ema,0.9949304490394676
2018-09-30,active,persist,0.9187406090960685
2018-09-30,active,ema,0.8776210835583472
2018-09-30,active,persist,0.9983042909888633
2018-09-30,active,ema,0.9982229410531301
2018-09-30,active,persist,1.0
2018-09-30,active,ema,1.0
2018-09-30,active,persist,0.9737754426672122
2018-09-30,active,ema,0.9601535474235836
2018-09-30,active,persist,0.9839134636582312
2018-09-30,active,ema,0.9839754094501609
2018-09-30,active,persist,0.998323177369173
2018-09-30,active,ema,0.998323177369173
2018-09-30,active,persist,0.9995739078561098
2018-09-30,active,ema,0.9960776133754277
2018-09-30,active,persist,0.9941768951498948
2018-09-30,active,ema,0.9855003809757181
2018-09-30,active,persist,0.9766057936459474
2018-09-30,active,ema,0.9245848078981727
2018-09-30,active,persist,0.989279793276495
2018-09-30,active,ema,0.9877694591969532
2018-09-30,active,persist,0.9586740307272462
2018-09-30,active,ema,0.9617631074841789
2018-09-30,active,persist,0.9933370937092534
2018-09-30,active,ema,0.991456862424178
2018-09-30,active,persist,0.990482539127482
2018-09-30,active,ema,0.9808304913472949
2018-09-30,active,persist,0.7097932434959161
2018-09-30,active,ema,0.7097932434959161
2018-09-30,active,persist,0.9994064337273656
2018-09-30,active,ema,0.9994064337273656
2018-09-30,active,persist,0.9999224100643512
2018-09-30,active,ema,0.9999224100643512
2018-09-30,active,persist,0.9406501333627564
2018-09-30,active,ema,0.94516612779072
2018-09-30,active,persist,0.9999237707920742
2018-09-30,active,ema,0.9988382048513934
2018-09-30,active,persist,1.0
2018-09-30,active,ema,0.9998938478889876
2018-09-30,active,persist,0.9988599741903343
2018-09-30,active,ema,0.9946854008350743
2018-09-30,active,persist,0.9859407125049021
2018-09-30,active,ema,0.9835540832768865
2018-09-30,active,persist,0.9999050107515166
2018-09-30,active,ema,0.9999050107515166
2018-09-30,active,persist,0.9939329240548206
2018-09-30,active,ema,0.9650625001569685
2018-09-30,active,persist,0.9720217927916814
2018-09-30,active,ema,0.9665140631614269
2018-09-30,active,persist,0.9385775856877681
2018-09-30,active,ema,0.9376495894693004
2018-09-30,active,persist,0.5042222277631557
2018-09-30,active,ema,0.5042222277631557
2018-09-30,active,persist,0.9539706823255922
2018-09-30,active,ema,0.9521370560039147
2018-09-30,active,persist,0.9966630388681536
2018-09-30,active,persist,0.9784522388228838
2018-09-30,active,ema,0.9677153373104684
2018-09-30,active,persist,0.9887270713967791
2018-09-30,active,ema,0.9887270713967791
2018-09-30,active,persist,0.9858857533842881
2018-09-30,active,ema,0.9858857533842881
2018-09-30,active,persist,0.8992054869194376
2018-09-30,active,ema,0.8992054869194376
2018-09-30,active,persist,0.8338233602757793
2018-09-30,active,ema,0.663612986307891
2018-09-30,active,persist,0.9181725167114282
2018-09-30,active,ema,0.8684766323427485
2018-09-30,active,persist,0.9407775892988021
2018-09-30,active,ema,0.9360092628681427
2018-09-30,active,persist,0.970736149226968
2018-09-30,active,ema,0.9494637850073299
2018-09-30,active,persist,0.9580524602571436
2018-09-30,active,ema,0.957190608603724
2018-09-30,active,persist,0.9835882849898681
2018-09-30,active,ema,0.9702138744403535
2018-09-30,active,persist,0.9606504835790534
2018-09-30,active,ema,0.9369941921607566
2018-09-30,active,persist,0.8966860545465579
2018-09-30,active,ema,0.7860413072034698
2018-09-30,active,persist,0.5086972175493341
2018-09-30,active,ema,0.5179099079456803
2018-09-30,active,persist,0.9444109030401981
2018-09-30,active,ema,0.9597527168969341
2018-09-30,active,persist,0.991825027134631
2018-09-30,active,ema,0.9871650165912643
2018-09-30,active,persist,0.9931184779731884
2018-09-30,active,ema,0.9908314235702456
2018-09-30,active,persist,0.2778658167137754
2018-09-30,active,ema,0.2767911828303811
2018-09-30,active,persist,0.9964606063738121
2018-09-30,active,ema,0.9964606063738121
2018-09-30,active,persist,0.9279993701114049
2018-09-30,active,ema,0.9278699276980747
2018-09-30,active,persist,0.5613872732934528
2018-09-30,active,ema,0.5349774095282462
2018-09-30,active,persist,0.9896987258637243
2018-09-30,active,ema,0.9671903118874067
2018-09-30,active,persist,0.9911659022548694
2018-09-30,active,ema,0.9913922433883552
2018-09-30,active,persist,0.9895872296384289
2018-09-30,active,ema,0.985959134235333
2018-09-30,active,persist,0.9808331346276512
2018-09-30,active,ema,0.9802748392072698
2018-09-30,active,persist,0.9997086427566245
2018-09-30,active,ema,0.9997086427566245
2018-09-30,active,persist,0.9723662722187356
2018-09-30,active,persist,0.9966150689274441
2018-09-30,active,ema,0.9407994725031306
2018-09-30,active,persist,0.9959522572387752
2018-09-30,active,ema,0.9951298829118991
2018-09-30,active,persist,0.9988507851332027
2018-09-30,active,ema,0.999966194168715
2018-12-31,active,persist,0.9993748931337519
2018-12-31,active,ema,0.9993065948613065
2018-12-31,active,persist,0.968947505543229
2018-12-31,active,ema,0.9898153802375129
2018-12-31,active,persist,0.998600734810718
2018-12-31,active,ema,0.9983745206172834
2018-12-31,active,persist,0.9890969741372213
2018-12-31,active,ema,0.9805037847035335
2018-12-31,active,persist,0.9750241869801687
2018-12-31,active,ema,0.9577879504041789
2018-12-31,active,persist,0.9955671933571867
2018-12-31,active,ema,0.9955671933571867
2018-12-31,active,persist,0.8753316572018555
2018-12-31,active,ema,0.8673287953924114
2018-12-31,active,persist,0.9152555555618623
2018-12-31,active,ema,0.9162454256370478
2018-12-31,active,persist,0.95501093306333
2018-12-31,active,ema,0.9593034229920137
2018-12-31,active,persist,0.5820828827561164
2018-12-31,active,ema,0.6232582776349566
2018-12-31,active,persist,0.9947972733501301
2018-12-31,active,ema,0.993359309685879
2018-12-31,active,persist,0.9951103814601328
2018-12-31,active,ema,0.9956739231430742
2018-12-31,active,persist,0.9597282971942673
2018-12-31,active,ema,0.9563176480654124
2018-12-31,active,persist,0.985576311567171
2018-12-31,active,ema,0.9854204122624253
2018-12-31,active,persist,0.9324163155797293
2018-12-31,active,ema,0.9341320305645153
2018-12-31,active,persist,0.9800448157477286
2018-12-31,active,ema,0.9735654979703923
2018-12-31,active,persist,0.9666423739703974
2018-12-31,active,ema,0.9673987419425417
2018-12-31,active,persist,0.9674889428618455
2018-12-31,active,ema,0.9675534769837619
2018-12-31,active,persist,0.9968559539039513
2018-12-31,active,ema,0.9873029521525288
2018-12-31,active,persist,0.8669093364812536
2018-12-31,active,ema,0.8963323445200992
2018-12-31,active,persist,0.998056481209929
2018-12-31,active,ema,0.9942090847162812
2018-12-31,active,persist,0.9451262024647166
2018-12-31,active,ema,0.9694943796597915
2018-12-31,active,persist,0.987365358802432
2018-12-31,active,ema,0.987365358802432
2018-12-31,active,persist,0.9728823335191248
2018-12-31,active,ema,0.9723118144294868
2018-12-31,active,persist,0.9633775250291874
2018-12-31,active,ema,0.9633775250291874
2018-12-31,active,persist,0.9682425411610524
2018-12-31,active,ema,0.9555384524700494
2018-12-31,active,persist,0.8935321543973466
2018-12-31,active,ema,0.8938910740471795
2018-12-31,active,persist,0.9955138520376582
2018-12-31,active,ema,0.9953389033690917
2018-12-31,active,persist,0.9984574244959007
2018-12-31,active,ema,0.9984574244959007
2018-12-31,active,persist,0.9444840344013133
2018-12-31,active,ema,0.943057701138536
2018-12-31,active,persist,0.9999150765421693
2018-12-31,active,ema,0.9999150765421693
2018-12-31,active,persist,0.9973269128445423
2018-12-31,active,ema,1.0
2018-12-31,active,persist,0.9903584440333054
2018-12-31,active,ema,0.9902774768069876
2018-12-31,active,persist,0.9731104383785081
2018-12-31,active,ema,0.9383835826310011
2018-12-31,active,persist,0.9350603249112126
2018-12-31,active,ema,0.9526704110603886
2018-12-31,active,persist,0.9993300138392299
2018-12-31,active,ema,0.9678644060619431
2018-12-31,active,persist,0.8900937822457827
2018-12-31,active,ema,0.8874175160468663
2018-12-31,active,persist,0.9689290510836656
2018-12-31,active,ema,0.9984223528715607
2018-12-31,active,persist,0.9990116101410418
2018-12-31,active,ema,0.9991835613144618
2018-12-31,active,persist,0.7948995984938572
2018-12-31,active,ema,0.7918392793112832
2018-12-31,active,persist,0.913471762297882
2018-12-31,active,ema,0.8999100255825547
2018-12-31,active,persist,1.0
2018-12-31,active,ema,1.0
2018-12-31,active,persist,0.5697243570890042
2018-12-31,active,ema,0.5691399616009795
2018-12-31,active,persist,0.9933441195017593
2018-12-31,active,ema,0.9933441195017593
2018-12-31,active,persist,0.6009179651931448
2018-12-31,active,ema,0.6009179651931448
2018-12-31,active,persist,0.9994970754630351
2018-12-31,active,ema,0.9994970754630351
2018-12-31,active,persist,0.9128397498379405
2018-12-31,active,ema,0.9169037793720863
2018-12-31,active,persist,0.9999343825305271
2018-12-31,active,ema,0.9996554855273555
2018-12-31,active,persist,0.9490073762706508
2018-12-31,active,ema,0.9486966149339938
2018-12-31,active,persist,0.8099739403844893
2018-12-31,active,ema,0.7917366384821029
2018-12-31,active,persist,0.9819643323817772
2018-12-31,active,ema,0.976355693857702
2018-12-31,active,persist,1.0
2018-12-31,active,ema,1.0
2018-12-31,active,persist,0.5268385960391472
2018-12-31,active,ema,0.48721300337270834
2018-12-31,active,persist,0.9766579396530174
2018-12-31,active,ema,0.9763700773633005
2018-12-31,active,persist,0.4941148621871684
2018-12-31,active,ema,0.4950588404412821
2018-12-31,active,persist,0.9866679285321949
2018-12-31,active,ema,0.9864497469470461
2018-12-31,active,persist,0.9476053517736635
2018-12-31,active,ema,0.9476053517736635
2018-12-31,active,persist,0.9575761241713531
2018-12-31,active,ema,0.9493476936082151
2018-12-31,active,persist,0.773266158977883
2018-12-31,active,ema,0.7691325899576626
2018-12-31,active,persist,0.9567042999440682
2018-12-31,active,ema,0.9526753925705129
2018-12-31,active,persist,0.9915247479741192
2018-12-31,active,ema,0.9821174939432451
2018-12-31,active,persist,0.8483822913006771
2018-12-31,active,ema,0.8483822913006771
2018-12-31,active,persist,0.9847118745495477
2018-12-31,active,ema,0.9847118745495477
2018-12-31,active,persist,0.8588850833810054
2018-12-31,active,ema,0.851862407697255
2018-12-31,active,persist,0.8210144323017888
2018-12-31,active,ema,0.8163334173563441
2018-12-31,active,persist,0.6342985436019806
2018-12-31,active,ema,0.6270331268859142
2018-12-31,active,persist,0.5910598066329125
2018-12-31,active,ema,0.6077147293365138
2018-12-31,active,persist,0.9935374004245439
2018-12-31,active,ema,0.9914496051501798
2018-12-31,active,persist,0.9828859807036818
2018-12-31,active,ema,0.9813366365355681
2018-12-31,active,persist,0.97034701002823
2018-12-31,active,ema,0.97034701002823
2018-12-31,active,persist,0.9973562523408072
2018-12-31,active,ema,0.997265268946572
2018-12-31,active,persist,0.3438768632830222
2018-12-31,active,ema,0.3622432019352989
2018-12-31,active,persist,0.9886852657307537
2018-12-31,active,ema,0.9887080568772836
2018-12-31,active,persist,0.7616552869898121
2018-12-31,active,ema,0.6926123682249158
2018-12-31,active,persist,0.8770601544706266
2018-12-31,active,ema,0.8778724101587482
2018-12-31,active,persist,0.9845542469040744
2018-12-31,active,ema,0.9978441132487015
2018-12-31,active,persist,0.9516289865542772
2018-12-31,active,ema,0.9516289865542772
2018-12-31,active,persist,0.9916244859921491
2018-12-31,active,ema,0.9915337763334655
2018-12-31,active,persist,0.9996835561392848
2018-12-31,active,ema,0.999945831304239
2018-12-31,active,persist,0.9521091001310389
2018-12-31,active,ema,0.9513673000439884
2018-12-31,active,persist,0.9631920389459319
2018-12-31,active,ema,0.9601593325374306
2018-12-31,active,persist,0.983404974639687
2018-12-31,active,ema,0.983404974639687
2018-12-31,active,persist,1.0
2018-12-31,active,ema,0.9999109651138514
2019-03-31,active,persist,0.9996445995546844
2019-03-31,active,ema,0.9997670817417477
2019-03-31,active,persist,0.9864464921339761
2019-03-31,active,ema,0.9869900820371663
2019-03-31,active,persist,0.9995054812845275
2019-03-31,active,ema,0.9995054812845275
2019-03-31,active,persist,0.9374443431608577
2019-03-31,active,ema,0.9374514236277904
2019-03-31,active,persist,0.8818153113310736
2019-03-31,active,ema,0.8812426721307294
2019-03-31,active,persist,0.9460514565696624
2019-03-31,active,ema,0.9477946650517249
2019-03-31,active,persist,0.9377361219506689
2019-03-31,active,ema,0.9473390790049546
2019-03-31,active,persist,0.8429874115968704
2019-03-31,active,ema,0.8446113398276106
2019-03-31,active,persist,0.9930509824432063
2019-03-31,active,ema,0.9935892991964672
2019-03-31,active,persist,0.7138268706558492
2019-03-31,active,ema,0.7155058183401625
2019-03-31,active,persist,0.9323068867971258
2019-03-31,active,ema,0.9323068867971258
2019-03-31,active,persist,0.9604448154361263
2019-03-31,active,ema,0.9654686506027907
2019-03-31,active,persist,0.9903993216152586
2019-03-31,active,ema,0.9891292537677946
2019-03-31,active,persist,0.9396768359953482
2019-03-31,active,ema,0.9385058014630392
2019-03-31,active,persist,0.994880459248957
2019-03-31,active,ema,0.983882199325798
2019-03-31,active,persist,0.9497612572094787
2019-03-31,active,ema,0.9913666732237291
2019-03-31,active,persist,0.8185920899335009
2019-03-31,active,ema,0.7897981414320733
2019-03-31,active,persist,0.9999527454098904
2019-03-31,active,ema,0.9980895090817794
2019-03-31,active,persist,0.9995476350168965
2019-03-31,active,ema,0.9995476350168965
2019-03-31,active,persist,0.9999512107549504
2019-03-31,active,ema,0.9998997530399869
2019-03-31,active,persist,0.9926562645443089
2019-03-31,active,ema,0.985138854922075
2019-03-31,active,persist,0.9994325511922371
2019-03-31,active,ema,0.9997556582799837
2019-03-31,active,persist,0.9826045950030012
2019-03-31,active,ema,0.9730591769412145
2019-03-31,active,persist,0.987030559833006
2019-03-31,active,ema,0.9888639364404374
2019-03-31,active,persist,0.9856026349631924
2019-03-31,active,ema,0.950331644086501
2019-03-31,active,persist,0.9636947547337078
2019-03-31,active,ema,0.9570481051599309
2019-03-31,active,persist,0.9934212554648292
2019-03-31,active,ema,0.9938319418410485
2019-03-31,active,persist,0.9950624097431658
2019-03-31,active,ema,0.9861992797300119
2019-03-31,active,persist,0.9233732752668701
2019-03-31,active,ema,0.9105066027691173
2019-03-31,active,persist,0.9952887611040047
2019-03-31,active,ema,0.9952887611040047
2019-03-31,active,persist,0.9999410866389309
2019-03-31,active,ema,0.9999410866389309
2019-03-31,active,persist,0.9981752835028027
2019-03-31,active,ema,0.9982358449620259
2019-03-31,active,persist,0.9924533939586719
2019-03-31,active,ema,0.9934119002867292
2019-03-31,active,persist,0.9504747237463499
2019-03-31,active,ema,0.9294838187518866
2019-03-31,active,persist,0.9850970782126909
2019-03-31,active,ema,0.9878214296398745
2019-03-31,active,persist,0.9035071960582096
2019-03-31,active,ema,0.8856183072338035
2019-03-31,active,persist,0.9954623684317639
2019-03-31,active,ema,0.9954623684317639
2019-03-31,active,persist,0.9355410982919037
2019-03-31,active,ema,0.9355410982919037
2019-03-31,active,persist,0.7832726422624607
2019-03-31,active,ema,0.7832726422624607
2019-03-31,active,persist,0.9961548616747017
2019-03-31,active,ema,0.9931466503571221
2019-03-31,active,persist,1.0
2019-03-31,active,ema,1.0
2019-03-31,active,persist,0.37878132321278224
2019-03-31,active,ema,0.3798403734694799
2019-03-31,active,persist,1.0
2019-03-31,active,ema,0.9999817736077663
2019-03-31,active,persist,0.9407937088289398
2019-03-31,active,ema,0.9029157516504975
2019-03-31,active,persist,0.9947386284046817
2019-03-31,active,ema,0.9944252789140291
2019-03-31,active,persist,0.980262221144938
2019-03-31,active,ema,0.980262221144938
2019-03-31,active,persist,1.0
2019-03-31,active,ema,1.0
2019-03-31,active,persist,0.9266306473836673
2019-03-31,active,ema,0.9275406222608725
2019-03-31,active,persist,0.9662724523878333
2019-03-31,active,ema,0.9593592081661978
2019-03-31,active,persist,0.8346858826046472
2019-03-31,active,ema,0.7880301630443568
2019-03-31,active,persist,1.0
2019-03-31,active,ema,1.0
2019-03-31,active,persist,0.8286356929429823
2019-03-31,active,ema,0.8286157701231412
2019-03-31,active,persist,0.9942633680067832
2019-03-31,active,ema,0.9943355304359813
2019-03-31,active,persist,0.7752562923142402
2019-03-31,active,ema,0.7695670631611738
2019-03-31,active,persist,0.9856886658159589
2019-03-31,active,ema,0.9700393810686817
2019-03-31,active,persist,0.9999998554016482
2019-03-31,active,ema,0.9999887048963155
2019-03-31,active,persist,0.9904038530074716
2019-03-31,active,ema,0.9873862958445889
2019-03-31,active,persist,0.9516446986430657
2019-03-31,active,ema,0.9184560450434364
2019-03-31,active,persist,0.9585017144304776
2019-03-31,active,ema,0.9514756553662927
2019-03-31,active,persist,0.9582876814617238
2019-03-31,active,ema,0.9544255608299086
2019-03-31,active,persist,0.8218127874976644
2019-03-31,active,ema,0.646983335154911
2019-03-31,active,persist,0.9928002183775991
2019-03-31,active,persist,0.9753288515703484
2019-03-31,active,ema,0.9746943980124275
2019-03-31,active,persist,0.9980644308721719
2019-03-31,active,ema,0.9938779573393265
2019-03-31,active,persist,0.9943188307510169
2019-03-31,active,ema,0.9705604019040375
2019-03-31,active,persist,0.9996222869214625
2019-03-31,active,ema,0.9996222869214625
2019-03-31,active,persist,0.9287058344410083
2019-03-31,active,ema,0.9242232648373363
2019-03-31,active,persist,0.932681624185621
2019-03-31,active,ema,0.9326098145448496
2019-03-31,active,persist,0.996435352446958
2019-03-31,active,persist,0.9829786362555183
2019-03-31,active,ema,0.9720140840596145
2019-03-31,active,persist,0.9739118641405061
2019-03-31,active,persist,0.9846154040303416
2019-03-31,active,ema,0.9846154040303416
2019-03-31,active,persist,0.9952718264166107
2019-03-31,active,ema,0.999566807006137
2019-03-31,active,persist,0.9991044838886557
2019-03-31,active,ema,0.9907892866596115
2019-03-31,active,persist,0.5919820119240996
2019-03-31,active,persist,0.930888731063103
2019-03-31,active,ema,0.9273837349971403
2019-03-31,active,persist,0.7557933148783103
2019-03-31,active,ema,0.6819435993874294
2019-03-31,active,persist,0.6644483685454959
2019-03-31,active,ema,0.6555025663080071
2019-03-31,active,persist,0.9869299484527492
2019-03-31,active,ema,0.9862403220920568
2019-03-31,active,persist,0.9837060611593413
2019-03-31,active,ema,0.9850907313464153
2019-03-31,active,persist,0.9982630575845258
2019-03-31,active,persist,0.9963405162876002
2019-03-31,active,ema,0.9964341953424753
2019-03-31,active,persist,0.9999656080317272
2019-03-31,active,ema,0.9999656080317272
2019-03-31,active,persist,0.8741416238220404
2019-03-31,active,ema,0.8770860217984427
2019-03-31,active,persist,0.9810265570331782
2019-03-31,active,ema,0.9781939882937059
2019-03-31,active,persist,0.9955925989328371
2019-03-31,active,ema,0.9894055121451387
2019-03-31,active,persist,1.0
2019-03-31,active,ema,1.0
2019-03-31,active,persist,0.9098443802749059
2019-06-30,active,persist,0.9995167503040394
2019-06-30,active,ema,0.9996600787947717
2019-06-30,active,persist,0.990776512088791
2019-06-30,active,ema,0.9960727770445134
2019-06-30,active,persist,0.9991945886941835
2019-06-30,active,ema,0.9991786024397146
2019-06-30,active,persist,0.9851909669214302
2019-06-30,active,persist,0.9995974262881816
2019-06-30,active,ema,0.9985714408888818
2019-06-30,active,persist,0.9869847314763092
2019-06-30,active,ema,0.9852675026061612
2019-06-30,active,persist,0.9891409872402148
2019-06-30,active,ema,0.9847842897014661
2019-06-30,active,persist,0.8264953734924846
2019-06-30,active,ema,0.8348543359039813
2019-06-30,active,persist,0.9470378539055222
2019-06-30,active,ema,0.9462257158438784
2019-06-30,active,persist,0.9961617055849353
2019-06-30,active,ema,0.9968058517282534
2019-06-30,active,persist,0.26967965949399236
2019-06-30,active,ema,0.265416590910437
2019-06-30,active,persist,0.9980163227251401
2019-06-30,active,ema,0.9982389987093486
2019-06-30,active,persist,0.9895960597665524
2019-06-30,active,ema,0.9895960597665524
2019-06-30,active,persist,0.9839330917100759
2019-06-30,active,ema,0.9839330917100759
2019-06-30,active,persist,0.9885361542296477
2019-06-30,active,ema,0.9864128796023856
2019-06-30,active,persist,0.9996495364173772
2019-06-30,active,ema,0.9996495364173772
2019-06-30,active,persist,0.9940089986845285
2019-06-30,active,ema,0.9880512223610954
2019-06-30,active,persist,0.9315088817644475
2019-06-30,active,ema,0.9015289535341359
2019-06-30,active,persist,0.9980735691849881
2019-06-30,active,ema,0.9980735691849881
2019-06-30,active,persist,0.8898100444341455
2019-06-30,active,ema,0.8901485368713571
2019-06-30,active,persist,0.9835561033374581
2019-06-30,active,ema,0.9835561033374581
2019-06-30,active,persist,0.9794749212120349
2019-06-30,active,ema,0.9816211910228788
2019-06-30,active,persist,0.999922293935032
2019-06-30,active,ema,0.9997842588780987
2019-06-30,active,persist,0.9872465449820146
2019-06-30,active,ema,0.9784954656197418
2019-06-30,active,persist,0.9956327232053409
2019-06-30,active,ema,0.9849781614589045
2019-06-30,active,persist,0.9870327358541832
2019-06-30,active,ema,0.9859032214654447
2019-06-30,active,persist,0.9450609690544397
2019-06-30,active,ema,0.9455255624268105
2019-06-30,active,persist,0.9904819056274587
2019-06-30,active,ema,0.9972269852544666
2019-06-30,active,persist,1.0
2019-06-30,active,ema,0.9997615402112345
2019-06-30,active,persist,0.9673883483136972
2019-06-30,active,ema,0.9517084933506397
2019-06-30,active,persist,0.9997398760341261
2019-06-30,active,ema,0.9997398760341261
2019-06-30,active,persist,0.9953726024531585
2019-06-30,active,ema,0.9953726024531585
2019-06-30,active,persist,0.999556965987385
2019-06-30,active,ema,0.999308418573107
2019-06-30,active,persist,0.9867503891441401
2019-06-30,active,ema,0.9684262819898266
2019-06-30,active,persist,0.9976329659901291
2019-06-30,active,ema,0.9936369022211043
2019-06-30,active,persist,0.9860911159298228
2019-06-30,active,ema,0.9624885760959604
2019-06-30,active,persist,0.9934768121745546
2019-06-30,active,ema,0.9912873870453742
2019-06-30,active,persist,0.9890610008777225
2019-06-30,active,ema,0.9890610008777225
2019-06-30,active,persist,1.0
2019-06-30,active,ema,0.9967734440733051
2019-06-30,active,persist,0.7003893930050608
2019-06-30,active,ema,0.6999165134234583
2019-06-30,active,persist,0.9952799231269762
2019-06-30,active,ema,0.9952799231269762
2019-06-30,active,persist,0.9986217635661581
2019-06-30,active,ema,0.9986217635661581
2019-06-30,active,persist,0.6606612326517318
2019-06-30,active,ema,0.624060254425277
2019-06-30,active,persist,0.9998860737099464
2019-06-30,active,ema,0.9998860737099464
2019-06-30,active,persist,0.9923034236209077
2019-06-30,active,ema,0.9810256696691292
2019-06-30,active,persist,0.9995880054010139
2019-06-30,active,ema,0.9993236945515556
2019-06-30,active,persist,1.0
2019-06-30,active,ema,0.9888140797452439
2019-06-30,active,persist,0.6852939675913791
2019-06-30,active,ema,0.6852939675913791
2019-06-30,active,persist,0.9841519883221309
2019-06-30,active,ema,0.95261563111525
2019-06-30,active,persist,0.96799677690448
2019-06-30,active,ema,0.9098141876189018
2019-06-30,active,persist,0.9484869431594078
2019-06-30,active,ema,0.9492115580443746
2019-06-30,active,persist,0.9016841653441908
2019-06-30,active,ema,0.9016841653441908
2019-06-30,active,persist,0.9549427249438526
2019-06-30,active,ema,0.9491963471745155
2019-06-30,active,persist,0.9967119135566205
2019-06-30,active,ema,0.9952940159396348
2019-06-30,active,persist,0.9886181804487166
2019-06-30,active,ema,0.8939077838940596
2019-06-30,active,persist,0.9855743882072512
2019-06-30,active,ema,0.9845634235029708
2019-06-30,active,persist,0.9775180899186449
2019-06-30,active,ema,0.9775180899186449
2019-06-30,active,persist,0.9027565150148313
2019-06-30,active,ema,0.903008974887071
2019-06-30,active,persist,0.9653246925631422
2019-06-30,active,ema,0.9505751125632029
2019-06-30,active,persist,0.8901166284257152
2019-06-30,active,ema,0.9150708156767456
2019-06-30,active,persist,0.3438281110598494
2019-06-30,active,ema,0.30816216023705817
2019-06-30,active,persist,0.9004982824895144
2019-06-30,active,ema,0.9382282158473887
2019-06-30,active,persist,0.9929627467938594
2019-06-30,active,ema,0.9855322383133491
2019-06-30,active,persist,0.9980870918518177
2019-06-30,active,ema,0.9980377288737665
2019-06-30,active,persist,0.8903810348531613
2019-06-30,active,ema,0.8903810348531613
2019-06-30,active,persist,0.5024563352531023
2019-06-30,active,ema,0.5024563352531023
2019-06-30,active,persist,0.9375633953420572
2019-06-30,active,ema,0.9375633953420572
2019-06-30,active,persist,0.6649146178455365
2019-06-30,active,ema,0.667277649072964
2019-06-30,active,persist,0.9897155358259022
2019-06-30,active,ema,0.9611754980790879
2019-06-30,active,persist,0.9734887774155737
2019-06-30,active,ema,0.9734887774155737
2019-06-30,active,persist,0.9998106485240797
2019-06-30,active,ema,0.9979756341879069
2019-06-30,active,persist,0.9748806520208355
2019-06-30,active,ema,0.9701603514411008
2019-06-30,active,persist,0.9432333259832784
2019-06-30,active,ema,0.9511415334225406
2019-06-30,active,persist,0.9992296297202033
2019-06-30,active,ema,0.9992296297202033
2019-06-30,active,persist,0.9991124000076189
2019-06-30,active,ema,0.9991151817946783
2019-06-30,active,persist,1.0
2019-06-30,active,ema,0.994123247610263
2019-06-30,active,persist,0.8861751587239066
2019-06-30,active,ema,0.8848683500780549
2019-06-30,active,persist,0.7316723646105899
2019-06-30,active,ema,0.7475855312864054
2019-06-30,active,persist,0.9407327545013993
2019-06-30,active,ema,0.9003818899795812
2019-06-30,active,persist,0.9781736931670795
2019-06-30,active,ema,0.976913054953685
2019-06-30,active,persist,0.9908662802074494
2019-06-30,active,ema,0.9906640983385087
2019-06-30,active,persist,1.0
2019-06-30,active,ema,1.0
2019-06-30,active,persist,0.8322448878136873
2019-06-30,active,ema,0.8322448878136873
2019-06-30,active,persist,0.9590823833745286
2019-06-30,active,ema,0.9590823833745286
2019-06-30,active,persist,0.9301061916334001
2019-06-30,active,ema,0.8787821057066187
2019-06-30,active,persist,0.9985895053298117
2019-06-30,active,ema,0.9922496851534567
2019-06-30,active,persist,0.9993498186986473
2019-06-30,active,ema,0.9993498186986473
2019-06-30,active,persist,0.9793066407452486
2019-06-30,active,ema,0.955943527583818
2019-09-30,active,persist,0.9995534243965637
2019-09-30,active,ema,0.999502343094781
2019-09-30,active,persist,0.9989333418498678
2019-09-30,active,ema,0.9991130021147443
2019-09-30,active,persist,0.9981503223432533
2019-09-30,active,ema,0.9975044468088994
2019-09-30,active,persist,0.7389947656570952
2019-09-30,active,ema,0.7389947656570952
2019-09-30,active,persist,0.9943033147526822
2019-09-30,active,ema,0.9948992483622107
2019-09-30,active,persist,0.9754421190207173
2019-09-30,active,ema,0.9623205533858386
2019-09-30,active,persist,0.9686751685840849
2019-09-30,active,ema,0.9686751685840849
2019-09-30,active,persist,0.9845359456352799
2019-09-30,active,ema,0.8929826406651499
2019-09-30,active,persist,0.9805999071510536
2019-09-30,active,ema,0.985725271298644
2019-09-30,active,persist,0.9917211428208976
2019-09-30,active,ema,0.9920178243343342
2019-09-30,active,persist,0.5760742766618687
2019-09-30,active,ema,0.5643833035003841
2019-09-30,active,persist,0.9960741095301598
2019-09-30,active,ema,0.9932590050512283
2019-09-30,active,persist,0.9551295022544544
2019-09-30,active,ema,0.9410171238349299
2019-09-30,active,persist,0.9931511454010107
2019-09-30,active,ema,0.9789213473245191
2019-09-30,active,persist,0.605116303083194
2019-09-30,active,ema,0.6051813498274694
2019-09-30,active,persist,0.9946354674309392
2019-09-30,active,ema,0.994682184450586
2019-09-30,active,persist,0.9880061121522831
2019-09-30,active,ema,0.9867462217229843
2019-09-30,active,persist,0.8306668781604404
2019-09-30,active,ema,0.8306668781604404
2019-09-30,active,persist,1.0
2019-09-30,active,ema,1.0
2019-09-30,active,persist,0.7511193058560521
2019-09-30,active,ema,0.7806213800861639
2019-09-30,active,persist,0.9976993689261948
2019-09-30,active,ema,0.997436163340048
2019-09-30,active,persist,0.9978361576896617
2019-09-30,active,ema,0.9918131022805291
2019-09-30,active,persist,0.9875045628373479
2019-09-30,active,ema,0.9875045628373479
2019-09-30,active,persist,0.9993276765713514
2019-09-30,active,ema,0.9999510273823203
2019-09-30,active,persist,0.9923297398503991
2019-09-30,active,ema,0.9923297398503991
2019-09-30,active,persist,0.9984615744661848
2019-09-30,active,ema,0.9980489370052649
2019-09-30,active,persist,0.9916582275654225
2019-09-30,active,ema,0.9677491711653664
2019-09-30,active,persist,0.993177051139351
2019-09-30,active,ema,0.9930434498443779
2019-09-30,active,persist,0.9999060780962484
2019-09-30,active,ema,0.9999060780962484
2019-09-30,active,persist,0.9454945697318582
2019-09-30,active,ema,0.9436795931372124
2019-09-30,active,persist,0.9935797103388608
2019-09-30,active,ema,0.9935797103388608
2019-09-30,active,persist,0.999973461258148
2019-09-30,active,ema,0.999973461258148
2019-09-30,active,persist,0.9999847497426063
2019-09-30,active,ema,0.9998728144634635
2019-09-30,active,persist,0.9830943270497204
2019-09-30,active,ema,0.9825614269866105
2019-09-30,active,persist,0.974912471630768
2019-09-30,active,ema,0.974912471630768
2019-09-30,active,persist,0.9502241683450593
2019-09-30,active,ema,0.980591415380004
2019-09-30,active,persist,0.9530388374370242
2019-09-30,active,ema,0.9553837240180201
2019-09-30,active,persist,0.986960570520289
2019-09-30,active,ema,0.9937259950260271
2019-09-30,active,persist,0.999466460135467
2019-09-30,active,ema,0.999466460135467
2019-09-30,active,persist,0.9207693425579864
2019-09-30,active,ema,0.9040533361844272
2019-09-30,active,persist,0.9994955949103174
2019-09-30,active,ema,0.9994955949103174
2019-09-30,active,persist,0.9999477765817968
2019-09-30,active,ema,0.9998722828843053
2019-09-30,active,persist,0.6073302292281149
2019-09-30,active,ema,0.7363973280621096
2019-09-30,active,persist,1.0
2019-09-30,active,ema,1.0
2019-09-30,active,persist,0.9932405566258498
2019-09-30,active,ema,0.9846493770725157
2019-09-30,active,persist,0.9986481482812813
2019-09-30,active,ema,0.9956964850569039
2019-09-30,active,persist,0.8423270327790974
2019-09-30,active,ema,0.8423270327790974
2019-09-30,active,persist,0.8828275154458783
2019-09-30,active,ema,0.8820206004954382
2019-09-30,active,persist,0.9693181456674914
2019-09-30,active,ema,0.9699652236940827
2019-09-30,active,persist,0.8176683859104154
2019-09-30,active,ema,0.8454351891605104
2019-09-30,active,persist,0.9328926571882202
2019-09-30,active,ema,0.8531648576242242
2019-09-30,active,persist,0.7441192775972624
2019-09-30,active,ema,0.7441192775972624
2019-09-30,active,persist,0.9619300100502657
2019-09-30,active,ema,0.9643023914119235
2019-09-30,active,persist,0.9950148440636812
2019-09-30,active,ema,0.995129492682543
2019-09-30,active,persist,0.9863478951554268
2019-09-30,active,ema,0.984527997755307
2019-09-30,active,persist,0.9740637680386346
2019-09-30,active,ema,0.9704728938589864
2019-09-30,active,persist,0.9712019453781293
2019-09-30,active,ema,0.9712019453781293
2019-09-30,active,persist,0.9619357066956323
2019-09-30,active,ema,0.9456427478106787
2019-09-30,active,persist,0.8082468972486754
2019-09-30,active,ema,0.7635892260146095
2019-09-30,active,persist,0.9945894852418736
2019-09-30,active,ema,0.99584926967126
2019-09-30,active,persist,0.5154882274178124
2019-09-30,active,ema,0.52336584891675
2019-09-30,active,persist,0.8304901415830346
2019-09-30,active,ema,0.8053942752732668
2019-09-30,active,persist,0.0991999428480927
2019-09-30,active,ema,0.0991999428480927
2019-09-30,active,persist,0.9649999920105211
2019-09-30,active,ema,0.9644975087676905
2019-09-30,active,persist,0.9339561023493739
2019-09-30,active,ema,0.9135302887719718
2019-09-30,active,persist,0.9101907910004113
2019-09-30,active,ema,0.892316390931703
2019-09-30,active,persist,0.5652543805082774
2019-09-30,active,ema,0.5674094475993672
2019-09-30,active,persist,0.4701021069792555
2019-09-30,active,ema,0.47031197380724327
2019-09-30,active,persist,0.9607752248781393
2019-09-30,active,ema,0.9514264234715318
2019-09-30,active,persist,1.0
2019-09-30,active,ema,1.0
2019-09-30,active,persist,0.9936867327444009
2019-09-30,active,ema,0.9936867327444009
2019-09-30,active,persist,0.9659184805138505
2019-09-30,active,ema,0.9110552881717813
2019-09-30,active,persist,0.9869900125665174
2019-09-30,active,ema,0.9867406255482429
2019-09-30,active,persist,0.9999949579264353
2019-09-30,active,ema,1.0
2019-09-30,active,persist,0.9942834801229337
2019-09-30,active,ema,0.9942834801229337
2019-09-30,active,persist,0.9598511346458194
2019-09-30,active,ema,0.9598511346458194
2019-09-30,active,persist,0.9657555810158305
2019-09-30,active,ema,0.952393385487957
2019-09-30,active,persist,0.8633157877618505
2019-09-30,active,ema,0.8487150689957962
2019-09-30,active,persist,0.9416702849084144
2019-09-30,active,ema,0.954606301130167
2019-09-30,active,persist,0.9827527007022872
2019-09-30,active,ema,0.9828740019403277
2019-09-30,active,persist,0.972489452372399
2019-09-30,active,ema,0.972489452372399
2019-09-30,active,persist,0.9937875574810997
2019-09-30,active,ema,0.9937875574810997
2019-09-30,active,persist,0.9880921476714309
2019-09-30,active,ema,0.9841875332837996
2019-09-30,active,persist,0.9994297265733482
2019-09-30,active,ema,1.0
2019-09-30,active,persist,0.9855619778602184
2019-09-30,active,ema,0.9658698191060456
2019-09-30,active,persist,0.9881604716378687
2019-09-30,active,ema,0.988671351753842
2019-09-30,active,persist,0.9998126171227294
2019-09-30,active,ema,0.9998126171227294
2019-09-30,active,persist,0.9928017710286363
2019-09-30,active,ema,0.9936181386482286
2019-12-31,active,persist,0.9997067165489004
2019-12-31,active,ema,0.9997025619997038
2019-12-31,active,persist,0.9992262941020498
2019-12-31,active,ema,0.996172150321948
2019-12-31,active,persist,0.9972878641914216
2019-12-31,active,ema,0.9972293170303546
2019-12-31,active,persist,0.994805631853634
2019-12-31,active,ema,0.994805631853634
2019-12-31,active,persist,0.9988695220753746
2019-12-31,active,ema,0.9988695220753746
2019-12-31,active,persist,0.9855663116453807
2019-12-31,active,ema,0.9843838973292817
2019-12-31,active,persist,0.9342624644108779
2019-12-31,active,ema,0.9363106150141218
2019-12-31,active,persist,0.8469681881879044
2019-12-31,active,ema,0.8139567435114863
2019-12-31,active,persist,0.6315482774584229
2019-12-31,active,ema,0.633842068042769
2019-12-31,active,persist,0.9998782520028123
2019-12-31,active,ema,0.995830438889116
2019-12-31,active,persist,0.6245404145978725
2019-12-31,active,ema,0.8472940947624436
2019-12-31,active,persist,0.9914221325662481
2019-12-31,active,ema,0.9905669438477672
2019-12-31,active,persist,0.9690127697841681
2019-12-31,active,ema,0.990379397415779
2019-12-31,active,persist,0.9994908866445178
2019-12-31,active,ema,0.9957074123106224
2019-12-31,active,persist,0.8613169494622773
2019-12-31,active,ema,0.8667814845392989
2019-12-31,active,persist,0.9305830786053538
2019-12-31,active,ema,0.9304395156005271
2019-12-31,active,persist,0.9893193786030621
2019-12-31,active,ema,0.9890441457135484
2019-12-31,active,persist,0.7681588279832399
2019-12-31,active,ema,0.731826726188823
2019-12-31,active,persist,0.9994402052594182
2019-12-31,active,ema,0.9994402052594182
2019-12-31,active,persist,0.9659258853952919
2019-12-31,active,ema,0.9537110318697709
2019-12-31,active,persist,0.9995499671337525
2019-12-31,active,ema,0.9995493023725398
2019-12-31,active,persist,0.9875580824201593
2019-12-31,active,ema,0.9863045692214337
2019-12-31,active,persist,0.9993389451653722
2019-12-31,active,ema,0.9988007909802749
2019-12-31,active,persist,0.9983867076701118
2019-12-31,active,ema,0.9983867076701118
2019-12-31,active,persist,0.9977984962702595
2019-12-31,active,ema,0.9962472682808561
2019-12-31,active,persist,0.9950163810804306
2019-12-31,active,ema,0.9946946063947534
2019-12-31,active,persist,0.9393867942040292
2019-12-31,active,ema,0.9301559193478471
2019-12-31,active,persist,0.9825443350402665
2019-12-31,active,ema,0.9835153791343946
2019-12-31,active,persist,0.999495363689475
2019-12-31,active,ema,0.999495363689475
2019-12-31,active,persist,0.9667214871957244
2019-12-31,active,ema,0.9615098604718924
2019-12-31,active,persist,0.9945419978937643
2019-12-31,active,ema,0.978669763970919
2019-12-31,active,persist,0.9775211397465212
2019-12-31,active,ema,0.9774867747790152
2019-12-31,active,persist,0.9996599873690311
2019-12-31,active,ema,0.9995687427530292
2019-12-31,active,persist,0.9716253579410858
2019-12-31,active,ema,0.976201739395895
2019-12-31,active,persist,0.9766940658135865
2019-12-31,active,ema,0.9778490486051471
2019-12-31,active,persist,0.9906265500251299
2019-12-31,active,ema,0.9986955388300266
2019-12-31,active,persist,0.8555410628835062
2019-12-31,active,ema,0.8731399551455735
2019-12-31,active,persist,0.9985735239329041
2019-12-31,active,ema,0.9982289245937888
2019-12-31,active,persist,0.9996843663604015
2019-12-31,active,ema,0.9986465015159045
2019-12-31,active,persist,0.9249661420472601
2019-12-31,active,ema,0.9178444846680262
2019-12-31,active,persist,1.0
2019-12-31,active,ema,1.0
2019-12-31,active,persist,0.995832362188579
2019-12-31,active,ema,0.9948460152241744
2019-12-31,active,persist,0.7534785300435166
2019-12-31,active,ema,0.7458642550925566
2019-12-31,active,persist,0.9572787195678256
2019-12-31,active,ema,0.9572787195678256
2019-12-31,active,persist,0.9660787051487755
2019-12-31,active,ema,0.9581196327336061
2019-12-31,active,persist,0.9967912510056027
2019-12-31,active,ema,0.9967892581267876
2019-12-31,active,persist,0.9559241823533531
2019-12-31,active,ema,0.8215777881490317
2019-12-31,active,persist,0.9999589970613237
2019-12-31,active,ema,0.9890728725099888
2019-12-31,active,persist,0.9774659882432808
2019-12-31,active,ema,0.9828770529649854
2019-12-31,active,persist,0.8510241838546633
2019-12-31,active,ema,0.8261104481961694
2019-12-31,active,persist,0.9692490689540837
2019-12-31,active,ema,0.9667851382643051
2019-12-31,active,persist,0.1446764196803415
2019-12-31,active,ema,0.14386149283105124
2019-12-31,active,persist,0.9825685004944803
2019-12-31,active,ema,0.9762790362143264
2019-12-31,active,persist,0.9985996949700867
2019-12-31,active,ema,0.9981431345461093
2019-12-31,active,persist,0.9550997129704678
2019-12-31,active,ema,0.9712666433907022
2019-12-31,active,persist,0.9960012312281502
2019-12-31,active,ema,0.9880179196439622
2019-12-31,active,persist,0.9864983331748968
2019-12-31,active,ema,0.964990421809475
2019-12-31,active,persist,0.9584732373014672
2019-12-31,active,ema,0.955362723446149
2019-12-31,active,persist,0.999051720686141
2019-12-31,active,ema,0.9894594516503412
2019-12-31,active,persist,0.8631960373558639
2019-12-31,active,ema,0.8646498615351398
2019-12-31,active,persist,0.8517392924754447
2019-12-31,active,ema,0.8438924207387687
2019-12-31,active,persist,0.8644601559268478
2019-12-31,active,ema,0.818231150188355
2019-12-31,active,persist,0.9478844498286876
2019-12-31,active,ema,0.9478844498286876
2019-12-31,active,persist,0.9862277281893745
2019-12-31,active,ema,0.9790202087433798
2019-12-31,active,persist,0.9889410968129064
2019-12-31,active,ema,0.9780027698682413
2019-12-31,active,persist,0.9987651052987111
2019-12-31,active,ema,0.9825340949650329
2019-12-31,active,persist,0.9969269685980761
2019-12-31,active,ema,0.9963427195412843
2019-12-31,active,persist,0.19427584987189522
2019-12-31,active,ema,0.23968761455557547
2019-12-31,active,persist,0.8832814390685683
2019-12-31,active,ema,0.9041059296896912
2019-12-31,active,persist,0.9862953231117647
2019-12-31,active,ema,0.9862953231117647
2019-12-31,active,persist,0.9971277049070456
2019-12-31,active,ema,0.9959697011044489
2019-12-31,active,persist,0.9352239571426535
2019-12-31,active,ema,0.9352239571426535
2019-12-31,active,persist,0.9550245274005275
2019-12-31,active,ema,0.9580737411600018
2019-12-31,active,persist,0.9993315190691708
2019-12-31,active,ema,0.9999851273238561
2019-12-31,active,persist,0.8993664014684922
2019-12-31,active,ema,0.9048212900660305
2019-12-31,active,persist,0.8919610147370078
2019-12-31,active,ema,0.8919610147370078
2019-12-31,active,persist,0.8125081518835774
2019-12-31,active,ema,0.8125081518835774
2019-12-31,active,persist,0.7063208293725465
2019-12-31,active,ema,0.6881442913320591
2019-12-31,active,persist,0.9657706069071003
2019-12-31,active,ema,0.9567391065337315
2019-12-31,active,persist,0.9736671269266495
2019-12-31,active,ema,0.9571881060866541
2019-12-31,active,persist,0.9950130709524091
2019-12-31,active,ema,0.9586377171187735
2019-12-31,active,persist,0.9999977957029695
2019-12-31,active,ema,0.9999977957029695
2019-12-31,active,persist,0.9907315992096375
2019-12-31,active,ema,0.9908327833636396
2019-12-31,active,persist,0.9989470158947709
2019-12-31,active,ema,0.9989470158947709
2019-12-31,active,persist,0.9687395942833128
2019-12-31,active,ema,0.9682519420066131
2019-12-31,active,persist,0.9820753035479358
2019-12-31,active,persist,0.9931652486773079
2019-12-31,active,ema,0.9937836406729234
2019-12-31,active,persist,0.985202953814191
2019-12-31,active,ema,0.9864883830456512
2019-12-31,active,persist,0.9860411134647122
2019-12-31,active,ema,0.9860411134647122
2019-12-31,active,persist,0.9761135213408246
2020-03-31,active,persist,0.9994220229136914
2020-03-31,active,ema,0.9993922343600492
2020-03-31,active,persist,0.9185988540774598
2020-03-31,active,ema,0.9185988540774598
2020-03-31,active,persist,0.9983211591077442
2020-03-31,active,ema,0.9983211591077442
2020-03-31,active,persist,0.9152589761978732
2020-03-31,active,ema,0.9252610797728384
2020-03-31,active,persist,0.3462876538710757
2020-03-31,active,ema,0.3398164493806566
2020-03-31,active,persist,0.3556979049483009
2020-03-31,active,ema,0.3533995961804468
2020-03-31,active,persist,0.9762613378282257
2020-03-31,active,ema,0.9766881640640813
2020-03-31,active,persist,0.9293079781210271
2020-03-31,active,ema,0.8338947298898979
2020-03-31,active,persist,0.76839016085694
2020-03-31,active,ema,0.8017919057902305
2020-03-31,active,persist,0.9967346645030876
2020-03-31,active,ema,0.9967346645030876
2020-03-31,active,persist,0.25769952239481875
2020-03-31,active,ema,0.32721913816854065
2020-03-31,active,persist,0.9872497568200682
2020-03-31,active,ema,0.9875099227207573
2020-03-31,active,persist,0.9227770883843082
2020-03-31,active,ema,0.9164085142686809
2020-03-31,active,persist,0.9780091750522548
2020-03-31,active,ema,0.975760084088437
2020-03-31,active,persist,0.9612784885014327
2020-03-31,active,ema,0.9567042308172949
2020-03-31,active,persist,0.8805929161912421
2020-03-31,active,ema,0.8727314887065735
2020-03-31,active,persist,0.9818895546968869
2020-03-31,active,ema,0.9802366610754694
2020-03-31,active,persist,0.9516996634352168
2020-03-31,active,ema,0.9443704696268915
2020-03-31,active,persist,0.9974850519055661
2020-03-31,active,ema,0.9974850519055661
2020-03-31,active,persist,0.9838259640792842
2020-03-31,active,ema,0.983671465605679
2020-03-31,active,persist,0.990711556161496
2020-03-31,active,ema,0.990711556161496
2020-03-31,active,persist,0.8981820439224201
2020-03-31,active,ema,0.8981820439224201
2020-03-31,active,persist,0.9966939387824794
2020-03-31,active,ema,0.9967779180686906
2020-03-31,active,persist,0.9353399259191373
2020-03-31,active,ema,0.9307668679032405
2020-03-31,active,persist,0.962730850769786
2020-03-31,active,ema,0.962730850769786
2020-03-31,active,persist,0.8769789152838435
2020-03-31,active,ema,0.8760217033891365
2020-03-31,active,persist,0.9434953732013165
2020-03-31,active,ema,0.9448031966717892
2020-03-31,active,persist,0.9635439124593533
2020-03-31,active,ema,0.9635439124593533
2020-03-31,active,persist,0.9984080852790862
2020-03-31,active,ema,0.9984080852790862
2020-03-31,active,persist,0.9599764431375449
2020-03-31,active,ema,0.9567083481513328
2020-03-31,active,persist,0.9940872003325429
2020-03-31,active,ema,0.9937911652083397
2020-03-31,active,persist,0.8918539121912927
2020-03-31,active,ema,0.8917471177738301
2020-03-31,active,persist,0.9995551469792765
2020-03-31,active,ema,0.9995551469792765
2020-03-31,active,persist,0.980071093616298
2020-03-31,active,ema,0.9774961787546356
2020-03-31,active,persist,0.9542626189476271
2020-03-31,active,ema,0.9576692176914907
2020-03-31,active,persist,0.9998435860555195
2020-03-31,active,ema,0.9996820374910195
2020-03-31,active,persist,0.9857514865015768
2020-03-31,active,ema,0.9311665129908232
2020-03-31,active,persist,0.95873849788456
2020-03-31,active,ema,0.9607695489883467
2020-03-31,active,persist,0.9758885435423014
2020-03-31,active,ema,0.977123656732445
2020-03-31,active,persist,0.8210032071555149
2020-03-31,active,ema,0.810965523369017
2020-03-31,active,persist,0.9583673661396088
2020-03-31,active,ema,0.9583673661396088
2020-03-31,active,persist,0.9947163900037758
2020-03-31,active,ema,0.9940290364363498
2020-03-31,active,persist,0.708067434853994
2020-03-31,active,ema,0.7595235707013573
2020-03-31,active,persist,0.9853520348445365
2020-03-31,active,ema,0.9842137604669358
2020-03-31,active,persist,0.9725451282164131
2020-03-31,active,ema,0.9739461249764348
2020-03-31,active,persist,0.8256432905823501
2020-03-31,active,ema,0.8246199328039054
2020-03-31,active,persist,0.9389585968564514
2020-03-31,active,ema,0.9436112851168055
2020-03-31,active,persist,0.9990679727343823
2020-03-31,active,ema,0.9990679727343823
2020-03-31,active,persist,0.910280423496054
2020-03-31,active,ema,0.9063188988218911
2020-03-31,active,persist,0.9453041161484257
2020-03-31,active,ema,0.9226383849579173
2020-03-31,active,persist,0.8047555764519413
2020-03-31,active,ema,0.8047555764519413
2020-03-31,active,persist,0.9066138801332325
2020-03-31,active,ema,0.90606041500534
2020-03-31,active,persist,0.9965885209701192
2020-03-31,active,ema,0.9966382987580875
2020-03-31,active,persist,0.9890362302432464
2020-03-31,active,ema,0.9807047350950057
2020-03-31,active,persist,0.8443519210237617
2020-03-31,active,ema,0.8443519210237617
2020-03-31,active,persist,0.9626264142130831
2020-03-31,active,ema,0.962656877345473
2020-03-31,active,persist,0.9653491249287623
2020-03-31,active,ema,0.9629076558135244
2020-03-31,active,persist,0.660892714306043
2020-03-31,active,ema,0.6966832810029926
2020-03-31,active,persist,0.5134206307877468
2020-03-31,active,ema,0.5172799665966861
2020-03-31,active,persist,0.8629853362951458
2020-03-31,active,ema,0.8085559379481624
2020-03-31,active,persist,0.9528214802426008
2020-03-31,active,ema,0.9410184223241167
2020-03-31,active,persist,0.5304255143039814
2020-03-31,active,ema,0.5304255143039814
2020-03-31,active,persist,0.9392638345615151
2020-03-31,active,ema,0.9456475328590641
2020-03-31,active,persist,0.6605070653900063
2020-03-31,active,ema,0.6604351690128951
2020-03-31,active,persist,0.9755422498254849
2020-03-31,active,ema,0.9751128190674271
2020-03-31,active,persist,0.986478654407145
2020-03-31,active,ema,0.9844862167492394
2020-03-31,active,persist,0.8940618459151819
2020-03-31,active,ema,0.8985249165731519
2020-03-31,active,persist,0.960836609994231
2020-03-31,active,ema,0.960563833208937
2020-03-31,active,persist,0.9948101562344599
2020-03-31,active,ema,0.9948101562344599
2020-03-31,active,persist,0.9950419999803606
2020-03-31,active,ema,0.9942231151690213
2020-03-31,active,persist,0.9445592352051034
2020-03-31,active,ema,0.9411882504503073
2020-03-31,active,persist,0.9772177260854291
2020-03-31,active,ema,0.9853865892250736
2020-03-31,active,persist,0.9870221618185546
2020-03-31,active,ema,0.988911033415809
2020-03-31,active,persist,0.932652754789683
2020-03-31,active,ema,0.9448254960397532
2020-03-31,active,persist,0.6535430606216792
2020-03-31,active,ema,0.6535430606216792
2020-03-31,active,persist,0.861649494375073
2020-03-31,active,ema,0.8772636676488833
2020-03-31,active,persist,0.6643820916600809
2020-03-31,active,ema,0.6469547351846003
2020-03-31,active,persist,0.5003430746477276
2020-03-31,active,ema,0.4852326550365594
2020-03-31,active,persist,0.9887894639511524
2020-03-31,active,ema,0.9886839580087892
2020-03-31,active,persist,0.9744650541952793
2020-03-31,active,ema,0.9744650541952793
2020-03-31,active,persist,0.9996137924733582
2020-03-31,active,ema,0.9996137924733582
2020-03-31,active,persist,0.9546746571015087
2020-03-31,active,ema,0.9543366791604952
2020-03-31,active,persist,0.9721024495685828
2020-03-31,active,ema,0.9740181717646943
2020-03-31,active,persist,0.9401252201889081
2020-03-31,active,ema,0.9032287113575926
2020-03-31,active,persist,0.9645989387398364
2020-03-31,active,ema,0.9386505786555152
2020-03-31,active,persist,0.9757929624612955
2020-03-31,active,ema,0.9751711555883155
2020-03-31,active,persist,0.9749711989456081
2020-03-31,active,ema,0.9765887123215704
2020-03-31,active,persist,0.732288826785101
2020-03-31,active,ema,0.7491391847837181
2020-03-31,active,persist,0.8681166083209267
2020-03-31,active,persist,0.9881602138887255
2020-03-31,active,ema,0.9833094665849665
2020-03-31,active,persist,0.707881704983257
2020-03-31,active,persist,0.9811658916167335
2020-03-31,active,persist,0.9998992288616566
2020-03-31,active,persist,0.24746504780498277
2020-06-30,active,persist,0.9997552590998551
2020-06-30,active,ema,0.9997092999833368
2020-06-30,active,persist,0.9720895521130891
2020-06-30,active,ema,0.9744459896835928
2020-06-30,active,persist,0.9988292581028576
2020-06-30,active,ema,0.9988292581028576
2020-06-30,active,persist,0.9785320644105386
2020-06-30,active,ema,0.9939929629514351
2020-06-30,active,persist,0.9937491935045147
2020-06-30,active,ema,0.9905111509758167
2020-06-30,active,persist,0.7694852740381455
2020-06-30,active,ema,0.7674789729561674
2020-06-30,active,persist,0.9767892842232544
2020-06-30,active,ema,0.9754832041839465
2020-06-30,active,persist,0.7217503445871681
2020-06-30,active,ema,0.6599905259730096
2020-06-30,active,persist,0.737206777738478
2020-06-30,active,ema,0.7089105094673236
2020-06-30,active,persist,0.7322181220541234
2020-06-30,active,ema,0.7320076394002797
2020-06-30,active,persist,0.8511316293160907
2020-06-30,active,ema,0.9103740605116596
2020-06-30,active,persist,0.9868933023406905
2020-06-30,active,ema,0.9861485158814896
2020-06-30,active,persist,0.9645277808691113
2020-06-30,active,ema,0.9664496264339576
2020-06-30,active,persist,0.9997560989257155
2020-06-30,active,ema,0.9983148319039704
2020-06-30,active,persist,0.9143943712580224
2020-06-30,active,ema,0.9175379608497939
2020-06-30,active,persist,0.9837662458244283
2020-06-30,active,ema,0.984028496657612
2020-06-30,active,persist,0.9887360066793947
2020-06-30,active,ema,0.9887726638755046
2020-06-30,active,persist,0.8866407628109484
2020-06-30,active,ema,0.8954707215453053
2020-06-30,active,persist,0.996900682027272
2020-06-30,active,ema,0.9957722306794897
2020-06-30,active,persist,0.8505808178594839
2020-06-30,active,ema,0.8499956025309392
2020-06-30,active,persist,0.9790395311087069
2020-06-30,active,ema,0.9790350527154144
2020-06-30,active,persist,0.93743111043755
2020-06-30,active,ema,0.9175947060158376
2020-06-30,active,persist,0.9864398278600482
2020-06-30,active,ema,0.9825146482807138
2020-06-30,active,persist,0.9899669122989958
2020-06-30,active,ema,0.9904903229998243
2020-06-30,active,persist,0.9966263448994201
2020-06-30,active,ema,0.9956059494582389
2020-06-30,active,persist,0.9822346661929391
2020-06-30,active,ema,0.9807335401066146
2020-06-30,active,persist,0.9495685489984548
2020-06-30,active,ema,0.9519424225892448
2020-06-30,active,persist,0.9009583879738257
2020-06-30,active,ema,0.901060634535888
2020-06-30,active,persist,0.9994666463713185
2020-06-30,active,ema,0.9897053598970889
2020-06-30,active,persist,0.9952590382400978
2020-06-30,active,ema,0.9924360302219948
2020-06-30,active,persist,0.9946724718644139
2020-06-30,active,ema,0.9946806815219874
2020-06-30,active,persist,0.9999751866666229
2020-06-30,active,ema,0.9946010315559691
2020-06-30,active,persist,0.9999553062459423
2020-06-30,active,ema,0.9999476379287532
2020-06-30,active,persist,0.9932549698932012
2020-06-30,active,ema,0.9998891224740718
2020-06-30,active,persist,0.8344666527837923
2020-06-30,active,ema,0.795292308983534
2020-06-30,active,persist,0.9624818029098584
2020-06-30,active,ema,0.962524269375789
2020-06-30,active,persist,0.7866888333794082
2020-06-30,active,ema,0.7883013317034945
2020-06-30,active,persist,0.9695887057008675
2020-06-30,active,ema,0.9695887057008675
2020-06-30,active,persist,0.9472894639370236
2020-06-30,active,ema,0.950894666272184
2020-06-30,active,persist,0.7481243788010716
2020-06-30,active,ema,0.6987687208515843
2020-06-30,active,persist,0.9488310261540887
2020-06-30,active,ema,0.9488239463728988
2020-06-30,active,persist,0.9997047656324594
2020-06-30,active,ema,0.9980740876504415
2020-06-30,active,persist,0.8764339009520258
2020-06-30,active,ema,0.8558613388440625
2020-06-30,active,persist,1.0
2020-06-30,active,ema,0.9998552860885145
2020-06-30,active,persist,0.9472908063687169
2020-06-30,active,ema,0.9479469937382494
2020-06-30,active,persist,0.9981562904501484
2020-06-30,active,ema,0.9866901847618041
2020-06-30,active,persist,0.8842660710692012
2020-06-30,active,ema,0.9138239075098757
2020-06-30,active,persist,0.9998266983554946
2020-06-30,active,ema,1.0
2020-06-30,active,persist,0.9911072796365591
2020-06-30,active,ema,0.9960955823205047
2020-06-30,active,persist,0.9051280645131751
2020-06-30,active,ema,0.8770260571487255
2020-06-30,active,persist,0.8840275688223593
2020-06-30,active,ema,0.8616157100603148
2020-06-30,active,persist,0.8300246324765118
2020-06-30,active,ema,0.8266727348485138
2020-06-30,active,persist,0.9631385278039061
2020-06-30,active,ema,0.9500653269770716
2020-06-30,active,persist,0.9782926681229434
2020-06-30,active,ema,0.9664878685295073
2020-06-30,active,persist,0.9972987477396051
2020-06-30,active,ema,0.9882620662833616
2020-06-30,active,persist,0.9887374521888536
2020-06-30,active,ema,0.988026942426581
2020-06-30,active,persist,0.9834886481946165
2020-06-30,active,persist,0.9408094648931725
2020-06-30,active,ema,0.9344192826672919
2020-06-30,active,persist,0.995940161547845
2020-06-30,active,ema,0.9697010171567566
2020-06-30,active,persist,0.7035795752474773
2020-06-30,active,ema,0.7103623997109357
2020-06-30,active,persist,0.8672793379591335
2020-06-30,active,ema,0.8560016114916971
2020-06-30,active,persist,0.7827423167493125
2020-06-30,active,ema,0.7870028753055226
2020-06-30,active,persist,0.9040829278087877
2020-06-30,active,ema,0.8937237760455239
2020-06-30,active,persist,0.947492331898117
2020-06-30,active,ema,0.9519313949865719
2020-06-30,active,persist,0.9674644654065698
2020-06-30,active,ema,0.9295323396822054
2020-06-30,active,persist,0.999998726894535
2020-06-30,active,ema,0.999998726894535
2020-06-30,active,persist,0.6969220122871176
2020-06-30,active,ema,0.7189654925899834
2020-06-30,active,persist,0.9226672946459227
2020-06-30,active,ema,0.920919412175871
2020-06-30,active,persist,0.8820074351523979
2020-06-30,active,persist,0.9722150594792066
2020-06-30,active,ema,0.9722150594792066
2020-06-30,active,persist,0.9926101214891392
2020-06-30,active,ema,0.9917804713104074
2020-06-30,active,persist,0.9651760871908186
2020-06-30,active,ema,0.9737375513753883
2020-06-30,active,persist,0.978792195889625
2020-06-30,active,ema,0.9799734876078907
2020-06-30,active,persist,0.9972158798868251
2020-06-30,active,ema,0.9831052790344418
2020-06-30,active,persist,0.9300780158172757
2020-06-30,active,ema,0.9284663076641448
2020-06-30,active,persist,0.6665234181599358
2020-06-30,active,ema,0.6665234181599358
2020-06-30,active,persist,0.903272091723933
2020-06-30,active,ema,0.9151959626413697
2020-06-30,active,persist,0.8207603710118317
2020-06-30,active,ema,0.7510887150938975
2020-06-30,active,persist,0.9638143805528883
2020-06-30,active,ema,0.9283250511223404
2020-06-30,active,persist,0.9413484477151638
2020-06-30,active,ema,0.9263222064946611
2020-06-30,active,persist,0.9748996407045002
2020-06-30,active,ema,0.9646950998227398
2020-06-30,active,persist,0.9998286429052009
2020-06-30,active,ema,0.9998286502329026
2020-06-30,active,persist,0.9294455005056035
2020-06-30,active,ema,0.9055956069198301
2020-06-30,active,persist,0.9945050780343164
2020-06-30,active,ema,0.9946984408065642
2020-06-30,active,persist,0.9527633461543131
2020-06-30,active,ema,0.9191972499530792
2020-06-30,active,persist,0.983195712975485
2020-06-30,active,ema,0.9827001051211292
2020-06-30,active,persist,0.9949340343567514
2020-06-30,active,ema,0.9938352291069646
2020-06-30,active,persist,0.9511149929391209
2020-06-30,active,ema,0.9511149929391209
2020-06-30,active,persist,0.8787766363790422
2020-06-30,active,ema,0.8637467871920508
2020-06-30,active,persist,0.9017212346709396
2020-06-30,active,ema,0.8902850795650544
2020-06-30,active,persist,0.9849839226022226
2020-06-30,active,ema,0.9836664879745521
2020-06-30,active,persist,0.6538375050103573
2020-06-30,active,ema,0.6501134811547706
2020-06-30,active,persist,0.8445842191120223
2020-06-30,active,persist,0.9856617481451975
2020-06-30,active,ema,0.9870867729593493
2020-06-30,active,persist,0.9999315179043088
2020-06-30,active,ema,0.9999294215570607
2020-06-30,active,persist,0.8541658699427809
2020-06-30,active,ema,0.8389839778049588
2020-09-30,active,persist,0.9996022811359477
2020-09-30,active,ema,0.9995867592950761
2020-09-30,active,persist,0.986949277761549
2020-09-30,active,ema,0.9857715736402566
2020-09-30,active,persist,0.9685840323499693
2020-09-30,active,persist,0.998799157127118
2020-09-30,active,ema,0.9983866224344129
2020-09-30,active,persist,0.855435232412182
2020-09-30,active,ema,0.8512699948354904
2020-09-30,active,persist,1.0
2020-09-30,active,ema,1.0
2020-09-30,active,persist,0.8955996829601344
2020-09-30,active,ema,0.9010428262840895
2020-09-30,active,persist,0.9655725162336362
2020-09-30,active,ema,0.9632118303781441
2020-09-30,active,persist,0.8842569733140389
2020-09-30,active,ema,0.8546687728559221
2020-09-30,active,persist,0.8503488782529091
2020-09-30,active,ema,0.8490328702199533
2020-09-30,active,persist,0.9844429178479855
2020-09-30,active,ema,0.9994713913445101
2020-09-30,active,persist,0.6837378932048701
2020-09-30,active,ema,0.8069452239024693
2020-09-30,active,persist,0.9902033410235993
2020-09-30,active,ema,0.9892075214775063
2020-09-30,active,persist,0.9720035882382946
2020-09-30,active,ema,0.9913258482231206
2020-09-30,active,persist,0.996959540179873
2020-09-30,active,ema,0.9968767277694568
2020-09-30,active,persist,0.9528753208609776
2020-09-30,active,ema,0.9509950374175782
2020-09-30,active,persist,0.9682513916272657
2020-09-30,active,ema,0.9553166739874527
2020-09-30,active,persist,0.9720007074357895
2020-09-30,active,ema,0.9714819447256515
2020-09-30,active,persist,0.696236890232455
2020-09-30,active,ema,0.641372436242208
2020-09-30,active,persist,0.9982842754431837
2020-09-30,active,ema,0.9928692795922855
2020-09-30,active,persist,0.44146041800800895
2020-09-30,active,ema,0.46460983341272144
2020-09-30,active,persist,0.9670598301202075
2020-09-30,active,ema,0.9652755207191193
2020-09-30,active,persist,0.9064715003255882
2020-09-30,active,ema,0.8895288111732086
2020-09-30,active,persist,0.9810067103291333
2020-09-30,active,ema,0.9756922129129407
2020-09-30,active,persist,0.9777613808842357
2020-09-30,active,ema,0.9701945946607206
2020-09-30,active,persist,0.9970272609987075
2020-09-30,active,ema,0.9970272609987075
2020-09-30,active,persist,0.9204117229328721
2020-09-30,active,ema,0.9204117229328721
2020-09-30,active,persist,0.9949194171421732
2020-09-30,active,ema,0.9809094962267033
2020-09-30,active,persist,0.9972537411464509
2020-09-30,active,ema,0.9877171174174458
2020-09-30,active,persist,0.9987425470967619
2020-09-30,active,ema,0.9987425470967619
2020-09-30,active,persist,0.9258991993540119
2020-09-30,active,ema,0.92542479458283
2020-09-30,active,persist,0.5001150534134716
2020-09-30,active,ema,0.48395100273264213
2020-09-30,active,persist,0.9976363265539855
2020-09-30,active,persist,0.9999729240841043
2020-09-30,active,ema,0.9999729240841043
2020-09-30,active,persist,0.9999579746792887
2020-09-30,active,ema,0.9999579746792887
2020-09-30,active,persist,0.9947147344522018
2020-09-30,active,ema,0.9947147344522018
2020-09-30,active,persist,0.9306579266678408
2020-09-30,active,ema,0.9271522308969152
2020-09-30,active,persist,0.9992112284795065
2020-09-30,active,ema,0.9991517207364052
2020-09-30,active,persist,0.9472618022242054
2020-09-30,active,ema,0.9209808342636283
2020-09-30,active,persist,0.9661523600636494
2020-09-30,active,ema,0.9646363288165216
2020-09-30,active,persist,0.9909573471999298
2020-09-30,active,ema,0.9860073746552281
2020-09-30,active,persist,0.6732370397143059
2020-09-30,active,ema,0.6577250044255635
2020-09-30,active,persist,0.7742755810039257
2020-09-30,active,ema,0.7628103275150717
2020-09-30,active,persist,0.9906555326472243
2020-09-30,active,ema,0.9906555326472243
2020-09-30,active,persist,0.8020922756825608
2020-09-30,active,ema,0.8008746430637242
2020-09-30,active,persist,1.0
2020-09-30,active,ema,1.0
2020-09-30,active,persist,0.9996721027396321
2020-09-30,active,ema,0.9973724073061205
2020-09-30,active,persist,0.8494074247429523
2020-09-30,active,ema,0.8487369442487838
2020-09-30,active,persist,0.9399943092494695
2020-09-30,active,ema,0.9464614718715516
2020-09-30,active,persist,0.9991940541940509
2020-09-30,active,ema,0.9991940541940509
2020-09-30,active,persist,0.9227009614345757
2020-09-30,active,ema,0.880026192218109
2020-09-30,active,persist,0.9237541418871935
2020-09-30,active,ema,0.9257073316273721
2020-09-30,active,persist,0.9754504942421968
2020-09-30,active,ema,0.9543648707106849
2020-09-30,active,persist,0.28320049985400736
2020-09-30,active,persist,0.9629036857618157
2020-09-30,active,ema,0.9381589962968743
2020-09-30,active,persist,0.9665583326741287
2020-09-30,active,ema,0.9734072480468724
2020-09-30,active,persist,0.9722365887360743
2020-09-30,active,ema,0.9660538251876338
2020-09-30,active,persist,0.9576947245690812
2020-09-30,active,ema,0.9576859885853843
2020-09-30,active,persist,0.8708392590573264
2020-09-30,active,ema,0.8708392590573264
2020-09-30,active,persist,0.9246563913982652
2020-09-30,active,ema,0.7979626475673229
2020-09-30,active,persist,0.8944349397851037
2020-09-30,active,ema,0.832825332507963
2020-09-30,active,persist,0.360384087102621
2020-09-30,active,ema,0.362290141949939
2020-09-30,active,persist,0.9606340698969732
2020-09-30,active,ema,0.9597190465360083
2020-09-30,active,persist,0.8583717578596577
2020-09-30,active,ema,0.8817841474875417
2020-09-30,active,persist,0.981667190102571
2020-09-30,active,ema,0.9571610508090138
2020-09-30,active,persist,0.7839835209533053
2020-09-30,active,ema,0.7742718339260343
2020-09-30,active,persist,0.9292743855677509
2020-09-30,active,ema,0.920574401061441
2020-09-30,active,persist,0.6969641579456372
2020-09-30,active,ema,0.6915076483242184
2020-09-30,active,persist,0.43638509905187206
2020-09-30,active,ema,0.43638512748596553
2020-09-30,active,persist,0.33530786302493887
2020-09-30,active,ema,0.32168730893670117
2020-09-30,active,persist,0.950935199607945
2020-09-30,active,ema,0.9494551797222018
2020-09-30,active,persist,0.9217928425953957
2020-09-30,active,ema,0.9217928425953957
2020-09-30,active,persist,1.0
2020-09-30,active,ema,1.0
2020-09-30,active,persist,0.9933888907405115
2020-09-30,active,ema,0.9930466760720954
2020-09-30,active,persist,0.9900861518624636
2020-09-30,active,ema,0.971028586631848
2020-09-30,active,persist,0.9986500010019161
2020-09-30,active,ema,0.9986500010019161
2020-09-30,active,persist,0.8807258920331372
2020-09-30,active,ema,0.8727522848091624
2020-09-30,active,persist,0.46457690628199705
2020-09-30,active,ema,0.46457690628199705
2020-09-30,active,persist,0.9342508464949733
2020-09-30,active,ema,0.9181248588802525
2020-09-30,active,persist,0.9983922070714776
2020-09-30,active,persist,0.8388488868882142
2020-09-30,active,ema,0.7550445257932048
2020-09-30,active,persist,0.7857210613997536
2020-09-30,active,ema,0.7601051315868036
2020-09-30,active,persist,0.5784422549517098
2020-09-30,active,ema,0.5641949460190919
2020-09-30,active,persist,0.9995108957278626
2020-09-30,active,ema,0.9877776691088576
2020-09-30,active,persist,0.612653266304956
2020-09-30,active,ema,0.6126523561274004
2020-09-30,active,persist,0.9840899411164303
2020-09-30,active,ema,0.9582032390318047
2020-09-30,active,persist,0.9679250009376067
2020-09-30,active,ema,0.9648138889093032
2020-09-30,active,persist,0.9073457468594132
2020-09-30,active,ema,0.8978993432656535
2020-09-30,active,persist,0.919018934566628
2020-09-30,active,ema,0.9134092438678286
2020-09-30,active,persist,0.9968152116399095
2020-09-30,active,ema,0.9967423447238719
2020-09-30,active,persist,0.9743891280784467
2020-09-30,active,ema,0.9498467172424545
2020-09-30,active,persist,0.9849396298431984
2020-09-30,active,ema,0.9843243763402931
2020-09-30,active,persist,0.7153401868078445
2020-09-30,active,ema,0.7150657766831862
2020-09-30,active,persist,0.983401980605885
2020-09-30,active,ema,0.9846642838935188
2020-09-30,active,persist,0.9407389374399419
2020-09-30,active,ema,0.9165030638440572
2020-09-30,active,persist,0.9599085780276233
2020-09-30,active,ema,0.9515271593546577
2020-09-30,active,persist,0.9555606790315344
2020-09-30,active,ema,0.9531777158533175
2020-09-30,active,persist,1.0
2020-09-30,active,ema,1.0
2020-09-30,active,persist,0.9281924645787133
2020-09-30,active,ema,0.9452059961823829
2020-12-31,active,persist,0.9994582924486138
2020-12-31,active,ema,0.9995698740238546
2020-12-31,active,persist,0.9526043689081242
2020-12-31,active,ema,0.9523596856222346
2020-12-31,active,persist,0.9550639357925946
2020-12-31,active,ema,0.9479887541704782
2020-12-31,active,persist,0.9992867671544697
2020-12-31,active,ema,0.9988923490424566
2020-12-31,active,persist,0.936758272066368
2020-12-31,active,ema,0.9335842440305028
2020-12-31,active,persist,0.9998749115733244
2020-12-31,active,ema,0.9998749115733244
2020-12-31,active,persist,0.9562635291218062
2020-12-31,active,ema,0.9362796218511563
2020-12-31,active,persist,0.9822044944586414
2020-12-31,active,ema,0.9822044944586414
2020-12-31,active,persist,0.5201222407934338
2020-12-31,active,ema,0.4855410110976279
2020-12-31,active,persist,0.3532805377963655
2020-12-31,active,ema,0.34488183287874324
2020-12-31,active,persist,0.9316440106551847
2020-12-31,active,ema,0.9902709338232561
2020-12-31,active,persist,0.8429071725982935
2020-12-31,active,ema,0.9166160670247712
2020-12-31,active,persist,0.9919840971885046
2020-12-31,active,ema,0.9934676308042103
2020-12-31,active,persist,0.963436898897627
2020-12-31,active,ema,0.976268704291634
2020-12-31,active,persist,0.989926341138929
2020-12-31,active,ema,0.9904364376078271
2020-12-31,active,persist,0.9305104167197313
2020-12-31,active,ema,0.9305104167197313
2020-12-31,active,persist,0.9563008329310279
2020-12-31,active,ema,0.9368173501273572
2020-12-31,active,persist,0.9748068422543706
2020-12-31,active,ema,0.976257241810397
2020-12-31,active,persist,0.5871594902393091
2020-12-31,active,ema,0.48700513109631516
2020-12-31,active,persist,0.8006500133062494
2020-12-31,active,ema,0.7959533086608823
2020-12-31,active,persist,0.913282729467005
2020-12-31,active,ema,0.9103294040755282
2020-12-31,active,persist,0.9181944781160408
2020-12-31,active,ema,0.9074804047400866
2020-12-31,active,persist,0.9972483494696082
2020-12-31,active,ema,0.9972483494696082
2020-12-31,active,persist,0.9215072045383979
2020-12-31,active,ema,0.9033958607550522
2020-12-31,active,persist,0.9978903562738897
2020-12-31,active,ema,0.9995386299424402
2020-12-31,active,persist,0.9382054254959314
2020-12-31,active,ema,0.96009446548338
2020-12-31,active,persist,0.9751546693677549
2020-12-31,active,ema,0.9750876366970184
2020-12-31,active,persist,0.9787507809396432
2020-12-31,active,ema,0.9795488836699805
2020-12-31,active,persist,0.993820001805099
2020-12-31,active,ema,0.9989705542133376
2020-12-31,active,persist,0.9253653207200997
2020-12-31,active,ema,0.9067552526867003
2020-12-31,active,persist,0.9982838099375098
2020-12-31,active,ema,0.9899050374413377
2020-12-31,active,persist,1.0
2020-12-31,active,ema,1.0
2020-12-31,active,persist,0.9912212482833638
2020-12-31,active,ema,0.9912212482833638
2020-12-31,active,persist,0.9751225151874701
2020-12-31,active,ema,0.966546236449875
2020-12-31,active,persist,0.9251047605543453
2020-12-31,active,ema,0.9141081084129588
2020-12-31,active,persist,0.999079822889375
2020-12-31,active,ema,0.9996468944466138
2020-12-31,active,persist,0.9046911357026377
2020-12-31,active,ema,0.8775113318097355
2020-12-31,active,persist,0.9988278926082131
2020-12-31,active,ema,0.9976607782665436
2020-12-31,active,persist,0.996597762775663
2020-12-31,active,ema,0.9980510549121857
2020-12-31,active,persist,0.6423126404945133
2020-12-31,active,ema,0.62868389752014
2020-12-31,active,persist,0.983544104884441
2020-12-31,active,ema,0.9740433527323618
2020-12-31,active,persist,0.9991517072628575
2020-12-31,active,ema,0.9990308054026584
2020-12-31,active,persist,0.6241705090000966
2020-12-31,active,ema,0.5889767268430744
2020-12-31,active,persist,1.0
2020-12-31,active,ema,1.0
2020-12-31,active,persist,0.9905613000359414
2020-12-31,active,ema,0.9905613000359414
2020-12-31,active,persist,0.9901873195593976
2020-12-31,active,ema,0.9876857058746599
2020-12-31,active,persist,0.8866222688508933
2020-12-31,active,ema,0.8792015749071143
2020-12-31,active,persist,0.9983465523108187
2020-12-31,active,ema,0.9983465523108187
2020-12-31,active,persist,0.9895175273941123
2020-12-31,active,ema,0.9733799045468352
2020-12-31,active,persist,0.5772152747143284
2020-12-31,active,ema,0.5513061318509436
2020-12-31,active,persist,0.8134756368591011
2020-12-31,active,ema,0.806986362039691
2020-12-31,active,persist,0.15665480150131522
2020-12-31,active,ema,0.16826547585255164
2020-12-31,active,persist,0.9482309468383856
2020-12-31,active,ema,0.9321179032144555
2020-12-31,active,persist,0.8852540284904987
2020-12-31,active,persist,0.9622499701514354
2020-12-31,active,ema,0.9868257586596033
2020-12-31,active,persist,0.6701091593982765
2020-12-31,active,ema,0.6682777837805672
2020-12-31,active,persist,0.9982988147568763
2020-12-31,active,ema,0.994819465524636
2020-12-31,active,persist,0.9880682496067257
2020-12-31,active,ema,0.9745313078991804
2020-12-31,active,persist,0.6749196238739235
2020-12-31,active,ema,0.6502762302978689
2020-12-31,active,persist,0.9627928299483836
2020-12-31,active,ema,0.9367284342892354
2020-12-31,active,persist,0.4152711372903831
2020-12-31,active,ema,0.42253915700586514
2020-12-31,active,persist,0.5446774039280512
2020-12-31,active,ema,0.4893304585868149
2020-12-31,active,persist,0.8761209738199762
2020-12-31,active,ema,0.8738629249730886
2020-12-31,active,persist,0.976020182156685
2020-12-31,active,ema,0.9703397393161779
2020-12-31,active,persist,0.7920177879032752
2020-12-31,active,ema,0.7998932510073348
2020-12-31,active,persist,0.9945813195450612
2020-12-31,active,ema,0.9884897072590402
2020-12-31,active,persist,0.8905513232770114
2020-12-31,active,ema,0.8399696699388945
2020-12-31,active,persist,0.5724925351953913
2020-12-31,active,ema,0.4680557393307849
2020-12-31,active,persist,0.4312154420228238
2020-12-31,active,ema,0.4295127971050232
2020-12-31,active,persist,0.9915430752756657
2020-12-31,active,ema,0.9873528659427153
2020-12-31,active,persist,0.7526630087157105
2020-12-31,active,ema,0.8298346491437423
2020-12-31,active,persist,0.995881374784802
2020-12-31,active,ema,0.995881374784802
2020-12-31,active,persist,0.997803239871598
2020-12-31,active,ema,0.9983611653750025
2020-12-31,active,persist,0.9506605061986456
2020-12-31,active,ema,0.946885727154915
2020-12-31,active,persist,0.9883308379292093
2020-12-31,active,ema,0.9925988330642317
2020-12-31,active,persist,0.9291351915300428
2020-12-31,active,ema,0.8073007866989041
2020-12-31,active,persist,0.4404071583428654
2020-12-31,active,ema,0.37962199491777215
2020-12-31,active,persist,0.9190753058870371
2020-12-31,active,ema,0.907711586825768
2020-12-31,active,persist,0.9973467992087992
2020-12-31,active,ema,0.9971421063030254
2020-12-31,active,persist,0.9235806816498946
2020-12-31,active,ema,0.8873271056362445
2020-12-31,active,persist,0.995799217082067
2020-12-31,active,ema,0.866743749688304
2020-12-31,active,persist,0.989925407633704
2020-12-31,active,ema,0.9582237936156572
2020-12-31,active,persist,0.9780580625420227
2020-12-31,active,ema,0.9769584196490454
2020-12-31,active,persist,0.9999918168931905
2020-12-31,active,ema,0.9670260050507238
2020-12-31,active,persist,0.8681468652656635
2020-12-31,active,ema,0.8650597382071682
2020-12-31,active,persist,0.9985555100419932
2020-12-31,active,ema,0.9956891757173749
2020-12-31,active,persist,0.9912101063948037
2020-12-31,active,ema,0.995449475109491
2020-12-31,active,persist,0.9146968032053755
2020-12-31,active,ema,0.9123891359842774
2020-12-31,active,persist,0.9801669701963286
2020-12-31,active,ema,0.9837181207139281
2020-12-31,active,persist,0.9999320641282095
2020-12-31,active,ema,0.9995041836514811
2020-12-31,active,persist,0.8880027197635352
2020-12-31,active,ema,0.8655900035776756
2020-12-31,active,persist,0.9752489143099947
2020-12-31,active,ema,0.9793749678706045
2020-12-31,active,persist,0.8680930478082719
2020-12-31,active,ema,0.8620424380524964
2020-12-31,active,persist,0.9270929223400808
2020-12-31,active,ema,0.9276050483235662
2020-12-31,active,persist,0.9829562527611518
2020-12-31,active,ema,0.9839213208788412
2020-12-31,active,persist,0.9910288181171306
2020-12-31,active,ema,0.9910288181171306
2020-12-31,active,persist,0.9124000860768319
2020-12-31,active,ema,0.907831165690468
2021-03-31,active,persist,0.999432918154638
2021-03-31,active,ema,0.9992046997684415
2021-03-31,active,persist,0.9942699267541201
2021-03-31,active,ema,0.975817675958118
2021-03-31,active,persist,0.9685985197979008
2021-03-31,active,ema,0.9851301369978542
2021-03-31,active,persist,0.9991487136428248
2021-03-31,active,ema,0.9995847952047985
2021-03-31,active,persist,0.9862192114488251
2021-03-31,active,ema,0.9843525351122139
2021-03-31,active,persist,0.997725333412103
2021-03-31,active,ema,0.997725333412103
2021-03-31,active,persist,0.8652000272636714
2021-03-31,active,ema,0.8619794771829052
2021-03-31,active,persist,0.994975065070907
2021-03-31,active,ema,0.9965025215894273
2021-03-31,active,persist,0.776593003642217
2021-03-31,active,ema,0.8114912780310986
2021-03-31,active,persist,0.9090264849793178
2021-03-31,active,ema,0.8975294276826444
2021-03-31,active,persist,0.9689617702917328
2021-03-31,active,ema,0.9745740711926777
2021-03-31,active,persist,0.8950410683343736
2021-03-31,active,ema,0.8939991602047006
2021-03-31,active,persist,0.9877478823102462
2021-03-31,active,ema,0.9875834536473407
2021-03-31,active,persist,0.9656928503315225
2021-03-31,active,ema,0.9549189084866032
2021-03-31,active,persist,0.9965823657440139
2021-03-31,active,ema,0.9925307373691084
2021-03-31,active,persist,0.9747154802649045
2021-03-31,active,ema,0.9674864103440071
2021-03-31,active,persist,0.9603597657189338
2021-03-31,active,ema,0.9467995855060864
2021-03-31,active,persist,0.9523075025850236
2021-03-31,active,ema,0.9644294690412781
2021-03-31,active,persist,0.8428620077924248
2021-03-31,active,ema,0.8418477480684986
2021-03-31,active,persist,0.7986733073684926
2021-03-31,active,ema,0.8153288594620272
2021-03-31,active,persist,0.9999803193101271
2021-03-31,active,ema,0.9996201760965001
2021-03-31,active,persist,0.9347828028855741
2021-03-31,active,ema,0.9302025855455283
2021-03-31,active,persist,0.9928165879481037
2021-03-31,active,ema,0.9920785069917767
2021-03-31,active,persist,0.8919317428302024
2021-03-31,active,ema,0.8769685525862928
2021-03-31,active,persist,0.9891236370247993
2021-03-31,active,ema,0.9891236370247993
2021-03-31,active,persist,0.9009336801584198
2021-03-31,active,ema,0.9740006324197353
2021-03-31,active,persist,0.938814890110396
2021-03-31,active,ema,0.9710854025402164
2021-03-31,active,persist,0.9988650894557889
2021-03-31,active,ema,0.9988650894557889
2021-03-31,active,persist,0.9998003234656401
2021-03-31,active,ema,0.9998003234656401
2021-03-31,active,persist,0.9482763035316862
2021-03-31,active,ema,0.9435524644068083
2021-03-31,active,persist,0.9978148953988981
2021-03-31,active,ema,0.9981988759819255
2021-03-31,active,persist,1.0
2021-03-31,active,ema,1.0
2021-03-31,active,persist,0.9999830989323308
2021-03-31,active,ema,0.9934834233242478
2021-03-31,active,persist,0.993630385817399
2021-03-31,active,ema,0.990230888775349
2021-03-31,active,persist,0.9163055313779207
2021-03-31,active,ema,0.8572379710078694
2021-03-31,active,persist,0.41973055137402926
2021-03-31,active,ema,0.4197231849990928
2021-03-31,active,persist,0.876797295544723
2021-03-31,active,ema,0.8590851459857298
2021-03-31,active,persist,0.9992056655658659
2021-03-31,active,ema,0.9997394763572973
2021-03-31,active,persist,0.9971262915823065
2021-03-31,active,ema,0.9976165747139444
2021-03-31,active,persist,0.7186844186748311
2021-03-31,active,ema,0.6950022045814556
2021-03-31,active,persist,0.9997297563850451
2021-03-31,active,ema,0.9995613791480288
2021-03-31,active,persist,0.9993705641229516
2021-03-31,active,ema,0.9993705641229516
2021-03-31,active,persist,0.9465560492272505
2021-03-31,active,ema,0.8997305126374008
2021-03-31,active,persist,1.0
2021-03-31,active,ema,1.0
2021-03-31,active,persist,0.9997439335360655
2021-03-31,active,ema,0.9996643036150722
2021-03-31,active,persist,0.9475414703899852
2021-03-31,active,ema,0.9474668621558816
2021-03-31,active,persist,0.9878177257301178
2021-03-31,active,ema,0.9879621827074588
2021-03-31,active,persist,0.9865138688851343
2021-03-31,active,ema,0.9865138688851343
2021-03-31,active,persist,0.9108795427090791
2021-03-31,active,ema,0.9091656611326022
2021-03-31,active,persist,0.6053885126461662
2021-03-31,active,ema,0.5876565135861805
2021-03-31,active,persist,0.9733719919112415
2021-03-31,active,ema,0.9687113273037699
2021-03-31,active,persist,0.0399815399015902
2021-03-31,active,ema,0.03910896640968939
2021-03-31,active,persist,0.881335562607326
2021-03-31,active,ema,0.9181590682737509
2021-03-31,active,persist,0.9820985142331875
2021-03-31,active,ema,0.977850016798691
2021-03-31,active,persist,0.9382480878771453
2021-03-31,active,ema,0.9894809625017363
2021-03-31,active,persist,0.956247341427262
2021-03-31,active,ema,0.9749142528695913
2021-03-31,active,persist,0.9996617216055831
2021-03-31,active,ema,0.9996617216055831
2021-03-31,active,persist,0.9007079411152445
2021-03-31,active,ema,0.8912897767640962
2021-03-31,active,persist,0.9620899631818075
2021-03-31,active,ema,0.9336711980017587
2021-03-31,active,persist,0.9211433245981163
2021-03-31,active,ema,0.8693337833309783
2021-03-31,active,persist,0.9907883292405657
2021-03-31,active,ema,0.9590692437054145
2021-03-31,active,persist,0.997195792171922
2021-03-31,active,ema,0.995936678146831
2021-03-31,active,persist,0.831504768861744
2021-03-31,active,ema,0.8823426202118486
2021-03-31,active,persist,0.9966687872640903
2021-03-31,active,ema,0.9967675320345594
2021-03-31,active,persist,0.932159465473458
2021-03-31,active,ema,0.9423278581215307
2021-03-31,active,persist,0.9576589929921485
2021-03-31,active,ema,0.9388342740894289
2021-03-31,active,persist,0.9950757488938131
2021-03-31,active,ema,0.9828861912345351
2021-03-31,active,persist,0.8369984522880948
2021-03-31,active,ema,0.8369132487018889
2021-03-31,active,persist,0.3356890014263324
2021-03-31,active,ema,0.31174888763210507
2021-03-31,active,persist,0.8952533869721546
2021-03-31,active,ema,0.8744039496619948
2021-03-31,active,persist,0.5935941477523229
2021-03-31,active,ema,0.5879687995620847
2021-03-31,active,persist,0.9755512029284727
2021-03-31,active,ema,0.9755512029284727
2021-03-31,active,persist,0.9930639930782175
2021-03-31,active,ema,0.9930639930782175
2021-03-31,active,persist,0.9492842671796207
2021-03-31,active,persist,0.9397576321777797
2021-03-31,active,ema,0.9321442588718515
2021-03-31,active,persist,0.9834236026009809
2021-03-31,active,ema,0.9592873048069135
2021-03-31,active,persist,0.8401189193786824
2021-03-31,active,ema,0.8401189193786824
2021-03-31,active,persist,0.6332188766008462
2021-03-31,active,ema,0.6386846713001049
2021-03-31,active,persist,0.9852442191371034
2021-03-31,active,ema,0.9771627306353191
2021-03-31,active,persist,0.9941757383564064
2021-03-31,active,ema,0.9941757383564064
2021-03-31,active,persist,0.885682621800202
2021-03-31,active,ema,0.8825937792471763
2021-03-31,active,persist,0.5277490543926395
2021-03-31,active,ema,0.5394848702076406
2021-03-31,active,persist,0.9884749162281254
2021-03-31,active,ema,0.9879103675109754
2021-03-31,active,persist,0.9412289899499988
2021-03-31,active,ema,0.9233735461890495
2021-03-31,active,persist,1.0
2021-03-31,active,ema,1.0
2021-03-31,active,persist,0.9560963904121811
2021-03-31,active,ema,0.9460046228280266
2021-03-31,active,persist,0.9981349411668939
2021-03-31,active,ema,0.9981349411668939
2021-03-31,active,persist,0.9625837248489283
2021-03-31,active,ema,0.9589765921811408
2021-03-31,active,persist,0.9774551877053279
2021-03-31,active,ema,0.9748701921000095
2021-03-31,active,persist,0.9956094459676961
2021-03-31,active,ema,0.9956094459676961
2021-03-31,active,persist,0.9931784704612738
2021-03-31,active,ema,0.9877610952099486
2021-03-31,active,persist,0.9423595745854653
2021-03-31,active,ema,0.9480870501598204
2021-03-31,active,persist,0.9986712005305213
2021-03-31,active,ema,0.99791893255228
2021-03-31,active,persist,0.8403455418107416
2021-03-31,active,ema,0.8557735124412604
2021-03-31,active,persist,0.9899885800429011
2021-03-31,active,ema,0.9879160556029942
2021-03-31,active,persist,0.9907151952237248
2021-03-31,active,ema,0.9905806693410136
2021-03-31,active,persist,0.9986643375427382
2021-03-31,active,ema,0.9986892131842262
2021-03-31,active,persist,0.9056369465078041
2021-03-31,active,ema,0.9055768985642689
2021-03-31,active,persist,0.9495312065069708
2021-06-30,active,persist,0.99918152281805
2021-06-30,active,ema,0.9991700281017588
2021-06-30,active,persist,0.9306093268525456
2021-06-30,active,ema,0.9233437348984276
2021-06-30,active,persist,0.991393418320587
2021-06-30,active,ema,0.9942869633530835
2021-06-30,active,persist,0.9978008633647872
2021-06-30,active,ema,0.9985262831301113
2021-06-30,active,persist,0.9823054912855937
2021-06-30,active,ema,0.9189506037255697
2021-06-30,active,persist,0.9980737692539845
2021-06-30,active,ema,0.9980737692539845
2021-06-30,active,persist,0.974028121214391
2021-06-30,active,ema,0.9683245316267282
2021-06-30,active,persist,1.0
2021-06-30,active,ema,0.9996013678124159
2021-06-30,active,persist,0.7035986855979177
2021-06-30,active,ema,0.6970326205395087
2021-06-30,active,persist,0.5137691754691271
2021-06-30,active,ema,0.5144524907086999
2021-06-30,active,persist,0.9978322011940195
2021-06-30,active,ema,0.9901748000525175
2021-06-30,active,persist,0.8392261377772967
2021-06-30,active,ema,0.8332415404067816
2021-06-30,active,persist,0.28662155400137057
2021-06-30,active,ema,0.28412007937040407
2021-06-30,active,persist,0.9897455346931662
2021-06-30,active,ema,0.9884320787739247
2021-06-30,active,persist,0.9957172056084854
2021-06-30,active,ema,0.996911738337596
2021-06-30,active,persist,0.9888420204977817
2021-06-30,active,ema,0.9859825877935041
2021-06-30,active,persist,0.955007787438465
2021-06-30,active,ema,0.9943522167285039
2021-06-30,active,persist,0.968458101750111
2021-06-30,active,ema,0.9641314489419158
2021-06-30,active,persist,0.8766191659042745
2021-06-30,active,ema,0.8662287023123646
2021-06-30,active,persist,0.7299239804912817
2021-06-30,active,ema,0.7300070509358569
2021-06-30,active,persist,1.0
2021-06-30,active,ema,1.0
2021-06-30,active,persist,0.9823909159216011
2021-06-30,active,ema,0.9774158824836049
2021-06-30,active,persist,0.9964964117184151
2021-06-30,active,ema,0.9960451684461
2021-06-30,active,persist,0.9521012561276013
2021-06-30,active,ema,0.9817791776895083
2021-06-30,active,persist,0.9998314451030079
2021-06-30,active,ema,0.9989746525716867
2021-06-30,active,persist,0.9733791377940219
2021-06-30,active,ema,0.9465469519066494
2021-06-30,active,persist,0.9750377370398327
2021-06-30,active,ema,0.9738380188569661
2021-06-30,active,persist,0.9838052473469938
2021-06-30,active,ema,0.9838440354068185
2021-06-30,active,persist,0.9998289122393107
2021-06-30,active,ema,0.9998752685126813
2021-06-30,active,persist,0.9862871704734651
2021-06-30,active,ema,0.9783351304653788
2021-06-30,active,persist,0.9968971088301433
2021-06-30,active,ema,0.9967014620268102
2021-06-30,active,persist,1.0
2021-06-30,active,ema,1.0
2021-06-30,active,persist,1.0
2021-06-30,active,ema,1.0
2021-06-30,active,persist,0.9904434188362101
2021-06-30,active,ema,0.9902147437385722
2021-06-30,active,persist,0.9483796889307597
2021-06-30,active,ema,0.9434169321273086
2021-06-30,active,persist,0.9982218711057568
2021-06-30,active,ema,0.9982218711057568
2021-06-30,active,persist,0.9439073046949844
2021-06-30,active,ema,0.9419656189510877
2021-06-30,active,persist,0.9913771067790408
2021-06-30,active,ema,0.9913795385731801
2021-06-30,active,persist,0.961234097838153
2021-06-30,active,ema,0.9611652280612488
2021-06-30,active,persist,0.803755376160307
2021-06-30,active,ema,0.7848634525398137
2021-06-30,active,persist,0.9999689348581232
2021-06-30,active,ema,0.9999689348581232
2021-06-30,active,persist,0.9990232763133471
2021-06-30,active,ema,0.9990232763133471
2021-06-30,active,persist,0.845842902627914
2021-06-30,active,ema,0.8451878855612213
2021-06-30,active,persist,0.9709662954488083
2021-06-30,active,ema,0.9709662954488083
2021-06-30,active,persist,0.9993855074965834
2021-06-30,active,ema,0.9993381087080453
2021-06-30,active,persist,0.9714452729515963
2021-06-30,active,ema,0.9714452729515963
2021-06-30,active,persist,0.9912910057677744
2021-06-30,active,ema,0.9518157150473058
2021-06-30,active,persist,1.0
2021-06-30,active,ema,1.0
2021-06-30,active,persist,0.9896567704683764
2021-06-30,active,ema,0.9155764956272135
2021-06-30,active,persist,0.26935376104089453
2021-06-30,active,ema,0.269449895028826
2021-06-30,active,persist,0.9677651539071768
2021-06-30,active,ema,0.965139680486083
2021-06-30,active,persist,0.9057190112476793
2021-06-30,active,ema,0.9004379313743802
2021-06-30,active,persist,0.9794977630177425
2021-06-30,active,ema,0.9671073531975581
2021-06-30,active,persist,0.9912195199917944
2021-06-30,active,ema,0.9962060206410479
2021-06-30,active,persist,0.9828151592684742
2021-06-30,active,ema,0.9912314214756911
2021-06-30,active,persist,0.9490427178283666
2021-06-30,active,ema,0.9365127162311677
2021-06-30,active,persist,0.8642652926176831
2021-06-30,active,ema,0.8644494681782836
2021-06-30,active,persist,0.9331857750930629
2021-06-30,active,ema,0.9318255662952027
2021-06-30,active,persist,0.4843466781064198
2021-06-30,active,ema,0.5816578830456048
2021-06-30,active,persist,0.9619068413531681
2021-06-30,active,ema,0.9755017530541289
2021-06-30,active,persist,0.9279934453372252
2021-06-30,active,ema,0.9269298069706102
2021-06-30,active,persist,0.7284624229329894
2021-06-30,active,ema,0.7281874001270157
2021-06-30,active,persist,0.9716730671841611
2021-06-30,active,ema,0.9824547401378979
2021-06-30,active,persist,0.9016457456474959
2021-06-30,active,ema,0.9004413572049568
2021-06-30,active,persist,0.922057348609555
2021-06-30,active,ema,0.9201541881775329
2021-06-30,active,persist,0.9326246047640798
2021-06-30,active,ema,0.9252596733662675
2021-06-30,active,persist,0.8560887902511243
2021-06-30,active,ema,0.8560887902511243
2021-06-30,active,persist,0.9799311019023917
2021-06-30,active,ema,0.9791406627687785
2021-06-30,active,persist,0.6905600060692333
2021-06-30,active,ema,0.41043037858388776
2021-06-30,active,persist,0.9883559454206466
2021-06-30,active,ema,0.9349913596309584
2021-06-30,active,persist,0.9064198785904028
2021-06-30,active,ema,0.8678120581417601
2021-06-30,active,persist,1.0
2021-06-30,active,ema,1.0
2021-06-30,active,persist,0.9904565199802561
2021-06-30,active,ema,0.9903003019767592
2021-06-30,active,persist,0.9445889689459032
2021-06-30,active,ema,0.9559401970323083
2021-06-30,active,persist,0.979435206371562
2021-06-30,active,ema,0.9769556646503769
2021-06-30,active,persist,0.999994481117742
2021-06-30,active,ema,0.9970697400300249
2021-06-30,active,persist,0.999943670809799
2021-06-30,active,ema,0.968938294482817
2021-06-30,active,persist,0.7859039060376908
2021-06-30,active,ema,0.5600642046099289
2021-06-30,active,persist,0.9667804716318807
2021-06-30,active,ema,0.9781273189297217
2021-06-30,active,persist,0.9998261356819825
2021-06-30,active,ema,0.9988139699477543
2021-06-30,active,persist,0.8698257643410943
2021-06-30,active,ema,0.8470266165154098
2021-06-30,active,persist,0.9983757268564869
2021-06-30,active,ema,0.9970603622569074
2021-06-30,active,persist,0.9917362105774065
2021-06-30,active,ema,0.9952080032734292
2021-06-30,active,persist,
2021-06-30,active,ema,
2021-06-30,active,persist,0.9997219023776419
2021-06-30,active,ema,0.9997219023776419
2021-06-30,active,persist,0.960363714379554
2021-06-30,active,ema,0.9135988892787947
2021-06-30,active,persist,0.9999857473874122
2021-06-30,active,ema,0.9993106863396239
2021-06-30,active,persist,0.9766371241515001
2021-06-30,active,ema,0.9277422343780138
2021-06-30,active,persist,0.994077227417589
2021-06-30,active,ema,0.9971424217305772
2021-06-30,active,persist,0.9543869084417003
2021-06-30,active,ema,0.9320899182562633
2021-06-30,active,persist,0.9999025714954826
2021-06-30,active,ema,0.9997662059555128
2021-06-30,active,persist,0.9282184987423973
2021-06-30,active,ema,0.9263539658601275
2021-06-30,active,persist,0.95940279458451
2021-06-30,active,ema,0.9586097382105331
2021-06-30,active,persist,0.910046634608579
2021-06-30,active,ema,0.9021462865322802
2021-06-30,active,persist,0.9935353512739393
2021-06-30,active,ema,0.9914197205550946
2021-06-30,active,persist,0.9901599878560812
2021-06-30,active,ema,0.9901599878560812
2021-06-30,active,persist,0.9999367656467809
2021-06-30,active,ema,0.9999022003755098
2021-06-30,active,persist,0.8382987502859242
2021-06-30,active,ema,0.8382987502859242
2021-06-30,active,persist,0.8716544516684461
2021-06-30,active,ema,0.8849756351073881
2021-09-30,active,persist,0.9980957362141488
2021-09-30,active,ema,0.9982664946216583
2021-09-30,active,persist,0.9954843610267027
2021-09-30,active,ema,0.9945831637102722
2021-09-30,active,persist,0.9993207712139087
2021-09-30,active,ema,0.9850168245675655
2021-09-30,active,persist,0.999635287932318
2021-09-30,active,ema,0.9994738615985485
2021-09-30,active,persist,0.9876703197567626
2021-09-30,active,ema,0.9950156053213264
2021-09-30,active,persist,0.9982647586889712
2021-09-30,active,ema,0.9973777376126458
2021-09-30,active,persist,0.9589115317391782
2021-09-30,active,ema,0.9587322132999586
2021-09-30,active,persist,1.0
2021-09-30,active,ema,1.0
2021-09-30,active,persist,0.6589115303255434
2021-09-30,active,ema,0.6560835505880762
2021-09-30,active,persist,0.9619532591701314
2021-09-30,active,ema,0.956053054639807
2021-09-30,active,persist,0.9918656290054204
2021-09-30,active,ema,0.9768806925830845
2021-09-30,active,persist,0.8191402166000581
2021-09-30,active,ema,0.8172458484754407
2021-09-30,active,persist,0.046503247849205225
2021-09-30,active,ema,0.04636897833997544
2021-09-30,active,persist,0.9847675916698656
2021-09-30,active,ema,0.9804425123644521
2021-09-30,active,persist,0.9991439466022457
2021-09-30,active,ema,0.9991439466022457
2021-09-30,active,persist,0.9825259078234052
2021-09-30,active,ema,0.9825426331451711
2021-09-30,active,persist,0.9736064812868993
2021-09-30,active,ema,0.9734807862123703
2021-09-30,active,persist,0.9856739941762788
2021-09-30,active,ema,0.9806804249318174
2021-09-30,active,persist,0.9369901334861584
2021-09-30,active,ema,0.8612956837910936
2021-09-30,active,persist,0.9653957064613515
2021-09-30,active,persist,0.932254690554061
2021-09-30,active,ema,0.9003176045111011
2021-09-30,active,persist,0.9888918287600154
2021-09-30,active,ema,0.9888918287600154
2021-09-30,active,persist,0.9760761915672393
2021-09-30,active,ema,0.9689291933279012
2021-09-30,active,persist,0.9986100616509503
2021-09-30,active,ema,0.9989062178787385
2021-09-30,active,persist,0.9871681254472398
2021-09-30,active,ema,0.9908247387278487
2021-09-30,active,persist,0.9982558055425403
2021-09-30,active,ema,0.9982558055425403
2021-09-30,active,persist,0.8174963506151327
2021-09-30,active,ema,0.8174963506151327
2021-09-30,active,persist,0.9630313792640841
2021-09-30,active,ema,0.9482410571976346
2021-09-30,active,persist,0.9800754551265839
2021-09-30,active,ema,0.9821278953939656
2021-09-30,active,persist,0.9855679691322465
2021-09-30,active,ema,0.9855679691322465
2021-09-30,active,persist,0.9754903713677207
2021-09-30,active,ema,0.9423733114990289
2021-09-30,active,persist,0.9996130890688659
2021-09-30,active,ema,0.9995937058521809
2021-09-30,active,persist,0.9999776355353728
2021-09-30,active,ema,0.9999776355353728
2021-09-30,active,persist,1.0
2021-09-30,active,ema,1.0
2021-09-30,active,persist,0.9954187175895791
2021-09-30,active,ema,0.9948305149361043
2021-09-30,active,persist,0.8798189406732962
2021-09-30,active,ema,0.8795445277110092
2021-09-30,active,persist,0.9116514285279443
2021-09-30,active,ema,0.9113187675816838
2021-09-30,active,persist,0.9518376281074328
2021-09-30,active,ema,0.951958107949915
2021-09-30,active,persist,0.998209971812972
2021-09-30,active,ema,0.9967498018023494
2021-09-30,active,persist,0.9871540910243752
2021-09-30,active,ema,0.9945146663002999
2021-09-30,active,persist,0.8478372253458807
2021-09-30,active,ema,0.8385371109190822
2021-09-30,active,persist,0.999611340890596
2021-09-30,active,ema,0.9995831908661347
2021-09-30,active,persist,0.9991960228539883
2021-09-30,active,ema,0.9991960228539883
2021-09-30,active,persist,0.9493052549991456
2021-09-30,active,ema,0.9502104538873033
2021-09-30,active,persist,0.9591095464164656
2021-09-30,active,ema,0.9176683197200542
2021-09-30,active,persist,0.9996101160284557
2021-09-30,active,ema,0.9980863500841828
2021-09-30,active,persist,0.7722004810334155
2021-09-30,active,ema,0.7723994223980577
2021-09-30,active,persist,0.9053930926265182
2021-09-30,active,ema,0.9053930926265182
2021-09-30,active,persist,1.0
2021-09-30,active,ema,1.0
2021-09-30,active,persist,0.9649010263354191
2021-09-30,active,ema,0.9599720066244336
2021-09-30,active,persist,0.4779715979459954
2021-09-30,active,ema,0.47143800421955623
2021-09-30,active,persist,0.9915757820436149
2021-09-30,active,ema,0.9907085072819202
2021-09-30,active,persist,0.973302317448574
2021-09-30,active,ema,0.978373605833201
2021-09-30,active,persist,0.965984526123434
2021-09-30,active,ema,0.9573219928398107
2021-09-30,active,persist,0.9978520275774966
2021-09-30,active,ema,0.9968520140417234
2021-09-30,active,persist,0.936361530720482
2021-09-30,active,ema,0.939362788916651
2021-09-30,active,persist,0.9850385121443684
2021-09-30,active,ema,0.987397231927524
2021-09-30,active,persist,0.952681782486527
2021-09-30,active,ema,0.9798506263684047
2021-09-30,active,persist,0.8987445374084237
2021-09-30,active,ema,0.8858753627777365
2021-09-30,active,persist,0.8954035728692824
2021-09-30,active,ema,0.9217880263651332
2021-09-30,active,persist,0.6957030117434442
2021-09-30,active,ema,0.6888309675907538
2021-09-30,active,persist,0.8830500964873023
2021-09-30,active,ema,0.8809603057871346
2021-09-30,active,persist,0.9726014342175582
2021-09-30,active,ema,0.9736014212364572
2021-09-30,active,persist,0.9671523413459884
2021-09-30,active,ema,0.9508771862798086
2021-09-30,active,persist,0.9685209320595344
2021-09-30,active,ema,0.9865809853315965
2021-09-30,active,persist,0.9208619597274529
2021-09-30,active,ema,0.9189232698637594
2021-09-30,active,persist,0.9170704261683644
2021-09-30,active,ema,0.9166255086310628
2021-09-30,active,persist,0.8574615036323079
2021-09-30,active,ema,0.9069348216825209
2021-09-30,active,persist,0.9809004944716668
2021-09-30,active,ema,0.9809004944716668
2021-09-30,active,persist,0.9349692327478356
2021-09-30,active,ema,0.9336936451618713
2021-09-30,active,persist,0.9836768365322138
2021-09-30,active,ema,0.9605417268259123
2021-09-30,active,persist,0.9455551365296789
2021-09-30,active,ema,0.9497178055779079
2021-09-30,active,persist,1.0
2021-09-30,active,ema,1.0
2021-09-30,active,persist,0.9939605531743112
2021-09-30,active,ema,0.9937391600179211
2021-09-30,active,persist,0.9883390466886092
2021-09-30,active,ema,0.9801274186936055
2021-09-30,active,persist,0.993819603277209
2021-09-30,active,ema,0.9857045874953382
2021-09-30,active,persist,0.9984139863571112
2021-09-30,active,ema,0.9983432796139099
2021-09-30,active,persist,0.9528039726022686
2021-09-30,active,ema,0.9528039726022686
2021-09-30,active,persist,0.6610927284303604
2021-09-30,active,ema,0.6337557887804558
2021-09-30,active,persist,0.9883200107972376
2021-09-30,active,ema,0.986142686778563
2021-09-30,active,persist,0.9994379851788778
2021-09-30,active,ema,0.9999450800749687
2021-09-30,active,persist,0.9067090325820141
2021-09-30,active,ema,0.9346642460542776
2021-09-30,active,persist,0.987612854628517
2021-09-30,active,ema,0.987612854628517
2021-09-30,active,persist,0.9821935140773256
2021-09-30,active,ema,0.9824027229329931
2021-09-30,active,persist,0.20513135398661178
2021-09-30,active,ema,0.9999811917959972
2021-09-30,active,persist,1.0
2021-09-30,active,ema,0.9971297874859922
2021-09-30,active,persist,0.9887656613500332
2021-09-30,active,ema,0.9893887202695643
2021-09-30,active,persist,0.9999848380218394
2021-09-30,active,ema,1.0
2021-09-30,active,persist,0.9417060716584793
2021-09-30,active,ema,0.9495449224494291
2021-09-30,active,persist,0.9968314366135258
2021-09-30,active,ema,0.9969864266222638
2021-09-30,active,persist,0.9924106973524642
2021-09-30,active,ema,0.9879185841530491
2021-09-30,active,persist,0.9982043139466086
2021-09-30,active,ema,0.9982043139466086
2021-09-30,active,persist,0.8966779169142967
2021-09-30,active,ema,0.9028482384831048
2021-09-30,active,persist,0.9999551110062376
2021-09-30,active,ema,0.9985912244845455
2021-09-30,active,persist,0.5958806705206076
2021-09-30,active,ema,0.557888557794774
2021-09-30,active,persist,0.9787016442734205
2021-09-30,active,ema,0.9795514251172323
2021-09-30,active,persist,0.9821448268878852
2021-09-30,active,ema,0.9774025898188772
2021-09-30,active,persist,0.999639618043501
2021-09-30,active,ema,0.9998984195632066
2021-09-30,active,persist,0.8343997099519357
2021-09-30,active,ema,0.8346557699771715
2021-12-31,active,persist,0.999339724661322
2021-12-31,active,ema,0.9987922960773479
2021-12-31,active,persist,0.9895984718045349
2021-12-31,active,ema,0.9898374458220047
2021-12-31,active,persist,0.999698451372034
2021-12-31,active,ema,0.9995880454180902
2021-12-31,active,persist,0.9984875479806965
2021-12-31,active,ema,0.9927628813119367
2021-12-31,active,persist,0.9979769439349082
2021-12-31,active,ema,0.9979769439349082
2021-12-31,active,persist,0.920540417943264
2021-12-31,active,ema,0.9224206582344927
2021-12-31,active,persist,0.998388118453171
2021-12-31,active,ema,0.998388118453171
2021-12-31,active,persist,0.9912523038861464
2021-12-31,active,ema,0.9851260588433229
2021-12-31,active,persist,0.6237504536036902
2021-12-31,active,ema,0.6240199962284096
2021-12-31,active,persist,0.9725291256365218
2021-12-31,active,ema,0.986416561561623
2021-12-31,active,persist,0.9423147225080867
2021-12-31,active,ema,0.9362880992737193
2021-12-31,active,persist,0.9797816745210539
2021-12-31,active,ema,0.9474975415315019
2021-12-31,active,persist,0.9760725817072664
2021-12-31,active,ema,0.9749229157955029
2021-12-31,active,persist,0.9995370328002764
2021-12-31,active,ema,0.9995370328002764
2021-12-31,active,persist,0.9853587561482691
2021-12-31,active,ema,0.9862606761764097
2021-12-31,active,persist,0.9953073628592165
2021-12-31,active,ema,0.9959848273371349
2021-12-31,active,persist,0.9971652056149809
2021-12-31,active,ema,0.9972399964556098
2021-12-31,active,persist,0.8943588641028606
2021-12-31,active,ema,0.8819172315266057
2021-12-31,active,persist,0.9805143315685689
2021-12-31,active,ema,0.9816657456612264
2021-12-31,active,persist,0.999486864082987
2021-12-31,active,persist,0.9124208126874901
2021-12-31,active,ema,0.9150737408074155
2021-12-31,active,persist,0.9896200854087114
2021-12-31,active,ema,0.9890587205734946
2021-12-31,active,persist,0.9503669180654449
2021-12-31,active,ema,0.9486221128387559
2021-12-31,active,persist,0.9893477611258203
2021-12-31,active,ema,0.9937894138368784
2021-12-31,active,persist,0.9770460877706046
2021-12-31,active,ema,0.9776412712883392
2021-12-31,active,persist,0.9806265458044514
2021-12-31,active,ema,0.9804373716849648
2021-12-31,active,persist,0.9779995765367109
2021-12-31,active,ema,0.9509063535205011
2021-12-31,active,persist,0.9593909547183881
2021-12-31,active,ema,0.9743819877153113
2021-12-31,active,persist,0.9295702828980482
2021-12-31,active,ema,0.9207125252390643
2021-12-31,active,persist,0.9968903161041283
2021-12-31,active,ema,0.9972427255139008
2021-12-31,active,persist,0.9052608129402675
2021-12-31,active,ema,0.8949610702483727
2021-12-31,active,persist,0.9963309771826432
2021-12-31,active,ema,0.9972631037512103
2021-12-31,active,persist,0.975984877496589
2021-12-31,active,persist,1.0
2021-12-31,active,ema,1.0
2021-12-31,active,persist,1.0
2021-12-31,active,ema,1.0
2021-12-31,active,persist,0.9870740828798745
2021-12-31,active,ema,0.987210705091872
2021-12-31,active,persist,0.9521633115417762
2021-12-31,active,ema,0.957252885562836
2021-12-31,active,persist,0.9940083634370419
2021-12-31,active,ema,0.9938176091583155
2021-12-31,active,persist,0.9308266368684959
2021-12-31,active,ema,0.9065306271870749
2021-12-31,active,persist,0.9948134071871767
2021-12-31,active,ema,0.9948134071871767
2021-12-31,active,persist,0.9926220332260267
2021-12-31,active,ema,0.9926220332260267
2021-12-31,active,persist,0.8745265698442235
2021-12-31,active,ema,0.873345362006449
2021-12-31,active,persist,0.7655324465963151
2021-12-31,active,ema,0.7654752210442773
2021-12-31,active,persist,0.9998683314862089
2021-12-31,active,ema,0.998842419812591
2021-12-31,active,persist,0.9164234083772439
2021-12-31,active,ema,0.9175091103820388
2021-12-31,active,persist,0.9997871046671396
2021-12-31,active,ema,0.9881201195735392
2021-12-31,active,persist,0.9984908107878084
2021-12-31,active,ema,0.9984908107878084
2021-12-31,active,persist,0.9862847292703956
2021-12-31,active,ema,0.9796247519349426
2021-12-31,active,persist,0.9074017485383213
2021-12-31,active,ema,0.9445884717465948
2021-12-31,active,persist,1.0
2021-12-31,active,ema,1.0
2021-12-31,active,persist,0.991825626611399
2021-12-31,active,ema,0.9802788315383189
2021-12-31,active,persist,0.8713818822372223
2021-12-31,active,ema,0.8125280933238309
2021-12-31,active,persist,0.9903540509156751
2021-12-31,active,ema,0.9903540509156751
2021-12-31,active,persist,0.3255559502652514
2021-12-31,active,ema,0.325584569747382
2021-12-31,active,persist,0.981922092589175
2021-12-31,active,ema,0.9888459172901936
2021-12-31,active,persist,0.9964435768922627
2021-12-31,active,ema,0.9964515340360932
2021-12-31,active,persist,0.9200781179270953
2021-12-31,active,ema,0.9233098422635619
2021-12-31,active,persist,0.9738996296392161
2021-12-31,active,ema,0.9756652329176712
2021-12-31,active,persist,0.9994555080483131
2021-12-31,active,ema,0.9972165232404082
2021-12-31,active,persist,0.9979046510983811
2021-12-31,active,ema,0.9541727006796619
2021-12-31,active,persist,0.9455606781963096
2021-12-31,active,ema,0.9441550736544569
2021-12-31,active,persist,0.9379721463405585
2021-12-31,active,ema,0.9505580759296774
2021-12-31,active,persist,0.7497677664811455
2021-12-31,active,ema,0.7220846843490838
2021-12-31,active,persist,0.9629663323556824
2021-12-31,active,ema,0.9638497116191387
2021-12-31,active,persist,0.9410635006807191
2021-12-31,active,ema,0.9221403596674184
2021-12-31,active,persist,0.9998198573109347
2021-12-31,active,ema,0.9999739019466425
2021-12-31,active,persist,0.9620487661616168
2021-12-31,active,ema,0.9637188852439692
2021-12-31,active,persist,0.9190712971592678
2021-12-31,active,ema,0.9006827678674367
2021-12-31,active,persist,0.6249393865737768
2021-12-31,active,ema,0.5985192081768655
2021-12-31,active,persist,0.7852421238125635
2021-12-31,active,ema,0.78532185839931
2021-12-31,active,persist,0.6137462208458843
2021-12-31,active,ema,0.6177544060765233
2021-12-31,active,persist,0.9862745054624916
2021-12-31,active,ema,0.9825691950979253
2021-12-31,active,persist,0.9136502953095305
2021-12-31,active,ema,0.8602444870192123
2021-12-31,active,persist,1.0
2021-12-31,active,ema,1.0
2021-12-31,active,persist,0.9816969279616741
2021-12-31,active,ema,0.9771635607460945
2021-12-31,active,persist,0.9535281264343483
2021-12-31,active,ema,0.9373783093015816
2021-12-31,active,persist,0.9717107337415921
2021-12-31,active,ema,0.9430276392766942
2021-12-31,active,persist,0.9301077993602443
2021-12-31,active,ema,0.9299831237406665
2021-12-31,active,persist,0.9352171769178503
2021-12-31,active,ema,0.9124160719761079
2021-12-31,active,persist,0.5389001788765722
2021-12-31,active,ema,0.5389001788765722
2021-12-31,active,persist,0.9834571359994468
2021-12-31,active,ema,0.9116434322856419
2021-12-31,active,persist,0.9984367592704192
2021-12-31,active,ema,0.9983399984358159
2021-12-31,active,persist,0.5981427291089966
2021-12-31,active,ema,0.5863129275666908
2021-12-31,active,persist,0.9133584389320317
2021-12-31,active,ema,0.9094085480640565
2021-12-31,active,persist,0.4891368845156364
2021-12-31,active,ema,0.4892154429399628
2021-12-31,active,persist,0.9998385588284758
2021-12-31,active,ema,0.9998385588284758
2021-12-31,active,persist,0.9993774373450337
2021-12-31,active,ema,0.9993774373450337
2021-12-31,active,persist,0.9814198609513902
2021-12-31,active,ema,0.9819098117593916
2021-12-31,active,persist,0.9979062900550015
2021-12-31,active,ema,0.9979062900550015
2021-12-31,active,persist,0.9793676158560856
2021-12-31,active,ema,0.9430341992859059
2021-12-31,active,persist,0.981833754514683
2021-12-31,active,ema,0.9978429002102575
2021-12-31,active,persist,0.9701408797727727
2021-12-31,active,ema,0.9696184676824712
2021-12-31,active,persist,0.9408075561833471
2021-12-31,active,ema,0.9375430239355245
2021-12-31,active,persist,0.9995762411329381
2021-12-31,active,ema,0.9995762411329381
2021-12-31,active,persist,0.7014771382278904
2021-12-31,active,ema,0.7989639320576111
2021-12-31,active,persist,0.8632083532109046
2021-12-31,active,ema,0.8625884941520587
2021-12-31,active,persist,0.9954123625847477
2021-12-31,active,ema,0.9845851493484798
2021-12-31,active,persist,0.9983821636942666
2021-12-31,active,ema,0.9988026868751808
2021-12-31,active,persist,0.8587621961152734
2021-12-31,active,ema,0.8668985642911112
2022-03-31,active,persist,0.9989888684868573
2022-03-31,active,ema,0.9989505961267163
2022-03-31,active,persist,0.9823638962239335
2022-03-31,active,ema,0.9831469587440839
2022-03-31,active,persist,0.9974440673629662
2022-03-31,active,ema,0.9971925962530626
2022-03-31,active,persist,0.9993335609144497
2022-03-31,active,ema,0.9963377320717127
2022-03-31,active,persist,0.8413107265919839
2022-03-31,active,ema,0.831905610409086
2022-03-31,active,persist,0.9919347813462384
2022-03-31,active,ema,0.9919347813462384
2022-03-31,active,persist,0.9412624664547362
2022-03-31,active,ema,0.942016142287939
2022-03-31,active,persist,0.5804851765074281
2022-03-31,active,ema,0.572926140025575
2022-03-31,active,persist,0.9725371978618449
2022-03-31,active,ema,0.977808779834937
2022-03-31,active,persist,0.9794883174150735
2022-03-31,active,ema,0.9788977282444324
2022-03-31,active,persist,0.9990755051446208
2022-03-31,active,ema,0.9996964076138035
2022-03-31,active,persist,0.9677659575173495
2022-03-31,active,ema,0.9752070489020572
2022-03-31,active,persist,0.9972628560348621
2022-03-31,active,ema,0.9975427271229508
2022-03-31,active,persist,0.977500571181422
2022-03-31,active,ema,0.9762993932943834
2022-03-31,active,persist,0.9662395853281468
2022-03-31,active,ema,0.9703208351258439
2022-03-31,active,persist,0.9382045504144432
2022-03-31,active,ema,0.9262035751939275
2022-03-31,active,persist,0.9362959852475186
2022-03-31,active,ema,0.9578502087081793
2022-03-31,active,persist,0.9995703623984896
2022-03-31,active,ema,0.9986023131260309
2022-03-31,active,persist,0.9806058775705125
2022-03-31,active,ema,0.9520338612099334
2022-03-31,active,persist,0.8866894856671235
2022-03-31,active,ema,0.8854869980925165
2022-03-31,active,persist,0.9999229297970191
2022-03-31,active,ema,0.9998178602366268
2022-03-31,active,persist,0.9907681962856235
2022-03-31,active,ema,0.9690606435901244
2022-03-31,active,persist,0.9888016310502711
2022-03-31,active,ema,0.9842903085424082
2022-03-31,active,persist,0.9675813521106854
2022-03-31,active,ema,0.9621761902540165
2022-03-31,active,persist,0.9855650304177079
2022-03-31,active,ema,0.9914245542931583
2022-03-31,active,persist,0.9777490507266469
2022-03-31,active,ema,0.9776934778914764
2022-03-31,active,persist,0.9349682710812546
2022-03-31,active,ema,0.9347518900058184
2022-03-31,active,persist,0.9740517156115441
2022-03-31,active,ema,0.9740517156115441
2022-03-31,active,persist,0.9902321488841098
2022-03-31,active,ema,0.9895499787031138
2022-03-31,active,persist,0.9842242373880318
2022-03-31,active,ema,0.9789112227520533
2022-03-31,active,persist,0.9845906259247392
2022-03-31,active,ema,0.9811608290549425
2022-03-31,active,persist,0.9798095969151658
2022-03-31,active,ema,0.9798095969151658
2022-03-31,active,persist,0.999985526088205
2022-03-31,active,ema,0.999985526088205
2022-03-31,active,persist,0.9982639350087784
2022-03-31,active,ema,0.9982639350087784
2022-03-31,active,persist,0.9745065721291442
2022-03-31,active,ema,0.9717440202316013
2022-03-31,active,persist,0.9462340518305535
2022-03-31,active,ema,0.9479791984612649
2022-03-31,active,persist,0.9426607561698357
2022-03-31,active,ema,0.9881568085616673
2022-03-31,active,persist,0.9221963278164924
2022-03-31,active,ema,0.918038394680734
2022-03-31,active,persist,0.999180883428247
2022-03-31,active,ema,0.9862739652578139
2022-03-31,active,persist,0.652634633712076
2022-03-31,active,ema,0.659680730304071
2022-03-31,active,persist,0.5509674452275731
2022-03-31,active,ema,0.47697366003311537
2022-03-31,active,persist,0.9996802833227305
2022-03-31,active,ema,0.9859484350777917
2022-03-31,active,persist,0.9982948068728166
2022-03-31,active,ema,0.9989157050779048
2022-03-31,active,persist,0.5867443994439075
2022-03-31,active,ema,0.5781857451778046
2022-03-31,active,persist,0.9899113474045927
2022-03-31,active,ema,0.9968567698357487
2022-03-31,active,persist,0.9805548304890411
2022-03-31,active,ema,0.9805548304890411
2022-03-31,active,persist,0.990662507165821
2022-03-31,active,ema,0.9905397118091636
2022-03-31,active,persist,0.9903848368621668
2022-03-31,active,ema,0.9897605499787139
2022-03-31,active,persist,1.0
2022-03-31,active,ema,1.0
2022-03-31,active,persist,0.9853448551261522
2022-03-31,active,ema,0.9869459808275133
2022-03-31,active,persist,0.9557295214798214
2022-03-31,active,ema,0.925899869437655
2022-03-31,active,persist,0.9655094749659285
2022-03-31,active,ema,0.9655094749659285
2022-03-31,active,persist,1.0
2022-03-31,active,ema,1.0
2022-03-31,active,persist,0.8731930239944079
2022-03-31,active,ema,0.8756448911092674
2022-03-31,active,persist,0.998078723840456
2022-03-31,active,ema,0.9959507547870134
2022-03-31,active,persist,0.6287142755580103
2022-03-31,active,persist,0.7391502957197026
2022-03-31,active,ema,0.7310638837326142
2022-03-31,active,persist,0.9087025017735978
2022-03-31,active,persist,0.9836061451656358
2022-03-31,active,ema,0.9876557354665266
2022-03-31,active,persist,0.9833231001819634
2022-03-31,active,ema,0.9833144955949267
2022-03-31,active,persist,0.8782295030276712
2022-03-31,active,ema,0.8782295030276712
2022-03-31,active,persist,0.7961200049181654
2022-03-31,active,ema,0.7961200049181654
2022-03-31,active,persist,0.9582480401480048
2022-03-31,active,ema,0.9232000194687872
2022-03-31,active,persist,0.8412094570175287
2022-03-31,active,ema,0.8627242525074805
2022-03-31,active,persist,0.9886293205949961
2022-03-31,active,ema,0.9892619196468015
2022-03-31,active,persist,0.8886694331253604
2022-03-31,active,ema,0.8845346629456398
2022-03-31,active,persist,0.9926591849976691
2022-03-31,active,ema,0.9935640015054049
2022-03-31,active,persist,0.7879696138858937
2022-03-31,active,ema,0.7908749165499368
2022-03-31,active,persist,0.8105733997155844
2022-03-31,active,ema,0.8022549875409675
2022-03-31,active,persist,0.974352204226717
2022-03-31,active,ema,0.9825501015310419
2022-03-31,active,persist,0.996310163940751
2022-03-31,active,ema,0.9807264927025716
2022-03-31,active,persist,0.48562378901757935
2022-03-31,active,ema,0.5605028717526263
2022-03-31,active,persist,0.9752989899787108
2022-03-31,active,ema,0.9762044166755114
2022-03-31,active,persist,0.9867226633892835
2022-03-31,active,ema,0.9648385196601587
2022-03-31,active,persist,0.9990955193790884
2022-03-31,active,ema,0.9990955193790884
2022-03-31,active,persist,0.9930393873794131
2022-03-31,active,ema,0.9929972228871382
2022-03-31,active,persist,0.8170193795355278
2022-03-31,active,ema,0.8147838373709271
2022-03-31,active,persist,0.978695286158377
2022-03-31,active,ema,0.9701310243747006
2022-03-31,active,persist,0.9942569150021741
2022-03-31,active,ema,0.9942569150021741
2022-03-31,active,persist,0.762023063819858
2022-03-31,active,ema,0.762023063819858
2022-03-31,active,persist,0.9983689380078501
2022-03-31,active,persist,0.3981384594327917
2022-03-31,active,ema,0.3973691932739708
2022-03-31,active,persist,0.9917095171607608
2022-03-31,active,ema,0.9920057527688045
2022-03-31,active,persist,0.9522136169517053
2022-03-31,active,ema,0.9288507800851095
2022-03-31,active,persist,0.9347667580051356
2022-03-31,active,ema,0.8681964678558841
2022-03-31,active,persist,0.7984524930608542
2022-03-31,active,ema,0.7969936546729275
2022-03-31,active,persist,0.9955525227162386
2022-03-31,active,ema,0.9955763396788847
2022-03-31,active,persist,0.9999951919034425
2022-03-31,active,ema,0.999985184234139
2022-03-31,active,persist,0.9754487070161851
2022-03-31,active,ema,0.9163186575753164
2022-03-31,active,persist,0.998836509958064
2022-03-31,active,ema,0.998836509958064
2022-03-31,active,persist,0.9277843447873053
2022-03-31,active,ema,0.923289601795128
2022-03-31,active,persist,0.9807318848089676
2022-03-31,active,ema,0.9789556543569115
2022-03-31,active,persist,0.9223722313104677
2022-03-31,active,ema,0.8819563487201704
2022-03-31,active,persist,0.9963257938882176
2022-03-31,active,persist,0.8966858329802335
2022-03-31,active,ema,0.9208460148105073
2022-03-31,active,persist,0.9881913031047432
2022-03-31,active,ema,0.9881913031047432
2022-03-31,active,persist,0.6634582703117095
2022-03-31,active,ema,0.5861476660905233
2022-03-31,active,persist,0.9506322840018073
2022-03-31,active,ema,0.9532440668683373
2022-03-31,active,persist,0.9275169669733314
2022-03-31,active,ema,0.9278352517700528
2022-06-30,active,persist,0.9998462286843537
2022-06-30,active,ema,0.9993601951210039
2022-06-30,active,persist,0.9883965050809274
2022-06-30,active,ema,0.9905335798883363
2022-06-30,active,persist,0.9912955868296204
2022-06-30,active,ema,0.9894574627647135
2022-06-30,active,persist,0.9857549596230631
2022-06-30,active,ema,0.9856058000961465
2022-06-30,active,persist,0.9885975325277769
2022-06-30,active,ema,0.9776115426123796
2022-06-30,active,persist,0.968833670518267
2022-06-30,active,ema,0.9678922931075871
2022-06-30,active,persist,0.95874907312876
2022-06-30,active,ema,0.9411241976522265
2022-06-30,active,persist,0.736212260281023
2022-06-30,active,ema,0.6503995473178888
2022-06-30,active,persist,0.9796017613032156
2022-06-30,active,ema,0.9690374303139848
2022-06-30,active,persist,0.7510101539916607
2022-06-30,active,ema,0.7536386077606836
2022-06-30,active,persist,0.9999420825876298
2022-06-30,active,ema,0.9999420825876298
2022-06-30,active,persist,0.9372709052684078
2022-06-30,active,ema,0.9301513266529414
2022-06-30,active,persist,0.9947722070927298
2022-06-30,active,ema,0.9950892354160702
2022-06-30,active,persist,0.9879121871854943
2022-06-30,active,ema,0.9860487075516479
2022-06-30,active,persist,0.9856230778746198
2022-06-30,active,ema,0.9571995672784113
2022-06-30,active,persist,0.9889371313637613
2022-06-30,active,ema,0.9862736056312013
2022-06-30,active,persist,0.8187227835582147
2022-06-30,active,ema,0.8187857458234483
2022-06-30,active,persist,0.9319616112286357
2022-06-30,active,ema,0.9319616112286357
2022-06-30,active,persist,0.997221707772525
2022-06-30,active,ema,0.9935519179403612
2022-06-30,active,persist,0.9370124679139294
2022-06-30,active,ema,0.9355890525076157
2022-06-30,active,persist,0.9428635637829548
2022-06-30,active,ema,0.9428635637829548
2022-06-30,active,persist,0.9050726880164481
2022-06-30,active,ema,0.8777199611971739
2022-06-30,active,persist,0.9942307160562796
2022-06-30,active,ema,0.9945399758475838
2022-06-30,active,persist,0.967768863838194
2022-06-30,active,ema,0.9507258515896991
2022-06-30,active,persist,0.9800175850363376
2022-06-30,active,ema,0.9800175850363376
2022-06-30,active,persist,0.9944509437548001
2022-06-30,active,ema,0.9945474362732502
2022-06-30,active,persist,0.9380042203232233
2022-06-30,active,ema,0.9361808882232433
2022-06-30,active,persist,0.9995676695011466
2022-06-30,active,ema,0.9830854430263382
2022-06-30,active,persist,0.9990642214475028
2022-06-30,active,ema,0.9996191838907172
2022-06-30,active,persist,0.9525590328468455
2022-06-30,active,ema,0.9474263703240217
2022-06-30,active,persist,0.9995345201610409
2022-06-30,active,ema,0.9991184513580919
2022-06-30,active,persist,0.988171906127696
2022-06-30,active,ema,0.988171906127696
2022-06-30,active,persist,0.9998999903486118
2022-06-30,active,ema,0.9998999903486118
2022-06-30,active,persist,0.9977522955755397
2022-06-30,active,ema,0.9977522955755397
2022-06-30,active,persist,0.9958553018824114
2022-06-30,active,ema,0.9886192659216104
2022-06-30,active,persist,0.9148659781229173
2022-06-30,active,ema,0.9150929104213716
2022-06-30,active,persist,0.9925376921093465
2022-06-30,active,ema,0.9898192432812116
2022-06-30,active,persist,0.9723068529299588
2022-06-30,active,ema,0.9557879870462007
2022-06-30,active,persist,0.9818191010407351
2022-06-30,active,ema,0.9853854548150032
2022-06-30,active,persist,0.8777939401826448
2022-06-30,active,ema,0.9718927757029868
2022-06-30,active,persist,0.7499064538616047
2022-06-30,active,ema,0.7562025388932822
2022-06-30,active,persist,0.977091765779153
2022-06-30,active,ema,0.977091765779153
2022-06-30,active,persist,0.9977079756269219
2022-06-30,active,ema,0.9988315362825189
2022-06-30,active,persist,0.7869577903201288
2022-06-30,active,ema,0.7294057935954547
2022-06-30,active,persist,0.989107646107475
2022-06-30,active,ema,0.989107646107475
2022-06-30,active,persist,0.9998755937363109
2022-06-30,active,ema,0.9988888893916866
2022-06-30,active,persist,0.9816131080261622
2022-06-30,active,ema,0.9875043673900458
2022-06-30,active,persist,0.9865499758797652
2022-06-30,active,ema,0.9850922527703203
2022-06-30,active,persist,0.9998635174188325
2022-06-30,active,ema,0.9998635174188325
2022-06-30,active,persist,0.9680545504545174
2022-06-30,active,ema,0.933538243781903
2022-06-30,active,persist,0.8610859345887933
2022-06-30,active,ema,0.912999073240582
2022-06-30,active,persist,0.9970397380302544
2022-06-30,active,persist,0.9768334389731793
2022-06-30,active,ema,0.9860754416697278
2022-06-30,active,persist,0.9537658404913681
2022-06-30,active,ema,0.9537658404913681
2022-06-30,active,persist,0.7082565399043378
2022-06-30,active,ema,0.7225163780369859
2022-06-30,active,persist,0.9854192870754097
2022-06-30,active,ema,0.9850094742963105
2022-06-30,active,persist,0.9562284123379031
2022-06-30,active,ema,0.9207526695925647
2022-06-30,active,persist,0.9673247445191961
2022-06-30,active,ema,0.9688208770355484
2022-06-30,active,persist,1.0
2022-06-30,active,ema,1.0
2022-06-30,active,persist,0.9906473257815673
2022-06-30,active,ema,0.9912657438026176
2022-06-30,active,persist,0.9875646342126264
2022-06-30,active,ema,0.9994357695104902
2022-06-30,active,persist,0.9679105752844543
2022-06-30,active,ema,0.953275410101447
2022-06-30,active,persist,0.7917471575967481
2022-06-30,active,ema,0.7797144904871077
2022-06-30,active,persist,0.9777710838300665
2022-06-30,active,ema,0.9650031655097001
2022-06-30,active,persist,0.7270166360841003
2022-06-30,active,ema,0.6427705791296563
2022-06-30,active,persist,0.9883177208516013
2022-06-30,active,ema,0.9796427828107037
2022-06-30,active,persist,0.9546410081015339
2022-06-30,active,ema,0.9169735811186318
2022-06-30,active,persist,0.9292503155971782
2022-06-30,active,ema,0.9306035046439437
2022-06-30,active,persist,0.8613889849903503
2022-06-30,active,ema,0.8021522834124416
2022-06-30,active,persist,0.7195892186176331
2022-06-30,active,ema,0.6472054063946893
2022-06-30,active,persist,0.7615056275346168
2022-06-30,active,ema,0.7600846437167321
2022-06-30,active,persist,0.970483900758569
2022-06-30,active,ema,0.9767204011645346
2022-06-30,active,persist,0.7747460874060681
2022-06-30,active,ema,0.788819742350154
2022-06-30,active,persist,0.9788470439869034
2022-06-30,active,ema,0.9697610028593564
2022-06-30,active,persist,0.8501037890006325
2022-06-30,active,ema,0.7875776247759305
2022-06-30,active,persist,0.9897765734824913
2022-06-30,active,ema,1.0
2022-06-30,active,persist,0.9944259899681777
2022-06-30,active,ema,0.9962252503612687
2022-06-30,active,persist,0.9839905551825322
2022-06-30,active,ema,0.9677588885553795
2022-06-30,active,persist,0.8802551418565258
2022-06-30,active,ema,0.882664198835833
2022-06-30,active,persist,0.9899349883132812
2022-06-30,active,ema,0.9899349883132812
2022-06-30,active,persist,0.7535820645350756
2022-06-30,active,ema,0.7040957875254074
2022-06-30,active,persist,0.8891584303179265
2022-06-30,active,ema,0.8891584303179265
2022-06-30,active,persist,0.4961892389014015
2022-06-30,active,ema,0.4597738496766854
2022-06-30,active,persist,0.9946073033952624
2022-06-30,active,ema,0.983558139198514
2022-06-30,active,persist,0.9534920496052617
2022-06-30,active,ema,0.9809226497271695
2022-06-30,active,persist,0.8600059845553985
2022-06-30,active,ema,0.818614693218262
2022-06-30,active,persist,0.9761364504546047
2022-06-30,active,ema,0.974709708397802
2022-06-30,active,persist,0.9895346245005234
2022-06-30,active,ema,0.9838502863138091
2022-06-30,active,persist,0.999999777592957
2022-06-30,active,ema,0.999999777592957
2022-06-30,active,persist,0.9496675655633827
2022-06-30,active,ema,0.9411773377162334
2022-06-30,active,persist,0.9999218426199994
2022-06-30,active,ema,0.997947840874237
2022-06-30,active,persist,0.9075883609422708
2022-06-30,active,ema,0.8806170088897757
2022-06-30,active,persist,0.9964320426295227
2022-06-30,active,ema,0.9791741715990148
2022-06-30,active,persist,0.9728561734119725
2022-06-30,active,persist,0.9978270651129815
2022-06-30,active,persist,0.9856095202406514
2022-06-30,active,ema,0.892489193428197
2022-06-30,active,persist,0.9875472820976129
2022-06-30,active,ema,0.9924883360213559
2022-06-30,active,persist,0.9038348990539652
2022-06-30,active,ema,0.897719604304977
2022-06-30,active,persist,0.9636522010428739
2022-06-30,active,ema,0.9478054537129322
2022-09-30,active,persist,0.9982584182140994
2022-09-30,active,ema,0.9978307483600627
2022-09-30,active,persist,0.9947713638010485
2022-09-30,active,ema,0.9946741353201262
2022-09-30,active,persist,0.997754710181561
2022-09-30,active,ema,0.998617539144002
2022-09-30,active,persist,0.995848633232204
2022-09-30,active,ema,0.9970958327861122
2022-09-30,active,persist,0.9390812211464824
2022-09-30,active,ema,0.9387783059084672
2022-09-30,active,persist,0.9841038797498893
2022-09-30,active,ema,0.9796053483644647
2022-09-30,active,persist,0.9098000389164151
2022-09-30,active,ema,0.9454024102860497
2022-09-30,active,persist,0.8561059977472287
2022-09-30,active,ema,0.8945337629186483
2022-09-30,active,persist,0.976698498915035
2022-09-30,active,ema,0.977853367475669
2022-09-30,active,persist,0.9467898180334372
2022-09-30,active,ema,0.9464198463130608
2022-09-30,active,persist,0.9997279080256256
2022-09-30,active,ema,0.9999618849259774
2022-09-30,active,persist,0.960346092803626
2022-09-30,active,ema,0.9697158765724342
2022-09-30,active,persist,0.9944481992181501
2022-09-30,active,ema,0.9944481992181501
2022-09-30,active,persist,0.9600170648159464
2022-09-30,active,ema,0.9603705840178343
2022-09-30,active,persist,0.9512881361116443
2022-09-30,active,ema,0.9512881361116443
2022-09-30,active,persist,0.977828518450101
2022-09-30,active,ema,0.9711349069437812
2022-09-30,active,persist,0.8744824400958411
2022-09-30,active,ema,0.8390415844330752
2022-09-30,active,persist,0.9891123739434916
2022-09-30,active,ema,0.9881838556490714
2022-09-30,active,persist,0.9977365881503083
2022-09-30,active,ema,0.9977365881503083
2022-09-30,active,persist,0.9970290348961464
2022-09-30,active,ema,0.9992281494354076
2022-09-30,active,persist,0.9982730971349831
2022-09-30,active,ema,0.9936377763002533
2022-09-30,active,persist,0.9715709602242294
2022-09-30,active,ema,0.9669628537317927
2022-09-30,active,persist,0.9961723640173451
2022-09-30,active,ema,0.9965641790439433
2022-09-30,active,persist,0.9628033552231676
2022-09-30,active,ema,0.9739521201119831
2022-09-30,active,persist,0.9979439569861509
2022-09-30,active,ema,0.9956875198476947
2022-09-30,active,persist,0.9893680802218242
2022-09-30,active,ema,0.99001426173334
2022-09-30,active,persist,0.9862202079146469
2022-09-30,active,ema,0.9857623991897468
2022-09-30,active,persist,0.9776633866976527
2022-09-30,active,ema,0.9776633866976527
2022-09-30,active,persist,0.8751377845620065
2022-09-30,active,ema,0.8751377845620065
2022-09-30,active,persist,0.8977826815376454
2022-09-30,active,ema,0.902935702710803
2022-09-30,active,persist,0.9976065246005309
2022-09-30,active,ema,0.9931007270961094
2022-09-30,active,persist,0.9982306987190579
2022-09-30,active,ema,0.997678530237919
2022-09-30,active,persist,0.9996861700259095
2022-09-30,active,ema,0.9996861700259095
2022-09-30,active,persist,0.9994610287093676
2022-09-30,active,ema,0.9994610287093676
2022-09-30,active,persist,0.9834191080235561
2022-09-30,active,ema,0.9832970635903289
2022-09-30,active,persist,0.945010820760627
2022-09-30,active,ema,0.8905188199124882
2022-09-30,active,persist,0.9968246807878989
2022-09-30,active,ema,0.9430133998386717
2022-09-30,active,persist,0.9691649622297661
2022-09-30,active,ema,0.9639738788070128
2022-09-30,active,persist,0.9983062967220887
2022-09-30,active,ema,0.9929635780308934
2022-09-30,active,persist,0.9970451396844637
2022-09-30,active,ema,0.9890695323368657
2022-09-30,active,persist,0.9409758793262238
2022-09-30,active,ema,0.9358666384735408
2022-09-30,active,persist,0.925049878606844
2022-09-30,active,ema,0.9244384373202447
2022-09-30,active,persist,0.9975417063296265
2022-09-30,active,ema,0.9975417063296265
2022-09-30,active,persist,0.8609509936122653
2022-09-30,active,ema,0.8178234147780029
2022-09-30,active,persist,0.9998111666432694
2022-09-30,active,ema,0.9998111666432694
2022-09-30,active,persist,0.9929193258147526
2022-09-30,active,ema,0.9930705275782353
2022-09-30,active,persist,0.9477059036893613
2022-09-30,active,ema,0.947547728748483
2022-09-30,active,persist,0.9679211211168192
2022-09-30,active,ema,0.9679211211168192
2022-09-30,active,persist,1.0
2022-09-30,active,ema,0.9997460686567048
2022-09-30,active,persist,0.9957327500909763
2022-09-30,active,ema,0.992308223525671
2022-09-30,active,persist,0.9464880275323803
2022-09-30,active,ema,0.9438535108007757
2022-09-30,active,persist,0.9998975629384709
2022-09-30,active,ema,0.9998975629384709
2022-09-30,active,persist,0.9932191697507659
2022-09-30,active,ema,0.9562298092970088
2022-09-30,active,persist,0.9284959471339934
2022-09-30,active,ema,0.9284959471339934
2022-09-30,active,persist,0.9173700562958788
2022-09-30,active,ema,0.8744638819996543
2022-09-30,active,persist,0.9995451359869473
2022-09-30,active,ema,0.9995298798662332
2022-09-30,active,persist,0.9898321221830624
2022-09-30,active,ema,0.9799987979752712
2022-09-30,active,persist,0.9857844362085113
2022-09-30,active,ema,0.9818336468576889
2022-09-30,active,persist,1.0
2022-09-30,active,ema,1.0
2022-09-30,active,persist,0.9865911888546121
2022-09-30,active,ema,0.9880383839709027
2022-09-30,active,persist,0.9910332875441281
2022-09-30,active,ema,0.9910332875441281
2022-09-30,active,persist,0.9967380229310221
2022-09-30,active,ema,0.9841870327453108
2022-09-30,active,persist,0.9779264064045805
2022-09-30,active,ema,0.9779264064045805
2022-09-30,active,persist,0.9856096381186603
2022-09-30,active,ema,0.9943869638821189
2022-09-30,active,persist,0.8789204566345211
2022-09-30,active,ema,0.7573936664599927
2022-09-30,active,persist,0.998909257084917
2022-09-30,active,ema,0.9989170138208116
2022-09-30,active,persist,0.9739216308323632
2022-09-30,active,ema,0.9818247572802952
2022-09-30,active,persist,0.9958828403568378
2022-09-30,active,ema,0.980154307860198
2022-09-30,active,persist,0.6775086182292709
2022-09-30,active,ema,0.8185519108551748
2022-09-30,active,persist,0.9319405494684638
2022-09-30,active,ema,0.8770089470270044
2022-09-30,active,persist,0.932131132017611
2022-09-30,active,ema,0.9294151837947824
2022-09-30,active,persist,0.9434179266942617
2022-09-30,active,ema,0.9434179266942617
2022-09-30,active,persist,0.3100603973915606
2022-09-30,active,ema,0.2953174593000961
2022-09-30,active,persist,0.9783856493533514
2022-09-30,active,ema,0.9764338313238092
2022-09-30,active,persist,0.9285686897313934
2022-09-30,active,ema,0.8878499701959935
2022-09-30,active,persist,0.9921133213612064
2022-09-30,active,ema,0.9921133213612064
2022-09-30,active,persist,0.997984438287852
2022-09-30,active,ema,0.9900486285142979
2022-09-30,active,persist,0.9760532050990419
2022-09-30,active,ema,0.9811260511070184
2022-09-30,active,persist,0.966061442241129
2022-09-30,active,ema,0.9462188643646782
2022-09-30,active,persist,0.9990734138468346
2022-09-30,active,ema,0.9995201359668442
2022-09-30,active,persist,0.6703969825621416
2022-09-30,active,ema,0.7379152434160346
2022-09-30,active,persist,0.9983196768719701
2022-09-30,active,ema,0.9983196768719701
2022-09-30,active,persist,0.8175461086240935
2022-09-30,active,ema,0.7781706700606867
2022-09-30,active,persist,0.9913715790053111
2022-09-30,active,ema,0.9913715790053111
2022-09-30,active,persist,0.9192915336040587
2022-09-30,active,persist,0.976862155585819
2022-09-30,active,ema,0.9672097309524628
2022-09-30,active,persist,0.9619282718410865
2022-09-30,active,ema,0.9541063979035387
2022-09-30,active,persist,0.9984726183089153
2022-09-30,active,ema,0.9996257984912186
2022-09-30,active,persist,0.9667886815437928
2022-09-30,active,ema,0.9326046725527997
2022-09-30,active,persist,1.0
2022-09-30,active,ema,1.0
2022-09-30,active,persist,0.9718239205625908
2022-09-30,active,ema,0.9572895091386778
2022-09-30,active,persist,0.9827724934832386
2022-09-30,active,ema,0.9814287019066721
2022-09-30,active,persist,0.8734821528080118
2022-09-30,active,ema,0.8682732134499693
2022-09-30,active,persist,0.989057722472075
2022-09-30,active,ema,0.987751726403871
2022-09-30,active,persist,0.9982069818701121
2022-09-30,active,ema,0.9976136548754705
2022-09-30,active,persist,0.9552418984739866
2022-09-30,active,ema,0.9549572596866749
2022-09-30,active,persist,0.9968799201597179
2022-09-30,active,ema,0.995870912096097
2022-09-30,active,persist,0.9999777841130283
2022-09-30,active,ema,0.9998461009050578
2022-09-30,active,persist,0.7744244934206163
2022-09-30,active,ema,0.711988836462585
2022-12-31,active,persist,0.39036608002511614
2022-12-31,active,ema,0.39036608002511614
2022-12-31,active,persist,0.9987918167592353
2022-12-31,active,ema,0.9986383607627596
2022-12-31,active,persist,0.998905796100344
2022-12-31,active,ema,0.9991646793340754
2022-12-31,active,persist,0.9981529418312274
2022-12-31,active,ema,0.9963476337301796
2022-12-31,active,persist,0.9005113318585456
2022-12-31,active,ema,0.8964118398717361
2022-12-31,active,persist,0.9985408950042834
2022-12-31,active,ema,0.9950805942472849
2022-12-31,active,persist,0.9046155034911183
2022-12-31,active,ema,0.8924634051539766
2022-12-31,active,persist,0.21291088631133193
2022-12-31,active,ema,0.20176129975933504
2022-12-31,active,persist,0.9601512048157768
2022-12-31,active,ema,0.9577800748271345
2022-12-31,active,persist,0.9984671597352496
2022-12-31,active,ema,0.9800564529247342
2022-12-31,active,persist,0.9660702532298825
2022-12-31,active,ema,0.9660702532298825
2022-12-31,active,persist,0.9397464963276909
2022-12-31,active,ema,0.9287191655731644
2022-12-31,active,persist,0.9888853796027192
2022-12-31,active,ema,0.9893052659904148
2022-12-31,active,persist,0.9913038839085885
2022-12-31,active,ema,0.9909856010374994
2022-12-31,active,persist,0.9834880790974786
2022-12-31,active,ema,0.9820060002645011
2022-12-31,active,persist,0.9572847874105306
2022-12-31,active,ema,0.9568348501800523
2022-12-31,active,persist,0.8388627388055326
2022-12-31,active,ema,0.8653235904106318
2022-12-31,active,persist,0.9985393529334301
2022-12-31,active,ema,0.9961758982804456
2022-12-31,active,persist,0.9964468568319429
2022-12-31,active,ema,0.9960609238881507
2022-12-31,active,persist,0.9764529073996808
2022-12-31,active,ema,0.9764529073996808
2022-12-31,active,persist,0.9910504547041338
2022-12-31,active,ema,0.9849722236885322
2022-12-31,active,persist,0.9209548443556078
2022-12-31,active,ema,0.8916291162186994
2022-12-31,active,persist,0.5533505395538661
2022-12-31,active,ema,0.5533505395538661
2022-12-31,active,persist,0.9716638811206527
2022-12-31,active,ema,0.9722364876099945
2022-12-31,active,persist,0.9773097051491654
2022-12-31,active,ema,0.9773097051491654
2022-12-31,active,persist,0.9655721223047249
2022-12-31,active,ema,0.969071757640573
2022-12-31,active,persist,0.9846437370565636
2022-12-31,active,ema,0.9863456451417559
2022-12-31,active,persist,0.9969866202218242
2022-12-31,active,ema,0.9555097982878105
2022-12-31,active,persist,0.9998846043924059
2022-12-31,active,ema,0.9652399871413184
2022-12-31,active,persist,0.9336319499502423
2022-12-31,active,ema,0.8919010579125769
2022-12-31,active,persist,0.9889982490028271
2022-12-31,active,ema,0.9876618417568364
2022-12-31,active,persist,0.9871792298197866
2022-12-31,active,ema,0.989538127604343
2022-12-31,active,persist,0.9997811477008155
2022-12-31,active,ema,0.999851521558702
2022-12-31,active,persist,0.9792776527385356
2022-12-31,active,ema,0.9793819896572176
2022-12-31,active,persist,0.9931689264388526
2022-12-31,active,ema,0.9907665251991021
2022-12-31,active,persist,0.9497243480485964
2022-12-31,active,ema,0.9495597430282638
2022-12-31,active,persist,0.1118292455410353
2022-12-31,active,ema,0.1118292455410353
2022-12-31,active,persist,0.23435338947580767
2022-12-31,active,ema,0.23435338947580767
2022-12-31,active,persist,0.9998264541422052
2022-12-31,active,ema,0.9997620972315677
2022-12-31,active,persist,0.9552919234842835
2022-12-31,active,ema,0.9493204688284942
2022-12-31,active,persist,0.7570149006308535
2022-12-31,active,ema,0.7622906381924414
2022-12-31,active,persist,0.9657126059053902
2022-12-31,active,ema,0.9532375919364097
2022-12-31,active,persist,0.036726464386971074
2022-12-31,active,ema,0.036726464386971074
2022-12-31,active,persist,0.8073865674394596
2022-12-31,active,ema,0.799130829208458
2022-12-31,active,persist,0.7987965090879692
2022-12-31,active,ema,0.7992302426464795
2022-12-31,active,persist,0.9977362431828573
2022-12-31,active,ema,0.9905223081493234
2022-12-31,active,persist,0.9991248506922717
2022-12-31,active,ema,0.9991248506922717
2022-12-31,active,persist,0.9785691919057479
2022-12-31,active,ema,0.9815031204604168
2022-12-31,active,persist,0.9998621726291503
2022-12-31,active,ema,0.9998621726291503
2022-12-31,active,persist,0.9923675300434317
2022-12-31,active,ema,0.9914671416722234
2022-12-31,active,persist,0.8658922476438282
2022-12-31,active,ema,0.8463113799104461
2022-12-31,active,persist,0.999361019973553
2022-12-31,active,ema,0.9991169428009894
2022-12-31,active,persist,0.9950668716204722
2022-12-31,active,ema,0.9951696159393097
2022-12-31,active,persist,0.8588588800733278
2022-12-31,active,ema,0.8588588800733278
2022-12-31,active,persist,0.9632811047516205
2022-12-31,active,ema,0.9511284650448927
2022-12-31,active,persist,0.38107842671126546
2022-12-31,active,ema,0.38107842671126546
2022-12-31,active,persist,0.7795383598379516
2022-12-31,active,ema,0.7793769379842104
2022-12-31,active,persist,0.0023426279599113847
2022-12-31,active,ema,0.0023426279599113847
2022-12-31,active,persist,0.5203617963786866
2022-12-31,active,ema,0.5203617963786866
2022-12-31,active,persist,0.9918849558502341
2022-12-31,active,ema,0.9921944294218888
2022-12-31,active,persist,0.9787774421067027
2022-12-31,active,ema,0.9828728517849474
2022-12-31,active,persist,0.9850497386433192
2022-12-31,active,ema,0.9850497386433192
2022-12-31,active,persist,0.7460780113530796
2022-12-31,active,ema,0.7452809008346705
2022-12-31,active,persist,0.9302517658613859
2022-12-31,active,ema,0.9302517658613859
2022-12-31,active,persist,0.6036837563630454
2022-12-31,active,ema,0.6119733923591427
2022-12-31,active,persist,0.947655251566149
2022-12-31,active,ema,0.9458245535037303
2022-12-31,active,persist,0.983212783256803
2022-12-31,active,ema,0.9838114292312657
2022-12-31,active,persist,0.9936174817606352
2022-12-31,active,ema,0.9935336558759711
2022-12-31,active,persist,0.6970328206120749
2022-12-31,active,ema,0.7011891787133472
2022-12-31,active,persist,0.98617917522503
2022-12-31,active,ema,0.9813314563184715
2022-12-31,active,persist,0.9776691244804829
2022-12-31,active,ema,0.9763217337320923
2022-12-31,active,persist,0.9848611970607388
2022-12-31,active,ema,0.9785498362435908
2022-12-31,active,persist,0.28775954417506244
2022-12-31,active,ema,0.2893681591298519
2022-12-31,active,persist,0.9170862200113045
2022-12-31,active,ema,0.9415934430613792
2022-12-31,active,persist,0.8070929913201565
2022-12-31,active,ema,0.7892670936381873
2022-12-31,active,persist,1.0
2022-12-31,active,ema,1.0
2022-12-31,active,persist,0.9962869375787301
2022-12-31,active,ema,0.9960652888184508
2022-12-31,active,persist,0.9616359211231007
2022-12-31,active,ema,0.9640794669165074
2022-12-31,active,persist,0.8907223574660924
2022-12-31,active,ema,0.9311676762925627
2022-12-31,active,persist,0.9999006327126129
2022-12-31,active,ema,1.0
2022-12-31,active,persist,0.8243709619300131
2022-12-31,active,persist,0.9502096037026844
2022-12-31,active,ema,0.9359504048521957
2022-12-31,active,persist,0.9998632446448905
2022-12-31,active,ema,0.9997811212853362
2022-12-31,active,persist,0.7064272142571298
2022-12-31,active,ema,0.7096756808138215
2022-12-31,active,persist,0.996136119140654
2022-12-31,active,ema,0.9955514518728413
2022-12-31,active,persist,0.9611600640224354
2022-12-31,active,ema,0.9288200489621283
2022-12-31,active,persist,0.9413047493968014
2022-12-31,active,ema,0.9483925947527232
2022-12-31,active,persist,0.9494790761462223
2022-12-31,active,ema,0.9506173714426855
2022-12-31,active,persist,0.9524368154633699
2022-12-31,active,ema,0.9582291341952119
2022-12-31,active,persist,0.9901073443883731
2022-12-31,active,ema,0.9916427645110695
2022-12-31,active,persist,1.0
2022-12-31,active,ema,1.0
2022-12-31,active,persist,0.9804473366658465
2022-12-31,active,ema,0.9797349794200172
2022-12-31,active,persist,1.0
2022-12-31,active,ema,0.9999627841204713
2022-12-31,active,persist,0.9655255700100652
2022-12-31,active,ema,0.9251468667673657
2022-12-31,active,persist,0.1549451637106429
2022-12-31,active,ema,0.1549451637106429
2022-12-31,active,persist,0.9787550405205038
2022-12-31,active,ema,0.9877686251925549
2022-12-31,active,persist,0.5603085412765739
2022-12-31,active,ema,0.5661401711402554
2022-12-31,active,persist,0.9967003380719601
2022-12-31,active,ema,0.9967730825147857
2022-12-31,active,persist,0.9931522424003965
2022-12-31,active,ema,0.9931522424003965
2023-03-31,active,persist,0.99953334630212
2023-03-31,active,ema,0.99953334630212
2023-03-31,active,persist,0.9967284866385887
2023-03-31,active,ema,0.9972084484766862
2023-03-31,active,persist,0.9998028184646109
2023-03-31,active,ema,0.9998028184646109
2023-03-31,active,persist,0.9827557283565824
2023-03-31,active,ema,0.9829109022684073
2023-03-31,active,persist,0.989917530559849
2023-03-31,active,ema,0.9607977545938712
2023-03-31,active,persist,0.9909470008714407
2023-03-31,active,ema,0.990754009817348
2023-03-31,active,persist,0.9741972835105508
2023-03-31,active,ema,0.9647906967732278
2023-03-31,active,persist,0.06666179335512618
2023-03-31,active,ema,0.07036814832078045
2023-03-31,active,persist,0.9669158182987789
2023-03-31,active,ema,0.9661980584038774
2023-03-31,active,persist,0.9993430659709794
2023-03-31,active,ema,0.9301748161581163
2023-03-31,active,persist,0.9731001664897799
2023-03-31,active,ema,0.9693838284321492
2023-03-31,active,persist,0.9957463265288131
2023-03-31,active,ema,0.9972071471285326
2023-03-31,active,persist,0.9833852022697241
2023-03-31,active,ema,0.9833852022697241
2023-03-31,active,persist,0.992489636299719
2023-03-31,active,ema,0.9913021088925261
2023-03-31,active,persist,0.9953944397545631
2023-03-31,active,ema,0.9936747009004487
2023-03-31,active,persist,0.9519236540539417
2023-03-31,active,ema,0.9406224191860663
2023-03-31,active,persist,0.945111233427493
2023-03-31,active,ema,0.9429880907642438
2023-03-31,active,persist,0.9981396631656131
2023-03-31,active,ema,0.9973020682002489
2023-03-31,active,persist,0.9605081049319055
2023-03-31,active,ema,0.9568188124471928
2023-03-31,active,persist,0.9944457366076246
2023-03-31,active,ema,0.9944457366076246
2023-03-31,active,persist,0.9751862510261721
2023-03-31,active,ema,0.973086727359628
2023-03-31,active,persist,0.35540953421925275
2023-03-31,active,ema,0.35540953421925275
2023-03-31,active,persist,0.9735139144689604
2023-03-31,active,ema,0.9725405298068933
2023-03-31,active,persist,0.9978818589679387
2023-03-31,active,ema,0.9971569641522274
2023-03-31,active,persist,0.9957124681144096
2023-03-31,active,ema,0.9972353379200374
2023-03-31,active,persist,0.9824758639549838
2023-03-31,active,ema,0.9820396899734027
2023-03-31,active,persist,0.9418948168168314
2023-03-31,active,ema,0.9419808740954877
2023-03-31,active,persist,0.38994094023887377
2023-03-31,active,ema,0.38994094023887377
2023-03-31,active,persist,0.9694010460909863
2023-03-31,active,ema,0.9697437949172227
2023-03-31,active,persist,0.9981965595466621
2023-03-31,active,ema,0.998563526350218
2023-03-31,active,persist,0.9799711854480936
2023-03-31,active,ema,0.9799711854480936
2023-03-31,active,persist,1.0
2023-03-31,active,ema,1.0
2023-03-31,active,persist,1.0
2023-03-31,active,ema,0.9982112367253368
2023-03-31,active,persist,0.9660697760914128
2023-03-31,active,ema,0.9949113963317542
2023-03-31,active,persist,0.9326840848322415
2023-03-31,active,ema,0.9353951909055779
2023-03-31,active,persist,0.9913638821321433
2023-03-31,active,ema,0.9905022398000978
2023-03-31,active,persist,0.9694369192945045
2023-03-31,active,ema,0.9694369192945045
2023-03-31,active,persist,0.9995183163185886
2023-03-31,active,ema,0.9995183163185886
2023-03-31,active,persist,0.9699994043169757
2023-03-31,active,ema,0.965745384090108
2023-03-31,active,persist,0.5777134899580791
2023-03-31,active,ema,0.5800288458368648
2023-03-31,active,persist,0.9744951228370324
2023-03-31,active,ema,0.9781668987546269
2023-03-31,active,persist,0.9817924785897317
2023-03-31,active,ema,0.9817924785897317
2023-03-31,active,persist,0.8702947264449605
2023-03-31,active,ema,0.8675183625119073
2023-03-31,active,persist,0.9972257444788355
2023-03-31,active,ema,0.980018625038452
2023-03-31,active,persist,0.9810400396377602
2023-03-31,active,ema,0.9810400396377602
2023-03-31,active,persist,0.997496224017138
2023-03-31,active,ema,0.9965991767581159
2023-03-31,active,persist,0.9745686213482272
2023-03-31,active,ema,0.9742209219655166
2023-03-31,active,persist,0.7836897535518416
2023-03-31,active,ema,0.7836897535518416
2023-03-31,active,persist,0.9638423217538576
2023-03-31,active,ema,0.9597045641351749
2023-03-31,active,persist,0.9368241115325313
2023-03-31,active,ema,0.9127778368317931
2023-03-31,active,persist,0.9966192085287138
2023-03-31,active,ema,0.9966192085287138
2023-03-31,active,persist,0.9540775365678733
2023-03-31,active,ema,0.9539044853012275
2023-03-31,active,persist,0.639330088040236
2023-03-31,active,ema,0.639330088040236
2023-03-31,active,persist,0.9410551156514747
2023-03-31,active,ema,0.934283198049245
2023-03-31,active,persist,0.9998588462473665
2023-03-31,active,ema,0.9998588462473665
2023-03-31,active,persist,0.8492661592174945
2023-03-31,active,ema,0.8599729955180998
2023-03-31,active,persist,0.9902798929144494
2023-03-31,active,ema,0.9902798929144494
2023-03-31,active,persist,0.5590497059636362
2023-03-31,active,ema,0.5590497059636362
2023-03-31,active,persist,0.9850067177971181
2023-03-31,active,ema,0.9850067177971181
2023-03-31,active,persist,0.9999981704397625
2023-03-31,active,ema,0.9999981704397625
2023-03-31,active,persist,0.9961421577581875
2023-03-31,active,ema,0.9962984137906699
2023-03-31,active,persist,0.5903347291341587
2023-03-31,active,ema,0.6092153297860189
2023-03-31,active,persist,0.99483626940218
2023-03-31,active,ema,0.9880630021290436
2023-03-31,active,persist,0.834720654693247
2023-03-31,active,ema,0.8341031952200993
2023-03-31,active,persist,0.9993828964811436
2023-03-31,active,ema,0.9994068985614246
2023-03-31,active,persist,0.998843458965774
2023-03-31,active,ema,0.9933177469114777
2023-03-31,active,persist,0.9866027006611462
2023-03-31,active,ema,0.9872562687566104
2023-03-31,active,persist,0.8469208440098979
2023-03-31,active,ema,0.8254996669055278
2023-03-31,active,persist,0.858702955754814
2023-03-31,active,ema,0.8471952022881304
2023-03-31,active,persist,0.9784325826308594
2023-03-31,active,ema,0.9748391223998271
2023-03-31,active,persist,0.983049770427182
2023-03-31,active,ema,0.9829865798569163
2023-03-31,active,persist,0.5874087963281238
2023-03-31,active,ema,0.5877924964928931
2023-03-31,active,persist,0.977425766520268
2023-03-31,active,ema,0.947876746427023
2023-03-31,active,persist,0.8427293742028885
2023-03-31,active,ema,0.7163070250493074
2023-03-31,active,persist,1.0
2023-03-31,active,ema,1.0
2023-03-31,active,persist,0.9715804229766457
2023-03-31,active,ema,0.953615923298443
2023-03-31,active,persist,0.9731673509588498
2023-03-31,active,ema,0.9697472517284351
2023-03-31,active,persist,0.9578317140992489
2023-03-31,active,ema,0.9586586367633974
2023-03-31,active,persist,0.9998344592473816
2023-03-31,active,ema,0.9999366756314874
2023-03-31,active,persist,0.921758351598815
2023-03-31,active,ema,0.8601234995051098
2023-03-31,active,persist,0.9964819341766331
2023-03-31,active,ema,0.9942228750190655
2023-03-31,active,persist,1.0
2023-03-31,active,ema,1.0
2023-03-31,active,persist,0.74262696603126
2023-03-31,active,ema,0.8107770639734287
2023-03-31,active,persist,0.9510718822608921
2023-03-31,active,ema,0.9511994627816622
2023-03-31,active,persist,0.976613832252033
2023-03-31,active,ema,0.9829188457324357
2023-03-31,active,persist,0.8706923147721042
2023-03-31,active,ema,0.8696255869407188
2023-03-31,active,persist,0.9610121473363367
2023-03-31,active,ema,0.9028272607557577
2023-03-31,active,persist,0.9545314864239137
2023-03-31,active,ema,0.9687900002921984
2023-03-31,active,persist,0.8929171749686944
2023-03-31,active,ema,0.8822582497372943
2023-03-31,active,persist,0.9999981835189122
2023-03-31,active,ema,0.9999981835189122
2023-03-31,active,persist,0.9392808677750913
2023-03-31,active,ema,0.9464814655884116
2023-03-31,active,persist,0.9998628011212098
2023-03-31,active,ema,0.9998628011212098
2023-03-31,active,persist,0.94208860884005
2023-03-31,active,ema,0.9407765751449872
2023-03-31,active,persist,0.948931515286308
2023-03-31,active,ema,0.948931515286308
2023-03-31,active,persist,0.9869697449734021
2023-03-31,active,ema,0.9830965080026547
2023-03-31,active,persist,0.6200973616688301
2023-03-31,active,ema,0.8286719914322611
2023-03-31,active,persist,0.9353956842088099
2023-03-31,active,ema,0.9353956842088099
2023-03-31,active,persist,0.9096108642532134
2023-03-31,active,ema,0.9118692300760031
2023-03-31,active,persist,0.9773518808535562
2023-03-31,active,ema,0.9802611595280363
2023-06-30,active,persist,0.9998171049665562
2023-06-30,active,ema,0.9994176339129859
2023-06-30,active,persist,0.995636846291594
2023-06-30,active,ema,0.9956255489709182
2023-06-30,active,persist,0.9999681741048476
2023-06-30,active,ema,0.9978541594538876
2023-06-30,active,persist,0.9111609619539346
2023-06-30,active,ema,0.9111609619539346
2023-06-30,active,persist,0.8143485731814498
2023-06-30,active,ema,0.8177470263781165
2023-06-30,active,persist,0.9670622895984671
2023-06-30,active,ema,0.9668807086044398
2023-06-30,active,persist,0.9729793698326636
2023-06-30,active,ema,0.9435414429264236
2023-06-30,active,persist,0.3422661249230666
2023-06-30,active,ema,0.30421748755234457
2023-06-30,active,persist,0.9884551543681482
2023-06-30,active,ema,0.9875954702882533
2023-06-30,active,persist,0.9980901626427614
2023-06-30,active,ema,0.998680501530651
2023-06-30,active,persist,0.9884872853929387
2023-06-30,active,ema,0.9858035491910008
2023-06-30,active,persist,0.9966038048871799
2023-06-30,active,ema,0.997465485188859
2023-06-30,active,persist,0.9850449152782804
2023-06-30,active,ema,0.9850449152782804
2023-06-30,active,persist,0.9853212365493124
2023-06-30,active,ema,0.9853212365493124
2023-06-30,active,persist,0.9839537926668213
2023-06-30,active,ema,0.9928791390639116
2023-06-30,active,persist,0.9730647724403967
2023-06-30,active,ema,0.9732867558344533
2023-06-30,active,persist,0.9994317517717558
2023-06-30,active,ema,0.9968338722246186
2023-06-30,active,persist,0.9970065497049548
2023-06-30,active,ema,0.9963378541805503
2023-06-30,active,persist,0.9598258510768565
2023-06-30,active,ema,0.9644636339843426
2023-06-30,active,persist,0.9817523648595607
2023-06-30,active,ema,0.9796918599567128
2023-06-30,active,persist,0.9962646471391152
2023-06-30,active,ema,0.9827816029144593
2023-06-30,active,persist,0.5013503116013845
2023-06-30,active,ema,0.5013503116013845
2023-06-30,active,persist,0.977665159603307
2023-06-30,active,ema,0.9532925324306187
2023-06-30,active,persist,0.9728240488236035
2023-06-30,active,ema,0.982607184952937
2023-06-30,active,persist,0.9977017098149038
2023-06-30,active,ema,0.9947761342589972
2023-06-30,active,persist,0.9364269127159169
2023-06-30,active,ema,0.9537776324842189
2023-06-30,active,persist,0.9966473094706331
2023-06-30,active,ema,0.9852971474679663
2023-06-30,active,persist,0.9905204806939955
2023-06-30,active,ema,0.9905204806939955
2023-06-30,active,persist,0.8842344140709546
2023-06-30,active,ema,0.8828495872007418
2023-06-30,active,persist,0.999419271637694
2023-06-30,active,ema,0.9992542912539947
2023-06-30,active,persist,0.9999478846696742
2023-06-30,active,ema,0.9999478846696742
2023-06-30,active,persist,0.9999918873955165
2023-06-30,active,ema,0.9999918873955165
2023-06-30,active,persist,0.9890519160636445
2023-06-30,active,ema,0.9879911218070369
2023-06-30,active,persist,0.9619913611342862
2023-06-30,active,ema,0.8669109155897229
2023-06-30,active,persist,0.9989119274178978
2023-06-30,active,ema,0.9995896665096101
2023-06-30,active,persist,0.9630963091391671
2023-06-30,active,ema,0.9611422525032287
2023-06-30,active,persist,0.9999644976883753
2023-06-30,active,ema,0.9997655902512441
2023-06-30,active,persist,0.9481330098319523
2023-06-30,active,ema,0.9360078532349582
2023-06-30,active,persist,0.7957770375944089
2023-06-30,active,ema,0.7943540147774738
2023-06-30,active,persist,0.9962628422118915
2023-06-30,active,ema,0.9772049488394398
2023-06-30,active,persist,0.99753271238141
2023-06-30,active,ema,0.9964933275717364
2023-06-30,active,persist,0.9670785179699798
2023-06-30,active,ema,0.9450808154214931
2023-06-30,active,persist,0.9999297518049324
2023-06-30,active,ema,0.9999297518049324
2023-06-30,active,persist,0.9999038533761513
2023-06-30,active,ema,1.0
2023-06-30,active,persist,0.9983604769934538
2023-06-30,active,ema,0.9693525392954145
2023-06-30,active,persist,0.9953148002239247
2023-06-30,active,ema,0.9698736214302374
2023-06-30,active,persist,1.0
2023-06-30,active,ema,0.9921485485733147
2023-06-30,active,persist,0.9902402686693619
2023-06-30,active,ema,0.9870333993118329
2023-06-30,active,persist,0.9969311033413012
2023-06-30,active,ema,0.9966075925234232
2023-06-30,active,persist,0.9868397638252953
2023-06-30,active,ema,0.9902816779828932
2023-06-30,active,persist,0.9994859212234193
2023-06-30,active,persist,0.9201214572308409
2023-06-30,active,ema,0.9201214572308409
2023-06-30,active,persist,0.8117993402572041
2023-06-30,active,ema,0.7664855483338361
2023-06-30,active,persist,0.9999867585756047
2023-06-30,active,ema,0.9999817984070858
2023-06-30,active,persist,0.6958090002870924
2023-06-30,active,ema,0.6539810978700824
2023-06-30,active,persist,0.9921890557981881
2023-06-30,active,ema,0.986677572276174
2023-06-30,active,persist,0.5008578360358936
2023-06-30,active,ema,0.4984188193177239
2023-06-30,active,persist,0.9945123656783856
2023-06-30,active,ema,0.9895970289469528
2023-06-30,active,persist,0.9923891664283867
2023-06-30,active,ema,0.9923886423970529
2023-06-30,active,persist,0.9993175973846679
2023-06-30,active,ema,0.9993175973846679
2023-06-30,active,persist,0.8299604678765764
2023-06-30,active,ema,0.6637940038361148
2023-06-30,active,persist,0.9733734105438453
2023-06-30,active,ema,0.9733734105438453
2023-06-30,active,persist,0.8908883195460743
2023-06-30,active,ema,0.8933221350876375
2023-06-30,active,persist,0.9928705882625756
2023-06-30,active,ema,0.993674646076641
2023-06-30,active,persist,0.9878466304086372
2023-06-30,active,ema,0.9858026020717942
2023-06-30,active,persist,0.9561589083555558
2023-06-30,active,ema,0.9483940111245388
2023-06-30,active,persist,0.6588652603727103
2023-06-30,active,ema,0.6087416738544924
2023-06-30,active,persist,0.9008306437197804
2023-06-30,active,ema,0.8902084646305319
2023-06-30,active,persist,0.9697096259393672
2023-06-30,active,ema,0.968493767267592
2023-06-30,active,persist,0.9497012478606229
2023-06-30,active,ema,0.9497012478606229
2023-06-30,active,persist,0.11759405611922859
2023-06-30,active,ema,0.12109106644393314
2023-06-30,active,persist,0.9563245944588054
2023-06-30,active,ema,0.9518246758153108
2023-06-30,active,persist,0.8969115228539347
2023-06-30,active,ema,0.8390417224272562
2023-06-30,active,persist,0.9986320948388305
2023-06-30,active,ema,0.9986320948388305
2023-06-30,active,persist,0.9800345222680417
2023-06-30,active,ema,0.9664065736603848
2023-06-30,active,persist,0.9120214940215768
2023-06-30,active,ema,0.9201934390852683
2023-06-30,active,persist,0.9606324285013438
2023-06-30,active,ema,0.9423221349399115
2023-06-30,active,persist,0.9997655405726167
2023-06-30,active,ema,0.9992238226106577
2023-06-30,active,persist,0.9898330103382977
2023-06-30,active,ema,0.9849531975190912
2023-06-30,active,persist,0.961685780131908
2023-06-30,active,ema,0.9613234178354397
2023-06-30,active,persist,0.999924322805589
2023-06-30,active,ema,0.999924322805589
2023-06-30,active,persist,0.5070912840070056
2023-06-30,active,ema,0.5703328707481747
2023-06-30,active,persist,0.9759921318657523
2023-06-30,active,ema,0.9764176946413294
2023-06-30,active,persist,0.9959227891699266
2023-06-30,active,ema,0.9969882431262516
2023-06-30,active,persist,0.8036091131860948
2023-06-30,active,ema,0.8332208744442728
2023-06-30,active,persist,0.9637067531717605
2023-06-30,active,ema,0.9646636995003915
2023-06-30,active,persist,0.9657856828667492
2023-06-30,active,ema,0.9660855011507584
2023-06-30,active,persist,0.899686380276963
2023-06-30,active,ema,0.8857516977717383
2023-06-30,active,persist,0.9999991572412291
2023-06-30,active,ema,0.9999991572412291
2023-06-30,active,persist,0.9957152255048607
2023-06-30,active,ema,0.997074876591596
2023-06-30,active,persist,0.9958115551079715
2023-06-30,active,ema,0.9987246203677803
2023-06-30,active,persist,0.9824062669519346
2023-06-30,active,ema,0.937004332104728
2023-06-30,active,persist,0.9951284735419154
2023-06-30,active,ema,0.955034262665112
2023-06-30,active,persist,0.9905083761844179
2023-06-30,active,ema,0.9740092987989647
2023-06-30,active,persist,0.9508101442454518
2023-06-30,active,ema,0.9445225342860415
2023-06-30,active,persist,0.844655863737835
2023-06-30,active,ema,0.8266412364353131
2023-06-30,active,persist,0.7380746013089053
2023-06-30,active,ema,0.9930387591032316
2023-06-30,active,persist,0.9457968378906632
2023-06-30,active,ema,0.9369449647084388
2023-06-30,active,persist,0.9966355321693844
2023-06-30,active,ema,0.9981848206872067
2023-09-30,active,persist,0.9991362406476773
2023-09-30,active,ema,0.9988591770436334
2023-09-30,active,persist,0.9583976584161706
2023-09-30,active,ema,0.959501350058938
2023-09-30,active,persist,0.9998071573100961
2023-09-30,active,ema,0.9997428336334097
2023-09-30,active,persist,0.9824030540124168
2023-09-30,active,persist,0.988866249777547
2023-09-30,active,ema,0.9928872176846332
2023-09-30,active,persist,0.9291425735779698
2023-09-30,active,ema,0.9222434465143166
2023-09-30,active,persist,0.9820772834850398
2023-09-30,active,ema,0.9828694045917633
2023-09-30,active,persist,0.991431460936331
2023-09-30,active,ema,0.9916203773951607
2023-09-30,active,persist,0.2848167139919277
2023-09-30,active,ema,0.28591043090049023
2023-09-30,active,persist,0.9913653929949438
2023-09-30,active,ema,0.9903739401716298
2023-09-30,active,persist,0.9715159261242837
2023-09-30,active,persist,0.9987440761362528
2023-09-30,active,ema,0.998720129236745
2023-09-30,active,persist,0.9750291156585836
2023-09-30,active,ema,0.9765114436562317
2023-09-30,active,persist,0.9393441667266167
2023-09-30,active,ema,0.939164009824995
2023-09-30,active,persist,0.9999796171696437
2023-09-30,active,ema,0.9994664234192178
2023-09-30,active,persist,0.9877459446298473
2023-09-30,active,ema,0.9870735462527587
2023-09-30,active,persist,0.9466192607234782
2023-09-30,active,ema,0.9414707366447145
2023-09-30,active,persist,0.9608813408429021
2023-09-30,active,ema,0.9565736652811702
2023-09-30,active,persist,0.9958311972373057
2023-09-30,active,ema,0.9958014942605007
2023-09-30,active,persist,0.9999569020905291
2023-09-30,active,ema,0.9999569020905291
2023-09-30,active,persist,0.9950481561121737
2023-09-30,active,ema,0.9954201484397335
2023-09-30,active,persist,0.7371541489001908
2023-09-30,active,ema,0.730991295585215
2023-09-30,active,persist,0.9700839187690786
2023-09-30,active,ema,0.9754660936726255
2023-09-30,active,persist,0.9995426492506378
2023-09-30,active,ema,0.9995426492506378
2023-09-30,active,persist,0.983583118369381
2023-09-30,active,ema,0.9819552882338416
2023-09-30,active,persist,0.992088663888962
2023-09-30,active,ema,0.992088663888962
2023-09-30,active,persist,0.9985171243023647
2023-09-30,active,ema,0.9947531562915483
2023-09-30,active,persist,0.9795273597327949
2023-09-30,active,ema,0.9879350233523406
2023-09-30,active,persist,0.9960601446460803
2023-09-30,active,ema,0.9846126505372454
2023-09-30,active,persist,0.8542150775864051
2023-09-30,active,ema,0.8552839065799124
2023-09-30,active,persist,0.9566477963113116
2023-09-30,active,ema,0.9487410353862392
2023-09-30,active,persist,0.995028063073354
2023-09-30,active,ema,0.9958378960937401
2023-09-30,active,persist,0.8849356949387022
2023-09-30,active,ema,0.8849356949387022
2023-09-30,active,persist,0.9999670299056612
2023-09-30,active,ema,0.9999670299056612
2023-09-30,active,persist,0.9725776444301143
2023-09-30,active,ema,0.9756636873184181
2023-09-30,active,persist,0.9560658303593629
2023-09-30,active,ema,0.950637777835716
2023-09-30,active,persist,0.9998916170883736
2023-09-30,active,ema,0.999907818319798
2023-09-30,active,persist,0.9628079670314291
2023-09-30,active,ema,0.9544316730349137
2023-09-30,active,persist,0.851079814171488
2023-09-30,active,ema,0.851079814171488
2023-09-30,active,persist,0.988691799860394
2023-09-30,active,ema,0.9876154990018872
2023-09-30,active,persist,0.844391899704558
2023-09-30,active,ema,0.844391899704558
2023-09-30,active,persist,0.9874057851707851
2023-09-30,active,ema,0.9874057851707851
2023-09-30,active,persist,0.9987653129597761
2023-09-30,active,ema,0.9987653129597761
2023-09-30,active,persist,0.9694736589644134
2023-09-30,active,ema,0.9764095418594839
2023-09-30,active,persist,0.9950463573316664
2023-09-30,active,ema,0.9950463573316664
2023-09-30,active,persist,0.9991220963406449
2023-09-30,active,ema,0.9991220963406449
2023-09-30,active,persist,0.9998366861250679
2023-09-30,active,ema,0.9993074679205045
2023-09-30,active,persist,0.9978074377395083
2023-09-30,active,ema,0.9980367577622099
2023-09-30,active,persist,0.9970616390605302
2023-09-30,active,ema,0.9970616390605302
2023-09-30,active,persist,0.9894144999671137
2023-09-30,active,ema,0.9889529894288542
2023-09-30,active,persist,1.0
2023-09-30,active,ema,0.9993510052395586
2023-09-30,active,persist,0.9645406566704523
2023-09-30,active,ema,0.9638827253946403
2023-09-30,active,persist,0.9606542409049695
2023-09-30,active,ema,0.9606542409049695
2023-09-30,active,persist,0.9491882397590935
2023-09-30,active,ema,0.9463579438941455
2023-09-30,active,persist,0.999963697521541
2023-09-30,active,ema,0.9999571791495108
2023-09-30,active,persist,0.8946451547579063
2023-09-30,active,ema,0.888430592938973
2023-09-30,active,persist,0.9875109256948529
2023-09-30,active,ema,0.988397449304546
2023-09-30,active,persist,0.9948952771466089
2023-09-30,active,ema,0.9780703237517813
2023-09-30,active,persist,0.9921159523689758
2023-09-30,active,ema,0.9943767986769322
2023-09-30,active,persist,0.9999852070899202
2023-09-30,active,ema,0.9987583109361156
2023-09-30,active,persist,0.9656472297861969
2023-09-30,active,ema,0.9688826845996584
2023-09-30,active,persist,0.8310202670120798
2023-09-30,active,ema,0.8370204554335882
2023-09-30,active,persist,0.8976283059158803
2023-09-30,active,ema,0.8867480990079288
2023-09-30,active,persist,0.5479544735485816
2023-09-30,active,ema,0.5577688635068616
2023-09-30,active,persist,0.9897549918539059
2023-09-30,active,ema,0.9886109418946454
2023-09-30,active,persist,0.920913293776223
2023-09-30,active,ema,0.9206551842536018
2023-09-30,active,persist,0.9917177845449281
2023-09-30,active,ema,0.9834883217210274
2023-09-30,active,persist,0.936896101622805
2023-09-30,active,ema,0.8891072371646036
2023-09-30,active,persist,0.9181593462518715
2023-09-30,active,ema,0.8907129173950675
2023-09-30,active,persist,0.8706571597037313
2023-09-30,active,ema,0.8484341614573181
2023-09-30,active,persist,0.7423335577727941
2023-09-30,active,ema,0.7574756269219795
2023-09-30,active,persist,0.4352340083759546
2023-09-30,active,ema,0.4352340083759546
2023-09-30,active,persist,0.9587340086335008
2023-09-30,active,ema,0.9444760206288654
2023-09-30,active,persist,0.47192577202896546
2023-09-30,active,ema,0.46157045302687305
2023-09-30,active,persist,0.9836635364339035
2023-09-30,active,ema,1.0
2023-09-30,active,persist,0.9832865855412417
2023-09-30,active,ema,0.983039893061827
2023-09-30,active,persist,0.9736943309156907
2023-09-30,active,ema,0.978770504083508
2023-09-30,active,persist,0.9117578283439632
2023-09-30,active,ema,0.9120541588649216
2023-09-30,active,persist,0.999992434358592
2023-09-30,active,ema,0.999992434358592
2023-09-30,active,persist,0.9423584996314822
2023-09-30,active,ema,0.9423584996314822
2023-09-30,active,persist,0.9919566197174406
2023-09-30,active,ema,0.9928559488058272
2023-09-30,active,persist,0.9977186154279829
2023-09-30,active,ema,0.9977186154279829
2023-09-30,active,persist,0.8845288445037591
2023-09-30,active,ema,0.821815776982246
2023-09-30,active,persist,0.9763782847189275
2023-09-30,active,ema,0.975519693523636
2023-09-30,active,persist,0.9404970704855891
2023-09-30,active,ema,0.9532572986519474
2023-09-30,active,persist,0.9080449602145607
2023-09-30,active,ema,0.9000108814931876
2023-09-30,active,persist,0.9279833592004817
2023-09-30,active,ema,0.9378821738621785
2023-09-30,active,persist,0.9919130608452806
2023-09-30,active,ema,0.988609312879337
2023-09-30,active,persist,0.9623599755909362
2023-09-30,active,ema,0.9537681072924602
2023-09-30,active,persist,1.0
2023-09-30,active,ema,0.9999954756629303
2023-09-30,active,persist,0.9793412598407032
2023-09-30,active,ema,0.9800964678295511
2023-09-30,active,persist,0.9980580949680241
2023-09-30,active,ema,0.9980580949680241
2023-09-30,active,persist,0.9838838880551406
2023-09-30,active,ema,0.9722496983264016
2023-09-30,active,persist,0.9436022437642638
2023-09-30,active,ema,0.925257445390624
2023-09-30,active,persist,0.9943529786050246
2023-09-30,active,ema,0.9898617199365346
2023-09-30,active,persist,0.9179524346264364
2023-09-30,active,ema,0.9130102825630508
2023-09-30,active,persist,0.9186312404251298
2023-09-30,active,ema,0.8182008525079599
2023-09-30,active,persist,1.0
2023-09-30,active,ema,0.9996593935801199
2023-09-30,active,persist,0.9668743722484113
2023-09-30,active,ema,0.9332317180838471
2023-12-31,active,persist,0.9993242812770389
2023-12-31,active,ema,0.9993242812770389
2023-12-31,active,persist,0.9911040647057135
2023-12-31,active,ema,0.9953975675126969
2023-12-31,active,persist,0.9997960820898361
2023-12-31,active,ema,0.9997031341108626
2023-12-31,active,persist,0.9772137842930202
2023-12-31,active,ema,0.9719171287351193
2023-12-31,active,persist,0.995621297211474
2023-12-31,active,ema,0.9957248943230131
2023-12-31,active,persist,0.8617309849060665
2023-12-31,active,ema,0.8321651154743313
2023-12-31,active,persist,0.9569333239955993
2023-12-31,active,ema,0.9572149915737272
2023-12-31,active,persist,0.9919852070325573
2023-12-31,active,ema,0.98991250550369
2023-12-31,active,persist,0.11782738221257415
2023-12-31,active,ema,0.11131457118267578
2023-12-31,active,persist,0.9903280804807442
2023-12-31,active,ema,0.9865515736407184
2023-12-31,active,persist,0.9829996757847472
2023-12-31,active,ema,0.9845210050310504
2023-12-31,active,persist,0.998679816640982
2023-12-31,active,ema,0.9987446617643984
2023-12-31,active,persist,0.9820160891929622
2023-12-31,active,ema,0.9750081181098529
2023-12-31,active,persist,0.9973071988343915
2023-12-31,active,ema,0.9973424798564429
2023-12-31,active,persist,0.9969781568815127
2023-12-31,active,ema,0.9968114012042241
2023-12-31,active,persist,0.997438715677666
2023-12-31,active,ema,0.9998987587053394
2023-12-31,active,persist,0.9750360025163662
2023-12-31,active,ema,0.9740048620857809
2023-12-31,active,persist,0.965951525022132
2023-12-31,active,ema,0.9666911651294713
2023-12-31,active,persist,0.9997142907805464
2023-12-31,active,ema,0.9996421191821053
2023-12-31,active,persist,0.9974281210920909
2023-12-31,active,ema,0.9974281210920909
2023-12-31,active,persist,0.9998690679806618
2023-12-31,active,ema,0.9996086252223699
2023-12-31,active,persist,0.9591909037167978
2023-12-31,active,ema,0.9343027426954847
2023-12-31,active,persist,0.9967162924302807
2023-12-31,active,ema,0.9932682776435097
2023-12-31,active,persist,0.38279378702628697
2023-12-31,active,ema,0.38279378702628697
2023-12-31,active,persist,0.998119631994962
2023-12-31,active,ema,0.9962692885780096
2023-12-31,active,persist,0.9995314180517216
2023-12-31,active,ema,0.9993258916885067
2023-12-31,active,persist,0.9959454568628342
2023-12-31,active,ema,0.9889789421175008
2023-12-31,active,persist,0.9585891936739921
2023-12-31,active,ema,0.994913932774694
2023-12-31,active,persist,0.9990916621102788
2023-12-31,active,ema,0.9990916621102788
2023-12-31,active,persist,1.0
2023-12-31,active,ema,0.998960746787635
2023-12-31,active,persist,0.9977276821180754
2023-12-31,active,ema,0.9816988646496982
2023-12-31,active,persist,0.9478115374439393
2023-12-31,active,ema,0.976752204740886
2023-12-31,active,persist,0.9983708725056918
2023-12-31,active,ema,0.987158952191687
2023-12-31,active,persist,0.9999436628488145
2023-12-31,active,ema,0.9999552500736034
2023-12-31,active,persist,0.9872048875224291
2023-12-31,active,ema,0.9878980336243031
2023-12-31,active,persist,0.9576397119515635
2023-12-31,active,ema,0.9238555591806644
2023-12-31,active,persist,0.9999139335292379
2023-12-31,active,ema,0.9997078309447662
2023-12-31,active,persist,0.9617580533791026
2023-12-31,active,ema,0.9435519770228628
2023-12-31,active,persist,0.9966237942531393
2023-12-31,active,ema,0.999918897896778
2023-12-31,active,persist,0.9899335059559177
2023-12-31,active,ema,0.9899214451001302
2023-12-31,active,persist,0.7144183917207477
2023-12-31,active,ema,0.6551766938321547
2023-12-31,active,persist,0.9999682678526506
2023-12-31,active,ema,0.9999682678526506
2023-12-31,active,persist,0.9864097973967023
2023-12-31,active,ema,0.9850961027322512
2023-12-31,active,persist,0.3875388013708789
2023-12-31,active,ema,0.36770019425809974
2023-12-31,active,persist,1.0
2023-12-31,active,ema,0.9925327691538957
2023-12-31,active,persist,0.9979505274633049
2023-12-31,active,ema,0.9979505274633049
2023-12-31,active,persist,0.9786373006451581
2023-12-31,active,ema,0.9793190312765379
2023-12-31,active,persist,0.9707690523289718
2023-12-31,active,ema,0.9707690523289718
2023-12-31,active,persist,0.9972259145981172
2023-12-31,active,ema,0.9915749529664662
2023-12-31,active,persist,0.9601378412114772
2023-12-31,active,ema,0.9900610375482362
2023-12-31,active,persist,0.9958349287245969
2023-12-31,active,ema,0.9958349287245969
2023-12-31,active,persist,0.9679904582760179
2023-12-31,active,ema,0.9679904582760179
2023-12-31,active,persist,0.9379182547666793
2023-12-31,active,ema,0.9379182547666793
2023-12-31,active,persist,0.9519348942450918
2023-12-31,active,ema,0.9110324384370294
2023-12-31,active,persist,0.9943737202768763
2023-12-31,active,ema,0.9942846024350706
2023-12-31,active,persist,0.7967931235989157
2023-12-31,active,ema,0.76997048421737
2023-12-31,active,persist,0.9975544417498471
2023-12-31,active,ema,0.9969570468374777
2023-12-31,active,persist,0.9964984308227383
2023-12-31,active,ema,0.9964984308227383
2023-12-31,active,persist,1.0
2023-12-31,active,ema,1.0
2023-12-31,active,persist,0.9910513179121744
2023-12-31,active,ema,0.9668867800951734
2023-12-31,active,persist,0.7401212753909197
2023-12-31,active,ema,0.8104457300093179
2023-12-31,active,persist,0.9111699989135071
2023-12-31,active,ema,0.9017242748952121
2023-12-31,active,persist,0.44439337387091493
2023-12-31,active,ema,0.4516304136214975
2023-12-31,active,persist,0.9961833968515723
2023-12-31,active,ema,0.9960169317923232
2023-12-31,active,persist,0.8990106350363156
2023-12-31,active,ema,0.8902342376507533
2023-12-31,active,persist,0.9981456059116992
2023-12-31,active,ema,0.9989899871122108
2023-12-31,active,persist,0.9386782789710598
2023-12-31,active,ema,0.9581535611503472
2023-12-31,active,persist,0.964091560669865
2023-12-31,active,ema,0.8774596993089238
2023-12-31,active,persist,0.9833262895696897
2023-12-31,active,ema,0.9524270273129722
2023-12-31,active,persist,0.9408790399583118
2023-12-31,active,ema,0.9475972485790456
2023-12-31,active,persist,0.6933363810349475
2023-12-31,active,ema,0.6673658942602098
2023-12-31,active,persist,0.8922441589527896
2023-12-31,active,ema,0.8927355029370776
2023-12-31,active,persist,0.939604706057488
2023-12-31,active,ema,0.9027007131049671
2023-12-31,active,persist,0.9764624470295508
2023-12-31,active,ema,0.9764624470295508
2023-12-31,active,persist,0.9982665340833848
2023-12-31,active,ema,0.9975879162071849
2023-12-31,active,persist,0.9479787704041028
2023-12-31,active,ema,0.9405094839115622
2023-12-31,active,persist,0.9574431421503198
2023-12-31,active,ema,0.97373931683765
2023-12-31,active,persist,0.9998466330914314
2023-12-31,active,ema,0.9997136560079429
2023-12-31,active,persist,0.667220826265542
2023-12-31,active,ema,0.7484960650632415
2023-12-31,active,persist,0.7286508756392145
2023-12-31,active,ema,0.7204060397584007
2023-12-31,active,persist,0.9999230516405215
2023-12-31,active,ema,0.9979982609816952
2023-12-31,active,persist,0.5379473833615971
2023-12-31,active,ema,0.7339053195635706
2023-12-31,active,persist,0.9842528451361962
2023-12-31,active,ema,0.981978051943493
2023-12-31,active,persist,1.0
2023-12-31,active,ema,0.9885571910852771
2023-12-31,active,persist,0.9402397722678674
2023-12-31,active,ema,0.9299318458729698
2023-12-31,active,persist,0.9942360931136434
2023-12-31,active,ema,0.9942378677181063
2023-12-31,active,persist,0.9932278489401503
2023-12-31,active,ema,0.9954677845868835
2023-12-31,active,persist,0.9586281900241506
2023-12-31,active,ema,0.9550651429715229
2023-12-31,active,persist,0.9998942202668032
2023-12-31,active,ema,0.9998942202668032
2023-12-31,active,persist,0.9820220666809029
2023-12-31,active,ema,0.9793046265963402
2023-12-31,active,persist,0.9998368818985256
2023-12-31,active,ema,0.9996997455180071
2023-12-31,active,persist,0.9772020296684626
2023-12-31,active,ema,0.9805404150099758
2023-12-31,active,persist,0.9024000528094451
2023-12-31,active,ema,0.8703235521629089
2023-12-31,active,persist,0.9515846370674493
2023-12-31,active,ema,0.9510731420802911
2023-12-31,active,persist,0.9862179690229986
2023-12-31,active,ema,0.9860556722667065
2023-12-31,active,persist,0.8921227357184106
2023-12-31,active,ema,0.9596423442340332
2023-12-31,active,persist,1.0
2023-12-31,active,ema,1.0
2023-12-31,active,persist,0.8500153580880766
2023-12-31,active,ema,0.8327100603612779
2023-12-31,active,persist,0.9961901447124599
2023-12-31,active,ema,0.9965975435653366
2024-03-31,active,persist,0.9996927027115201
2024-03-31,active,ema,0.9996486590610121
2024-03-31,active,persist,0.9991282119879106
2024-03-31,active,ema,0.9993308667910739
2024-03-31,active,persist,0.9987978578127986
2024-03-31,active,ema,0.9987978578127986
2024-03-31,active,persist,0.9950877007490685
2024-03-31,active,ema,0.9949865344044339
2024-03-31,active,persist,0.9558151165028418
2024-03-31,active,ema,0.9558151165028418
2024-03-31,active,persist,0.99507419461644
2024-03-31,active,ema,0.9930519920697314
2024-03-31,active,persist,0.9862416357747519
2024-03-31,active,ema,0.9650002023776636
2024-03-31,active,persist,0.9747404395319756
2024-03-31,active,ema,0.9755869464213845
2024-03-31,active,persist,0.051317048006878474
2024-03-31,active,ema,0.04373178540281094
2024-03-31,active,persist,0.983620670625513
2024-03-31,active,ema,0.9805328719097595
2024-03-31,active,persist,0.9891735984512015
2024-03-31,active,ema,0.9860978344089534
2024-03-31,active,persist,0.9941691029472666
2024-03-31,active,ema,0.9939837998399472
2024-03-31,active,persist,0.9955246006395336
2024-03-31,active,ema,0.986137552161491
2024-03-31,active,persist,0.9992013759857035
2024-03-31,active,ema,0.9992013759857035
2024-03-31,active,persist,0.9878177434631004
2024-03-31,active,ema,0.9878177434631004
2024-03-31,active,persist,0.9700032849152352
2024-03-31,active,ema,0.9700032849152352
2024-03-31,active,persist,0.9954421324749133
2024-03-31,active,ema,0.994768785813195
2024-03-31,active,persist,0.9819064267786831
2024-03-31,active,ema,0.9593387573416476
2024-03-31,active,persist,0.9997431038004679
2024-03-31,active,ema,0.9994970198501634
2024-03-31,active,persist,0.9954986240500656
2024-03-31,active,ema,0.9954986240500656
2024-03-31,active,persist,0.8389376853896887
2024-03-31,active,ema,0.8389376853896887
2024-03-31,active,persist,0.9028635228234876
2024-03-31,active,ema,0.9832453058191603
2024-03-31,active,persist,0.9963232276786436
2024-03-31,active,ema,0.9960847241124817
2024-03-31,active,persist,0.5397778599428464
2024-03-31,active,ema,0.5397778599428464
2024-03-31,active,persist,0.9870260317970886
2024-03-31,active,ema,0.988028241793174
2024-03-31,active,persist,0.9983100168885242
2024-03-31,active,ema,0.9979581695950549
2024-03-31,active,persist,0.977599845131855
2024-03-31,active,ema,0.977599845131855
2024-03-31,active,persist,0.9475428214474726
2024-03-31,active,ema,0.9465659466129943
2024-03-31,active,persist,0.9938321712160535
2024-03-31,active,ema,0.9938321712160535
2024-03-31,active,persist,0.9982705641620248
2024-03-31,active,ema,0.9982705641620248
2024-03-31,active,persist,0.9882907469620772
2024-03-31,active,ema,0.9897719865982609
2024-03-31,active,persist,0.9946737412418991
2024-03-31,active,ema,0.9946737412418991
2024-03-31,active,persist,0.9986381759912732
2024-03-31,active,ema,0.9986381759912732
2024-03-31,active,persist,0.9999966440593414
2024-03-31,active,ema,0.9999966440593414
2024-03-31,active,persist,0.9523220062850927
2024-03-31,active,ema,0.9890841757244314
2024-03-31,active,persist,0.9205833987679138
2024-03-31,active,ema,0.8828373811937155
2024-03-31,active,persist,0.9981250223275575
2024-03-31,active,ema,0.9981250223275575
2024-03-31,active,persist,0.946832774256678
2024-03-31,active,ema,0.946597667851721
2024-03-31,active,persist,0.9998340667612639
2024-03-31,active,ema,0.9994755277060562
2024-03-31,active,persist,0.9868466473640604
2024-03-31,active,ema,0.9868466473640604
2024-03-31,active,persist,0.8213698005862332
2024-03-31,active,ema,0.8122888646463883
2024-03-31,active,persist,0.977276808316443
2024-03-31,active,ema,0.977276808316443
2024-03-31,active,persist,1.0
2024-03-31,active,ema,0.9988804090016778
2024-03-31,active,persist,0.9539214926089628
2024-03-31,active,persist,0.9082078438312678
2024-03-31,active,ema,0.9111057717098362
2024-03-31,active,persist,1.0
2024-03-31,active,ema,1.0
2024-03-31,active,persist,0.9965376254545879
2024-03-31,active,ema,0.9981952122809061
2024-03-31,active,persist,0.9978694184239604
2024-03-31,active,ema,0.9972270638168508
2024-03-31,active,persist,0.999454321907071
2024-03-31,active,ema,0.9964421681522379
2024-03-31,active,persist,0.9967427101918496
2024-03-31,active,ema,0.9967427101918496
2024-03-31,active,persist,0.8709926442223743
2024-03-31,active,ema,0.8517717108455385
2024-03-31,active,persist,0.9972262360295114
2024-03-31,active,ema,0.9972262360295114
2024-03-31,active,persist,0.9523316789794378
2024-03-31,active,ema,0.9335166502866769
2024-03-31,active,persist,1.0
2024-03-31,active,ema,1.0
2024-03-31,active,persist,0.9682477109941132
2024-03-31,active,ema,0.9622908196108801
2024-03-31,active,persist,0.9996932797588677
2024-03-31,active,ema,0.999620800214748
2024-03-31,active,persist,0.932318503737494
2024-03-31,active,ema,0.9125382219867852
2024-03-31,active,persist,0.9929072636310345
2024-03-31,active,ema,0.9929072636310345
2024-03-31,active,persist,0.9948090539663357
2024-03-31,active,ema,0.9922433554041364
2024-03-31,active,persist,1.0
2024-03-31,active,ema,1.0
2024-03-31,active,persist,0.9672396755631169
2024-03-31,active,ema,0.9597273398154912
2024-03-31,active,persist,0.8147333345948808
2024-03-31,active,ema,0.835981179796422
2024-03-31,active,persist,0.9062579872421557
2024-03-31,active,ema,0.9339475469908186
2024-03-31,active,persist,0.6970323304475339
2024-03-31,active,ema,0.693490079095714
2024-03-31,active,persist,0.9914819373535387
2024-03-31,active,ema,0.9914819373535387
2024-03-31,active,persist,0.9378713500215975
2024-03-31,active,ema,0.933295470712484
2024-03-31,active,persist,0.8538983248293935
2024-03-31,active,ema,0.8632818972863954
2024-03-31,active,persist,0.924887631432343
2024-03-31,active,ema,0.8698215070479386
2024-03-31,active,persist,0.8771027607630205
2024-03-31,active,ema,0.8501437823298195
2024-03-31,active,persist,0.8949340668246958
2024-03-31,active,ema,0.8979986293891951
2024-03-31,active,persist,0.9705693035472736
2024-03-31,active,ema,0.9705693035472736
2024-03-31,active,persist,0.8573149689046509
2024-03-31,active,ema,0.851526563301511
2024-03-31,active,persist,0.9522964259791988
2024-03-31,active,ema,0.9501256143600897
2024-03-31,active,persist,0.9590339326601491
2024-03-31,active,ema,0.9160210860920073
2024-03-31,active,persist,0.991449104348344
2024-03-31,active,ema,0.9708633219592192
2024-03-31,active,persist,0.9982903856354546
2024-03-31,active,ema,0.9994369857907454
2024-03-31,active,persist,0.8881783853672497
2024-03-31,active,ema,0.88077039178472
2024-03-31,active,persist,0.9797937236688886
2024-03-31,active,ema,0.98991944643427
2024-03-31,active,persist,0.9985136907259182
2024-03-31,active,ema,0.9976762711069026
2024-03-31,active,persist,0.9880334877356878
2024-03-31,active,persist,0.8260530402695269
2024-03-31,active,ema,0.8257283049437607
2024-03-31,active,persist,0.9531779620918234
2024-03-31,active,ema,0.9532056439336971
2024-03-31,active,persist,0.9990394547276368
2024-03-31,active,ema,0.9990012629171243
2024-03-31,active,persist,0.7922929060366899
2024-03-31,active,ema,0.8195627945447979
2024-03-31,active,persist,0.962427207518379
2024-03-31,active,ema,0.9855527490593975
2024-03-31,active,persist,0.9925040824266349
2024-03-31,active,ema,0.9925040824266349
2024-03-31,active,persist,0.9569596699798648
2024-03-31,active,ema,0.9598765451062283
2024-03-31,active,persist,0.7803927500985989
2024-03-31,active,ema,0.7743753383968836
2024-03-31,active,persist,0.9765215709753422
2024-03-31,active,ema,0.9747885716013918
2024-03-31,active,persist,0.9968818692922409
2024-03-31,active,ema,0.9993837499470608
2024-03-31,active,persist,0.9999937488806484
2024-03-31,active,ema,0.9988509038241105
2024-03-31,active,persist,0.9997827506468426
2024-03-31,active,persist,0.9972440049004314
2024-03-31,active,ema,0.9923911200384943
2024-03-31,active,persist,0.9967946362727852
2024-03-31,active,ema,0.9967946362727852
2024-03-31,active,persist,0.992419644005075
2024-03-31,active,ema,0.992287845705167
2024-03-31,active,persist,0.9973255489259045
2024-03-31,active,ema,0.9706174066762162
2024-03-31,active,persist,0.9930513364231444
2024-03-31,active,ema,0.987220372324111
2024-03-31,active,persist,0.9994912782022862
2024-03-31,active,ema,0.9984685032751442
2024-03-31,active,persist,0.999522080353273
2024-03-31,active,ema,0.9983655771219216
2024-06-30,active,persist,0.9997013142813806
2024-06-30,active,ema,0.9996591850175075
2024-06-30,active,persist,0.9561243926927895
2024-06-30,active,ema,0.9561243926927895
2024-06-30,active,persist,0.9323647112223921
2024-06-30,active,persist,0.9994618167799324
2024-06-30,active,ema,0.9999653276777207
2024-06-30,active,persist,0.9685615106464986
2024-06-30,active,ema,0.9797953889290937
2024-06-30,active,persist,0.9696671446434044
2024-06-30,active,ema,0.9507576552144613
2024-06-30,active,persist,0.8987762559603831
2024-06-30,active,ema,0.8596974571988822
2024-06-30,active,persist,0.9985017189366187
2024-06-30,active,ema,0.9985916592305883
2024-06-30,active,persist,0.9927942824527497
2024-06-30,active,ema,0.9865676253501293
2024-06-30,active,persist,0.973215642976771
2024-06-30,active,ema,0.9706088626180182
2024-06-30,active,persist,0.9361728226837838
2024-06-30,active,ema,0.9348263367960826
2024-06-30,active,persist,0.9981010425036277
2024-06-30,active,ema,0.9981061842700494
2024-06-30,active,persist,0.9979703484388665
2024-06-30,active,ema,0.997812868388264
2024-06-30,active,persist,0.9922985412158498
2024-06-30,active,ema,0.9918115419428608
2024-06-30,active,persist,0.9934190730432623
2024-06-30,active,ema,0.9934190730432623
2024-06-30,active,persist,0.9857209193719969
2024-06-30,active,ema,0.9857209193719969
2024-06-30,active,persist,0.9860422891613886
2024-06-30,active,ema,0.9858729054409061
2024-06-30,active,persist,0.9820612572128938
2024-06-30,active,ema,0.9818243657459617
2024-06-30,active,persist,0.962518664844751
2024-06-30,active,ema,0.9898307652204116
2024-06-30,active,persist,0.9970415631352454
2024-06-30,active,ema,0.9970415631352454
2024-06-30,active,persist,1.0
2024-06-30,active,ema,1.0
2024-06-30,active,persist,0.931421903640456
2024-06-30,active,ema,0.9186408837081276
2024-06-30,active,persist,0.9233518424269769
2024-06-30,active,ema,0.9233518424269769
2024-06-30,active,persist,0.9287479233633308
2024-06-30,active,ema,0.9245978427490962
2024-06-30,active,persist,0.9999542635229609
2024-06-30,active,ema,0.9999542635229609
2024-06-30,active,persist,0.9611462902922364
2024-06-30,active,ema,0.9608731852187559
2024-06-30,active,persist,0.9761190903037829
2024-06-30,active,ema,0.9771287192568096
2024-06-30,active,persist,0.9871959872701318
2024-06-30,active,ema,0.9909077254144889
2024-06-30,active,persist,0.8850890863197401
2024-06-30,active,ema,0.881845778755435
2024-06-30,active,persist,0.998915135231408
2024-06-30,active,ema,0.998915135231408
2024-06-30,active,persist,0.9893343732790468
2024-06-30,active,ema,0.999961527961489
2024-06-30,active,persist,0.9734931184860527
2024-06-30,active,ema,0.9693924598387279
2024-06-30,active,persist,0.980787394910132
2024-06-30,active,ema,0.9763198983822301
2024-06-30,active,persist,1.0
2024-06-30,active,ema,1.0
2024-06-30,active,persist,0.9994185009377003
2024-06-30,active,ema,0.999415695489349
2024-06-30,active,persist,0.9855628612066607
2024-06-30,active,ema,0.979285510483439
2024-06-30,active,persist,0.9781856854786124
2024-06-30,active,ema,0.9832182752865417
2024-06-30,active,persist,0.998217421266789
2024-06-30,active,ema,0.9987596997127276
2024-06-30,active,persist,0.9448429993154733
2024-06-30,active,ema,0.9557087820508872
2024-06-30,active,persist,0.6632185793697917
2024-06-30,active,ema,0.6632185793697917
2024-06-30,active,persist,0.9996687462182755
2024-06-30,active,ema,0.9996687462182755
2024-06-30,active,persist,0.7636619399457221
2024-06-30,active,ema,0.7552717396949501
2024-06-30,active,persist,1.0
2024-06-30,active,ema,0.9998742844140472
2024-06-30,active,persist,0.9982751946790211
2024-06-30,active,ema,0.9982751946790211
2024-06-30,active,persist,0.9993973091776645
2024-06-30,active,ema,0.9886724367121309
2024-06-30,active,persist,0.8564762400152771
2024-06-30,active,ema,0.8984284979639238
2024-06-30,active,persist,1.0
2024-06-30,active,ema,1.0
2024-06-30,active,persist,0.994409447432754
2024-06-30,active,ema,0.9942745227872963
2024-06-30,active,persist,0.9987018272732137
2024-06-30,active,ema,0.9987334127547318
2024-06-30,active,persist,0.9949089980313937
2024-06-30,active,ema,0.9949089980313937
2024-06-30,active,persist,1.0
2024-06-30,active,ema,1.0
2024-06-30,active,persist,0.998204046555053
2024-06-30,active,persist,0.9549081453012622
2024-06-30,active,persist,0.9905480701317467
2024-06-30,active,persist,0.8736543112691726
2024-06-30,active,ema,0.8706487087266424
2024-06-30,active,persist,0.9999970288687979
2024-06-30,active,ema,0.9999521011947109
2024-06-30,active,persist,0.9392672446490549
2024-06-30,active,ema,0.9440652610137009
2024-06-30,active,persist,0.9979450547929481
2024-06-30,active,persist,0.5476263555158919
2024-06-30,active,ema,0.5476263555158919
2024-06-30,active,persist,0.9846404266131875
2024-06-30,active,ema,0.932185873951899
2024-06-30,active,persist,0.9999261836079181
2024-06-30,active,ema,0.9998845160820071
2024-06-30,active,persist,0.7820391223120969
2024-06-30,active,ema,0.7650176990002895
2024-06-30,active,persist,0.9881998287160135
2024-06-30,active,ema,0.9881998287160135
2024-06-30,active,persist,0.9934356279359824
2024-06-30,active,ema,0.9906236417166685
2024-06-30,active,persist,0.9893520354940469
2024-06-30,active,ema,0.9893520354940469
2024-06-30,active,persist,0.9608596734465507
2024-06-30,active,ema,0.9553612699280526
2024-06-30,active,persist,0.9170805485175308
2024-06-30,active,ema,0.9170805485175308
2024-06-30,active,persist,0.9644686467410324
2024-06-30,active,ema,0.9116459252422437
2024-06-30,active,persist,0.9957261539933324
2024-06-30,active,ema,0.9927954934385127
2024-06-30,active,persist,0.9776250738239376
2024-06-30,active,ema,0.9464095992935433
2024-06-30,active,persist,0.9663522153452934
2024-06-30,active,ema,0.9658985757158935
2024-06-30,active,persist,0.8980395254452022
2024-06-30,active,ema,0.9175517471605723
2024-06-30,active,persist,0.9235957167452326
2024-06-30,active,ema,0.9032381309660633
2024-06-30,active,persist,0.8654119812690282
2024-06-30,active,ema,0.9232082064813821
2024-06-30,active,persist,0.9969572674304448
2024-06-30,active,ema,1.0
2024-06-30,active,persist,0.601726528290618
2024-06-30,active,ema,0.6074944651104301
2024-06-30,active,persist,0.9700470826057042
2024-06-30,active,ema,0.9700470826057042
2024-06-30,active,persist,0.9788982299114759
2024-06-30,active,ema,0.9862184152668348
2024-06-30,active,persist,0.9930189924920172
2024-06-30,active,ema,0.9911063518584672
2024-06-30,active,persist,0.9995721649082793
2024-06-30,active,ema,0.9996863207927612
2024-06-30,active,persist,0.8970619899917525
2024-06-30,active,ema,0.8896712147743367
2024-06-30,active,persist,0.9785521599067485
2024-06-30,active,ema,0.9088880841067873
2024-06-30,active,persist,0.9964373440319438
2024-06-30,active,ema,0.9977114966055838
2024-06-30,active,persist,0.9982184443766247
2024-06-30,active,ema,0.9979703425556966
2024-06-30,active,persist,0.9573964091533541
2024-06-30,active,ema,0.9484961309024291
2024-06-30,active,persist,0.9953107801455114
2024-06-30,active,ema,0.9906873885004123
2024-06-30,active,persist,1.0
2024-06-30,active,ema,0.9999700532667679
2024-06-30,active,persist,0.7861196196834478
2024-06-30,active,ema,0.8074111480161892
2024-06-30,active,persist,0.9975906736929614
2024-06-30,active,ema,0.9994591503376766
2024-06-30,active,persist,0.9956949836830582
2024-06-30,active,ema,0.9956949836830582
2024-06-30,active,persist,0.9859394844556026
2024-06-30,active,ema,0.9755534012011707
2024-06-30,active,persist,0.9698126946898802
2024-06-30,active,ema,0.963436172958572
2024-06-30,active,persist,0.997164380548424
2024-06-30,active,ema,0.9953089428819735
2024-06-30,active,persist,0.9959709360146186
2024-06-30,active,ema,0.9913494217895943
2024-06-30,active,persist,0.999999335104531
2024-06-30,active,ema,1.0
2024-06-30,active,persist,0.9994180560616495
2024-06-30,active,ema,0.9994180560616495
2024-06-30,active,persist,0.9980004903979149
2024-06-30,active,ema,0.9980004903979149
2024-06-30,active,persist,0.9645720676065415
2024-06-30,active,ema,0.9645720676065415
2024-06-30,active,persist,0.9398936517514417
2024-06-30,active,ema,0.9177432839669143
2024-09-30,active,persist,0.9999522737568627
2024-09-30,active,ema,0.9999446363114285
2024-09-30,active,persist,0.9801078196104908
2024-09-30,active,ema,0.9808148076946615
2024-09-30,active,persist,0.9854990122416842
2024-09-30,active,ema,0.9694209878080847
2024-09-30,active,persist,0.9998693852517153
2024-09-30,active,ema,0.9999350407149542
2024-09-30,active,persist,0.9406331915302867
2024-09-30,active,persist,0.9961689140582971
2024-09-30,active,ema,0.9930726897371611
2024-09-30,active,persist,0.994874619766797
2024-09-30,active,ema,0.9859017666024489
2024-09-30,active,persist,0.9995015971456596
2024-09-30,active,ema,0.9902110170625807
2024-09-30,active,persist,0.9995189352236079
2024-09-30,active,ema,0.9992821286793175
2024-09-30,active,persist,0.9732117117146174
2024-09-30,active,ema,0.98510188135139
2024-09-30,active,persist,0.9520771055646595
2024-09-30,active,ema,0.9299992738374416
2024-09-30,active,persist,0.9993570472622842
2024-09-30,active,ema,0.9954752641302618
2024-09-30,active,persist,0.9798290985015945
2024-09-30,active,ema,0.9797507266267839
2024-09-30,active,persist,0.9643331459045892
2024-09-30,active,ema,0.9643331459045892
2024-09-30,active,persist,0.9915320728595597
2024-09-30,active,ema,0.9939093117271804
2024-09-30,active,persist,0.9992976501802003
2024-09-30,active,ema,0.9976469235865086
2024-09-30,active,persist,0.9982693718723282
2024-09-30,active,ema,0.9982630094898474
2024-09-30,active,persist,0.993300119025067
2024-09-30,active,ema,0.9985009860556654
2024-09-30,active,persist,0.9934715349406352
2024-09-30,active,ema,0.9912603222964085
2024-09-30,active,persist,0.9697166830278572
2024-09-30,active,ema,0.9607835347615492
2024-09-30,active,persist,0.9925477087562862
2024-09-30,active,ema,0.9924034631239702
2024-09-30,active,persist,0.9915398704702346
2024-09-30,active,ema,0.9915398704702346
2024-09-30,active,persist,0.9378295119859976
2024-09-30,active,ema,0.9456911703204048
2024-09-30,active,persist,0.9714410609848723
2024-09-30,active,ema,0.9539294643284634
2024-09-30,active,persist,0.9634494370452453
2024-09-30,active,ema,0.9829491043260506
2024-09-30,active,persist,0.9988245166654237
2024-09-30,active,ema,0.9990744281842313
2024-09-30,active,persist,0.9655842379686813
2024-09-30,active,ema,0.969259436500147
2024-09-30,active,persist,0.9784886037213556
2024-09-30,active,ema,0.985823269609814
2024-09-30,active,persist,0.9960997274826493
2024-09-30,active,ema,0.9960997274826493
2024-09-30,active,persist,0.911861034237953
2024-09-30,active,ema,0.8910719900423866
2024-09-30,active,persist,0.9861290982624238
2024-09-30,active,ema,0.9861290982624238
2024-09-30,active,persist,0.4408929614384619
2024-09-30,active,ema,0.4408929614384619
2024-09-30,active,persist,0.9971151166046751
2024-09-30,active,ema,0.996626271866374
2024-09-30,active,persist,0.9689974478392382
2024-09-30,active,ema,0.9684484123797811
2024-09-30,active,persist,1.0
2024-09-30,active,ema,1.0
2024-09-30,active,persist,0.9998123956817616
2024-09-30,active,ema,0.995447631573313
2024-09-30,active,persist,0.9974424219030079
2024-09-30,active,ema,0.9971738525051882
2024-09-30,active,persist,0.9246201693003976
2024-09-30,active,ema,0.9372841613885797
2024-09-30,active,persist,0.9994923682763489
2024-09-30,active,ema,0.9994831826716928
2024-09-30,active,persist,0.9834394474871951
2024-09-30,active,ema,0.9821038257287068
2024-09-30,active,persist,0.9997919729138488
2024-09-30,active,ema,0.9717167405513655
2024-09-30,active,persist,0.9924801596771543
2024-09-30,active,ema,0.9928288237184048
2024-09-30,active,persist,0.7697768363593562
2024-09-30,active,ema,0.6901336485674906
2024-09-30,active,persist,0.9994594850113752
2024-09-30,active,ema,0.9994594850113752
2024-09-30,active,persist,0.9921587113960856
2024-09-30,active,ema,0.9990537512339641
2024-09-30,active,persist,0.9984320881134604
2024-09-30,active,ema,0.9999647651642151
2024-09-30,active,persist,0.9009098679540134
2024-09-30,active,ema,0.9026295744716196
2024-09-30,active,persist,1.0
2024-09-30,active,ema,1.0
2024-09-30,active,persist,0.9878979296256493
2024-09-30,active,ema,0.9965666268794615
2024-09-30,active,persist,0.9909748216508439
2024-09-30,active,ema,0.9909748216508439
2024-09-30,active,persist,0.9943367462981353
2024-09-30,active,ema,0.9989539209665063
2024-09-30,active,persist,0.7298713696083988
2024-09-30,active,ema,0.7298713696083988
2024-09-30,active,persist,1.0
2024-09-30,active,ema,0.9993287670900867
2024-09-30,active,persist,0.9805335602772394
2024-09-30,active,ema,0.9806368744473329
2024-09-30,active,persist,0.9934359558194896
2024-09-30,active,ema,0.9918026200282661
2024-09-30,active,persist,0.9671357597305061
2024-09-30,active,ema,0.9409979569650351
2024-09-30,active,persist,0.9989200291770103
2024-09-30,active,ema,0.9989224734629533
2024-09-30,active,persist,0.9913198607989009
2024-09-30,active,ema,0.9874142524450122
2024-09-30,active,persist,0.9739341417476132
2024-09-30,active,ema,0.9739341417476132
2024-09-30,active,persist,0.9871493679858363
2024-09-30,active,ema,0.9871493679858363
2024-09-30,active,persist,0.982247954713831
2024-09-30,active,ema,0.9741081968163376
2024-09-30,active,persist,0.9996835907413765
2024-09-30,active,ema,0.999602728256811
2024-09-30,active,persist,0.9977968723662917
2024-09-30,active,ema,0.9844268227908749
2024-09-30,active,persist,0.922398262452126
2024-09-30,active,ema,0.9130463663192188
2024-09-30,active,persist,0.9549533945074632
2024-09-30,active,ema,0.955170456949669
2024-09-30,active,persist,0.9986446377494576
2024-09-30,active,ema,0.9981196549424918
2024-09-30,active,persist,0.9924912335456627
2024-09-30,active,ema,0.9846658418225811
2024-09-30,active,persist,0.8939129686188821
2024-09-30,active,ema,0.9025523953975341
2024-09-30,active,persist,0.6473087982649363
2024-09-30,active,persist,0.8249861829844397
2024-09-30,active,ema,0.8588611200326003
2024-09-30,active,persist,0.9938295823037658
2024-09-30,active,ema,0.9941945850460856
2024-09-30,active,persist,0.9437435518522902
2024-09-30,active,ema,0.9347670824811608
2024-09-30,active,persist,1.0
2024-09-30,active,ema,0.9997454479951713
2024-09-30,active,persist,0.6712794695265832
2024-09-30,active,ema,0.6592132295053476
2024-09-30,active,persist,0.8122000035937026
2024-09-30,active,ema,0.7804629791243132
2024-09-30,active,persist,0.9279216994538345
2024-09-30,active,ema,0.9075771177207599
2024-09-30,active,persist,0.9999578258702356
2024-09-30,active,ema,0.9999578258702356
2024-09-30,active,persist,0.8710630799462231
2024-09-30,active,ema,0.8257926828372109
2024-09-30,active,persist,0.9698764481636736
2024-09-30,active,ema,0.9592469220118425
2024-09-30,active,persist,0.9438446968200859
2024-09-30,active,ema,0.9344851443790662
2024-09-30,active,persist,0.987609900308044
2024-09-30,active,ema,0.9835917787971354
2024-09-30,active,persist,0.9831082559414075
2024-09-30,active,ema,0.9831082559414075
2024-09-30,active,persist,0.9279254009006891
2024-09-30,active,ema,0.9083558458706589
2024-09-30,active,persist,0.9652744179776191
2024-09-30,active,ema,0.9637922289953498
2024-09-30,active,persist,0.9996725610399873
2024-09-30,active,ema,0.999673947115139
2024-09-30,active,persist,0.9806029551933979
2024-09-30,active,ema,0.9816706562288178
2024-09-30,active,persist,0.970238816113427
2024-09-30,active,ema,0.9708037756788325
2024-09-30,active,persist,0.98467250804322
2024-09-30,active,ema,0.9843140417425034
2024-09-30,active,persist,1.0
2024-09-30,active,ema,1.0
2024-09-30,active,persist,0.8220778209227505
2024-09-30,active,ema,0.8111268854365811
2024-09-30,active,persist,0.9932920936597404
2024-09-30,active,ema,0.988405087900937
2024-09-30,active,persist,1.0
2024-09-30,active,ema,0.9942876685791774
2024-09-30,active,persist,0.34934713858522154
2024-09-30,active,ema,0.34280255688049516
2024-09-30,active,persist,0.9924294552667454
2024-09-30,active,ema,0.9912701191070908
2024-09-30,active,persist,0.97661562203578
2024-09-30,active,ema,0.9772637772227734
2024-09-30,active,persist,0.9827048946170646
2024-09-30,active,ema,0.953150047697584
2024-09-30,active,persist,0.9999884747882406
2024-09-30,active,ema,0.9999909767025371
2024-09-30,active,persist,0.9999280243934405
2024-09-30,active,ema,0.9999609426529781
2024-09-30,active,persist,0.9873150502508434
2024-09-30,active,ema,0.9889795260653746
2024-12-31,active,persist,0.9997876347953604
2024-12-31,active,ema,0.9996051989265082
2024-12-31,active,persist,0.9917117755842955
2024-12-31,active,ema,0.9928305173367105
2024-12-31,active,persist,0.9720724829023822
2024-12-31,active,ema,0.9720724829023822
2024-12-31,active,persist,0.9985444858338329
2024-12-31,active,ema,0.9984621467751966
2024-12-31,active,persist,0.9334182274807553
2024-12-31,active,ema,0.9050924916025244
2024-12-31,active,persist,0.9832342101011632
2024-12-31,active,ema,0.9919540176665761
2024-12-31,active,persist,0.8948276644594961
2024-12-31,active,ema,0.8908566175208047
2024-12-31,active,persist,0.9530640046766284
2024-12-31,active,ema,0.9526322818111621
2024-12-31,active,persist,0.9929760811421976
2024-12-31,active,ema,0.9949580791368031
2024-12-31,active,persist,0.9932563665192912
2024-12-31,active,ema,0.9841984561431232
2024-12-31,active,persist,0.9193618259442632
2024-12-31,active,ema,0.919991746329684
2024-12-31,active,persist,0.5808454558633517
2024-12-31,active,ema,0.5802661635337308
2024-12-31,active,persist,0.8216207053338799
2024-12-31,active,ema,0.8199745810840459
2024-12-31,active,persist,0.9965103240212361
2024-12-31,active,ema,0.995992844441075
2024-12-31,active,persist,0.9925276637980696
2024-12-31,active,ema,0.9929097245585341
2024-12-31,active,persist,0.9978603127864217
2024-12-31,active,ema,0.9974038965720311
2024-12-31,active,persist,0.9852213903378971
2024-12-31,active,ema,0.9852213903378971
2024-12-31,active,persist,0.863509691430274
2024-12-31,active,ema,0.8562728463958466
2024-12-31,active,persist,0.9873180171278363
2024-12-31,active,ema,0.989347659426997
2024-12-31,active,persist,0.9785304207668596
2024-12-31,active,ema,0.9696397217169088
2024-12-31,active,persist,0.9986762885311854
2024-12-31,active,ema,0.9981011326709563
2024-12-31,active,persist,1.0
2024-12-31,active,ema,1.0
2024-12-31,active,persist,0.9938598118791605
2024-12-31,active,ema,0.9977233725808963
2024-12-31,active,persist,0.6325042901199857
2024-12-31,active,ema,0.6325042901199857
2024-12-31,active,persist,0.9330251036891374
2024-12-31,active,ema,0.9442361379691433
2024-12-31,active,persist,0.9974289608065086
2024-12-31,active,ema,0.9974289608065086
2024-12-31,active,persist,0.920934062718105
2024-12-31,active,ema,0.9272386267933355
2024-12-31,active,persist,0.9207475062984795
2024-12-31,active,ema,0.9242363308081476
2024-12-31,active,persist,0.9762286658188318
2024-12-31,active,ema,0.974776528355578
2024-12-31,active,persist,0.940178974024379
2024-12-31,active,ema,0.9530073409264962
2024-12-31,active,persist,0.995196880390118
2024-12-31,active,ema,0.995196880390118
2024-12-31,active,persist,0.9927887189636184
2024-12-31,active,persist,1.0
2024-12-31,active,ema,1.0
2024-12-31,active,persist,0.9741956124341875
2024-12-31,active,ema,0.9741956124341875
2024-12-31,active,persist,0.9674784088849238
2024-12-31,active,ema,0.9691573105680868
2024-12-31,active,persist,1.0
2024-12-31,active,ema,1.0
2024-12-31,active,persist,0.9977923886702709
2024-12-31,active,ema,0.9977923886702709
2024-12-31,active,persist,0.9801100087304633
2024-12-31,active,ema,0.9682681205817211
2024-12-31,active,persist,0.9783456722751703
2024-12-31,active,ema,0.9791312608131527
2024-12-31,active,persist,0.9993145806013785
2024-12-31,active,ema,0.9993145806013785
2024-12-31,active,persist,0.9591083992753108
2024-12-31,active,ema,0.9593248343877894
2024-12-31,active,persist,1.0
2024-12-31,active,ema,1.0
2024-12-31,active,persist,0.9517466994515196
2024-12-31,active,ema,0.9493942797272262
2024-12-31,active,persist,0.6960150994957818
2024-12-31,active,ema,0.6432099841459997
2024-12-31,active,persist,1.0
2024-12-31,active,ema,1.0
2024-12-31,active,persist,0.9988658114926505
2024-12-31,active,ema,0.9988970376122798
2024-12-31,active,persist,0.9803873790277267
2024-12-31,active,ema,0.97332600635211
2024-12-31,active,persist,0.9658914406266769
2024-12-31,active,ema,0.9643668890956709
2024-12-31,active,persist,0.9993996908774384
2024-12-31,active,ema,0.9993996908774384
2024-12-31,active,persist,0.9471812486052493
2024-12-31,active,ema,0.9363289321413204
2024-12-31,active,persist,0.9976637402351871
2024-12-31,active,ema,0.9985907631532096
2024-12-31,active,persist,0.9978972893731701
2024-12-31,active,ema,0.9981839581024161
2024-12-31,active,persist,0.9407300326729753
2024-12-31,active,ema,0.9272336048408538
2024-12-31,active,persist,0.977373609528432
2024-12-31,active,ema,0.977373609528432
2024-12-31,active,persist,0.9636121577566701
2024-12-31,active,ema,0.946798126142807
2024-12-31,active,persist,0.94921621568017
2024-12-31,active,ema,0.9491245376503824
2024-12-31,active,persist,0.9689730095456232
2024-12-31,active,ema,0.9688871304848873
2024-12-31,active,persist,0.9997759612949442
2024-12-31,active,ema,0.999518827341506
2024-12-31,active,persist,0.996355596763119
2024-12-31,active,ema,0.9954900783114498
2024-12-31,active,persist,0.6388236292181202
2024-12-31,active,ema,0.6388236292181202
2024-12-31,active,persist,0.9721692402449649
2024-12-31,active,ema,0.9292438363682562
2024-12-31,active,persist,0.9999634437227235
2024-12-31,active,ema,0.9999295507787368
2024-12-31,active,persist,0.9999227762971523
2024-12-31,active,ema,0.9967085961251453
2024-12-31,active,persist,0.9936188327475642
2024-12-31,active,ema,0.9942739144839265
2024-12-31,active,persist,0.9352374283080284
2024-12-31,active,ema,0.9590834855539252
2024-12-31,active,persist,0.9999044796818459
2024-12-31,active,ema,0.9988132893394119
2024-12-31,active,persist,0.984254926284585
2024-12-31,active,ema,0.9789936427880908
2024-12-31,active,persist,0.8279414778870755
2024-12-31,active,ema,0.7671160991085003
2024-12-31,active,persist,0.9996964399003683
2024-12-31,active,ema,0.8962114385132889
2024-12-31,active,persist,0.09009817804237483
2024-12-31,active,ema,0.08813602470312924
2024-12-31,active,persist,0.7704675593075669
2024-12-31,active,ema,0.7688788202445567
2024-12-31,active,persist,0.9277445373990203
2024-12-31,active,ema,0.921616293943175
2024-12-31,active,persist,0.957935634222955
2024-12-31,active,ema,0.957935634222955
2024-12-31,active,persist,0.8836707641432986
2024-12-31,active,ema,0.88824699897331
2024-12-31,active,persist,0.936825913810882
2024-12-31,active,ema,0.9380549933201042
2024-12-31,active,persist,0.9396452136288975
2024-12-31,active,ema,0.9427291253423631
2024-12-31,active,persist,0.9980238478581341
2024-12-31,active,ema,0.9974446875521187
2024-12-31,active,persist,0.10778712905208042
2024-12-31,active,ema,0.106732782500418
2024-12-31,active,persist,0.9804786107954078
2024-12-31,active,ema,0.9779967662502804
2024-12-31,active,persist,0.9590776194034439
2024-12-31,active,ema,0.9410662574939257
2024-12-31,active,persist,0.9867609457666812
2024-12-31,active,ema,0.9851670565856372
2024-12-31,active,persist,0.9574951213506251
2024-12-31,active,ema,0.9525757611756063
2024-12-31,active,persist,0.8761292160453519
2024-12-31,active,ema,0.8736424883501165
2024-12-31,active,persist,0.9907307170602773
2024-12-31,active,ema,0.990044474182588
2024-12-31,active,persist,0.9948967478882553
2024-12-31,active,ema,0.9948374517425023
2024-12-31,active,persist,0.9946623748789678
2024-12-31,active,ema,0.9904582368032705
2024-12-31,active,persist,0.9876099124180446
2024-12-31,active,ema,0.9791632908151499
2024-12-31,active,persist,0.9968386519679979
2024-12-31,active,ema,0.9968386519679979
2024-12-31,active,persist,0.9999568350191073
2024-12-31,active,ema,0.9999568350191073
2024-12-31,active,persist,0.39827935290707844
2024-12-31,active,ema,0.4151220627408976
2024-12-31,active,persist,0.9838280842753826
2024-12-31,active,ema,0.9831771885779093
2024-12-31,active,persist,0.9999847296881867
2024-12-31,active,ema,0.9999847296881867
2024-12-31,active,persist,0.9684160796818682
2024-12-31,active,ema,0.9600123296570862
2024-12-31,active,persist,0.9928432441646108
2024-12-31,active,ema,0.9832650414240813
2024-12-31,active,persist,0.9797041948563396
2024-12-31,active,ema,0.9800762174556535
2024-12-31,active,persist,0.988585060224637
2024-12-31,active,ema,0.9883740970754769
2024-12-31,active,persist,1.0
2024-12-31,active,ema,1.0
2024-12-31,active,persist,0.9878740867345692
2024-12-31,active,ema,0.9879943184348123
2024-12-31,active,persist,0.9583237198449653
2024-12-31,active,ema,0.9586132244966232
2025-03-31,active,persist,0.9989327500498998
2025-03-31,active,ema,0.9987976821174268
2025-03-31,active,persist,0.9981710801870657
2025-03-31,active,ema,0.9963319075651764
2025-03-31,active,persist,0.9877812029831436
2025-03-31,active,persist,0.9847775427041304
2025-03-31,active,ema,0.9642172628075885
2025-03-31,active,persist,0.9995459313353184
2025-03-31,active,ema,0.9995459313353184
2025-03-31,active,persist,0.8752637139426738
2025-03-31,active,ema,0.8271958488088275
2025-03-31,active,persist,0.9951313175025743
2025-03-31,active,ema,0.99476082163465
2025-03-31,active,persist,0.9941166335309823
2025-03-31,active,ema,0.9122270261931653
2025-03-31,active,persist,0.8738948440558537
2025-03-31,active,ema,0.8753092588296952
2025-03-31,active,persist,0.9949124560209399
2025-03-31,active,ema,0.9883645733803622
2025-03-31,active,persist,0.9945897328262903
2025-03-31,active,ema,0.989332031584585
2025-03-31,active,persist,0.9823003439882161
2025-03-31,active,ema,0.9825509225638607
2025-03-31,active,persist,0.9905577265803033
2025-03-31,active,ema,0.9853562910915874
2025-03-31,active,persist,0.9873438437711858
2025-03-31,active,ema,0.9873438437711858
2025-03-31,active,persist,0.9974538163990712
2025-03-31,active,ema,0.9918719565955032
2025-03-31,active,persist,0.9903180087292451
2025-03-31,active,ema,0.9899320292392513
2025-03-31,active,persist,0.9987263331613719
2025-03-31,active,ema,0.9976293857098486
2025-03-31,active,persist,0.9993655747873252
2025-03-31,active,ema,0.9993655747873252
2025-03-31,active,persist,0.954265551351444
2025-03-31,active,ema,0.961790245655778
2025-03-31,active,persist,0.9941007286711974
2025-03-31,active,ema,0.9968535366817538
2025-03-31,active,persist,0.9855723846136285
2025-03-31,active,ema,0.9777347172791814
2025-03-31,active,persist,0.9965218516312283
2025-03-31,active,ema,0.996533217889252
2025-03-31,active,persist,0.9988757113970166
2025-03-31,active,ema,0.9988757113970166
2025-03-31,active,persist,0.9156065061470535
2025-03-31,active,ema,0.9236744209434297
2025-03-31,active,persist,0.9389136829517034
2025-03-31,active,ema,0.9205110227342931
2025-03-31,active,persist,0.9729772303361602
2025-03-31,active,ema,0.9735031836386048
2025-03-31,active,persist,0.9868243650739853
2025-03-31,active,ema,0.9767441447497832
2025-03-31,active,persist,0.9859771709109486
2025-03-31,active,ema,0.9816141975858229
2025-03-31,active,persist,0.9638417096897461
2025-03-31,active,ema,0.9755890255865285
2025-03-31,active,persist,0.9910239268176716
2025-03-31,active,ema,0.9995684822818006
2025-03-31,active,persist,0.9762212955068786
2025-03-31,active,ema,0.9592109611930529
2025-03-31,active,persist,0.9984263212432917
2025-03-31,active,ema,0.9980894516086151
2025-03-31,active,persist,0.9353131370643735
2025-03-31,active,ema,0.9373406073203292
2025-03-31,active,persist,1.0
2025-03-31,active,ema,1.0
2025-03-31,active,persist,0.9822428071094775
2025-03-31,active,ema,0.9875883691137033
2025-03-31,active,persist,0.9524566805856923
2025-03-31,active,ema,0.9546681225071071
2025-03-31,active,persist,0.9958303803243216
2025-03-31,active,persist,0.9995166142998207
2025-03-31,active,ema,0.9995166142998207
2025-03-31,active,persist,1.0
2025-03-31,active,ema,1.0
2025-03-31,active,persist,0.9880192867437875
2025-03-31,active,ema,0.9877605363438706
2025-03-31,active,persist,0.982586842076695
2025-03-31,active,ema,0.9828541133595339
2025-03-31,active,persist,0.9989580189770286
2025-03-31,active,ema,0.9996206212753684
2025-03-31,active,persist,0.9868755840152557
2025-03-31,active,ema,0.9884213089872987
2025-03-31,active,persist,0.9650538744228109
2025-03-31,active,ema,0.9650538744228109
2025-03-31,active,persist,0.9729293236182421
2025-03-31,active,ema,0.976071166591913
2025-03-31,active,persist,0.7859566825456085
2025-03-31,active,ema,0.7823133269308056
2025-03-31,active,persist,0.9888143043035502
2025-03-31,active,ema,0.9888143043035502
2025-03-31,active,persist,0.9998884910102331
2025-03-31,active,ema,0.9998465936814062
2025-03-31,active,persist,0.9721310962434333
2025-03-31,active,ema,0.972560395751714
2025-03-31,active,persist,0.91695054381749
2025-03-31,active,ema,0.9144924018197208
2025-03-31,active,persist,0.9981287293611452
2025-03-31,active,ema,0.9935056857635917
2025-03-31,active,persist,0.999870680413891
2025-03-31,active,ema,0.990302052425807
2025-03-31,active,persist,0.7444988765521385
2025-03-31,active,persist,0.9911001997777222
2025-03-31,active,ema,0.9910718062577626
2025-03-31,active,persist,0.9999657251106407
2025-03-31,active,ema,0.9963854251434368
2025-03-31,active,persist,0.9996504896897127
2025-03-31,active,ema,0.9889499362056665
2025-03-31,active,persist,0.9959295320014808
2025-03-31,active,ema,0.9710758676324562
2025-03-31,active,persist,0.916749235549666
2025-03-31,active,ema,0.9267611803221298
2025-03-31,active,persist,0.9692298698614207
2025-03-31,active,ema,0.9694368956311353
2025-03-31,active,persist,0.9908409334706351
2025-03-31,active,ema,0.9908409334706351
2025-03-31,active,persist,0.9998671624496868
2025-03-31,active,ema,0.9995942430649056
2025-03-31,active,persist,0.9169250408078358
2025-03-31,active,ema,0.9194691131020475
2025-03-31,active,persist,0.966759332865161
2025-03-31,active,ema,0.966759332865161
2025-03-31,active,persist,0.9730428353559779
2025-03-31,active,ema,0.9627054318076065
2025-03-31,active,persist,0.9999255966523293
2025-03-31,active,ema,0.9999255966523293
2025-03-31,active,persist,0.9700454729410337
2025-03-31,active,ema,0.9696424295096233
2025-03-31,active,persist,0.9844819624692027
2025-03-31,active,ema,0.9697266968162594
2025-03-31,active,persist,0.9416136318253492
2025-03-31,active,ema,0.9374946429070574
2025-03-31,active,persist,1.0
2025-03-31,active,ema,1.0
2025-03-31,active,persist,0.9685072085024541
2025-03-31,active,ema,0.9581567107217294
2025-03-31,active,persist,0.49257592330065614
2025-03-31,active,ema,0.4859149012525201
2025-03-31,active,persist,0.9992286301207873
2025-03-31,active,ema,0.9992286301207873
2025-03-31,active,persist,0.7307533145025236
2025-03-31,active,ema,0.7796741668102973
2025-03-31,active,persist,0.9956960533792446
2025-03-31,active,ema,0.9956322846447412
2025-03-31,active,persist,0.973359101329603
2025-03-31,active,persist,0.9862342271984548
2025-03-31,active,ema,0.9789436410384842
2025-03-31,active,persist,0.9889821947426111
2025-03-31,active,ema,0.988135808031307
2025-03-31,active,persist,0.8730345882952594
2025-03-31,active,ema,0.877575908225876
2025-03-31,active,persist,0.8420123259549726
2025-03-31,active,ema,0.8426342239959825
2025-03-31,active,persist,0.7738171851098655
2025-03-31,active,ema,0.7723901282651777
2025-03-31,active,persist,0.9965561177931404
2025-03-31,active,ema,0.9965561177931404
2025-03-31,active,persist,0.7841900347193028
2025-03-31,active,ema,0.7072203350538823
2025-03-31,active,persist,0.9526270632447582
2025-03-31,active,ema,0.9418716802254078
2025-03-31,active,persist,0.9334707883805485
2025-03-31,active,ema,0.9334656671383014
2025-03-31,active,persist,0.9982540196823558
2025-03-31,active,ema,0.999035396408737
2025-03-31,active,persist,0.8851575042198635
2025-03-31,active,ema,0.8322926781986403
2025-03-31,active,persist,0.9505199389645056
2025-03-31,active,ema,0.9587799899751451
2025-03-31,active,persist,0.9976572470327258
2025-03-31,active,ema,0.9993616604235136
2025-03-31,active,persist,0.9991432299493737
2025-03-31,active,ema,0.9990378113035382
2025-03-31,active,persist,0.7910995294518367
2025-03-31,active,ema,0.7876178039178918
2025-03-31,active,persist,0.9737828129372715
2025-03-31,active,ema,0.9737828129372715
2025-03-31,active,persist,0.9956149981116295
2025-03-31,active,ema,0.996001217731629
2025-03-31,active,persist,0.8205434051825164
2025-03-31,active,ema,0.8099065455669037
2025-03-31,active,persist,0.9822920210997508
2025-03-31,active,ema,0.971178761275394
2025-03-31,active,persist,0.9757998854150299
2025-03-31,active,ema,0.9762730905541098
2025-03-31,active,persist,0.9673167585396533
2025-03-31,active,ema,0.9629338056996569
2025-03-31,active,persist,0.9718089359750862
2025-03-31,active,ema,0.9913470853959455
2025-03-31,active,persist,0.9989454813674224
2025-03-31,active,ema,0.9987895245798883
2025-03-31,active,persist,0.914216237540577
2025-03-31,active,ema,0.9097460261141269
2025-06-30,active,persist,0.9986412872862918
2025-06-30,active,ema,0.9984335902869291
2025-06-30,active,persist,0.9535381830321978
2025-06-30,active,ema,0.9528474120608237
2025-06-30,active,persist,0.967895913881721
2025-06-30,active,ema,0.9755160166621382
2025-06-30,active,persist,0.9999245876371216
2025-06-30,active,ema,0.9959524424854891
2025-06-30,active,persist,0.9980418889694426
2025-06-30,active,ema,0.9998647510270807
2025-06-30,active,persist,0.9751606531909583
2025-06-30,active,ema,0.9322793161129648
2025-06-30,active,persist,0.9518171847766631
2025-06-30,active,ema,0.9518524729899245
2025-06-30,active,persist,0.9985927448211694
2025-06-30,active,ema,0.9982026936545684
2025-06-30,active,persist,0.8865457352311802
2025-06-30,active,ema,0.9113526028566289
2025-06-30,active,persist,0.967553208126245
2025-06-30,active,ema,0.9668098561199573
2025-06-30,active,persist,0.9813468859468114
2025-06-30,active,ema,0.9848423239278735
2025-06-30,active,persist,0.9790871765597597
2025-06-30,active,ema,0.9736006610910621
2025-06-30,active,persist,0.9749827106200243
2025-06-30,active,ema,0.9927300856793831
2025-06-30,active,persist,0.9834263437635845
2025-06-30,active,ema,0.9774971088040207
2025-06-30,active,persist,0.9752827151466178
2025-06-30,active,ema,0.9752827151466178
2025-06-30,active,persist,0.9782092441361598
2025-06-30,active,ema,0.9791904044620493
2025-06-30,active,persist,0.9993002678655166
2025-06-30,active,ema,0.9991345582076828
2025-06-30,active,persist,0.9844690339561337
2025-06-30,active,ema,0.9844690339561337
2025-06-30,active,persist,0.9604630355748992
2025-06-30,active,ema,0.9860896397924265
2025-06-30,active,persist,0.9944476932839176
2025-06-30,active,ema,0.9932689365445725
2025-06-30,active,persist,0.9903888688582968
2025-06-30,active,ema,0.9844545627258579
2025-06-30,active,persist,0.9996676099932235
2025-06-30,active,ema,0.9984420859282584
2025-06-30,active,persist,0.9996161311633067
2025-06-30,active,ema,0.9996161311633067
2025-06-30,active,persist,0.6717026978638679
2025-06-30,active,ema,0.6717026978638679
2025-06-30,active,persist,0.9087813278000626
2025-06-30,active,ema,0.891815762511335
2025-06-30,active,persist,0.7293144256394578
2025-06-30,active,ema,0.7309031599775092
2025-06-30,active,persist,0.9662515358910937
2025-06-30,active,ema,0.9744701015758962
2025-06-30,active,persist,0.9946264701223063
2025-06-30,active,ema,0.9788362344137036
2025-06-30,active,persist,0.9912272873811729
2025-06-30,active,ema,0.9934807834390059
2025-06-30,active,persist,0.9848919123620588
2025-06-30,active,ema,0.9848919123620588
2025-06-30,active,persist,0.9886527243034968
2025-06-30,active,ema,0.9792803882160418
2025-06-30,active,persist,0.9820214408514437
2025-06-30,active,ema,0.9738529825333204
2025-06-30,active,persist,0.9971874208823657
2025-06-30,active,ema,0.995002028672418
2025-06-30,active,persist,0.999989803396659
2025-06-30,active,ema,0.999989803396659
2025-06-30,active,persist,0.9939161043754906
2025-06-30,active,ema,0.9936016120316216
2025-06-30,active,persist,0.9974007584523404
2025-06-30,active,ema,0.9924396158757831
2025-06-30,active,persist,0.9973994269149604
2025-06-30,active,ema,0.9975552834632735
2025-06-30,active,persist,0.994843296511018
2025-06-30,active,ema,0.999989179379268
2025-06-30,active,persist,0.9999032653155244
2025-06-30,active,ema,0.9999032653155244
2025-06-30,active,persist,0.962486545262941
2025-06-30,active,ema,0.962486545262941
2025-06-30,active,persist,0.9783537759274552
2025-06-30,active,ema,0.9854007937263205
2025-06-30,active,persist,0.9996427324130065
2025-06-30,active,ema,0.9996427324130065
2025-06-30,active,persist,0.9927909001412754
2025-06-30,active,ema,0.9898001453462709
2025-06-30,active,persist,0.9784389022152706
2025-06-30,active,ema,0.9767293264268512
2025-06-30,active,persist,0.9955099871728351
2025-06-30,active,ema,0.9943874054575972
2025-06-30,active,persist,0.43909411918730534
2025-06-30,active,ema,0.43909411918730534
2025-06-30,active,persist,0.9987772811062161
2025-06-30,active,ema,1.0
2025-06-30,active,persist,0.9977216694347545
2025-06-30,active,ema,0.9977365724077983
2025-06-30,active,persist,0.9978272505295763
2025-06-30,active,ema,0.9963800183503453
2025-06-30,active,persist,0.8806632436251386
2025-06-30,active,ema,0.8988715990610299
2025-06-30,active,persist,0.9999373357383209
2025-06-30,active,ema,0.9994456893224423
2025-06-30,active,persist,0.9927932635387919
2025-06-30,active,ema,0.9997428324263988
2025-06-30,active,persist,0.7882412973566718
2025-06-30,active,ema,0.7881654636444366
2025-06-30,active,persist,0.6039679970776906
2025-06-30,active,ema,0.6038186729396747
2025-06-30,active,persist,0.996111833418399
2025-06-30,active,ema,0.9957764059624962
2025-06-30,active,persist,0.9940511532598695
2025-06-30,active,ema,0.9940511532598695
2025-06-30,active,persist,0.9540326828373311
2025-06-30,active,ema,0.9540326828373311
2025-06-30,active,persist,0.9368121412121382
2025-06-30,active,ema,0.9358412088083421
2025-06-30,active,persist,0.9189131228574036
2025-06-30,active,ema,0.9142456394361842
2025-06-30,active,persist,0.9948039273083751
2025-06-30,active,ema,0.9941465705716348
2025-06-30,active,persist,0.9999911870510064
2025-06-30,active,ema,0.9999911870510064
2025-06-30,active,persist,0.9475679969474528
2025-06-30,active,ema,0.913002233275462
2025-06-30,active,persist,0.9998980235158985
2025-06-30,active,persist,0.9997952059378756
2025-06-30,active,ema,0.9997952059378756
2025-06-30,active,persist,0.9614063498123598
2025-06-30,active,ema,0.960476676125756
2025-06-30,active,persist,0.9998773369370421
2025-06-30,active,ema,0.9998763985930454
2025-06-30,active,persist,0.9821266903471961
2025-06-30,active,ema,0.980534281257872
2025-06-30,active,persist,0.002342102295947956
2025-06-30,active,ema,0.002342102295947956
2025-06-30,active,persist,1.0
2025-06-30,active,persist,0.9990303732651193
2025-06-30,active,ema,0.9876473131560384
2025-06-30,active,persist,0.9999368346653409
2025-06-30,active,ema,0.9999368346653409
2025-06-30,active,persist,0.9323031219890374
2025-06-30,active,ema,0.8949811519686787
2025-06-30,active,persist,0.5358550684199235
2025-06-30,active,ema,0.5500580337240195
2025-06-30,active,persist,0.9997424500983203
2025-06-30,active,ema,0.9997424500983203
2025-06-30,active,persist,0.9683916645378263
2025-06-30,active,ema,0.9712612075220267
2025-06-30,active,persist,0.9282342574628089
2025-06-30,active,ema,0.9251023520773856
2025-06-30,active,persist,0.9915819842295074
2025-06-30,active,ema,0.9841421712131821
2025-06-30,active,persist,0.8995542041856587
2025-06-30,active,ema,0.8960760877891596
2025-06-30,active,persist,0.9832481240529788
2025-06-30,active,ema,0.976664154747745
2025-06-30,active,persist,0.7827776719999477
2025-06-30,active,ema,0.8003521761664295
2025-06-30,active,persist,0.6744642489968232
2025-06-30,active,ema,0.7437036504820024
2025-06-30,active,persist,0.8643688765302746
2025-06-30,active,ema,0.8054023200631208
2025-06-30,active,persist,0.9960586016384861
2025-06-30,active,ema,0.9945848775060485
2025-06-30,active,persist,0.4429674801112954
2025-06-30,active,ema,0.4356293529321715
2025-06-30,active,persist,0.9697346556585603
2025-06-30,active,ema,0.9787077648554585
2025-06-30,active,persist,0.9800543265467866
2025-06-30,active,ema,0.9796445049035544
2025-06-30,active,persist,0.9439838385431569
2025-06-30,active,ema,0.9470123862121114
2025-06-30,active,persist,0.9302450085270897
2025-06-30,active,ema,0.9217344425051996
2025-06-30,active,persist,0.9305211577479027
2025-06-30,active,ema,0.946193608050775
2025-06-30,active,persist,0.9978734775504746
2025-06-30,active,ema,0.9991229987253367
2025-06-30,active,persist,0.9942424153490705
2025-06-30,active,ema,0.9942424153490705
2025-06-30,active,persist,0.8991281810100954
2025-06-30,active,ema,0.8684098936290416
2025-06-30,active,persist,0.8599995920038234
2025-06-30,active,ema,0.8536595829626139
2025-06-30,active,persist,0.999224433448409
2025-06-30,active,ema,0.9992305959359967
2025-06-30,active,persist,0.8505611544834532
2025-06-30,active,ema,0.8615207282693259
2025-06-30,active,persist,0.9889254809612972
2025-06-30,active,ema,0.9886278526841034
2025-06-30,active,persist,0.9990268526807006
2025-06-30,active,ema,0.9970080244303401
2025-06-30,active,persist,0.9568871320951035
2025-06-30,active,ema,0.9480636877968741
2025-06-30,active,persist,0.9352542590747386
2025-06-30,active,ema,0.9202244473466891
2025-09-30,active,persist,0.9994644636951765
2025-09-30,active,ema,0.9992781931948089
2025-09-30,active,persist,0.9725355318170854
2025-09-30,active,ema,0.9725355318170854
2025-09-30,active,persist,0.042284934415830124
2025-09-30,active,ema,0.0421434769804578
2025-09-30,active,persist,0.7520897085003387
2025-09-30,active,ema,0.7520897085003387
2025-09-30,active,persist,0.9829865915115306
2025-09-30,active,persist,1.0
2025-09-30,active,ema,0.9999415524203702
2025-09-30,active,persist,0.9840011388662573
2025-09-30,active,ema,0.9840011388662573
2025-09-30,active,persist,0.9859585261786995
2025-09-30,active,ema,0.9749751029579086
2025-09-30,active,persist,0.9973478421970334
2025-09-30,active,ema,0.9973478421970334
2025-09-30,active,persist,0.990192011467738
2025-09-30,active,ema,0.9504803395337793
2025-09-30,active,persist,0.9985330256841908
2025-09-30,active,ema,0.9919133197505636
2025-09-30,active,persist,0.9780828541406889
2025-09-30,active,ema,0.9790385923155498
2025-09-30,active,persist,0.0977545045827279
2025-09-30,active,ema,0.09437539049578136
2025-09-30,active,persist,0.9907688797365024
2025-09-30,active,ema,0.9908180906116777
2025-09-30,active,persist,0.9901668268011746
2025-09-30,active,ema,0.9901321772209786
2025-09-30,active,persist,0.3912629199201948
2025-09-30,active,ema,0.35436794938255906
2025-09-30,active,persist,0.9817934093653027
2025-09-30,active,persist,0.9912796795365871
2025-09-30,active,ema,0.9914116256880129
2025-09-30,active,persist,0.9961591126477253
2025-09-30,active,ema,0.9961384276087617
2025-09-30,active,persist,0.9712203109845208
2025-09-30,active,ema,0.9720796562992967
2025-09-30,active,persist,0.9891469608096307
2025-09-30,active,ema,0.984576679042945
2025-09-30,active,persist,0.9937732818959234
2025-09-30,active,ema,0.9937753010055705
2025-09-30,active,persist,0.8640376199901311
2025-09-30,active,ema,0.8470232680118381
2025-09-30,active,persist,0.9269611920037598
2025-09-30,active,ema,0.9267909460759883
2025-09-30,active,persist,0.9997047060305473
2025-09-30,active,ema,0.9983367259576378
2025-09-30,active,persist,0.888523015154853
2025-09-30,active,ema,0.8510232039466603
2025-09-30,active,persist,0.9475867991946708
2025-09-30,active,ema,0.9110697724228982
2025-09-30,active,persist,0.9623353671883479
2025-09-30,active,ema,0.8984351298229887
2025-09-30,active,persist,0.9867572522131509
2025-09-30,active,ema,0.9770534858026677
2025-09-30,active,persist,0.9944940301151791
2025-09-30,active,ema,0.9898172686497448
2025-09-30,active,persist,0.9532981610439628
2025-09-30,active,ema,0.9464414829296754
2025-09-30,active,persist,0.14578574503517655
2025-09-30,active,ema,0.14578574503517655
2025-09-30,active,persist,0.9725881540615738
2025-09-30,active,ema,0.9725881540615738
2025-09-30,active,persist,0.999129802332915
2025-09-30,active,ema,0.9991390730619136
2025-09-30,active,persist,0.9692130097103515
2025-09-30,active,ema,0.9698059291768024
2025-09-30,active,persist,0.8876459583896853
2025-09-30,active,ema,0.8876459583896853
2025-09-30,active,persist,0.9195915220630748
2025-09-30,active,ema,0.9195915220630748
2025-09-30,active,persist,0.9911484611081193
2025-09-30,active,ema,0.9911484611081193
2025-09-30,active,persist,0.9979981793736541
2025-09-30,active,ema,0.9985689428965253
2025-09-30,active,persist,0.9994200758746878
2025-09-30,active,ema,0.9999686118030189
2025-09-30,active,persist,0.9999137747046004
2025-09-30,active,ema,1.0
2025-09-30,active,persist,0.9847546065376923
2025-09-30,active,ema,0.9748945474674419
2025-09-30,active,persist,0.9493187641007513
2025-09-30,active,ema,0.9317221993908101
2025-09-30,active,persist,0.9999910995985237
2025-09-30,active,ema,0.9999910995985237
2025-09-30,active,persist,0.9684494462379271
2025-09-30,active,ema,0.9573508723249581
2025-09-30,active,persist,0.9735135857303993
2025-09-30,active,ema,0.974029880244078
2025-09-30,active,persist,0.997442305610397
2025-09-30,active,ema,0.9997680646638709
2025-09-30,active,persist,0.8430698294213539
2025-09-30,active,ema,0.8413507241927061
2025-09-30,active,persist,0.9999943684310761
2025-09-30,active,ema,0.9999943684310761
2025-09-30,active,persist,0.9984875027748822
2025-09-30,active,ema,0.9981723829668103
2025-09-30,active,persist,0.999940955377392
2025-09-30,active,persist,0.9978547380384712
2025-09-30,active,ema,0.9984258723049433
2025-09-30,active,persist,0.4565305683037792
2025-09-30,active,ema,0.45501121784163345
2025-09-30,active,persist,1.0
2025-09-30,active,ema,1.0
2025-09-30,active,persist,0.9999674001823287
2025-09-30,active,ema,0.9999674001823287
2025-09-30,active,persist,0.6447059383367504
2025-09-30,active,ema,0.6267462663522133
2025-09-30,active,persist,0.9685305030590301
2025-09-30,active,ema,0.796570122628827
2025-09-30,active,persist,0.976673158595004
2025-09-30,active,ema,0.976673158595004
2025-09-30,active,persist,0.99995559702961
2025-09-30,active,ema,0.99995559702961
2025-09-30,active,persist,0.976954204655458
2025-09-30,active,ema,0.9684265368412129
2025-09-30,active,persist,0.9747927561998023
2025-09-30,active,ema,0.9598095349354313
2025-09-30,active,persist,0.986564416945142
2025-09-30,active,ema,0.9830722519029055
2025-09-30,active,persist,0.9440967099739872
2025-09-30,active,ema,0.9444543104894283
2025-09-30,active,persist,0.9999736636293561
2025-09-30,active,ema,0.9999983268256389
2025-09-30,active,persist,0.9583114780681375
2025-09-30,active,ema,0.9504414771630487
2025-09-30,active,persist,0.967814558615627
2025-09-30,active,ema,0.967814558615627
2025-09-30,active,persist,0.9293669800194475
2025-09-30,active,ema,0.9194273836410394
2025-09-30,active,persist,0.9999936529323852
2025-09-30,active,ema,0.9999903746313317
2025-09-30,active,persist,0.9805994107444047
2025-09-30,active,ema,0.9805994107444047
2025-09-30,active,persist,0.9956938287472776
2025-09-30,active,ema,0.9956938287472776
2025-09-30,active,persist,0.7622046279781913
2025-09-30,active,ema,0.7622046279781913
2025-09-30,active,persist,0.9867911141171424
2025-09-30,active,ema,0.9733836240769494
2025-09-30,active,persist,1.0
2025-09-30,active,ema,1.0
2025-09-30,active,persist,0.9616344290002392
2025-09-30,active,ema,0.9937675394407041
2025-09-30,active,persist,0.6483490871227597
2025-09-30,active,ema,0.625058480973503
2025-09-30,active,persist,0.9914006878597907
2025-09-30,active,persist,0.9992509915893479
2025-09-30,active,ema,0.9992509915893479
2025-09-30,active,persist,0.7767864651351664
2025-09-30,active,ema,0.7662731294629026
2025-09-30,active,persist,0.6896600905032553
2025-09-30,active,ema,0.7193421098022171
2025-09-30,active,persist,0.9993435389373668
2025-09-30,active,ema,0.9993435389373668
2025-09-30,active,persist,0.9392926940938253
2025-09-30,active,ema,0.9360367363792103
2025-09-30,active,persist,1.0
2025-09-30,active,ema,0.9983835435861852
2025-09-30,active,persist,0.7115859716549913
2025-09-30,active,ema,0.6836790977857361
2025-09-30,active,persist,0.9979938768208771
2025-09-30,active,ema,0.9947947913865188
2025-09-30,active,persist,0.8849355091905428
2025-09-30,active,ema,0.8938000762764144
2025-09-30,active,persist,0.8781515092649161
2025-09-30,active,ema,0.8781639430718435
2025-09-30,active,persist,0.408860593363763
2025-09-30,active,ema,0.36761152747495973
2025-09-30,active,persist,0.9703493678389867
2025-09-30,active,ema,0.9619864895252915
2025-09-30,active,persist,0.9526751963833078
2025-09-30,active,ema,0.9528207720089734
2025-09-30,active,persist,0.9953925533385172
2025-09-30,active,persist,0.9713341818354004
2025-09-30,active,ema,0.9694930033778137
2025-09-30,active,persist,0.9348323246551123
2025-09-30,active,ema,0.8973902029162232
2025-09-30,active,persist,0.9459565340957197
2025-09-30,active,ema,0.9648759980648935
2025-09-30,active,persist,0.9966177207398703
2025-09-30,active,ema,0.9966177207398703
2025-09-30,active,persist,0.9992615044483961
2025-09-30,active,ema,0.9997049808808037
2025-09-30,active,persist,0.9661475270465536
2025-09-30,active,ema,0.9663897593070561
2025-09-30,active,persist,1.0
2025-09-30,active,ema,0.9951369503614838
2025-09-30,active,persist,0.9921243153013626
2025-09-30,active,ema,0.9942794379202068
2025-09-30,active,persist,0.7951525281623775
2025-09-30,active,ema,0.7803012422321361
2025-12-31,active,persist,0.9968416788252422
2025-12-31,active,ema,0.9967733386260128
2025-12-31,active,persist,0.9913105301877504
2025-12-31,active,persist,0.9990220570437296
2025-12-31,active,ema,0.9990220570437296
2025-12-31,active,persist,0.2152729967247449
2025-12-31,active,ema,0.20438896643808682
2025-12-31,active,persist,0.9983624444492906
2025-12-31,active,ema,0.971521538654421
2025-12-31,active,persist,0.9836410773309101
2025-12-31,active,ema,0.9581403636256447
2025-12-31,active,persist,0.9986099393273975
2025-12-31,active,ema,0.9986099393273975
2025-12-31,active,persist,0.9113348105207614
2025-12-31,active,ema,0.9047699277758954
2025-12-31,active,persist,0.8224062800465467
2025-12-31,active,ema,0.8231687008852444
2025-12-31,active,persist,0.9415521365988792
2025-12-31,active,ema,0.9387446532743551
2025-12-31,active,persist,0.932624390632031
2025-12-31,active,ema,0.9277995971173387
2025-12-31,active,persist,0.9998817985630324
2025-12-31,active,ema,0.9994377372976613
2025-12-31,active,persist,0.9608501361503263
2025-12-31,active,ema,0.9274546736226775
2025-12-31,active,persist,0.75983522112704
2025-12-31,active,ema,0.756191293706948
2025-12-31,active,persist,0.9892883851543299
2025-12-31,active,ema,0.9868846294102402
2025-12-31,active,persist,0.9962915695012777
2025-12-31,active,ema,0.9927294543984686
2025-12-31,active,persist,0.9609744459083356
2025-12-31,active,ema,0.9613421333871806
2025-12-31,active,persist,0.9995246155239887
2025-12-31,active,ema,0.9959666150353627
2025-12-31,active,persist,0.9825139788755082
2025-12-31,active,ema,0.982466558554422
2025-12-31,active,persist,0.9989988231230016
2025-12-31,active,ema,0.9989988231230016
2025-12-31,active,persist,0.9861577054268331
2025-12-31,active,ema,0.987158681817765
2025-12-31,active,persist,0.9841452264056307
2025-12-31,active,ema,0.9825615215466361
2025-12-31,active,persist,0.9837616410588259
2025-12-31,active,ema,0.9880369091794934
2025-12-31,active,persist,0.9443242865778173
2025-12-31,active,ema,0.8549134320728224
2025-12-31,active,persist,0.9737348251540743
2025-12-31,active,ema,0.9748939949559238
2025-12-31,active,persist,0.9997337988114512
2025-12-31,active,ema,0.9958389056303426
2025-12-31,active,persist,0.9383317560708708
2025-12-31,active,ema,0.9477118754537508
2025-12-31,active,persist,0.9661158401209435
2025-12-31,active,ema,0.9695333681730796
2025-12-31,active,persist,0.9888422268960473
2025-12-31,active,ema,0.9742659559889488
2025-12-31,active,persist,0.9998328694698206
2025-12-31,active,ema,0.9993374227378343
2025-12-31,active,persist,0.9974109073265925
2025-12-31,active,ema,0.9974109073265925
2025-12-31,active,persist,0.9694177804645887
2025-12-31,active,ema,0.9694177804645887
2025-12-31,active,persist,0.9816240267154543
2025-12-31,active,ema,0.9809368704252467
2025-12-31,active,persist,0.9826326541994749
2025-12-31,active,ema,0.9741223554618911
2025-12-31,active,persist,0.999369557828722
2025-12-31,active,ema,0.9996739922196678
2025-12-31,active,persist,0.9929470986584464
2025-12-31,active,ema,0.9611049538288076
2025-12-31,active,persist,1.0
2025-12-31,active,ema,0.9789788872575234
2025-12-31,active,persist,0.9491145339460223
2025-12-31,active,ema,0.9290226967107205
2025-12-31,active,persist,0.9800882378692054
2025-12-31,active,ema,0.9783485813136527
2025-12-31,active,persist,0.9974206362632657
2025-12-31,active,ema,0.9974206362632657
2025-12-31,active,persist,0.9998862794566578
2025-12-31,active,ema,0.9998862794566578
2025-12-31,active,persist,0.9999820145082796
2025-12-31,active,ema,0.9999820145082796
2025-12-31,active,persist,0.9887276141317194
2025-12-31,active,ema,0.9735121297451436
2025-12-31,active,persist,0.9094066543093334
2025-12-31,active,ema,0.9028144105702474
2025-12-31,active,persist,0.9989838824838568
2025-12-31,active,ema,0.9989838824838568
2025-12-31,active,persist,0.96281488806562
2025-12-31,active,ema,0.9551104116369364
2025-12-31,active,persist,0.9989806559199804
2025-12-31,active,ema,0.9989806559199804
2025-12-31,active,persist,0.998077534454193
2025-12-31,active,ema,0.998077534454193
2025-12-31,active,persist,0.8464697523656267
2025-12-31,active,ema,0.8472271022442179
2025-12-31,active,persist,0.9999102621126211
2025-12-31,active,ema,0.9990103744935162
2025-12-31,active,persist,0.9998229663787987
2025-12-31,active,ema,0.9998229663787987
2025-12-31,active,persist,0.9999968962403735
2025-12-31,active,ema,0.999962716573518
2025-12-31,active,persist,0.9874018277118473
2025-12-31,active,ema,0.9846943475570823
2025-12-31,active,persist,0.8976735682685846
2025-12-31,active,ema,0.8928256928410343
2025-12-31,active,persist,1.0
2025-12-31,active,ema,1.0
2025-12-31,active,persist,0.998280978524182
2025-12-31,active,ema,0.9992716889271649
2025-12-31,active,persist,0.8567061109252974
2025-12-31,active,ema,0.8589108784767928
2025-12-31,active,persist,0.862824052160924
2025-12-31,active,ema,0.8609501906807724
2025-12-31,active,persist,0.9603327718561437
2025-12-31,active,ema,0.9603327718561437
2025-12-31,active,persist,0.9961798283099929
2025-12-31,active,ema,0.9972183330172928
2025-12-31,active,persist,0.9873848476990932
2025-12-31,active,ema,0.9873848476990932
2025-12-31,active,persist,0.9845552640581056
2025-12-31,active,ema,0.9649354422150687
2025-12-31,active,persist,0.9790221618777946
2025-12-31,active,ema,0.9757227157547974
2025-12-31,active,persist,0.9226337685001842
2025-12-31,active,ema,0.9225412122501366
2025-12-31,active,persist,0.9932229318170077
2025-12-31,active,ema,0.9926881643456021
2025-12-31,active,persist,0.9733822305883784
2025-12-31,active,ema,0.9706711632609755
2025-12-31,active,persist,0.9579685624585588
2025-12-31,active,ema,0.9579685624585588
2025-12-31,active,persist,0.9595747333433392
2025-12-31,active,ema,0.9614519216982718
2025-12-31,active,persist,0.9999956850676145
2025-12-31,active,ema,0.9999205579664288
2025-12-31,active,persist,0.9173633713220325
2025-12-31,active,ema,0.9089545084835309
2025-12-31,active,persist,0.9959376632303285
2025-12-31,active,ema,0.9959376632303285
2025-12-31,active,persist,0.9931965650054096
2025-12-31,active,ema,0.951892511113194
2025-12-31,active,persist,0.9730083749365273
2025-12-31,active,ema,0.988795531054734
2025-12-31,active,persist,1.0
2025-12-31,active,ema,1.0
2025-12-31,active,persist,0.9593069893470425
2025-12-31,active,ema,0.9650039293455045
2025-12-31,active,persist,0.7994231575721877
2025-12-31,active,ema,0.7362206598726185
2025-12-31,active,persist,0.9936499057976351
2025-12-31,active,ema,0.9954602625656066
2025-12-31,active,persist,0.995218810147225
2025-12-31,active,ema,0.995218810147225
2025-12-31,active,persist,0.7997728721642708
2025-12-31,active,ema,0.5423825301687126
2025-12-31,active,persist,0.9718331384067578
2025-12-31,active,ema,0.9515949763487139
2025-12-31,active,persist,0.9944483690894745
2025-12-31,active,ema,0.9873407257955255
2025-12-31,active,persist,0.9833264037911736
2025-12-31,active,ema,0.9832266898119852
2025-12-31,active,persist,0.9997611198536116
2025-12-31,active,ema,0.9997611198536116
2025-12-31,active,persist,0.514201763652902
2025-12-31,active,ema,0.5484156134578952
2025-12-31,active,persist,0.9537137483384712
2025-12-31,active,ema,0.9570930194085976
2025-12-31,active,persist,0.8626717746613976
2025-12-31,active,ema,0.9019820817006122
2025-12-31,active,persist,0.9935900189839072
2025-12-31,active,ema,0.9945313159571181
2025-12-31,active,persist,0.0513383560522665
2025-12-31,active,ema,0.054149034721343935
2025-12-31,active,persist,0.9716903474431751
2025-12-31,active,ema,0.9704131987967312
2025-12-31,active,persist,0.9565148436295979
2025-12-31,active,ema,0.9598574816976599
2025-12-31,active,persist,0.9994533152258191
2025-12-31,active,ema,0.9998533964402958
2025-12-31,active,persist,0.9770370108132651
2025-12-31,active,ema,0.9718821929672179
2025-12-31,active,persist,0.8995235719907938
2025-12-31,active,ema,0.9260430105138889
2025-12-31,active,persist,0.971471744014303
2025-12-31,active,ema,0.961859019499818
2025-12-31,active,persist,0.9152456377224351
2025-12-31,active,ema,0.9150986583687029
2025-12-31,active,persist,0.9997524327225377
2025-12-31,active,ema,0.9997524327225377
2025-12-31,active,persist,0.9968270679362428
2025-12-31,active,ema,0.9950855415788487
2025-12-31,active,persist,0.9999329642624777
2025-12-31,active,ema,0.9999329642624777
2025-12-31,active,persist,0.9999510981043237
2025-12-31,active,ema,0.999966853545066
2026-03-31,active,persist,0.9990232079805585
2026-03-31,active,ema,0.9974365186990174
2026-03-31,active,persist,0.9822665949230903
2026-03-31,active,ema,0.9805358883826212
2026-03-31,active,persist,0.9990393288247976
2026-03-31,active,ema,0.9986763743802365
2026-03-31,active,persist,0.20008662820287001
2026-03-31,active,ema,0.20008694637930113
2026-03-31,active,persist,0.9886230090099986
2026-03-31,active,ema,0.9885993225906218
2026-03-31,active,persist,0.9424725670826029
2026-03-31,active,ema,0.9253649341960287
2026-03-31,active,persist,1.0
2026-03-31,active,ema,0.9997200895685342
2026-03-31,active,persist,0.9612896219025066
2026-03-31,active,ema,0.9725587813141484
2026-03-31,active,persist,0.9081685135638389
2026-03-31,active,ema,0.9837083839177682
2026-03-31,active,persist,0.9886549858136202
2026-03-31,active,ema,0.9794608467198272
2026-03-31,active,persist,0.9537658453158019
2026-03-31,active,ema,0.9487049350444174
2026-03-31,active,persist,0.9918542529845421
2026-03-31,active,ema,0.9918542529845421
2026-03-31,active,persist,0.9871451258794502
2026-03-31,active,ema,0.9689555863999276
2026-03-31,active,persist,0.7735937056860568
2026-03-31,active,ema,0.6745251317077642
2026-03-31,active,persist,0.09595208479002536
2026-03-31,active,ema,0.09595208479002536
2026-03-31,active,persist,0.9771025793414544
2026-03-31,active,ema,0.9763735071689734
2026-03-31,active,persist,0.9864980301793387
2026-03-31,active,ema,0.9911342386127396
2026-03-31,active,persist,0.9919572607884023
2026-03-31,active,ema,0.9903138938161941
2026-03-31,active,persist,0.9626586665287248
2026-03-31,active,ema,0.95855594628875
2026-03-31,active,persist,0.9976748624441037
2026-03-31,active,ema,0.999467822799257
2026-03-31,active,persist,0.9991235198479933
2026-03-31,active,ema,0.9991235198479933
2026-03-31,active,persist,0.9471304405111737
2026-03-31,active,ema,0.9798880116826756
2026-03-31,active,persist,0.9757145098846017
2026-03-31,active,ema,0.9722713605199768
2026-03-31,active,persist,0.95953329541355
2026-03-31,active,ema,0.9575329699483668
2026-03-31,active,persist,0.9097734312549756
2026-03-31,active,ema,0.9097734312549756
2026-03-31,active,persist,0.9944462123675972
2026-03-31,active,ema,0.9944462123675972
2026-03-31,active,persist,0.886399347579196
2026-03-31,active,ema,0.8521244466727979
2026-03-31,active,persist,0.824529530126627
2026-03-31,active,ema,0.8224796912767735
2026-03-31,active,persist,0.9987186526552568
2026-03-31,active,ema,0.9913895275917854
2026-03-31,active,persist,0.9969869623555118
2026-03-31,active,ema,0.9965260905820872
2026-03-31,active,persist,0.9890438995761086
2026-03-31,active,ema,0.9890438995761086
2026-03-31,active,persist,0.9951235883467975
2026-03-31,active,ema,0.9951235883467975
2026-03-31,active,persist,0.9588135834072414
2026-03-31,active,ema,0.958717875959917
2026-03-31,active,persist,0.9397458994315886
2026-03-31,active,ema,0.9398893103481871
2026-03-31,active,persist,0.99537486959869
2026-03-31,active,ema,0.9990730549978425
2026-03-31,active,persist,0.7976265273567524
2026-03-31,active,ema,0.7973078216800226
2026-03-31,active,persist,1.0
2026-03-31,active,ema,1.0
2026-03-31,active,persist,0.9233076078615091
2026-03-31,active,ema,0.9191563554918042
2026-03-31,active,persist,0.988069006534862
2026-03-31,active,ema,0.9863673525976298
2026-03-31,active,persist,0.999437257179252
2026-03-31,active,ema,0.999437257179252
2026-03-31,active,persist,0.9998369344365825
2026-03-31,active,ema,1.0
2026-03-31,active,persist,0.9996257689931993
2026-03-31,active,ema,0.9996137064800058
2026-03-31,active,persist,0.99764636958386
2026-03-31,active,ema,0.9812994485125814
2026-03-31,active,persist,0.9637685702331797
2026-03-31,active,ema,0.9717985825786877
2026-03-31,active,persist,0.9975039911426962
2026-03-31,active,ema,0.9972960236026941
2026-03-31,active,persist,0.9846166715483444
2026-03-31,active,ema,0.98219078842572
2026-03-31,active,persist,0.9895378745433772
2026-03-31,active,ema,0.9895378745433772
2026-03-31,active,persist,0.9911339195791877
2026-03-31,active,ema,0.9909961475064216
2026-03-31,active,persist,0.9553015759365817
2026-03-31,active,ema,0.947553464037323
2026-03-31,active,persist,0.9999203387242424
2026-03-31,active,ema,0.9999203387242424
2026-03-31,active,persist,0.9988391682435611
2026-03-31,active,ema,0.9986934143918954
2026-03-31,active,persist,0.999990552840134
2026-03-31,active,ema,0.9999893575991919
2026-03-31,active,persist,0.9963981829661014
2026-03-31,active,ema,0.9972461880488158
2026-03-31,active,persist,0.9758066718313582
2026-03-31,active,ema,0.9745602687231041
2026-03-31,active,persist,0.9994310076345868
2026-03-31,active,ema,0.9994310076345868
2026-03-31,active,persist,0.9927724000940484
2026-03-31,active,ema,0.9912119222942207
2026-03-31,active,persist,0.8783325141167804
2026-03-31,active,ema,0.8818406588281713
2026-03-31,active,persist,0.9287175024459307
2026-03-31,active,ema,0.9153502813818396
2026-03-31,active,persist,0.9854844783009509
2026-03-31,active,ema,0.9859919954206091
2026-03-31,active,persist,0.9993864686982312
2026-03-31,active,ema,0.9974346489825531
2026-03-31,active,persist,0.9987119039447381
2026-03-31,active,ema,0.9988722512421024
2026-03-31,active,persist,0.9838766265153975
2026-03-31,active,ema,0.9833886221351497
2026-03-31,active,persist,0.9879168877244335
2026-03-31,active,ema,0.9925764233731013
2026-03-31,active,persist,0.8808641349556696
2026-03-31,active,ema,0.8951187520729773
2026-03-31,active,persist,0.9916984322833982
2026-03-31,active,ema,0.9893451527610547
2026-03-31,active,persist,0.9100791644120202
2026-03-31,active,ema,0.9102335702631664
2026-03-31,active,persist,0.6334485195347912
2026-03-31,active,ema,0.6474024788934042
2026-03-31,active,persist,0.9972825562600226
2026-03-31,active,ema,0.9970701861189047
2026-03-31,active,persist,0.9999443673822842
2026-03-31,active,ema,0.9999244478085634
2026-03-31,active,persist,0.9085133231946029
2026-03-31,active,ema,0.8824315407404115
2026-03-31,active,persist,0.98292083013443
2026-03-31,active,ema,0.9792434244303265
2026-03-31,active,persist,0.9687555387545582
2026-03-31,active,ema,0.9703489469210381
2026-03-31,active,persist,0.9727766593650745
2026-03-31,active,ema,0.9715783637532548
2026-03-31,active,persist,1.0
2026-03-31,active,ema,1.0
2026-03-31,active,persist,0.9346284684678292
2026-03-31,active,ema,0.9337323351523945
2026-03-31,active,persist,0.5456875626921787
2026-03-31,active,ema,0.5284500832546976
2026-03-31,active,persist,0.9085788577057835
2026-03-31,active,ema,0.9234194301195608
2026-03-31,active,persist,0.794857692908462
2026-03-31,active,persist,0.8782207482531875
2026-03-31,active,ema,0.8574338218200467
2026-03-31,active,persist,0.9470460309625491
2026-03-31,active,ema,0.9097793304053419
2026-03-31,active,persist,0.9888689286082747
2026-03-31,active,ema,0.9888689286082747
2026-03-31,active,persist,0.9683989708252615
2026-03-31,active,ema,0.9622480929569537
2026-03-31,active,persist,0.9849214896695092
2026-03-31,active,ema,0.982885096082317
2026-03-31,active,persist,0.8387948397515869
2026-03-31,active,ema,0.8767896800689425
2026-03-31,active,persist,0.9474631818051384
2026-03-31,active,ema,0.9496107841642148
2026-03-31,active,persist,0.8895686556141811
2026-03-31,active,ema,0.8837887751771089
2026-03-31,active,persist,0.9868854590197289
2026-03-31,active,ema,0.9867980912148708
2026-03-31,active,persist,0.26318511520656357
2026-03-31,active,ema,0.26318511520656357
2026-03-31,active,persist,0.9828908515013967
2026-03-31,active,ema,0.9822613257918497
2026-03-31,active,persist,0.9458157230773865
2026-03-31,active,ema,0.9385427088367754
2026-03-31,active,persist,0.9999343716830466
2026-03-31,active,ema,0.9917791968886869
2026-03-31,active,persist,0.9722565621781282
2026-03-31,active,ema,0.9722565621781282
2026-03-31,active,persist,0.9444296661853719
2026-03-31,active,ema,0.9330240485026686
2026-03-31,active,persist,0.9866962412458563
2026-03-31,active,ema,0.9939906187196447
2026-03-31,active,persist,0.9990298994305167
2026-03-31,active,ema,0.9951455601400054
2026-03-31,active,persist,0.9996128767673926
2026-03-31,active,ema,0.9996128767673926
2026-03-31,active,persist,0.748161190113047
2026-03-31,active,ema,0.7480599140542429
2026-03-31,active,persist,0.9736944284236485
2026-03-31,active,ema,0.9736944284236485
2026-03-31,active,persist,0.9996854251370652
2026-03-31,active,ema,0.9996854251370652
