date,gross,net0,net
2013-12-13,-0.0004649213723683598,-0.0006649213723683598,-0.0006847133996210229
2013-12-16,0.0011324468775563345,0.0009324468775563345,0.0009126548503036715
2013-12-17,-0.00030239516348828195,-0.0005023951634882819,-0.000522187190740945
2013-12-18,-0.0017421516486725438,-0.0019421516486725439,-0.001961943675925207
2013-12-19,-0.00034152946773499194,-0.0005415294677349919,-0.000561321494987655
2013-12-20,-0.0005440939191717486,-0.0007440939191717486,-0.0007638859464244117
2013-12-23,0.0009525491947961937,0.0007525491947961938,0.0007327571675435307
2013-12-24,-0.0015962732162068372,-0.0017962732162068373,-0.0018160652434595003
2013-12-26,0.0018317062423969207,0.0016317062423969206,0.0016119142151442575
2013-12-27,-0.0008598004516182382,-0.0010598004516182383,-0.0010795924788709014
2013-12-30,-0.0019522413048489765,-0.0021522413048489764,-0.0021720333321016395
2013-12-31,0.0007156976930446071,0.0005156976930446071,0.0004959056657919441
2014-01-02,0.000456756551020872,0.00025675655102087196,0.00023696452376820892
2014-01-03,-0.0014366340149585348,-0.001636634014958535,-0.001656426042211198
2014-01-06,0.0016300460152171839,0.0014300460152171838,0.0014102539879645207
2014-01-07,0.00046543048839552337,0.00026543048839552334,0.0002456384611428603
2014-01-08,0.0018159338806678338,0.0016159338806678337,0.0015961418534151707
2014-01-09,-0.0005435163971468389,-0.0007435163971468389,-0.000763308424399502
2014-01-10,-0.0024405754229668833,-0.0026405754229668833,-0.0026603674502195464
2014-01-13,-0.0024791031635581803,-0.0026791031635581804,-0.0026988951908108435
2014-01-14,0.0010753630303139807,0.0008753630303139807,0.0008555710030613176
2014-01-15,0.0012978178513379018,0.0010978178513379017,0.0010780258240852387
2014-01-16,-1.831563144799684e-05,-0.00021831563144799685,-0.0002381076587006599
2014-01-17,-0.0005850353567228313,-0.0007850353567228313,-0.0008048273839754943
2014-01-21,0.0006617580937555464,0.00046175809375554645,0.0004419660665028834
2014-01-22,0.00022793892510306388,2.7938925103063872e-05,8.146897850400825e-06
2014-01-23,0.0009738004795408178,0.0007738004795408178,0.0007540084522881548
2014-01-24,-0.00025264225260689143,-0.0004526422526068914,-0.00047243427985955446
2014-01-27,0.0001722771073908996,-2.772289260910042e-05,-4.751491986176347e-05
2014-01-28,-0.0027049145983880484,-0.0029049145983880485,-0.0029247066256407116
2014-01-29,-0.00010092426303639904,-0.000300924263036399,-0.00032071629028906207
2014-01-30,0.0012664591475769799,0.0010664591475769798,0.0010466671203243167
2014-01-31,0.0009620546534427947,0.0007620546534427947,0.0007422626261901317
2014-02-03,0.0006505347264726637,0.00045053472647266376,0.0004307426992200007
2014-02-04,-0.0015371756713152436,-0.0017371756713152437,-0.0017569676985679068
2014-02-05,-0.0001316298032267305,-0.0003316298032267305,-0.00035142183047939357
2014-02-06,-0.0007833215095616572,-0.0009833215095616573,-0.0010031135368143203
2014-02-07,-0.00010532887002313447,-0.0003053288700231345,-0.00032512089727579753
2014-02-10,0.0006441388667658656,0.00044413886676586563,0.0004243468395132026
2014-02-11,0.0006598839409529544,0.00045988394095295446,0.0004400919137002914
2014-02-12,-0.0020888657901295205,-0.0022888657901295206,-0.0023086578173821836
2014-02-13,-0.001006417637541153,-0.0012064176375411531,-0.0012262096647938162
2014-02-14,-0.00040851870639586245,-0.0006085187063958624,-0.0006283107336485255
2014-02-18,-6.313102169290259e-05,-0.00026313102169290257,-0.0002829230489455656
2014-02-19,0.003557556038436034,0.003357556038436034,0.003337764011183371
2014-02-20,0.004092808745578727,0.003892808745578727,0.003873016718326064
2014-02-21,-0.0016467589042440528,-0.001846758904244053,-0.001866550931496716
2014-02-24,-0.00011186196582699259,-0.0003118619658269926,-0.0003316539930796556
2014-03-14,0.0001460448534963854,-5.395514650361461e-05,-7.374717375627766e-05
2014-03-17,0.0005155114649832917,0.00031551146498329176,0.0002957194377306287
2014-03-18,0.00044148396559655904,0.00024148396559655903,0.00022169193834389598
2014-03-19,0.001168681523954925,0.000968681523954925,0.000948889496702262
2014-03-20,0.0005766473521161658,0.0003766473521161658,0.00035685532486350274
2014-03-21,-0.0015664323940554523,-0.0017664323940554524,-0.0017862244213081154
2014-03-24,0.0018150246737251134,0.0016150246737251133,0.0015952326464724503
2014-03-25,0.0013655681713183932,0.0011655681713183931,0.00114577614406573
2014-03-26,0.00013000014539723292,-6.999985460276708e-05,-8.979188185543013e-05
2014-03-27,-0.000512354191711857,-0.000712354191711857,-0.00073214621896452
2014-03-28,-0.00040199306496680083,-0.0006019930649668008,-0.0006217850922194639
2014-03-31,-0.0027632969740731816,-0.0029632969740731817,-0.0029830890013258448
2014-04-01,-0.0004762968905280471,-0.0006762968905280471,-0.0006960889177807101
2014-04-02,0.0008629511177947246,0.0006629511177947247,0.0006431590905420616
2014-04-03,-0.0009914937983946676,-0.0011914937983946677,-0.0012112858256473308
2014-04-04,-0.002664297950449724,-0.002864297950449724,-0.002884089977702387
2014-04-07,-0.0011787151986494186,-0.0013787151986494187,-0.0013985072259020818
2014-04-08,-8.565314024681576e-05,-0.00028565314024681576,-0.0003054451674994788
2014-04-09,0.0024509801796363142,0.002250980179636314,0.002231188152383651
2014-04-10,-0.003669070524516083,-0.003869070524516083,-0.003888862551768746
2014-04-11,-0.0010063645027281747,-0.0012063645027281748,-0.0012261565299808378
2014-04-14,0.0012833001374916086,0.0010833001374916085,0.0010635081102389455
2014-04-15,0.0007848320632072848,0.0005848320632072849,0.0005650400359546218
2014-04-16,0.0010904780362762305,0.0008904780362762305,0.0008706860090235674
2014-04-17,-0.0004885756308052934,-0.0006885756308052934,-0.0007083676580579564
2014-04-21,0.0013742746676009352,0.0011742746676009351,0.001154482640348272
2014-04-22,-7.371403392435801e-05,-0.000273714033924358,-0.00029350606117702104
2014-04-23,0.0005981070132923903,0.0003981070132923903,0.00037831498603972723
2014-04-24,0.0037065060670120552,0.003506506067012055,0.003486714039759392
2014-04-25,0.0004233117825191232,0.00022331178251912317,0.00020351975526646012
2014-04-28,-0.0004910072547957609,-0.0006910072547957609,-0.0007107992820484239
2014-04-29,0.0026500041908425697,0.0024500041908425696,0.0024302121635899065
2014-04-30,-0.0017662097391377238,-0.0019662097391377237,-0.0019860017663903867
2014-05-01,0.0015316910777119636,0.0013316910777119635,0.0013118990504593004
2014-05-02,-0.0012807484950990561,-0.0014807484950990562,-0.0015005405223517192
2014-05-05,0.0011445151681608887,0.0009445151681608887,0.0009247231409082256
2014-05-06,-0.0009281663932748305,-0.0011281663932748306,-0.0011479584205274936
2014-05-07,-0.0017164850404619973,-0.0019164850404619974,-0.0019362770677146604
2014-05-08,0.000996375724847339,0.0007963757248473389,0.0007765836975946759
2014-05-09,0.0010723417674260568,0.0008723417674260568,0.0008525497401733938
2014-05-12,-0.0013901944671920912,-0.0015901944671920913,-0.0016099864944447543
2014-05-13,0.000912995109897777,0.000712995109897777,0.0006932030826451139
2014-05-14,-0.002072333087166388,-0.002272333087166388,-0.002292125114419051
2014-05-15,-0.003614430249715095,-0.003814430249715095,-0.003834222276967758
2014-05-16,0.001977679058938348,0.001777679058938348,0.001757887031685685
2014-05-19,-0.0014004303897700188,-0.001600430389770019,-0.001620222417022682
2014-05-20,0.005374073205661001,0.005174073205661002,0.005154281178408339
2014-05-21,0.0012314098709703106,0.0010314098709703105,0.0010116178437176474
2014-05-22,-0.006060583509366746,-0.006260583509366746,-0.006280375536619409
2014-05-23,-0.0020998754232580074,-0.0022998754232580075,-0.0023196674505106705
2014-06-13,6.439656025552674e-05,-0.00013560343974447327,-0.0001553954669971363
2014-06-16,0.00046467611392200493,0.0002646761139220049,0.00024488408666934185
2014-06-17,-0.0014823829262944207,-0.0016823829262944208,-0.0017021749535470838
2014-06-18,-0.0004147792733589025,-0.0006147792733589025,-0.0006345713006115656
2014-06-19,-0.000264737779164235,-0.000464737779164235,-0.00048452980641689803
2014-06-20,-0.0011441751950549638,-0.001344175195054964,-0.001363967222307627
2014-06-23,-0.0003301540273317483,-0.0005301540273317483,-0.0005499460545844114
2014-06-24,0.0012665803122253122,0.0010665803122253121,0.001046788284972649
2014-06-25,0.0011099428460033761,0.0009099428460033761,0.0008901508187507131
2014-06-26,0.001168368128842514,0.0009683681288425141,0.000948576101589851
2014-06-27,-0.001067423537881292,-0.0012674235378812922,-0.0012872155651339552
2014-06-30,-0.0006074865088543843,-0.0008074865088543842,-0.0008272785361070473
2014-07-01,0.00013777307613533864,-6.222692386466136e-05,-8.201895111732441e-05
2014-07-02,0.0024665469079393466,0.0022665469079393465,0.0022467548806866834
2014-07-03,-0.0004222661199306784,-0.0006222661199306785,-0.0006420581471833415
2014-07-07,-0.0004476121248815663,-0.0006476121248815663,-0.0006674041521342294
2014-07-08,-0.0036021835281076814,-0.0038021835281076815,-0.0038219755553603445
2014-07-09,0.00229876990328534,0.00209876990328534,0.002078977876032677
2014-07-10,0.0006380175346582338,0.0004380175346582338,0.0004182255074055707
2014-07-11,0.0019018777179852218,0.0017018777179852217,0.0016820856907325587
2014-07-14,-7.465609504295145e-05,-0.00027465609504295145,-0.0002944481222956145
2014-07-15,0.0031741485112760748,0.0029741485112760747,0.0029543564840234116
2014-07-16,-0.0005451220443889923,-0.0007451220443889922,-0.0007649140716416553
2014-07-17,-0.0030348495129025187,-0.0032348495129025188,-0.003254641540155182
2014-07-18,0.0011898040742001834,0.0009898040742001833,0.0009700120469475202
2014-07-21,0.0018967218177569796,0.0016967218177569795,0.0016769297905043165
2014-07-22,-0.0008282069044883271,-0.0010282069044883272,-0.0010479989317409902
2014-07-23,0.002370056833610735,0.0021700568336107348,0.0021502648063580717
2014-07-24,-0.0014694481615599524,-0.0016694481615599525,-0.0016892401888126156
2014-07-25,-2.437996413177457e-05,-0.00022437996413177458,-0.0002441719913844376
2014-07-28,0.0023201499986499805,0.0021201499986499804,0.0021003579713973174
2014-07-29,0.002414911705051642,0.002214911705051642,0.002195119677798979
2014-07-30,-0.0007627506925734174,-0.0009627506925734174,-0.0009825427198260806
2014-07-31,-0.0021361870238030263,-0.0023361870238030264,-0.0023559790510556894
2014-08-01,-0.000966249808753448,-0.001166249808753448,-0.001186041836006111
2014-08-04,0.001089041948391126,0.0008890419483911261,0.000869249921138463
2014-08-05,-0.0015087004478789197,-0.0017087004478789198,-0.0017284924751315828
2014-08-06,-0.0023033915295179244,-0.0025033915295179245,-0.0025231835567705876
2014-08-07,0.00013139376182872564,-6.860623817127437e-05,-8.839826542393742e-05
2014-08-08,0.0024237035859504675,0.0022237035859504675,0.0022039115586978044
2014-08-11,-0.0019416884145860554,-0.0021416884145860553,-0.0021614804418387183
2014-08-12,-0.0003125668556309734,-0.0005125668556309734,-0.0005323588828836365
2014-08-13,0.0031264439276813116,0.0029264439276813115,0.0029066519004286484
2014-08-14,-0.0006384480647973002,-0.0008384480647973002,-0.0008582400920499633
2014-08-15,0.0010430640998135663,0.0008430640998135663,0.0008232720725609033
2014-08-18,0.001231742903826817,0.001031742903826817,0.001011950876574154
2014-08-19,-0.000655783810592267,-0.000855783810592267,-0.00087557583784493
2014-08-20,-0.0022981185212363033,-0.0024981185212363034,-0.0025179105484889664
2014-08-21,-0.0014389467881245788,-0.001638946788124579,-0.001658738815377242
2014-09-12,-0.002154771680509948,-0.002354771680509948,-0.002374563707762611
2014-09-15,-0.00013282817764760077,-0.0003328281776476008,-0.00035262020490026385
2014-09-16,0.0018895074617545382,0.001689507461754538,0.001669715434501875
2014-09-17,0.0006846228591917875,0.00048462285919178747,0.0004648308319391244
2014-09-18,-0.0003932912955932619,-0.0005932912955932619,-0.000613083322845925
2014-09-19,0.0010158677116474876,0.0008158677116474876,0.0007960756843948246
2014-09-22,0.0006414784056423262,0.0004414784056423262,0.00042168637838966314
2014-09-23,0.0016257054032476899,0.0014257054032476898,0.0014059133759950267
2014-09-24,-0.00055757378697522,-0.00075757378697522,-0.0007773658142278831
2014-09-25,-0.001516022139431124,-0.0017160221394311242,-0.0017358141666837872
2014-09-26,0.0007759664866039493,0.0005759664866039493,0.0005561744593512863
2014-09-29,0.0006641591341965302,0.0004641591341965302,0.00044436710694386716
2014-09-30,0.0007348340635285911,0.0005348340635285911,0.0005150420362759281
2014-10-01,-0.00044903371844657295,-0.000649033718446573,-0.000668825745699236
2014-10-02,-0.0020473016663271728,-0.002247301666327173,-0.002267093693579836
2014-10-03,0.0008191201289499013,0.0006191201289499013,0.0005993281016972383
2014-10-06,-1.7171222931115357e-06,-0.00020171712229311156,-0.0002215091495457746
2014-10-07,0.0009161341855674414,0.0007161341855674414,0.0006963421583147784
2014-10-08,0.0009612203005153964,0.0007612203005153964,0.0007414282732627333
2014-10-09,0.00019291377007844333,-7.086229921556681e-06,-2.6878257174219728e-05
2014-10-10,0.0005661132304288406,0.00036611323042884066,0.0003463212031761776
2014-10-13,-0.002015936511684851,-0.002215936511684851,-0.002235728538937514
2014-10-14,-0.00552788994205429,-0.0057278899420542895,-0.0057476819693069526
2014-10-15,-0.0047232404922797075,-0.004923240492279707,-0.00494303251953237
2014-10-16,-0.005858916643943555,-0.006058916643943555,-0.006078708671196218
2014-10-17,0.0007793653050037371,0.0005793653050037371,0.000559573277751074
2014-10-20,0.0026837736023352494,0.0024837736023352493,0.0024639815750825862
2014-10-21,0.002750922130523036,0.0025509221305230357,0.0025311301032703726
2014-10-22,-0.0006967790163664029,-0.0008967790163664029,-0.000916571043619066
2014-10-23,0.0003011296194469355,0.00010112961944693549,8.133759219427244e-05
2014-10-24,-0.001138945318339114,-0.001338945318339114,-0.001358737345591777
2014-10-27,-0.0012559028786476895,-0.0014559028786476896,-0.0014756949059003526
2014-10-28,-0.0015726969831301406,-0.0017726969831301407,-0.0017924890103828037
2014-10-29,0.00239538122553021,0.00219538122553021,0.002175589198277547
2014-10-30,-0.0005114674381864465,-0.0007114674381864465,-0.0007312594654391095
2014-10-31,0.00025062445536369376,5.0624455363693755e-05,3.083242811103071e-05
2014-11-03,0.0016979221751464942,0.0014979221751464942,0.001478130147893831
2014-11-04,-0.0030889115253886048,-0.003288911525388605,-0.003308703552641268
2014-11-05,-0.0016033467162549274,-0.0018033467162549275,-0.0018231387435075905
2014-11-06,0.0010656262595352972,0.0008656262595352972,0.0008458342322826342
2014-11-07,-0.00013968488295226168,-0.0003396848829522617,-0.00035947691020492474
2014-11-10,0.0009473841581808592,0.0007473841581808592,0.0007275921309281961
2014-11-11,-0.002694835314610541,-0.0028948353146105413,-0.0029146273418632043
2014-11-12,-0.0021931121295720537,-0.002393112129572054,-0.002412904156824717
2014-11-13,-0.0003052940285731892,-0.0005052940285731892,-0.0005250860558258522
2014-11-14,0.00035527425434231467,0.00015527425434231466,0.0001354822270896516
2014-11-17,-0.0011559222451634598,-0.00135592224516346,-0.001375714272416123
2014-11-18,0.006864541361905474,0.006664541361905475,0.006644749334652812
2014-11-19,0.011146089133328142,0.010946089133328141,0.010926297106075478
2014-11-20,-0.004075616222096856,-0.004275616222096856,-0.004295408249349519
2014-11-21,-0.004732368018622995,-0.004932368018622995,-0.004952160045875658
2014-11-24,-0.0010946453390955513,-0.0012946453390955514,-0.0013144373663482145
2014-12-16,-0.007398600881622758,-0.007598600881622758,-0.007618392908875421
2014-12-17,-0.0013305899172862973,-0.0015305899172862974,-0.0015503819445389605
2014-12-18,0.0028677367607934197,0.0026677367607934196,0.0026479447335407565
2014-12-19,0.0002378225790430557,3.782257904305568e-05,1.8030551790392636e-05
2014-12-22,-0.0007111494693658973,-0.0009111494693658973,-0.0009309414966185603
2014-12-23,-0.0011172608345748653,-0.0013172608345748654,-0.0013370528618275284
2014-12-24,-0.0010538603028202957,-0.0012538603028202958,-0.0012736523300729589
2014-12-26,0.0005006691507259688,0.00030066915072596886,0.0002808771234733058
2014-12-29,0.0004735649537130519,0.0002735649537130519,0.00025377292646038886
2014-12-30,-0.0019374159267978208,-0.002137415926797821,-0.002157207954050484
2014-12-31,-0.0011427893680716495,-0.0013427893680716496,-0.0013625813953243126
2015-01-02,0.0011029986059693832,0.0009029986059693832,0.0008832065787167201
2015-01-05,-0.0017781591633630979,-0.001978159163363098,-0.001997951190615761
2015-01-06,0.0006129661416313259,0.0004129661416313259,0.00039317411437866283
2015-01-07,0.0011016700474444498,0.0009016700474444498,0.0008818780201917867
2015-01-08,-0.00017359283134651832,-0.00037359283134651833,-0.0003933848585991814
2015-01-09,0.0019913039140706627,0.0017913039140706626,0.0017715118868179996
2015-01-12,0.0031461902651085997,0.0029461902651085996,0.0029263982378559365
2015-01-13,-0.0010288532568508272,-0.0012288532568508273,-0.0012486452841034903
2015-01-14,-0.0009539290119394087,-0.0011539290119394088,-0.0011737210391920719
2015-01-15,-0.0003338601418397813,-0.0005338601418397813,-0.0005536521690924443
2015-01-16,0.0003701850198026296,0.0001701850198026296,0.00015039299254996657
2015-01-20,0.004411989898196449,0.00421198989819645,0.004192197870943787
2015-01-21,0.0008918999097822059,0.0006918999097822059,0.0006721078825295428
2015-01-22,-0.001567072445268796,-0.0017670724452687962,-0.0017868644725214592
2015-01-23,0.00033391743327467106,0.00013391743327467105,0.000114125406022008
2015-01-26,-0.001754955597955066,-0.001954955597955066,-0.001974747625207729
2015-01-27,-0.0029449486276068183,-0.0031449486276068184,-0.0031647406548594814
2015-01-28,9.211305627481297e-05,-0.00010788694372518704,-0.0001276789709778501
2015-01-29,-0.0013624638645878724,-0.0015624638645878725,-0.0015822558918405355
2015-01-30,0.0036793839895836364,0.0034793839895836363,0.0034595919623309733
2015-02-02,-0.001619110521734459,-0.001819110521734459,-0.0018389025489871222
2015-02-03,-0.001892946250296305,-0.002092946250296305,-0.002112738277548968
2015-02-04,-0.00041275314497477526,-0.0006127531449747753,-0.0006325451722274383
2015-02-05,-0.003218094146338899,-0.003418094146338899,-0.003437886173591562
2015-02-06,0.00045534264432985923,0.0002553426443298592,0.00023555061707719615
2015-02-09,0.00033010134593469887,0.00013010134593469886,0.00011030931868203582
2015-02-10,-0.0011472613751830638,-0.0013472613751830639,-0.001367053402435727
2015-02-11,0.0028760838382104036,0.0026760838382104035,0.0026562918109577405
2015-02-12,-0.0005245569711821828,-0.0007245569711821827,-0.0007443489984348458
2015-02-13,-0.0038580725566864163,-0.004058072556686416,-0.004077864583939079
2015-02-17,-0.0026780751414553217,-0.0028780751414553218,-0.002897867168707985
2015-02-18,-0.0011177119274254676,-0.0013177119274254676,-0.0013375039546781307
2015-02-19,0.0019831642747547506,0.0017831642747547505,0.0017633722475020874
2015-02-20,0.0024997069800087647,0.0022997069800087646,0.0022799149527561015
2015-02-23,-0.0008309003179603813,-0.0010309003179603813,-0.0010506923452130443
2015-02-24,1.8829929572655723e-05,-0.0001811700704273443,-0.00020096209768000734
2015-03-16,0.001583661718999762,0.0013836617189997619,0.0013638696917470988
2015-03-17,-0.0005311279400034511,-0.0007311279400034511,-0.0007509199672561141
2015-03-18,0.0029318625979312903,0.0027318625979312902,0.002712070570678627
2015-03-19,0.0015269472573383644,0.0013269472573383644,0.0013071552300857013
2015-03-20,-0.00034112915341101633,-0.0005411291534110163,-0.0005609211806636794
2015-03-23,-5.0055083727414997e-05,-0.000250055083727415,-0.000269847110980078
2015-03-24,-0.0021397090342542774,-0.0023397090342542775,-0.0023595010615069406
2015-03-25,0.0008922891859022766,0.0006922891859022767,0.0006724971586496136
2015-03-26,0.0012755288205134278,0.0010755288205134277,0.0010557367932607646
2015-03-27,-0.00326491226110405,-0.00346491226110405,-0.003484704288356713
2015-03-30,0.0014107565690654113,0.0012107565690654112,0.0011909645418127482
2015-03-31,-0.002276688362365913,-0.002476688362365913,-0.0024964803896185763
2015-04-01,0.0002622419087193989,6.22419087193989e-05,4.244988146673585e-05
2015-04-02,-0.0004169869377995528,-0.0006169869377995528,-0.0006367789650522158
2015-04-06,0.0012406513595890102,0.0010406513595890101,0.001020859332336347
2015-04-07,-0.002069943345664786,-0.0022699433456647863,-0.0022897353729174493
2015-04-08,-7.274260824413879e-05,-0.0002727426082441388,-0.00029253463549680183
2015-04-09,0.0018489868456680245,0.0016489868456680244,0.0016291948184153613
2015-04-10,0.0021223752524731796,0.0019223752524731796,0.0019025832252205165
2015-04-13,-0.001856423006479918,-0.002056423006479918,-0.002076215033732581
2015-04-14,0.0006596331188210056,0.00045963311882100564,0.0004398410915683426
2015-04-15,0.0012531583679317353,0.0010531583679317352,0.0010333663406790722
2015-04-16,0.0011422398129476684,0.0009422398129476684,0.0009224477856950053
2015-04-17,-0.0006619885121335517,-0.0008619885121335517,-0.0008817805393862147
2015-04-20,-5.996609705192063e-05,-0.00025996609705192063,-0.0002797581243045837
2015-04-21,-0.0013728487421679884,-0.0015728487421679885,-0.0015926407694206515
2015-04-22,0.001515655969245477,0.0013156559692454768,0.0012958639419928138
2015-04-23,-0.0018294230122942842,-0.0020294230122942843,-0.0020492150395469474
2015-04-24,0.0021513182195888937,0.0019513182195888936,0.0019315261923362305
2015-04-27,-0.0008868571255896836,-0.0010868571255896837,-0.0011066491528423468
2015-04-28,0.0009339018774936992,0.0007339018774936993,0.0007141098502410362
2015-04-29,0.0024964591457329547,0.0022964591457329546,0.0022766671184802916
2015-04-30,0.0003906538710376215,0.0001906538710376215,0.00017086184378495845
2015-05-01,-0.0015321919323384571,-0.0017321919323384572,-0.0017519839595911202
2015-05-04,-0.0015328834384538885,-0.0017328834384538886,-0.0017526754657065516
2015-05-05,-0.0010226905729509923,-0.0012226905729509924,-0.0012424826002036555
2015-05-06,0.0004787846917197198,0.0002787846917197198,0.0002589926644670568
2015-05-07,0.003655564547997569,0.0034555645479975687,0.0034357725207449057
2015-05-08,0.0027952391591152376,0.0025952391591152375,0.0025754471318625745
2015-05-11,-0.002717473169080364,-0.002917473169080364,-0.002937265196333027
2015-05-12,-0.0006087097015869451,-0.0008087097015869451,-0.0008285017288396082
2015-05-13,-0.00027097323673005573,-0.00047097323673005577,-0.0004907652639827188
2015-05-14,0.0004936670185178155,0.0002936670185178155,0.00027387499126515244
2015-05-15,0.0006808781575323811,0.00048087815753238114,0.0004610861302797181
2015-05-18,-0.0010140629676844944,-0.0012140629676844945,-0.0012338549949371576
2015-05-19,0.0003800283484650448,0.00018002834846504482,0.00016023632121238177
2015-05-20,-0.0009174575764063664,-0.0011174575764063665,-0.0011372496036590296
2015-05-21,0.0020712335382242764,0.0018712335382242763,0.0018514415109716132
2015-05-22,0.0005967823589686867,0.00039678235896868674,0.0003769903317160237
2015-05-26,0.006826510223564353,0.006626510223564353,0.00660671819631169
2015-06-15,-0.0003076867679389181,-0.0005076867679389181,-0.0005274787951915812
2015-06-16,0.00019295416496543648,-7.045835034563534e-06,-2.683786228722658e-05
2015-06-17,-7.835037283240176e-05,-0.0002783503728324018,-0.00029814240008506484
2015-06-18,0.00020781524104498391,7.815241044983905e-06,-1.1976786207679142e-05
2015-06-19,-4.5654120181712354e-05,-0.00024565412018171234,-0.0002654461474343754
2015-06-22,-0.0020920409959803055,-0.0022920409959803056,-0.0023118330232329686
2015-06-23,-0.00017761904774747815,-0.00037761904774747816,-0.0003974110750001412
2015-06-24,-0.00027217370095379496,-0.000472173700953795,-0.000491965728206458
2015-06-25,0.00013315688207478216,-6.684311792521785e-05,-8.663514517788089e-05
2015-06-26,-0.0017345187678528154,-0.0019345187678528155,-0.0019543107951054788
2015-06-29,-0.0011341897174302553,-0.0013341897174302553,-0.0013539817446829184
2015-06-30,0.000588203353476378,0.000388203353476378,0.00036841132622371495
2015-07-01,0.0010446878937536831,0.0008446878937536831,0.0008248958665010201
2015-07-02,0.001010688961267231,0.000810688961267231,0.000790896934014568
2015-07-06,0.001796053900742603,0.001596053900742603,0.00157626187348994
2015-07-07,0.0007964368178151871,0.0005964368178151871,0.000576644790562524
2015-07-08,-0.0010980262228830698,-0.00129802622288307,-0.001317818250135733
2015-07-09,-0.0004052129494649588,-0.0006052129494649588,-0.0006250049767176219
2015-07-10,0.0007571815003714678,0.0005571815003714678,0.0005373894731188048
2015-07-13,0.0006789722558293174,0.0004789722558293174,0.00045918022857665435
2015-07-14,0.0007457745005542348,0.0005457745005542348,0.0005259824733015718
2015-07-15,0.0017391348576774315,0.0015391348576774314,0.0015193428304247684
2015-07-16,0.0012295338827422594,0.0010295338827422593,0.0010097418554895962
2015-07-17,0.00422990814982349,0.00402990814982349,0.004010116122570827
2015-07-20,0.0002883422485999297,8.834224859992967e-05,6.855022134726662e-05
2015-07-21,0.000892283908146712,0.000692283908146712,0.000672491880894049
2015-07-22,-0.0020647227350615743,-0.0022647227350615744,-0.0022845147623142374
2015-07-23,0.0001872789818403648,-1.2721018159635216e-05,-3.251304541229826e-05
2015-07-24,0.0009818169467206194,0.0007818169467206194,0.0007620249194679563
2015-07-27,-0.001152590358518459,-0.0013525903585184591,-0.0013723823857711222
2015-07-28,-7.744346164289253e-05,-0.0002774434616428925,-0.00029723548889555557
2015-07-29,-0.001418112583167695,-0.001618112583167695,-0.001637904610420358
2015-07-30,-0.0009630874920027283,-0.0011630874920027284,-0.0011828795192553915
2015-07-31,-0.0013574080086910783,-0.0015574080086910784,-0.0015772000359437414
2015-08-03,-0.001152658814641778,-0.0013526588146417782,-0.0013724508418944412
2015-08-04,-0.00017849487499947732,-0.00037849487499947733,-0.0003982869022521404
2015-08-05,-0.004183226782080498,-0.004383226782080498,-0.004403018809333161
2015-08-06,-0.0017345846066912699,-0.00193458460669127,-0.001954376633943933
2015-08-07,-0.0005910152652050456,-0.0007910152652050456,-0.0008108072924577086
2015-08-10,-2.939459390103218e-05,-0.0002293945939010322,-0.00024918662115369525
2015-08-11,-0.0010583785900793038,-0.0012583785900793039,-0.001278170617331967
2015-08-12,0.0011214871438588903,0.0009214871438588903,0.0009016951166062273
2015-08-13,-0.0011545039224601001,-0.0013545039224601002,-0.0013742959497127633
2015-08-14,-0.0032132515985711582,-0.0034132515985711583,-0.0034330436258238214
2015-08-17,0.0013251224053000181,0.001125122405300018,0.001105330378047355
2015-08-18,-2.92896329354554e-06,-0.00020292896329354555,-0.0002227209905462086
2015-08-19,0.002665721742808645,0.002465721742808645,0.002445929715555982
2015-08-20,9.385068753445804e-05,-0.00010614931246554197,-0.00012594133971820503
2015-08-21,3.971011040625194e-05,-0.00016028988959374807,-0.00018008191684641111
2015-08-24,-0.005278571751622429,-0.005478571751622429,-0.005498363778875092
2015-09-14,0.003635109014880017,0.003435109014880017,0.003415316987627354
2015-09-15,-0.000436628079606745,-0.000636628079606745,-0.000656420106859408
2015-09-16,-0.003131554525662372,-0.003331554525662372,-0.003351346552915035
2015-09-17,-0.0005433530003713403,-0.0007433530003713403,-0.0007631450276240034
2015-09-18,0.0019526076977064398,0.0017526076977064397,0.0017328156704537767
2015-09-21,-0.00041193350318410367,-0.0006119335031841037,-0.0006317255304367667
2015-09-22,0.0004858835371389822,0.0002858835371389822,0.00026609150988631913
2015-09-23,0.0012330699354688394,0.0010330699354688393,0.0010132779082161762
2015-09-24,0.0009551329591613458,0.0007551329591613458,0.0007353409319086827
2015-09-25,0.0024850235442480284,0.0022850235442480283,0.0022652315169953653
2015-09-28,0.0048297538136039325,0.004629753813603933,0.00460996178635127
2015-09-29,0.0007329940025614849,0.000532994002561485,0.0005132019753088219
2015-09-30,-0.002092217145641735,-0.0022922171456417353,-0.0023120091728943983
2015-10-01,0.001118684481159882,0.0009186844811598819,0.0008988924539072189
2015-10-02,0.0001460517658001488,-5.394823419985122e-05,-7.374026145251427e-05
2015-10-05,-0.0013229643746567642,-0.0015229643746567643,-0.0015427564019094273
2015-10-06,0.00369808023732682,0.00349808023732682,0.003478288210074157
2015-10-07,-0.0017855184133919407,-0.001985518413391941,-0.002005310440644604
2015-10-08,-0.0009487365130233317,-0.0011487365130233317,-0.0011685285402759948
2015-10-09,-0.0005261205116179917,-0.0007261205116179917,-0.0007459125388706547
2015-10-12,0.0005185045811080789,0.0003185045811080789,0.00029871255385541587
2015-10-13,0.002079056554028555,0.0018790565540285548,0.0018592645267758918
2015-10-14,-0.0007020513264043041,-0.000902051326404304,-0.0009218433536569671
2015-10-15,0.0019472090438689819,0.0017472090438689818,0.0017274170166163188
2015-10-16,0.0017608033019334054,0.0015608033019334053,0.0015410112746807422
2015-10-19,0.0024341947288112403,0.00223419472881124,0.002214402701558577
2015-10-20,-0.0036472713402265853,-0.0038472713402265854,-0.0038670633674792484
2015-10-21,0.0014677038330758556,0.0012677038330758555,0.0012479118058231924
2015-10-22,-0.0026343104117169513,-0.0028343104117169514,-0.0028541024389696144
2015-10-23,0.005406513324096141,0.005206513324096142,0.005186721296843479
2015-10-26,0.0024478506767436573,0.0022478506767436572,0.002228058649490994
2015-10-27,0.004999919982558854,0.004799919982558854,0.004780127955306191
2015-10-28,-0.0027046397732377963,-0.0029046397732377964,-0.0029244318004904594
2015-10-29,-0.0005376757417233499,-0.0007376757417233499,-0.0007574677689760129
2015-10-30,-0.0006450971023608214,-0.0008450971023608214,-0.0008648891296134844
2015-11-02,0.0023794224385091664,0.0021794224385091663,0.0021596304112565033
2015-11-03,-0.0016366646819349095,-0.0018366646819349096,-0.0018564567091875726
2015-11-04,3.6396583861025237e-06,-0.00019636034161389749,-0.00021615236886656053
2015-11-05,0.003600982583525795,0.003400982583525795,0.003381190556273132
2015-11-06,0.003575904259816212,0.003375904259816212,0.003356112232563549
2015-11-09,-0.0017666346480894246,-0.0019666346480894247,-0.0019864266753420877
2015-11-10,0.000788120765292154,0.000588120765292154,0.000568328738039491
2015-11-11,-0.000855713063407892,-0.001055713063407892,-0.001075505090660555
2015-11-12,0.0026954756020748454,0.0024954756020748453,0.0024756835748221823
2015-11-13,-0.000653106560571908,-0.000853106560571908,-0.000872898587824571
2015-11-16,0.0016226157007113151,0.001422615700711315,0.001402823673458652
2015-11-17,0.0024214008758876005,0.0022214008758876004,0.0022016088486349374
2015-11-18,0.0015333775313552372,0.0013333775313552371,0.001313585504102574
2015-11-19,0.0031399181643456007,0.0029399181643456006,0.0029201261370929376
2015-12-15,-0.006465877671493081,-0.0066658776714930805,-0.0066856696987457435
2015-12-16,-0.0029419691883444017,-0.003141969188344402,-0.003161761215597065
2015-12-17,0.0007631151444477716,0.0005631151444477717,0.0005433231171951086
2015-12-18,-0.0013828704641904424,-0.0015828704641904425,-0.0016026624914431055
2015-12-21,0.000511877536643705,0.00031187753664370507,0.000292085509391042
2015-12-22,-0.0012190910429624093,-0.0014190910429624094,-0.0014388830702150724
2015-12-23,-0.000306666511797816,-0.0005066665117978161,-0.0005264585390504791
2015-12-24,-0.0005016785955090729,-0.0007016785955090729,-0.0007214706227617359
2015-12-28,-0.0003415581665547537,-0.0005415581665547537,-0.0005613501938074168
2015-12-29,0.001950443977021954,0.001750443977021954,0.001730651949769291
2015-12-30,-0.00031285898328109295,-0.000512858983281093,-0.000532651010533756
2015-12-31,-0.00028740088937226485,-0.0004874008893722649,-0.0005071929166249279
2016-01-04,0.0009157895585918097,0.0007157895585918097,0.0006959975313391467
2016-01-05,0.001386493160793991,0.0011864931607939908,0.0011667011335413278
2016-01-06,0.0013517470350100501,0.00115174703501005,0.001131955007757387
2016-01-07,0.0010097010922259738,0.0008097010922259738,0.0007899090649733108
2016-01-08,0.0007831329126882046,0.0005831329126882046,0.0005633408854355416
2016-01-11,0.0027716467256591925,0.0025716467256591924,0.0025518546984065293
2016-01-12,0.0014382480948699134,0.0012382480948699133,0.0012184560676172503
2016-01-13,0.0007598926725761547,0.0005598926725761547,0.0005401006453234916
2016-01-14,0.0016484112849214471,0.001448411284921447,0.001428619257668784
2016-01-15,-0.000674796711613637,-0.000874796711613637,-0.0008945887388663
2016-01-19,0.0036771862479924823,0.003477186247992482,0.003457394220739819
2016-01-20,0.0005071017085303965,0.0003071017085303965,0.00028730968127773347
2016-01-21,-0.0041536612126893396,-0.004353661212689339,-0.004373453239942002
2016-01-22,-0.009619239043589476,-0.009819239043589476,-0.00983903107084214
2016-01-25,0.0016396518287770659,0.0014396518287770658,0.0014198598015244027
2016-01-26,-0.0034129646279776665,-0.0036129646279776666,-0.0036327566552303296
2016-01-27,-0.003705174064399616,-0.0039051740643996163,-0.00392496609165228
2016-01-28,0.005482702082574255,0.005282702082574255,0.005262910055321592
2016-01-29,-0.005959486844153914,-0.006159486844153914,-0.006179278871406577
2016-02-01,0.0002543471865053968,5.4347186505396765e-05,3.455515925273372e-05
2016-02-02,0.0027164627522950242,0.002516462752295024,0.002496670725042361
2016-02-03,0.0014596796030366382,0.001259679603036638,0.001239887575783975
2016-02-04,-0.0033985724345265886,-0.0035985724345265887,-0.0036183644617792518
2016-02-05,-0.0014447906828615662,-0.0016447906828615663,-0.0016645827101142293
2016-02-08,0.004063217404548637,0.0038632174045486367,0.0038434253772959737
2016-02-09,-0.002941407699284996,-0.003141407699284996,-0.003161199726537659
2016-02-10,-0.0062926613327883305,-0.00649266133278833,-0.006512453360040993
2016-02-11,0.0021768486940756233,0.001976848694075623,0.00195705666682296
2016-02-12,-0.0016274877258746988,-0.001827487725874699,-0.001847279753127362
2016-02-16,-0.001568424747330437,-0.0017684247473304371,-0.0017882167745831002
2016-02-17,-0.008789466296189227,-0.008989466296189227,-0.00900925832344189
2016-02-18,-0.007143599739327833,-0.007343599739327833,-0.007363391766580496
2016-02-19,0.0006353804704790822,0.0004353804704790822,0.00041558844322641916
2016-02-22,0.003596944686439869,0.0033969446864398688,0.0033771526591872057
2016-02-23,-0.00650184054595541,-0.00670184054595541,-0.006721632573208073
2016-02-24,-0.0023463085435731835,-0.0025463085435731836,-0.0025661005708258466
2016-03-15,0.0033266132165383788,0.0031266132165383787,0.0031068211892857156
2016-03-16,-0.002713435766193719,-0.002913435766193719,-0.002933227793446382
2016-03-17,-0.004700513148381257,-0.0049005131483812565,-0.0049203051756339196
2016-03-18,-0.0029258537945118087,-0.003125853794511809,-0.003145645821764472
2016-03-21,0.0012331213887621646,0.0010331213887621645,0.0010133293615095015
2016-03-22,-0.0010375903950386206,-0.0012375903950386207,-0.0012573824222912838
2016-03-23,0.002145941018083634,0.001945941018083634,0.001926148990830971
2016-03-24,0.0008472665876869151,0.0006472665876869152,0.0006274745604342521
2016-03-28,-0.0014156021264221958,-0.001615602126422196,-0.001635394153674859
2016-03-29,-0.0014384392773320966,-0.0016384392773320967,-0.0016582313045847598
2016-03-30,-0.0009638684998335872,-0.0011638684998335873,-0.0011836605270862503
2016-03-31,-0.0008903964154213776,-0.0010903964154213776,-0.0011101884426740407
2016-04-01,0.0008386192152386175,0.0006386192152386175,0.0006188271879859545
2016-04-04,0.002492227119736826,0.002292227119736826,0.002272435092484163
2016-04-05,-0.00193236259281593,-0.00213236259281593,-0.002152154620068593
2016-04-06,0.0013588639916491542,0.001158863991649154,0.001139071964396491
2016-04-07,-0.00034115827435450845,-0.0005411582743545084,-0.0005609503016071715
2016-04-08,-0.002760462786474002,-0.002960462786474002,-0.002980254813726665
2016-04-11,-0.0006229674128062795,-0.0008229674128062795,-0.0008427594400589425
2016-04-12,2.190682511014687e-05,-0.00017809317488985313,-0.00019788520214251618
2016-04-13,-0.001782683282954634,-0.001982683282954634,-0.002002475310207297
2016-04-14,0.0015424350425095633,0.0013424350425095633,0.0013226430152569002
2016-04-15,-0.00310743006315835,-0.00330743006315835,-0.003327222090411013
2016-04-18,0.0017256523505986795,0.0015256523505986794,0.0015058603233460163
2016-04-19,0.00043232555196622176,0.00023232555196622175,0.0002125335247135587
2016-04-20,0.002814303764392336,0.002614303764392336,0.002594511737139673
2016-04-21,0.0015812090130520506,0.0013812090130520505,0.0013614169857993875
2016-04-22,-0.0014728381071151299,-0.00167283810711513,-0.001692630134367793
2016-04-25,-0.00023186076980788746,-0.00043186076980788747,-0.0004516527970605505
2016-04-26,-0.0003464267325952442,-0.0005464267325952443,-0.0005662187598479073
2016-04-27,-0.000969490959607602,-0.001169490959607602,-0.001189282986860265
2016-04-28,0.0027079161762928513,0.002507916176292851,0.002488124149040188
2016-04-29,0.002345237905004841,0.002145237905004841,0.002125445877752178
2016-05-02,-0.000511626266285497,-0.0007116262662854969,-0.00073141829353816
2016-05-03,0.004685462304434237,0.004485462304434237,0.004465670277181574
2016-05-04,0.0023587004143713463,0.002158700414371346,0.002138908387118683
2016-05-05,0.0010393624452142182,0.0008393624452142182,0.0008195704179615552
2016-05-06,0.0010896746686770474,0.0008896746686770475,0.0008698826414243844
2016-05-09,0.0038984276308683323,0.003698427630868332,0.003678635603615669
2016-05-10,-1.1567923407972626e-05,-0.00021156792340797263,-0.00023135995066063568
2016-05-11,0.0015573787076183362,0.0013573787076183361,0.001337586680365673
2016-05-12,0.0008335918436795195,0.0006335918436795196,0.0006137998164268565
2016-05-13,0.0008287314986850427,0.0006287314986850427,0.0006089394714323796
2016-05-16,-0.00038412406607651,-0.00058412406607651,-0.0006039160933291731
2016-05-17,-0.00020707199063436723,-0.00040707199063436724,-0.0004268640178870303
2016-05-18,-0.00032158838221899174,-0.0005215883822189917,-0.0005413804094716548
2016-05-19,-6.768087996189636e-05,-0.0002676808799618964,-0.00028747290721455943
2016-05-20,-0.0020871152203901333,-0.0022871152203901334,-0.0023069072476427964
2016-05-23,0.0004931667405136994,0.0002931667405136994,0.00027337471326103634
2016-05-24,-0.0022694048308602183,-0.0024694048308602184,-0.0024891968581128815
2016-05-25,-0.00638792536997682,-0.00658792536997682,-0.006607717397229483
2016-06-15,-0.0015580025838834734,-0.0017580025838834735,-0.0017777946111361366
2016-06-16,0.0009551626256803717,0.0007551626256803717,0.0007353705984277087
2016-06-17,-0.0016567481621776545,-0.0018567481621776546,-0.0018765401894303177
2016-06-20,-0.0020867493625893194,-0.0022867493625893195,-0.0023065413898419825
2016-06-21,0.0015623957844031284,0.0013623957844031284,0.0013426037571504653
2016-06-22,-0.0005114572062592989,-0.0007114572062592989,-0.0007312492335119619
2016-06-23,0.0008012763311853912,0.0006012763311853913,0.0005814843039327282
2016-06-24,-0.004377087969580888,-0.0045770879695808874,-0.0045968799968335505
2016-06-27,-0.0011181140659833329,-0.001318114065983333,-0.001337906093235996
2016-06-28,0.0006789477294720077,0.0004789477294720077,0.0004591557022193447
2016-06-29,-0.00034563675479585594,-0.000545636754795856,-0.000565428782048519
2016-06-30,-0.004112754442462709,-0.004312754442462709,-0.004332546469715372
2016-07-01,-0.0006407201528629786,-0.0008407201528629786,-0.0008605121801156416
2016-07-05,-0.0026555271096251917,-0.002855527109625192,-0.002875319136877855
2016-07-06,0.0017507901722203483,0.0015507901722203482,0.0015309981449676852
2016-07-07,-0.0006620588663899932,-0.0008620588663899931,-0.0008818508936426562
2016-07-08,-4.831802196494522e-05,-0.00024831802196494525,-0.0002681100492176083
2016-07-11,-0.0007433476473273847,-0.0009433476473273847,-0.0009631396745800478
2016-07-12,0.0018543427079562547,0.0016543427079562547,0.0016345506807035916
2016-07-13,-0.001667193065787165,-0.001867193065787165,-0.001886985093039828
2016-07-14,0.0033569200172102725,0.0031569200172102724,0.0031371279899576093
2016-07-15,-0.0006518023040452595,-0.0008518023040452595,-0.0008715943312979225
2016-07-18,0.002284024793982599,0.0020840247939825987,0.0020642327667299357
2016-07-19,0.0005647810234678881,0.0003647810234678881,0.00034498899621522507
2016-07-20,-0.0007607011022373417,-0.0009607011022373416,-0.0009804931294900047
2016-07-21,0.00010513904909296605,-9.486095090703396e-05,-0.00011465297815969701
2016-07-22,3.8184436046947416e-05,-0.0001618155639530526,-0.00018160759120571565
2016-07-25,-0.0002947926600216639,-0.0004947926600216639,-0.000514584687274327
2016-07-26,-0.0030550520389162734,-0.0032550520389162734,-0.0032748440661689365
2016-07-27,0.0020009655862188044,0.0018009655862188043,0.0017811735589661412
2016-07-28,-0.0003617934772287964,-0.0005617934772287964,-0.0005815855044814595
2016-07-29,-0.0016497487173878335,-0.0018497487173878336,-0.0018695407446404967
2016-08-01,0.002838909853978669,0.002638909853978669,0.002619117826726006
2016-08-02,0.00036658143567694693,0.00016658143567694692,0.00014678940842428387
2016-08-03,-0.001127189314773085,-0.001327189314773085,-0.0013469813420257481
2016-08-04,0.0023989475269695255,0.0021989475269695254,0.0021791554997168624
2016-08-05,-0.002144785322421097,-0.002344785322421097,-0.00236457734967376
2016-08-08,0.0007636076996071205,0.0005636076996071205,0.0005438156723544575
2016-08-09,-0.0005491573891979549,-0.0007491573891979549,-0.0007689494164506179
2016-08-10,-0.00040700920913264984,-0.0006070092091326498,-0.0006268012363853129
2016-08-11,-0.00026697007223492296,-0.00046697007223492294,-0.000486762099487586
2016-08-12,0.00044157993572632064,0.00024157993572632063,0.00022178790847365758
2016-08-15,0.0001463652548708624,-5.363474512913761e-05,-7.342677238180066e-05
2016-08-16,0.0020621224009305587,0.0018621224009305586,0.0018423303736778956
2016-08-17,0.0015923410918033114,0.0013923410918033113,0.0013725490645506483
2016-08-18,-0.0005787194648331412,-0.0007787194648331411,-0.0007985114920858042
2016-08-19,-0.0009132705068153596,-0.0011132705068153596,-0.0011330625340680227
2016-08-22,-0.0012716706054648115,-0.0014716706054648115,-0.0014914626327174746
2016-08-23,-0.0032217771913433777,-0.0034217771913433778,-0.003441569218596041
2016-08-24,0.0010641437869797132,0.0008641437869797132,0.0008443517597270502
2016-09-14,0.0017301261331948415,0.0015301261331948414,0.0015103341059421783
2016-09-15,0.0011869248866407495,0.0009869248866407495,0.0009671328593880864
2016-09-16,0.0007415297544315978,0.0005415297544315978,0.0005217377271789348
2016-09-19,-0.0026524469944745953,-0.0028524469944745954,-0.0028722390217272584
2016-09-20,0.0004969638155379425,0.00029696381553794254,0.0002771717882852795
2016-09-21,-0.001818883030447774,-0.002018883030447774,-0.002038675057700437
2016-09-22,-0.0011704699077537061,-0.0013704699077537062,-0.0013902619350063693
2016-09-23,0.0021352744425818847,0.0019352744425818846,0.0019154824153292216
2016-09-26,0.0002944647830246126,9.446478302461257e-05,7.467275577194952e-05
2016-09-27,1.9704294354666838e-05,-0.00018029570564533318,-0.00020008773289799622
2016-09-28,-0.0003377422656849695,-0.0005377422656849695,-0.0005575342929376325
2016-09-29,-9.535094429437867e-06,-0.00020953509442943788,-0.00022932712168210093
2016-09-30,0.0008356859940111129,0.0006356859940111129,0.0006158939667584498
2016-10-03,0.0030014180689695797,0.0028014180689695796,0.0027816260417169165
2016-10-04,0.004290909133424735,0.004090909133424735,0.004071117106172072
2016-10-05,0.001832687931973932,0.001632687931973932,0.0016128959047212689
2016-10-06,0.0001320385262444822,-6.796147375551782e-05,-8.775350100818086e-05
2016-10-07,0.0021489624210697684,0.0019489624210697683,0.0019291703938171052
2016-10-10,0.0014126062848760677,0.0012126062848760676,0.0011928142576234045
2016-10-11,-0.0004865663628892879,-0.000686566362889288,-0.000706358390141951
2016-10-12,-0.0021033256995561713,-0.0023033256995561714,-0.0023231177268088344
2016-10-13,-9.335848988654355e-05,-0.00029335848988654357,-0.0003131505171392066
2016-10-14,0.0003347683773447365,0.0001347683773447365,0.00011497635009207345
2016-10-17,-0.00119590092879389,-0.0013959009287938902,-0.0014156929560465532
2016-10-18,0.00038328846466814394,0.00018328846466814393,0.00016349643741548088
2016-10-19,-0.0002693657555782253,-0.00046936575557822533,-0.0004891577828308884
2016-10-20,-0.00025096157113728456,-0.00045096157113728454,-0.0004707535983899476
2016-10-21,0.002255205326083054,0.002055205326083054,0.002035413298830391
2016-10-24,-0.00021183422394094355,-0.00041183422394094356,-0.0004316262511936066
2016-10-25,0.002094144223453506,0.001894144223453506,0.001874352196200843
2016-10-26,0.0002839130759130294,8.391307591302938e-05,6.412104866036634e-05
2016-10-27,0.0014977536496733976,0.0012977536496733976,0.0012779616224207345
2016-10-28,-0.003026822850551851,-0.003226822850551851,-0.003246614877804514
2016-10-31,-0.0025998342082681385,-0.0027998342082681386,-0.0028196262355208016
2016-11-01,-0.0004923975636008354,-0.0006923975636008354,-0.0007121895908534984
2016-11-02,-4.266160779777109e-05,-0.0002426616077977711,-0.00026245363505043417
2016-11-03,-0.003670221121398698,-0.003870221121398698,-0.003890013148651361
2016-11-04,-0.0009004508677101456,-0.0011004508677101457,-0.0011202428949628087
2016-11-07,0.0037426677736373173,0.003542667773637317,0.003522875746384654
2016-11-08,0.001413157548207892,0.001213157548207892,0.0011933655209552289
2016-11-09,-0.0019383684684515646,-0.0021383684684515647,-0.0021581604957042278
2016-11-10,-0.00011326391466426753,-0.00031326391466426754,-0.0003330559419169306
2016-11-11,-0.004312494339605665,-0.0045124943396056645,-0.0045322863668583275
2016-11-14,-0.00026454327313463893,-0.0004645432731346389,-0.00048433530038730196
2016-11-15,0.000853741352689904,0.000653741352689904,0.0006339493254372409
2016-11-16,-0.0034761498997070476,-0.0036761498997070477,-0.0036959419269597107
2016-11-17,-0.0008690081033712073,-0.0010690081033712074,-0.0010888001306238705
2016-11-18,-0.0010169873335000102,-0.0012169873335000103,-0.0012367793607526733
2016-11-21,0.0015669421594008688,0.0013669421594008687,0.0013471501321482057
2016-11-22,-5.273629429968074e-05,-0.00025273629429968075,-0.0002725283215523438
2016-11-23,-0.004166997871690888,-0.004366997871690888,-0.004386789898943551
2016-12-14,0.0008539094962115523,0.0006539094962115524,0.0006341174689588893
2016-12-15,-0.0013423297671596697,-0.0015423297671596698,-0.0015621217944123329
2016-12-16,-0.0017421610652620888,-0.001942161065262089,-0.0019619530925147517
2016-12-19,-0.0003595178164627691,-0.0005595178164627691,-0.0005793098437154321
2016-12-20,-0.00012673296092622827,-0.0003267329609262283,-0.0003465249881788913
2016-12-21,0.0003933872715034725,0.0001933872715034725,0.00017359524425080946
2016-12-22,0.0010477500433914366,0.0008477500433914366,0.0008279580161387735
2016-12-23,0.00025466216571567806,5.466216571567805e-05,3.4870138463015e-05
2016-12-27,-0.00022854139471051055,-0.00042854139471051053,-0.0004483334219631736
2016-12-28,0.000521618032596198,0.00032161803259619806,0.000301826005343535
2016-12-29,-0.0007617167813773664,-0.0009617167813773664,-0.0009815088086300295
2016-12-30,0.0012123347459202783,0.0010123347459202782,0.0009925427186676151
2017-01-03,-0.0014148624331711197,-0.0016148624331711197,-0.0016346544604237828
2017-01-04,-0.004238513248726569,-0.004438513248726569,-0.004458305275979232
2017-01-05,0.0029048943134969067,0.0027048943134969066,0.0026851022862442436
2017-01-06,0.0005444646347336355,0.0003444646347336355,0.00032467260748097245
2017-01-09,0.0030322600733873675,0.0028322600733873674,0.0028124680461347044
2017-01-10,-0.0015235956790918778,-0.0017235956790918779,-0.001743387706344541
2017-01-11,-0.00027090097949381876,-0.00047090097949381874,-0.0004906930067464818
2017-01-12,-0.0011060489003423726,-0.0013060489003423727,-0.0013258409275950357
2017-01-13,-0.0007076900757444467,-0.0009076900757444467,-0.0009274821029971097
2017-01-17,-0.0014310279966567724,-0.0016310279966567725,-0.0016508200239094355
2017-01-18,-0.0006567903432153486,-0.0008567903432153486,-0.0008765823704680116
2017-01-19,0.0007153078788982455,0.0005153078788982455,0.0004955158516455825
2017-01-20,-0.0013090293627393394,-0.0015090293627393395,-0.0015288213899920025
2017-01-23,0.0010099793374980166,0.0008099793374980166,0.0007901873102453535
2017-01-24,-0.0036910446845728443,-0.0038910446845728443,-0.003910836711825507
2017-01-25,-0.00014162539353039497,-0.000341625393530395,-0.00036141742078305803
2017-01-26,0.0028510231014323073,0.002651023101432307,0.002631231074179644
2017-01-27,0.00019416212418357228,-5.837875816427728e-06,-2.5629903069090775e-05
2017-01-30,-0.0003926394230140992,-0.0005926394230140992,-0.0006124314502667622
2017-01-31,-0.001980039606443852,-0.002180039606443852,-0.002199831633696515
2017-02-01,0.0021920827990827337,0.0019920827990827336,0.0019722907718300706
2017-02-02,-0.000557747898470989,-0.000757747898470989,-0.0007775399257236521
2017-02-03,-0.0007274058298192872,-0.0009274058298192871,-0.0009471978570719502
2017-02-06,0.0006376906607284923,0.00043769066072849234,0.0004178986334758293
2017-02-07,-0.0015664483085376033,-0.0017664483085376033,-0.0017862403357902664
2017-02-08,-0.0013945418747419555,-0.0015945418747419556,-0.0016143339019946187
2017-02-09,-0.0022693898107383243,-0.0024693898107383244,-0.0024891818379909874
2017-02-10,6.221970771823418e-05,-0.00013778029228176585,-0.0001575723195344289
2017-02-13,-0.0008634317145163738,-0.001063431714516374,-0.001083223741769037
2017-02-14,-0.00040028043360140466,-0.0006002804336014047,-0.0006200724608540677
2017-02-15,-0.0004942216123550546,-0.0006942216123550545,-0.0007140136396077176
2017-02-16,-0.00113502146296304,-0.0013350214629630401,-0.0013548134902157032
2017-02-17,-0.001826576941462352,-0.002026576941462352,-0.002046368968715015
2017-02-21,0.0015734806693585247,0.0013734806693585246,0.0013536886421058616
2017-02-22,0.0015959868969856134,0.0013959868969856133,0.0013761948697329502
2017-02-23,0.004459394089857162,0.004259394089857162,0.004239602062604499
2017-03-15,0.00044127859062375316,0.00024127859062375316,0.0002214865633710901
2017-03-16,-0.0027406698243693023,-0.0029406698243693023,-0.0029604618516219654
2017-03-17,-0.00012358934816424173,-0.00032358934816424173,-0.0003433813754169048
2017-03-20,0.0020303515787743684,0.0018303515787743683,0.0018105595515217053
2017-03-21,0.0022600244855290673,0.002060024485529067,0.002040232458276404
2017-03-22,0.0010793256377263287,0.0008793256377263287,0.0008595336104736656
2017-03-23,-0.0014213003405704322,-0.0016213003405704323,-0.0016410923678230954
2017-03-24,-0.00032886680216199805,-0.0005288668021619981,-0.0005486588294146611
2017-03-27,-0.00048165475956994853,-0.0006816547595699486,-0.0007014467868226116
2017-03-28,0.0003196959347811361,0.00011969593478113611,9.990390752847306e-05
2017-03-29,0.00024298216843431582,4.2982168434315814e-05,2.3190141181652767e-05
2017-03-30,0.0007820565116611535,0.0005820565116611535,0.0005622644844084905
2017-03-31,-0.0011527305604370716,-0.0013527305604370717,-0.0013725225876897347
2017-04-03,0.002020320916905574,0.0018203209169055739,0.0018005288896529108
2017-04-04,0.0011443845736738342,0.0009443845736738342,0.0009245925464211711
2017-04-05,0.0009079473203002432,0.0007079473203002433,0.0006881552930475802
2017-04-06,-0.0016922089450295097,-0.0018922089450295098,-0.0019120009722821728
2017-04-07,-0.0006061778658615825,-0.0008061778658615825,-0.0008259698931142455
2017-04-10,-0.0012011666057889123,-0.0014011666057889124,-0.0014209586330415755
2017-04-11,-0.001513405959458129,-0.0017134059594581291,-0.0017331979867107922
2017-04-12,0.0017649364110314447,0.0015649364110314446,0.0015451443837787816
2017-04-13,0.0007201376719116355,0.0005201376719116355,0.0005003456446589725
2017-04-17,-0.0015302471096296088,-0.0017302471096296089,-0.001750039136882272
2017-04-18,-0.0005749443844994821,-0.0007749443844994821,-0.0007947364117521452
2017-04-19,-2.1840539564584385e-05,-0.0002218405395645844,-0.00024163256681724744
2017-04-20,-0.0014008502455816077,-0.0016008502455816078,-0.0016206422728342708
2017-04-21,-0.001713104907266734,-0.001913104907266734,-0.0019328969345193971
2017-04-24,0.00099700122146292,0.00079700122146292,0.000777209194210257
2017-04-25,0.000987916528235293,0.0007879165282352931,0.0007681245009826301
2017-04-26,0.00012469571897051894,-7.530428102948107e-05,-9.509630828214411e-05
2017-04-27,0.0008866508787964882,0.0006866508787964882,0.0006668588515438251
2017-04-28,0.0019764918573627,0.0017764918573626998,0.0017566998301100367
2017-05-01,0.004775683955385238,0.0045756839553852385,0.004555891928132575
2017-05-02,-0.0016657932810585003,-0.0018657932810585004,-0.0018855853083111634
2017-05-03,0.0013429802199337957,0.0011429802199337956,0.0011231881926811326
2017-05-04,-0.0006267772255305973,-0.0008267772255305972,-0.0008465692527832603
2017-05-05,-0.0020974625621520827,-0.002297462562152083,-0.002317254589404746
2017-05-08,0.0020553823015898487,0.0018553823015898486,0.0018355902743371856
2017-05-09,-0.0012070342281172326,-0.0014070342281172327,-0.0014268262553698958
2017-05-10,0.001348845287260005,0.001148845287260005,0.001129053260007342
2017-05-11,0.0014183560961609487,0.0012183560961609486,0.0011985640689082856
2017-05-12,0.0007987234925646452,0.0005987234925646452,0.0005789314653119822
2017-05-15,7.330827359250707e-05,-0.00012669172640749292,-0.00014648375366015597
2017-05-16,0.0003106243934742868,0.0001106243934742868,9.083236622162375e-05
2017-05-17,0.0005868468371306125,0.0003868468371306125,0.00036705480987794944
2017-05-18,-0.0007608367781065725,-0.0009608367781065725,-0.0009806288053592356
2017-05-19,-0.0016792486587946312,-0.0018792486587946313,-0.0018990406860472943
2017-05-22,-0.002960808431400651,-0.003160808431400651,-0.003180600458653314
2017-05-23,-0.00045683875914116756,-0.0006568387591411675,-0.0006766307863938306
2017-05-24,-0.002064959078138983,-0.002264959078138983,-0.002284751105391646
2017-06-14,-0.00039043875895004295,-0.000590438758950043,-0.000610230786202706
2017-06-15,0.00033952619115383933,0.00013952619115383932,0.00011973416390117627
2017-06-16,0.001150243852782181,0.0009502438527821811,0.000930451825529518
2017-06-19,0.00018310823540014707,-1.689176459985294e-05,-3.6683791852515986e-05
2017-06-20,-0.0003843441663204838,-0.0005843441663204838,-0.0006041361935731469
2017-06-21,0.002105105441964263,0.0019051054419642627,0.0018853134147115997
2017-06-22,-0.00035835665315098463,-0.0005583566531509847,-0.0005781486804036477
2017-06-23,-0.0013786409989992021,-0.0015786409989992022,-0.0015984330262518653
2017-06-26,-0.0016026242502604486,-0.0018026242502604487,-0.0018224162775131118
2017-06-27,-0.0025956741758925293,-0.0027956741758925294,-0.0028154662031451925
2017-06-28,-0.00045583727965789965,-0.0006558372796578996,-0.0006756293069105627
2017-06-29,-0.0004043898816599265,-0.0006043898816599265,-0.0006241819089125895
2017-06-30,-0.0012519894205770398,-0.0014519894205770399,-0.001471781447829703
2017-07-03,-0.00011470429704042996,-0.00031470429704043,-0.000334496324293093
2017-07-05,0.0011476771063851044,0.0009476771063851045,0.0009278850791324414
2017-07-06,-5.474956547251117e-05,-0.0002547495654725112,-0.0002745415927251742
2017-07-07,-0.0016511327555570276,-0.0018511327555570277,-0.0018709247828096907
2017-07-10,0.0024757423188201295,0.0022757423188201295,0.0022559502915674664
2017-07-11,-0.00015565616523161306,-0.0003556561652316131,-0.00037544819248427615
2017-07-12,0.0008699974304883549,0.0006699974304883549,0.0006502054032356919
2017-07-13,-0.00015746663330926136,-0.00035746663330926134,-0.0003772586605619244
2017-07-14,0.00011199729333971782,-8.800270666028219e-05,-0.00010779473391294523
2017-07-17,-0.00039065252995919254,-0.0005906525299591925,-0.0006104445572118556
2017-07-18,0.0011674671432010952,0.0009674671432010953,0.0009476751159484322
2017-07-19,0.00011030601417155267,-8.969398582844734e-05,-0.00010948601308111039
2017-07-20,-0.00019596496998019815,-0.00039596496998019816,-0.0004157569972328612
2017-07-21,-0.0002365438143135523,-0.0004365438143135523,-0.00045633584156621536
2017-07-24,0.0016683278813577488,0.0014683278813577487,0.0014485358541050856
2017-07-25,-0.0015137586538913161,-0.0017137586538913162,-0.0017335506811439793
2017-07-26,0.0015755419686012604,0.0013755419686012603,0.0013557499413485972
2017-07-27,-0.001969674776806016,-0.002169674776806016,-0.002189466804058679
2017-07-28,-0.0010684062412118418,-0.0012684062412118419,-0.001288198268464505
2017-07-31,-3.008722725384709e-05,-0.0002300872272538471,-0.00024987925450651016
2017-08-01,-0.0005025229752829794,-0.0007025229752829794,-0.0007223150025356424
2017-08-02,0.002506123574662968,0.002306123574662968,0.002286331547410305
2017-08-03,0.0004863574733257362,0.00028635747332573624,0.0002665654460730732
2017-08-04,-0.0013340738597708351,-0.0015340738597708352,-0.0015538658870234982
2017-08-07,-0.0011490049776185342,-0.0013490049776185343,-0.0013687970048711974
2017-08-08,0.0009971283950258767,0.0007971283950258767,0.0007773363677732137
2017-08-09,0.0006340770252980097,0.0004340770252980097,0.0004142849980453467
2017-08-10,4.323741131115539e-05,-0.00015676258868884462,-0.00017655461594150767
2017-08-11,-0.0021612148304669676,-0.0023612148304669677,-0.0023810068577196307
2017-08-14,0.0013210336289561594,0.0011210336289561593,0.0011012416017034963
2017-08-15,0.002785092532114988,0.0025850925321149877,0.0025653005048623246
2017-08-16,-0.002942202742845519,-0.0031422027428455192,-0.0031619947700981823
2017-08-17,-0.0019163463186056995,-0.0021163463186056994,-0.0021361383458583624
2017-08-18,-0.0010015469087163204,-0.0012015469087163205,-0.0012213389359689835
2017-08-21,0.0017311129619904607,0.0015311129619904607,0.0015113209347377976
2017-08-22,0.002312638313377753,0.002112638313377753,0.00209284628612509
2017-08-23,-0.006847338011196334,-0.007047338011196334,-0.007067130038448997
2017-09-13,0.0023016582255128057,0.0021016582255128057,0.0020818661982601426
2017-09-14,-0.0004021906238165561,-0.0006021906238165561,-0.0006219826510692191
2017-09-15,0.0014942998461490956,0.0012942998461490955,0.0012745078188964325
2017-09-18,-0.0008243008997008584,-0.0010243008997008584,-0.0010440929269535215
2017-09-19,0.0002647979543924243,6.479795439242429e-05,4.500592713976124e-05
2017-09-20,-0.0006730141502332103,-0.0008730141502332103,-0.0008928061774858733
2017-09-21,-0.0006998068164845678,-0.0008998068164845677,-0.0009195988437372308
2017-09-22,-0.002046159588035891,-0.002246159588035891,-0.002265951615288554
2017-09-25,-0.002766702600232415,-0.0029667026002324153,-0.0029864946274850783
2017-09-26,0.0012885980800699467,0.0010885980800699466,0.0010688060528172836
2017-09-27,-0.003574748927676698,-0.003774748927676698,-0.003794540954929361
2017-09-28,-5.955646412183488e-05,-0.0002595564641218349,-0.00027934849137449796
2017-09-29,-0.001291183849514811,-0.001491183849514811,-0.001510975876767474
2017-10-02,-0.0006165812817445917,-0.0008165812817445917,-0.0008363733089972547
2017-10-03,3.195848253512017e-05,-0.00016804151746487982,-0.00018783354471754287
2017-10-04,-0.0018937604891665772,-0.002093760489166577,-0.00211355251641924
2017-10-05,0.0004162025747659433,0.00021620257476594328,0.00019641054751328024
2017-10-06,-0.0007675626760452485,-0.0009675626760452485,-0.0009873547032979114
2017-10-09,0.0007954168717164169,0.0005954168717164169,0.0005756248444637539
2017-10-10,-0.001523930987578447,-0.001723930987578447,-0.00174372301483111
2017-10-11,0.00025130113082246495,5.130113082246494e-05,3.150910356980189e-05
2017-10-12,-0.001573449072008263,-0.0017734490720082631,-0.0017932410992609262
2017-10-13,0.0008794683794347753,0.0006794683794347753,0.0006596763521821122
2017-10-16,0.0008207393520953063,0.0006207393520953063,0.0006009473248426432
2017-10-17,0.0018597635363970246,0.0016597635363970245,0.0016399715091443615
2017-10-18,-0.0018846436219401917,-0.002084643621940192,-0.002104435649192855
2017-10-19,-0.0008759331207563244,-0.0010759331207563245,-0.0010957251480089875
2017-10-20,-0.0013310755181418252,-0.0015310755181418252,-0.0015508675453944883
2017-10-23,0.00018361208534071493,-1.6387914659285084e-05,-3.617994191194813e-05
2017-10-24,-0.0011486309331218752,-0.0013486309331218753,-0.0013684229603745384
2017-10-25,0.0011264935630811432,0.0009264935630811433,0.0009067015358284802
2017-10-26,-0.0005809715034531276,-0.0007809715034531276,-0.0008007635307057906
2017-10-27,0.0037083276407361677,0.0035083276407361676,0.0034885356134835045
2017-10-30,0.0014247411741933978,0.0012247411741933977,0.0012049491469407346
2017-10-31,-0.001296949155100432,-0.001496949155100432,-0.0015167411823530951
2017-11-01,0.0015642111819765836,0.0013642111819765835,0.0013444191547239204
2017-11-02,0.00044380059021988626,0.00024380059021988625,0.0002240085629672232
2017-11-03,0.0022314626083818697,0.0020314626083818696,0.0020116705811292065
2017-11-06,0.0009018685271260758,0.0007018685271260758,0.0006820764998734127
2017-11-07,0.000442557996602185,0.000242557996602185,0.00022276596934952194
2017-11-08,-0.0005830914100941504,-0.0007830914100941503,-0.0008028834373468134
2017-11-09,-0.0008165466820385266,-0.0010165466820385267,-0.0010363387092911897
2017-11-10,-0.0004665314333549471,-0.0006665314333549471,-0.0006863234606076102
2017-11-13,-0.0018001097826015546,-0.0020001097826015547,-0.0020199018098542177
2017-11-14,-0.002488435402665208,-0.002688435402665208,-0.002708227429917871
2017-11-15,0.0003288025098892588,0.0001288025098892588,0.00010901048263659574
2017-11-16,-0.0018768980275246417,-0.0020768980275246416,-0.0020966900547773047
2017-11-17,-0.0034264239096010894,-0.0036264239096010895,-0.0036462159368537525
2017-11-20,0.0010579520504468104,0.0008579520504468104,0.0008381600231941474
2017-11-21,0.0001725360967254243,-2.746390327457572e-05,-4.7255930527238766e-05
2017-12-13,-0.0013524741145973336,-0.0015524741145973337,-0.0015722661418499967
2017-12-14,0.00111275201368903,0.00091275201368903,0.000892959986436367
2017-12-15,-0.00013696811346293393,-0.0003369681134629339,-0.00035676014071559696
2017-12-18,-0.0011904503206090118,-0.0013904503206090119,-0.001410242347861675
2017-12-19,-7.610587172203186e-05,-0.00027610587172203187,-0.0002958978989746949
2017-12-20,-0.0015259310792251437,-0.0017259310792251438,-0.0017457231064778068
2017-12-21,-0.0008084849237899985,-0.0010084849237899985,-0.0010282769510426616
2017-12-22,-0.001230612954639478,-0.001430612954639478,-0.0014504049818921411
2017-12-26,-0.0021215720699876996,-0.0023215720699876997,-0.0023413640972403628
2017-12-27,-0.0006157258382834279,-0.0008157258382834279,-0.000835517865536091
2017-12-28,-0.00033168458926884526,-0.0005316845892688452,-0.0005514766165215083
2017-12-29,0.0004628411607334749,0.0002628411607334749,0.00024304913348081186
2018-01-02,0.00197562038265338,0.0017756203826533798,0.0017558283554007167
2018-01-03,0.001255222243751663,0.001055222243751663,0.0010354302164989999
2018-01-04,-0.0006948123070078647,-0.0008948123070078647,-0.0009146043342605277
2018-01-05,0.0009134487869180549,0.0007134487869180549,0.0006936567596653919
2018-01-08,-0.00033856361145295804,-0.0005385636114529581,-0.0005583556387056211
2018-01-09,0.0025358480124408347,0.0023358480124408346,0.0023160559851881715
2018-01-10,0.0009479974758522889,0.0007479974758522889,0.0007282054485996259
2018-01-11,-0.0017088988872314224,-0.0019088988872314225,-0.0019286909144840855
2018-01-12,0.00010573553320084123,-9.426446679915878e-05,-0.00011405649405182183
2018-01-16,3.62032216808721e-05,-0.0001637967783191279,-0.00018358880557179096
2018-01-17,0.0002973596972953402,9.735969729534019e-05,7.756767004267714e-05
2018-01-18,0.0008610686102823936,0.0006610686102823936,0.0006412765830297306
2018-01-19,-0.00245936863165655,-0.00265936863165655,-0.002679160658909213
2018-01-22,0.001788221963312724,0.001588221963312724,0.001568429936060061
2018-01-23,-0.0009250950650770361,-0.0011250950650770362,-0.0011448870923296993
2018-01-24,-5.491489009906273e-05,-0.0002549148900990627,-0.0002747069173517258
2018-01-25,-0.0026601590077851983,-0.0028601590077851984,-0.0028799510350378615
2018-01-26,0.002833690783861181,0.002633690783861181,0.002613898756608518
2018-01-29,0.0011108525460662684,0.0009108525460662685,0.0008910605188136054
2018-01-30,-1.145198193554148e-05,-0.00021145198193554148,-0.00023124400918820453
2018-01-31,0.0013618958199680786,0.0011618958199680785,0.0011421037927154154
2018-02-01,-0.0006038221480139078,-0.0008038221480139078,-0.0008236141752665709
2018-02-02,-0.0013883585122367464,-0.0015883585122367465,-0.0016081505394894096
2018-02-05,-0.0037357780693724994,-0.003935778069372499,-0.003955570096625162
2018-02-06,0.006933113968452365,0.006733113968452365,0.006713321941199702
2018-02-07,-0.0008914288935805686,-0.0010914288935805687,-0.0011112209208332317
2018-02-08,-0.001397225235134994,-0.001597225235134994,-0.001617017262387657
2018-02-09,0.0035227128809631613,0.003322712880963161,0.003302920853710498
2018-02-12,-0.0016226174442282562,-0.0018226174442282563,-0.0018424094714809193
2018-02-13,0.00031134313980474965,0.00011134313980474964,9.155111255208659e-05
2018-02-14,-0.0023086799013213245,-0.0025086799013213246,-0.0025284719285739877
2018-02-15,6.770831397087934e-06,-0.00019322916860291207,-0.00021302119585557512
2018-02-16,-0.0017238823036245861,-0.0019238823036245862,-0.0019436743308772493
2018-02-20,0.0033981479136546,0.0031981479136546,0.003178355886401937
2018-02-21,-0.001503804130805647,-0.001703804130805647,-0.0017235961580583101
2018-02-22,-0.0015517899544100946,-0.0017517899544100947,-0.0017715819816627577
2018-03-14,-0.011346292946253772,-0.011546292946253773,-0.011566084973506436
2018-03-15,0.0013299098707830995,0.0011299098707830994,0.0011101178435304363
2018-03-16,-0.0021275137105200995,-0.0023275137105200996,-0.0023473057377727626
2018-03-19,-0.0005035971114616258,-0.0007035971114616258,-0.0007233891387142888
2018-03-20,-0.0006181463097794276,-0.0008181463097794275,-0.0008379383370320906
2018-03-21,-0.002153722600201682,-0.002353722600201682,-0.002373514627454345
2018-03-22,-0.0001233163114441273,-0.0003233163114441273,-0.00034310833869679035
2018-03-23,-0.0013828860145616694,-0.0015828860145616695,-0.0016026780418143326
2018-03-26,0.0031725310173320964,0.0029725310173320963,0.0029527389900794333
2018-03-27,-0.0014694168826653007,-0.0016694168826653008,-0.0016892089099179639
2018-03-28,0.0004234646304903601,0.00022346463049036008,0.00020367260323769703
2018-03-29,-0.002431271100975659,-0.002631271100975659,-0.002651063128228322
2018-04-02,0.0011989855062240862,0.000998985506224086,0.000979193478971423
2018-04-03,0.0023161118546589873,0.002116111854658987,0.002096319827406324
2018-04-04,-0.0007634892451744684,-0.0009634892451744684,-0.0009832812724271315
2018-04-05,0.000125616427229787,-7.438357277021301e-05,-9.417560002287606e-05
2018-04-06,-0.0026229929113616656,-0.0028229929113616657,-0.0028427849386143287
2018-04-09,0.0017004452251487333,0.0015004452251487332,0.0014806531978960702
2018-04-10,-0.0007664495634661327,-0.0009664495634661327,-0.0009862415907187956
2018-04-11,-0.0013276706654552675,-0.0015276706654552676,-0.0015474626927079306
2018-04-12,0.0015056498711050433,0.0013056498711050432,0.0012858578438523802
2018-04-13,0.0008461486811044031,0.0006461486811044032,0.0006263566538517401
2018-04-16,-0.001856330213248735,-0.002056330213248735,-0.002076122240501398
2018-04-17,0.002961285237935782,0.002761285237935782,0.0027414932106831187
2018-04-18,-0.0002526449002566356,-0.0004526449002566356,-0.00047243692750929865
2018-04-19,-8.398523189955925e-05,-0.0002839852318995593,-0.00030377725915222233
2018-04-20,-0.0004047802882629591,-0.0006047802882629592,-0.0006245723155156222
2018-04-23,-0.0001412561872473728,-0.00034125618724737284,-0.0003610482145000359
2018-04-24,-0.0029684592554613423,-0.0031684592554613424,-0.0031882512827140054
2018-04-25,0.0008092923361710224,0.0006092923361710224,0.0005895003089183594
2018-04-26,0.002900566303462883,0.002700566303462883,0.00268077427621022
2018-04-27,0.00013677835769190046,-6.322164230809955e-05,-8.30136695607626e-05
2018-04-30,0.0006702175894173507,0.00047021758941735074,0.0004504255621646877
2018-05-01,0.0003033134574883069,0.00010331345748830687,8.352143023564383e-05
2018-05-02,0.00023668003935243477,3.668003935243476e-05,1.688801209977171e-05
2018-05-03,-0.001972820903554694,-0.002172820903554694,-0.002192612930807357
2018-05-04,0.0006280334852661193,0.00042803348526611936,0.0004082414580134563
2018-05-07,0.0019528538358211133,0.0017528538358211132,0.0017330618085684502
2018-05-08,0.001404587661785249,0.001204587661785249,0.001184795634532586
2018-05-09,0.0020532811737128927,0.0018532811737128926,0.0018334891464602296
2018-05-10,0.0002747345928150169,7.47345928150169e-05,5.4942565562353856e-05
2018-05-11,-8.76139138461237e-05,-0.0002876139138461237,-0.00030740594109878675
2018-05-14,0.0007341581314797074,0.0005341581314797074,0.0005143661042270444
2018-05-15,-0.0023053291548807693,-0.0025053291548807694,-0.0025251211821334324
2018-05-16,-0.0015395647122473277,-0.0017395647122473278,-0.0017593567394999909
2018-05-17,-0.002361808940587318,-0.002561808940587318,-0.002581600967839981
2018-05-18,-0.0023597980607177322,-0.0025597980607177323,-0.0025795900879703954
2018-05-21,0.0010048883490208496,0.0008048883490208496,0.0007850963217681865
2018-05-22,0.000539036988753209,0.000339036988753209,0.00031924496150054595
2018-05-23,0.00046241707682017995,0.0002624170768201799,0.00024262504956751687
2018-06-13,0.00017114053804819117,-2.885946195180884e-05,-4.8651489204471886e-05
2018-06-14,0.0011648474386774029,0.0009648474386774029,0.0009450554114247399
2018-06-15,-0.0012948890579604082,-0.0014948890579604083,-0.0015146810852130713
2018-06-18,-0.00020597864246919514,-0.0004059786424691951,-0.00042577066972185817
2018-06-19,0.0012124148488425355,0.0010124148488425354,0.0009926228215898724
2018-06-20,0.0006262070340346135,0.0004262070340346135,0.00040641500678195047
2018-06-21,0.0007369969847661882,0.0005369969847661882,0.0005172049575135251
2018-06-22,-0.0010095752120328838,-0.001209575212032884,-0.001229367239285547
2018-06-25,-9.01118790990379e-05,-0.00029011187909903794,-0.000309903906351701
2018-06-26,-0.000964301743803362,-0.001164301743803362,-0.001184093771056025
2018-06-27,0.0076170679120534735,0.007417067912053474,0.007397275884800811
2018-06-28,-0.002393780519955324,-0.002593780519955324,-0.002613572547207987
2018-06-29,-0.0005448932904790914,-0.0007448932904790914,-0.0007646853177317544
2018-07-02,-0.0012915178160339109,-0.001491517816033911,-0.001511309843286574
2018-07-03,-0.0009833913949956604,-0.0011833913949956605,-0.0012031834222483236
2018-07-05,-0.0009882985259217895,-0.0011882985259217896,-0.0012080905531744526
2018-07-06,0.0008643910044221261,0.0006643910044221261,0.0006445989771694631
2018-07-09,-0.00011402126567074574,-0.00031402126567074576,-0.0003338132929234088
2018-07-10,0.000904189383090547,0.000704189383090547,0.000684397355837884
2018-07-11,-0.0022840096654801077,-0.0024840096654801078,-0.002503801692732771
2018-07-12,0.0029190456668071007,0.0027190456668071007,0.0026992536395544376
2018-07-13,0.0006615401962916434,0.0004615401962916434,0.00044174816903898035
2018-07-16,0.002589784277365983,0.002389784277365983,0.00236999225011332
2018-07-17,-0.0011259725757284435,-0.0013259725757284436,-0.0013457646029811066
2018-07-18,-0.003040325712227756,-0.003240325712227756,-0.003260117739480419
2018-07-19,-0.004333108202132304,-0.004533108202132304,-0.004552900229384967
2018-07-20,-0.0004441745503005063,-0.0006441745503005063,-0.0006639665775531693
2018-07-23,0.0016254774482478511,0.001425477448247851,0.001405685420995188
2018-07-24,0.005166539769337317,0.004966539769337318,0.004946747742084655
2018-07-25,0.0024459695918124125,0.0022459695918124124,0.0022261775645597494
2018-07-26,-0.008298967126903879,-0.00849896712690388,-0.008518759154156542
2018-07-27,0.0005074837765127441,0.0003074837765127441,0.00028769174926008103
2018-07-30,0.0022977977350710638,0.0020977977350710637,0.0020780057078184006
2018-07-31,-0.000850686199685566,-0.001050686199685566,-0.001070478226938229
2018-08-01,-0.0008038165998083002,-0.0010038165998083003,-0.0010236086270609633
2018-08-02,-0.0006654914449990108,-0.0008654914449990108,-0.0008852834722516738
2018-08-03,0.0008603829141396428,0.0006603829141396428,0.0006405908868869798
2018-08-06,0.0003787392992738332,0.0001787392992738332,0.00015894727202117015
2018-08-07,0.0024227821883411444,0.0022227821883411443,0.0022029901610884813
2018-08-08,-0.002190366104107235,-0.002390366104107235,-0.002410158131359898
2018-08-09,-0.0013551818407477293,-0.0015551818407477293,-0.0015749738680003924
2018-08-10,0.0003894530470018365,0.0001894530470018365,0.00016966101974917345
2018-08-13,0.00045136617626678456,0.0002513661762667845,0.00023157414901412148
2018-08-14,0.0003784571231401227,0.00017845712314012267,0.00015866509588745962
2018-08-15,0.0017794654553786775,0.0015794654553786774,0.0015596734281260144
2018-08-16,0.0012313949221430572,0.0010313949221430572,0.0010116028948903941
2018-08-17,-0.0034992394993798815,-0.0036992394993798816,-0.0037190315266325447
2018-08-20,-0.0025683327344218575,-0.0027683327344218576,-0.0027881247616745207
2018-08-21,-0.0013047830007930222,-0.0015047830007930223,-0.0015245750280456854
2018-08-22,0.0002971338480078023,9.71338480078023e-05,7.734182075513926e-05
2018-09-12,0.0019408793055553932,0.0017408793055553931,0.00172108727830273
2018-09-13,0.0020840311683177973,0.0018840311683177972,0.0018642391410651341
2018-09-14,-0.0013935499241200379,-0.001593549924120038,-0.001613341951372701
2018-09-17,-0.001201737110940102,-0.001401737110940102,-0.0014215291381927651
2018-09-18,-0.00038084532266912746,-0.0005808453226691275,-0.0006006373499217905
2018-09-19,0.0004356552879756981,0.0002356552879756981,0.00021586326072303504
2018-09-20,-0.00021484611440001952,-0.00041484611440001953,-0.0004346381416526826
2018-09-21,-0.00023332694618363156,-0.0004333269461836316,-0.00045311897343629465
2018-09-24,0.0018216759293785414,0.0016216759293785413,0.0016018839021258782
2018-09-25,0.0007716374538220355,0.0005716374538220356,0.0005518454265693725
2018-09-26,0.001437921237655586,0.0012379212376555859,0.0012181292104029228
2018-09-27,0.002539763716189357,0.002339763716189357,0.002319971688936694
2018-09-28,-0.00022125362716293089,-0.00042125362716293087,-0.0004410456544155939
2018-10-01,0.0038630482749246052,0.003663048274924605,0.003643256247671942
2018-10-02,0.001767320532668059,0.0015673205326680588,0.0015475285054153958
2018-10-03,-0.0010260772662229166,-0.0012260772662229167,-0.0012458692934755797
2018-10-04,0.0014356444956284532,0.0012356444956284531,0.00121585246837579
2018-10-05,0.0013782541106307615,0.0011782541106307614,0.0011584620833780983
2018-10-08,0.0042489309312888105,0.004048930931288811,0.004029138904036148
2018-10-09,0.0031230591910109103,0.00292305919101091,0.002903267163758247
2018-10-10,0.0039499237285398735,0.0037499237285398735,0.0037301317012872104
2018-10-11,-0.006911418331502755,-0.0071114183315027545,-0.0071312103587554175
2018-10-12,-0.0018475391458559931,-0.002047539145855993,-0.0020673311731086563
2018-10-15,-0.0009130247364172237,-0.0011130247364172236,-0.0011328167636698867
2018-10-16,0.00016281692780548357,-3.718307219451644e-05,-5.6975099447179484e-05
2018-10-17,0.0023360063272367497,0.0021360063272367496,0.0021162142999840866
2018-10-18,-0.0008260937647021661,-0.0010260937647021662,-0.0010458857919548293
2018-10-19,0.0009354224828160434,0.0007354224828160434,0.0007156304555633804
2018-10-22,0.0007664219039628462,0.0005664219039628462,0.0005466298767101832
2018-10-23,0.00197786225080451,0.0017778622508045098,0.0017580702235518468
2018-10-24,0.0006461984246535281,0.00044619842465352813,0.0004264063974008651
2018-10-25,0.00015539529226510346,-4.460470773489655e-05,-6.43967349875596e-05
2018-10-26,-0.004721177318246448,-0.004921177318246448,-0.004940969345499111
2018-10-29,0.0013681756013596157,0.0011681756013596156,0.0011483835741069525
2018-10-30,-0.005104998923815056,-0.005304998923815056,-0.005324790951067719
2018-10-31,-0.004407628543536368,-0.004607628543536368,-0.004627420570789031
2018-11-01,-0.004059780881049905,-0.004259780881049904,-0.004279572908302567
2018-11-02,-0.0012379498634144384,-0.0014379498634144385,-0.0014577418906671015
2018-11-05,-0.00025569725526213927,-0.00045569725526213925,-0.0004754892825148023
2018-11-06,-0.0005156920552708,-0.0007156920552708,-0.000735484082523463
2018-11-07,0.005123436495583887,0.004923436495583887,0.004903644468331224
2018-11-08,-0.0018729484570446475,-0.0020729484570446476,-0.0020927404842973106
2018-11-09,-0.00034384262528274026,-0.0005438426252827403,-0.0005636346525354033
2018-11-12,-0.005065929326122896,-0.005265929326122896,-0.005285721353375559
2018-11-13,-0.00024063619831642472,-0.0004406361983164247,-0.00046042822556908774
2018-11-14,-0.0019859784146879964,-0.0021859784146879965,-0.0022057704419406595
2018-11-15,0.0005325070584796796,0.00033250705847967966,0.0003127150312270166
2018-11-16,0.001264306995083481,0.001064306995083481,0.001044514967830818
2018-11-19,-0.005835854240544538,-0.006035854240544538,-0.006055646267797201
2018-11-20,0.0012147862663154686,0.0010147862663154685,0.0009949942390628055
2018-11-21,-0.0014842156548643794,-0.0016842156548643795,-0.0017040076821170425
2018-11-23,-0.0052223408242884645,-0.005422340824288464,-0.005442132851541127
2018-12-14,-0.005327803156542018,-0.005527803156542018,-0.005547595183794681
2018-12-17,0.003306210915706793,0.003106210915706793,0.0030864188884541298
2018-12-18,-0.001317236303725056,-0.001517236303725056,-0.0015370283309777192
2018-12-19,-0.0005952927079808818,-0.0007952927079808818,-0.0008150847352335448
2018-12-20,-0.0004804058672331271,-0.0006804058672331271,-0.0007001978944857902
2018-12-21,0.002108987984881448,0.001908987984881448,0.001889195957628785
2018-12-24,-0.004922863117300533,-0.005122863117300533,-0.005142655144553196
2018-12-26,0.002104735710401849,0.0019047357104018487,0.0018849436831491857
2018-12-27,2.659301064248118e-05,-0.00017340698935751884,-0.0001931990166101819
2018-12-28,-0.001496888489534804,-0.001696888489534804,-0.0017166805167874671
2018-12-31,5.260023194452872e-05,-0.0001473997680554713,-0.00016719179530813434
2019-01-02,0.00022948894928244288,2.9488949282442867e-05,9.69692202977982e-06
2019-01-03,-0.004510522266562152,-0.004710522266562152,-0.004730314293814815
2019-01-04,0.00027063790175580783,7.063790175580782e-05,5.0845874503144777e-05
2019-01-07,-0.0010787154560303704,-0.0012787154560303705,-0.0012985074832830336
2019-01-08,-0.000907346031760537,-0.001107346031760537,-0.0011271380590132001
2019-01-09,-0.0012240660194209414,-0.0014240660194209415,-0.0014438580466736046
2019-01-10,-0.001717988731717267,-0.001917988731717267,-0.0019377807589699301
2019-01-11,0.00010830702458208629,-9.169297541791372e-05,-0.00011148500267057677
2019-01-14,-0.00013251123727177626,-0.0003325112372717763,-0.00035230326452443934
2019-01-15,0.00383561165523398,0.00363561165523398,0.003615819627981317
2019-01-16,-0.0006033828421199856,-0.0008033828421199856,-0.0008231748693726486
2019-01-17,-0.0014795955677159031,-0.0016795955677159032,-0.0016993875949685663
2019-01-18,-0.0017130427217307363,-0.0019130427217307364,-0.0019328347489833994
2019-01-22,0.00012733418984486357,-7.266581015513644e-05,-9.245783740779949e-05
2019-01-23,0.0015466997470092692,0.0013466997470092691,0.001326907719756606
2019-01-24,-0.00483964071518625,-0.005039640715186249,-0.005059432742438912
2019-01-25,-0.0016104463533091068,-0.0018104463533091069,-0.00183023838056177
2019-01-28,-0.0011860527055221168,-0.0013860527055221169,-0.00140584473277478
2019-01-29,-0.004465297190991757,-0.004665297190991757,-0.00468508921824442
2019-01-30,0.0027152346855154504,0.0025152346855154503,0.0024954426582627872
2019-01-31,-0.003330659068144857,-0.003530659068144857,-0.0035504510953975202
2019-02-01,-0.0027233389239373234,-0.0029233389239373235,-0.0029431309511899865
2019-02-04,-0.0010813585027730395,-0.0012813585027730396,-0.0013011505300257026
2019-02-05,-0.0006732231411271191,-0.0008732231411271191,-0.0008930151683797822
2019-02-06,0.0012263169075136717,0.0010263169075136716,0.0010065248802610086
2019-02-07,0.0010142581626502918,0.0008142581626502918,0.0007944661353976287
2019-02-08,0.0008315629483220341,0.0006315629483220341,0.000611770921069371
2019-02-11,-0.0030099527490945023,-0.0032099527490945024,-0.0032297447763471655
2019-02-12,0.0005656762174230494,0.0003656762174230494,0.00034588419017038635
2019-02-13,0.0014442155626361358,0.0012442155626361357,0.0012244235353834727
2019-02-14,-0.002655946494553188,-0.002855946494553188,-0.002875738521805851
2019-02-15,-0.0012850917076868077,-0.0014850917076868078,-0.0015048837349394709
2019-02-19,-0.003301351476507599,-0.003501351476507599,-0.0035211435037602623
2019-02-20,0.0014641826901849785,0.0012641826901849784,0.0012443906629323153
2019-02-21,-0.0006398219454685636,-0.0008398219454685636,-0.0008596139727212267
2019-02-22,0.0009098075729106948,0.0007098075729106948,0.0006900155456580318
2019-03-14,-0.0008260387259196247,-0.0010260387259196247,-0.0010458307531722878
2019-03-15,0.0019100637349622747,0.0017100637349622746,0.0016902717077096115
2019-03-18,-0.0011760751345431294,-0.0013760751345431295,-0.0013958671617957925
2019-03-19,0.0023956483876406646,0.0021956483876406645,0.0021758563603880014
2019-03-20,0.0016396190287537602,0.00143961902875376,0.001419827001501097
2019-03-21,0.00127697354591113,0.0010769735459111298,0.0010571815186584668
2019-03-22,0.0005484856842634593,0.0003484856842634593,0.00032869365701079626
2019-03-25,-0.0017563591061107364,-0.0019563591061107365,-0.0019761511333633995
2019-03-26,-0.000842151426609131,-0.0010421514266091311,-0.0010619434538617942
2019-03-27,-0.0009445007547127757,-0.0011445007547127757,-0.0011642927819654387
2019-03-28,-0.0018095362385764167,-0.0020095362385764166,-0.0020293282658290796
2019-03-29,-0.001786835884486459,-0.001986835884486459,-0.002006627911739122
2019-04-01,0.0003809604770858114,0.0001809604770858114,0.00016116844983314835
2019-04-02,0.0008708539295175054,0.0006708539295175054,0.0006510619022648424
2019-04-03,-0.0009212809671362496,-0.0011212809671362497,-0.0011410729943889127
2019-04-04,0.00035577081333509756,0.00015577081333509755,0.0001359787860824345
2019-04-05,-0.0008358834792316955,-0.0010358834792316956,-0.0010556755064843586
2019-04-08,0.00011499644660531787,-8.500355339468214e-05,-0.00010479558064734519
2019-04-09,0.0015303853447365817,0.0013303853447365816,0.0013105933174839186
2019-04-10,-0.0026108756616267225,-0.0028108756616267226,-0.0028306676888793856
2019-04-11,-0.0012631630778027968,-0.001463163077802797,-0.00148295510505546
2019-04-12,0.0009224631954885202,0.0007224631954885202,0.0007026711682358572
2019-04-15,0.0010936324205732735,0.0008936324205732735,0.0008738403933206104
2019-04-16,-0.0018214156408142051,-0.002021415640814205,-0.002041207668066868
2019-04-17,0.0018330228228923395,0.0016330228228923394,0.0016132307956396763
2019-04-18,0.0011995037249158988,0.0009995037249158987,0.0009797116976632356
2019-04-22,0.0025189970964571594,0.0023189970964571593,0.002299205069204496
2019-04-23,-0.0015622665339497866,-0.0017622665339497867,-0.0017820585612024497
2019-04-24,0.00011945600656035017,-8.054399343964984e-05,-0.00010033602069231289
2019-04-25,0.0037940191694194056,0.0035940191694194055,0.0035742271421667425
2019-04-26,-0.0019755401603771356,-0.0021755401603771357,-0.0021953321876297988
2019-04-29,0.0003190309843125654,0.0001190309843125654,9.923895705990236e-05
2019-04-30,-0.0013876089407279491,-0.0015876089407279492,-0.0016074009679806123
2019-05-01,0.0014830626332865522,0.001283062633286552,0.001263270606033889
2019-05-02,-0.0033241923696863723,-0.0035241923696863724,-0.0035439843969390355
2019-05-03,-0.0011001018999463991,-0.0013001018999463992,-0.0013198939271990623
2019-05-06,-0.0017355165276501476,-0.0019355165276501477,-0.0019553085549028106
2019-05-07,-0.000785857493910523,-0.000985857493910523,-0.0010056495211631861
2019-05-08,6.208470111876788e-05,-0.0001379152988812321,-0.00015770732613389516
2019-05-09,-0.0010772540391744726,-0.0012772540391744727,-0.0012970460664271358
2019-05-10,0.0016618953507878884,0.0014618953507878883,0.0014421033235352252
2019-05-13,0.0010743266113787792,0.0008743266113787792,0.0008545345841261162
2019-05-14,-0.000817634214816464,-0.001017634214816464,-0.001037426242069127
2019-05-15,0.0001291131285483041,-7.088687145169592e-05,-9.067889870435897e-05
2019-05-16,0.00034412814630328613,0.00014412814630328612,0.00012433611905062308
2019-05-17,-0.00022008601969196128,-0.0004200860196919613,-0.00043987804694462434
2019-05-20,0.0009342643727958637,0.0007342643727958637,0.0007144723455432007
2019-05-21,0.0005132475757789172,0.00031324757577891717,0.0002934555485262541
2019-05-22,0.002860931227057177,0.002660931227057177,0.002641139199804514
2019-05-23,0.0009754294976383748,0.0007754294976383748,0.0007556374703857118
2019-06-13,-0.0012168261985927892,-0.0014168261985927893,-0.0014366182258454523
2019-06-14,0.002422004564439646,0.0022220045644396457,0.0022022125371869827
2019-06-17,0.0005554041670672997,0.0003554041670672997,0.00033561213981463665
2019-06-18,-0.0009246061168375888,-0.0011246061168375889,-0.001144398144090252
2019-06-19,-0.0021487418686023706,-0.0023487418686023707,-0.0023685338958550337
2019-06-20,0.00031291778213688934,0.00011291778213688933,9.312575488422628e-05
2019-06-21,0.0016423191700518105,0.0014423191700518104,0.0014225271427991473
2019-06-24,0.001699593858596787,0.001499593858596787,0.001479801831344124
2019-06-25,-0.002292687228873761,-0.002492687228873761,-0.002512479256126424
2019-06-26,0.0005639055020023132,0.0003639055020023132,0.00034411347474965013
2019-06-27,-0.006087075542166882,-0.006287075542166881,-0.006306867569419544
2019-06-28,-0.003584483205109278,-0.003784483205109278,-0.003804275232361941
2019-07-01,0.003080899791859511,0.002880899791859511,0.0028611077646068478
2019-07-02,0.00015167117987853032,-4.8328820121469693e-05,-6.812084737413274e-05
2019-07-03,-0.0009288750600839983,-0.0011288750600839984,-0.0011486670873366615
2019-07-05,-0.00018083153820039758,-0.0003808315382003976,-0.00040062356545306064
2019-07-08,-0.0002815299944672413,-0.00048152999446724127,-0.0005013220217199043
2019-07-09,-0.0009778151918322848,-0.0011778151918322849,-0.001197607219084948
2019-07-10,0.0015388178591868886,0.0013388178591868885,0.0013190258319342254
2019-07-11,0.0007045629501882797,0.0005045629501882797,0.00048477092293561664
2019-07-12,-0.002065924194607698,-0.002265924194607698,-0.002285716221860361
2019-07-15,0.001367539306414277,0.001167539306414277,0.001147747279161614
2019-07-16,-0.00214368959366809,-0.00234368959366809,-0.002363481620920753
2019-07-17,0.0001296339865071802,-7.03660134928198e-05,-9.015804074548285e-05
2019-07-18,0.0007342115241507733,0.0005342115241507733,0.0005144194968981102
2019-07-19,0.0004360553397402409,0.0002360553397402409,0.00021626331248757785
2019-07-22,0.0011130165725623657,0.0009130165725623657,0.0008932245453097026
2019-07-23,0.00124588138852334,0.0010458813885233398,0.0010260893612706768
2019-07-24,-0.004433231460092689,-0.004633231460092689,-0.004653023487345352
2019-07-25,0.00048613083321105856,0.0002861308332110585,0.0002663388059583955
2019-07-26,-0.0028124402536327557,-0.0030124402536327558,-0.003032232280885419
2019-07-29,0.001488482074369036,0.001288482074369036,0.001268690047116373
2019-07-30,6.590936500788865e-06,-0.00019340906349921114,-0.0002132010907518742
2019-07-31,-0.0024126725391429306,-0.0026126725391429307,-0.0026324645663955938
2019-08-01,-0.0030021872650444373,-0.0032021872650444374,-0.0032219792922971004
2019-08-02,0.0036852466579748782,0.003485246657974878,0.003465454630722215
2019-08-05,0.0015530096385081337,0.0013530096385081336,0.0013332176112554705
2019-08-06,0.0003478314907134724,0.0001478314907134724,0.00012803946346080935
2019-08-07,0.0005360863236891352,0.00033608632368913526,0.0003162942964364722
2019-08-08,-0.00015735860801008406,-0.00035735860801008407,-0.0003771506352627471
2019-08-09,0.0022608124811031296,0.0020608124811031295,0.0020410204538504665
2019-08-12,0.0007619625771779721,0.0005619625771779721,0.0005421705499253091
2019-08-13,0.00636052972160983,0.006160529721609831,0.0061407376943571675
2019-08-14,-0.0021871973334253586,-0.0023871973334253587,-0.0024069893606780217
2019-08-15,0.002965842818730573,0.002765842818730573,0.00274605079147791
2019-08-16,-0.0037427804087964787,-0.003942780408796478,-0.003962572436049141
2019-08-19,0.000508941162529309,0.000308941162529309,0.00028914913527664594
2019-08-20,0.0029615917941002,0.0027615917941002,0.002741799766847537
2019-08-21,0.0008344474271742709,0.0006344474271742709,0.0006146553999216078
2019-08-22,0.0007663513009099204,0.0005663513009099204,0.0005465592736572574
2019-09-12,0.00236318242868663,0.00216318242868663,0.002143390401433967
2019-09-13,-0.0015323249057087596,-0.0017323249057087597,-0.0017521169329614227
2019-09-16,-0.0036667544222029115,-0.0038667544222029115,-0.0038865464494555746
2019-09-17,0.0009108641202198225,0.0007108641202198226,0.0006910720929671595
2019-09-18,0.004203493982317181,0.004003493982317181,0.003983701955064518
2019-09-19,0.0017473185278223345,0.0015473185278223345,0.0015275265005696714
2019-09-20,-8.109313461010154e-05,-0.00028109313461010155,-0.0003008851618627646
2019-09-23,3.5671826040952556e-05,-0.00016432817395904746,-0.0001841202012117105
2019-09-24,0.005250682364547116,0.005050682364547116,0.005030890337294453
2019-09-25,-0.0015521392339195308,-0.0017521392339195309,-0.001771931261172194
2019-09-26,0.0013467594829573166,0.0011467594829573165,0.0011269674557046535
2019-09-27,0.004046674047508986,0.0038466740475089863,0.0038268820202563233
2019-09-30,-0.00021619996828670793,-0.00041619996828670794,-0.000435991995539371
2019-10-01,0.0016827773470395845,0.0014827773470395844,0.0014629853197869213
2019-10-02,-0.0014951685836485829,-0.001695168583648583,-0.001714960610901246
2019-10-03,0.0017504656921809789,0.0015504656921809788,0.0015306736649283157
2019-10-04,0.0016395905860861445,0.0014395905860861444,0.0014197985588334813
2019-10-07,1.3376631472701049e-05,-0.00018662336852729897,-0.00020641539577996202
2019-10-08,0.001304811348863149,0.001104811348863149,0.0010850193216104859
2019-10-09,0.0015664276601398245,0.0013664276601398245,0.0013466356328871614
2019-10-10,0.0014903643746196123,0.0012903643746196122,0.0012705723473669492
2019-10-11,-0.004772553189226393,-0.004972553189226393,-0.004992345216479056
2019-10-14,0.002305551208243487,0.002105551208243487,0.002085759180990824
2019-10-15,0.0036238475385363305,0.0034238475385363304,0.0034040555112836673
2019-10-16,-0.0015479916963739813,-0.0017479916963739814,-0.0017677837236266445
2019-10-17,-0.001770794189041048,-0.001970794189041048,-0.001990586216293711
2019-10-18,-0.0029063786410960923,-0.0031063786410960924,-0.0031261706683487554
2019-10-21,0.0009198952787491017,0.0007198952787491017,0.0007001032514964387
2019-10-22,0.002042919568703681,0.001842919568703681,0.001823127541451018
2019-10-23,0.001386093020084938,0.0011860930200849379,0.0011663009928322748
2019-10-24,-0.0018227112621093274,-0.0020227112621093273,-0.0020425032893619903
2019-10-25,0.0004496084729213934,0.00024960847292139336,0.0002298164456687303
2019-10-28,0.0013704992025292285,0.0011704992025292284,0.0011507071752765653
2019-10-29,-0.0017231200504810584,-0.0019231200504810585,-0.0019429120777337216
2019-10-30,0.001999966798059651,0.001799966798059651,0.001780174770806988
2019-10-31,0.0028746850523942435,0.0026746850523942435,0.0026548930251415804
2019-11-01,-0.003908989210771274,-0.004108989210771274,-0.004128781238023937
2019-11-04,-0.002930127261667725,-0.003130127261667725,-0.003149919288920388
2019-11-05,-0.0002557283436757665,-0.0004557283436757665,-0.0004755203709284296
2019-11-06,-0.001296082087576095,-0.0014960820875760952,-0.0015158741148287582
2019-11-07,0.001777182490952538,0.0015771824909525378,0.0015573904636998748
2019-11-08,-0.0010670173234851447,-0.0012670173234851448,-0.0012868093507378078
2019-11-11,-0.0027462317050481033,-0.0029462317050481033,-0.0029660237323007664
2019-11-12,-0.0003089911728783459,-0.000508991172878346,-0.000528783200131009
2019-11-13,-0.0016425365920923348,-0.0018425365920923349,-0.001862328619344998
2019-11-14,-0.00019906853076066518,-0.00039906853076066516,-0.0004188605580133282
2019-11-15,0.0007533615453227583,0.0005533615453227583,0.0005335695180700953
2019-11-18,0.0009832894359162664,0.0007832894359162665,0.0007634974086636034
2019-11-19,-0.003332548314698739,-0.0035325483146987392,-0.0035523403419514023
2019-11-20,-0.0015379426597393823,-0.0017379426597393824,-0.0017577346869920454
2019-11-21,0.005181598450846378,0.004981598450846379,0.004961806423593716
2019-11-22,0.003758502022620351,0.0035585020226203508,0.0035387099953676877
2019-12-13,0.001238364115978895,0.0010383641159788948,0.0010185720887262318
2019-12-16,0.002482510612373606,0.002282510612373606,0.002262718585120943
2019-12-17,-0.0014664379387971567,-0.0016664379387971568,-0.0016862299660498198
2019-12-18,-0.0006736489729086544,-0.0008736489729086543,-0.0008934410001613174
2019-12-19,0.0009705834814571054,0.0007705834814571054,0.0007507914542044424
2019-12-20,-0.0006619691290835505,-0.0008619691290835505,-0.0008817611563362135
2019-12-23,0.0010638521007118186,0.0008638521007118186,0.0008440600734591555
2019-12-24,3.202793095434391e-05,-0.00016797206904565608,-0.00018776409629831913
2019-12-26,0.0027714680809687213,0.0025714680809687212,0.002551676053716058
2019-12-27,0.0003446465753419586,0.00014464657534195857,0.00012485454808929553
2019-12-30,-0.001300306432023648,-0.001500306432023648,-0.001520098459276311
2019-12-31,-0.0009847002833264075,-0.0011847002833264076,-0.0012044923105790706
2020-01-02,0.0034804953318116195,0.0032804953318116194,0.0032607033045589564
2020-01-03,-0.00283540678823728,-0.00303540678823728,-0.0030551988154899432
2020-01-06,0.0009948844672010868,0.0007948844672010868,0.0007750924399484237
2020-01-07,-0.001376141382622006,-0.001576141382622006,-0.001595933409874669
2020-01-08,0.002372614128687796,0.002172614128687796,0.002152822101435133
2020-01-09,0.0023635015573898518,0.0021635015573898517,0.0021437095301371886
2020-01-10,0.0005748942606911814,0.0003748942606911814,0.00035510223343851834
2020-01-13,0.0005460635325925916,0.00034606353259259163,0.0003262715053399286
2020-01-14,-0.0027471260085528584,-0.0029471260085528585,-0.0029669180358055216
2020-01-15,-3.244785390626574e-05,-0.00023244785390626576,-0.00025223988115892883
2020-01-16,-0.0007017848142985409,-0.0009017848142985409,-0.000921576841551204
2020-01-17,0.0007951476488724245,0.0005951476488724245,0.0005753556216197615
2020-01-21,0.003016064307928145,0.002816064307928145,0.002796272280675482
2020-01-22,0.0014438488687258048,0.0012438488687258047,0.0012240568414731417
2020-01-23,-0.0006699094217500345,-0.0008699094217500345,-0.0008897014490026976
2020-01-24,0.0006775171688322726,0.0004775171688322726,0.00045772514157960955
2020-01-27,0.0008985820761300014,0.0006985820761300014,0.0006787900488773383
2020-01-28,-0.0009856409697422256,-0.0011856409697422257,-0.0012054329969948888
2020-01-29,0.0028170754390478064,0.0026170754390478063,0.0025972834117951433
2020-01-30,0.0014755093317390963,0.0012755093317390962,0.0012557173044864332
2020-01-31,0.0005781784619735392,0.00037817846197353924,0.0003583864347208762
2020-02-03,-0.0007273943341433595,-0.0009273943341433595,-0.0009471863613960225
2020-02-04,0.0018339551038011616,0.0016339551038011615,0.0016141630765484985
2020-02-05,0.0003773317538112794,0.0001773317538112794,0.00015753972655861635
2020-02-06,0.0013618468577612669,0.0011618468577612668,0.0011420548305086037
2020-02-07,-0.0004295296853040725,-0.0006295296853040725,-0.0006493217125567355
2020-02-10,0.00047284719797383425,0.00027284719797383426,0.0002530551707211712
2020-02-11,-0.003702596003888583,-0.003902596003888583,-0.0039223880311412464
2020-02-12,-0.0005454350793901711,-0.0007454350793901711,-0.0007652271066428342
2020-02-13,-0.0010912929564163372,-0.0012912929564163373,-0.0013110849836690003
2020-02-14,-6.466885733164747e-06,-0.00020646688573316475,-0.0002262589129858278
2020-02-18,0.001471361486154477,0.0012713614861544769,0.0012515694589018138
2020-02-19,-0.0028022781133421244,-0.0030022781133421245,-0.0030220701405947875
2020-02-20,-0.004278203784555727,-0.004478203784555727,-0.00449799581180839
2020-02-21,0.0026299757088574117,0.0024299757088574116,0.0024101836816047485
2020-02-24,0.01170070180039925,0.011500701800399249,0.011480909773146586
2020-03-13,-0.0037668769647049237,-0.003966876964704924,-0.003986668991957587
2020-03-16,0.020835363667935262,0.020635363667935263,0.0206155716406826
2020-03-17,0.002543136966115961,0.002343136966115961,0.002323344938863298
2020-03-18,0.030901888123084975,0.030701888123084976,0.030682096095832313
2020-03-19,-0.04544387727677676,-0.04564387727677676,-0.045663669304029424
2020-03-20,-0.010713903109055081,-0.010913903109055082,-0.010933695136307745
2020-03-23,0.0030308164620391283,0.002830816462039128,0.002811024434786465
2020-03-24,-0.017233045848102754,-0.017433045848102752,-0.017452837875355415
2020-03-25,-0.01056995755861811,-0.01076995755861811,-0.010789749585870773
2020-03-26,-0.004350196300644387,-0.004550196300644386,-0.0045699883278970494
2020-03-27,0.007813071097860176,0.0076130710978601765,0.007593279070607513
2020-03-30,0.0059770470299586416,0.005777047029958642,0.005757255002705979
2020-03-31,-0.003783275087393818,-0.0039832750873938175,-0.004003067114646481
2020-04-01,0.005220010452492281,0.005020010452492282,0.0050002184252396185
2020-04-02,0.009996565700402192,0.009796565700402191,0.009776773673149528
2020-04-03,0.006332902115676403,0.006132902115676403,0.00611311008842374
2020-04-06,-0.01334198162363794,-0.01354198162363794,-0.013561773650890603
2020-04-07,-0.003732801002727711,-0.003932801002727711,-0.003952593029980374
2020-04-08,-0.013147535223064171,-0.013347535223064172,-0.013367327250316835
2020-04-09,-0.006674747906878509,-0.0068747479068785085,-0.006894539934131172
2020-04-13,0.005440746076908316,0.005240746076908317,0.005220954049655654
2020-04-14,0.0012300758587856782,0.001030075858785678,0.001010283831533015
2020-04-15,0.007084285382917295,0.0068842853829172955,0.0068644933556646325
2020-04-16,0.005838834106539541,0.005638834106539542,0.005619042079286879
2020-04-17,-0.010535620373772618,-0.010735620373772618,-0.010755412401025281
2020-04-20,0.0008744757804512346,0.0006744757804512346,0.0006546837531985715
2020-04-21,-0.0010938799363494132,-0.0012938799363494133,-0.0013136719636020764
2020-04-22,-0.0015112486286077962,-0.0017112486286077963,-0.0017310406558604594
2020-04-23,-0.0019138760698806502,-0.00211387606988065,-0.002133668097133313
2020-04-24,0.0022815428029097657,0.0020815428029097656,0.0020617507756571026
2020-04-27,-0.01343672902218969,-0.013636729022189691,-0.013656521049442354
2020-04-28,-0.012199163722105739,-0.01239916372210574,-0.012418955749358402
2020-04-29,-0.002528955440055569,-0.002728955440055569,-0.002748747467308232
2020-04-30,0.007560156054368368,0.007360156054368368,0.007340364027115705
2020-05-01,0.003025578366478728,0.002825578366478728,0.002805786339226065
2020-05-04,-0.004128111421309611,-0.00432811142130961,-0.0043479034485622734
2020-05-05,-0.003567549686461893,-0.003767549686461893,-0.0037873417137145563
2020-05-06,0.0018007782630210143,0.0016007782630210142,0.0015809862357683512
2020-05-07,-0.0042356768865935675,-0.004435676886593567,-0.00445546891384623
2020-05-08,-0.009036507105327912,-0.009236507105327913,-0.009256299132580576
2020-05-11,0.007416996317980747,0.0072169963179807475,0.007197204290728084
2020-05-12,0.005720787605648809,0.005520787605648809,0.005500995578396146
2020-05-13,0.008768378760040498,0.008568378760040497,0.008548586732787834
2020-05-14,0.0003295189808500625,0.0001295189808500625,0.00010972695359739946
2020-05-15,-0.0007799274596861569,-0.000979927459686157,-0.00099971948693882
2020-05-18,-0.015443961101628727,-0.015643961101628728,-0.01566375312888139
2020-05-19,-0.0010159405271637902,-0.0012159405271637903,-0.0012357325544164533
2020-05-20,-0.004579014925254265,-0.0047790149252542645,-0.004798806952506928
2020-05-21,-0.003671937956492156,-0.003871937956492156,-0.003891729983744819
2020-05-22,0.001958944102470203,0.001758944102470203,0.00173915207521754
2020-05-26,-0.011020146645119277,-0.011220146645119278,-0.01123993867237194
2020-06-15,-0.00614043735522164,-0.006340437355221639,-0.0063602293824743025
2020-06-16,-0.001827381721792464,-0.002027381721792464,-0.002047173749045127
2020-06-17,0.002793077991238931,0.002593077991238931,0.002573285963986268
2020-06-18,0.001163172457511961,0.0009631724575119609,0.0009433804302592979
2020-06-19,0.0005044687201216332,0.00030446872012163324,0.0002846766928689702
2020-06-22,0.0033120450518616075,0.0031120450518616074,0.0030922530246089443
2020-06-23,0.001474405099014821,0.0012744050990148208,0.0012546130717621578
2020-06-24,0.0034163582120399867,0.0032163582120399866,0.0031965661847873235
2020-06-25,-0.00024065495131423355,-0.00044065495131423356,-0.0004604469785668966
2020-06-26,-0.0014134803431589368,-0.0016134803431589368,-0.0016332723704116
2020-06-29,-0.001042833190372944,-0.001242833190372944,-0.001262625217625607
2020-06-30,-0.002128900384296941,-0.002328900384296941,-0.002348692411549604
2020-07-01,-0.002123996394231007,-0.0023239963942310073,-0.0023437884214836703
2020-07-02,-0.0010125211850667427,-0.0012125211850667428,-0.0012323132123194058
2020-07-06,-0.00010220504020719711,-0.0003022050402071971,-0.00032199706745986015
2020-07-07,3.615688150114097e-05,-0.00016384311849885905,-0.0001836351457515221
2020-07-08,0.002301305016968161,0.0021013050169681607,0.0020815129897154977
2020-07-09,0.007897658275773068,0.007697658275773068,0.007677866248520405
2020-07-10,-0.005288455596604588,-0.0054884555966045875,-0.0055082476238572506
2020-07-13,-0.0010116482541587617,-0.0012116482541587618,-0.0012314402814114249
2020-07-14,-0.0011029020176949811,-0.0013029020176949812,-0.0013226940449476443
2020-07-15,-0.008187727907966277,-0.008387727907966278,-0.008407519935218941
2020-07-16,0.001469957276211885,0.001269957276211885,0.0012501652489592219
2020-07-17,-0.004797234481709867,-0.004997234481709867,-0.00501702650896253
2020-07-20,-0.012465633524358144,-0.012665633524358145,-0.012685425551610808
2020-07-21,-0.002333015260441757,-0.002533015260441757,-0.00255280728769442
2020-07-22,0.0005642502218245611,0.0003642502218245611,0.00034445819457189805
2020-07-23,-0.006564397859413627,-0.006764397859413626,-0.006784189886666289
2020-07-24,0.0023561536322922456,0.0021561536322922455,0.0021363616050395825
2020-07-27,-0.0024066383706330876,-0.0026066383706330877,-0.0026264303978857507
2020-07-28,0.005313392038834455,0.005113392038834455,0.005093600011581792
2020-07-29,-0.0015267374154240326,-0.0017267374154240327,-0.0017465294426766958
2020-07-30,0.001969496390142036,0.001769496390142036,0.001749704362889373
2020-07-31,0.010510774345600642,0.010310774345600642,0.010290982318347979
2020-08-03,-0.0006884667720148416,-0.0008884667720148416,-0.0009082587992675046
2020-08-04,-0.0016813096726633952,-0.0018813096726633953,-0.0019011016999160584
2020-08-05,-0.0023021615644384366,-0.0025021615644384367,-0.0025219535916910997
2020-08-06,0.006210351808542301,0.006010351808542301,0.005990559781289638
2020-08-07,-0.00439229725295531,-0.00459229725295531,-0.004612089280207973
2020-08-10,-0.0005501306670729672,-0.0007501306670729672,-0.0007699226943256302
2020-08-11,-0.003982157069803885,-0.004182157069803885,-0.004201949097056548
2020-08-12,0.005487241291348846,0.005287241291348847,0.005267449264096184
2020-08-13,-0.0035390994984579685,-0.0037390994984579685,-0.0037588915257106316
2020-08-14,0.003274003831168104,0.003074003831168104,0.003054211803915441
2020-08-17,-1.789753083626377e-06,-0.0002017897530836264,-0.00022158178033628945
2020-08-18,0.005940746487570055,0.005740746487570055,0.005720954460317392
2020-08-19,0.0004221916918922561,0.00022219169189225608,0.00020239966463959303
2020-08-20,0.008895024237403555,0.008695024237403554,0.008675232210150891
2020-08-21,0.004990465243854932,0.004790465243854933,0.0047706732166022696
2020-08-24,-0.003326666023692745,-0.003526666023692745,-0.003546458050945408
2020-09-14,-0.007529734530326606,-0.007729734530326606,-0.007749526557579269
2020-09-15,0.0021411524747928907,0.0019411524747928906,0.0019213604475402275
2020-09-16,-0.007689452065186512,-0.007889452065186512,-0.007909244092439175
2020-09-17,-0.002222431185969559,-0.0024224311859695593,-0.0024422232132222223
2020-09-18,-0.004421520303900092,-0.004621520303900091,-0.004641312331152754
2020-09-21,0.008040534595145851,0.00784053459514585,0.007820742567893188
2020-09-22,0.004548594890726848,0.004348594890726848,0.004328802863474185
2020-09-23,-0.001872755071895275,-0.002072755071895275,-0.002092547099147938
2020-09-24,0.002455263598965579,0.002255263598965579,0.002235471571712916
2020-09-25,0.003706138049877354,0.0035061380498773538,0.0034863460226246907
2020-09-28,-0.0005419057676204393,-0.0007419057676204393,-0.0007616977948731023
2020-09-29,-0.0004329367397901527,-0.0006329367397901527,-0.0006527287670428158
2020-09-30,0.0025455343041419646,0.0023455343041419645,0.0023257422768893014
2020-10-01,0.00035253371272731763,0.00015253371272731762,0.00013274168547465457
2020-10-02,-0.012003289935137483,-0.012203289935137484,-0.012223081962390147
2020-10-05,-0.0017337852832462176,-0.0019337852832462176,-0.0019535773104988807
2020-10-06,-0.005768703691449878,-0.005968703691449878,-0.005988495718702541
2020-10-07,-1.838870857660038e-06,-0.00020183887085766005,-0.0002216308981103231
2020-10-08,-0.0035686180356187852,-0.0037686180356187853,-0.0037884100628714484
2020-10-09,0.0008349884498561754,0.0006349884498561754,0.0006151964226035123
2020-10-12,0.00793301028679602,0.00773301028679602,0.007713218259543357
2020-10-13,-0.0019553521145061264,-0.0021553521145061265,-0.0021751441417587896
2020-10-14,-0.0012444627769356536,-0.0014444627769356537,-0.0014642548041883168
2020-10-15,-0.003219694420177331,-0.003419694420177331,-0.003439486447429994
2020-10-16,-0.00033458953003313787,-0.0005345895300331379,-0.0005543815572858009
2020-10-19,-0.004173460528698948,-0.0043734605286989475,-0.0043932525559516105
2020-10-20,-0.0005877896757049868,-0.0007877896757049868,-0.0008075817029576498
2020-10-21,0.005675187490388879,0.005475187490388879,0.005455395463136216
2020-10-22,0.001742044837039614,0.0015420448370396138,0.0015222528097869508
2020-10-23,-0.0027875127149147925,-0.0029875127149147926,-0.0030073047421674557
2020-10-26,0.0018471148913131576,0.0016471148913131575,0.0016273228640604944
2020-10-27,0.001646382439125332,0.001446382439125332,0.001426590411872669
2020-10-28,-0.004419751491325509,-0.004619751491325509,-0.004639543518578172
2020-10-29,0.000996004261327777,0.0007960042613277769,0.0007762122340751139
2020-10-30,-0.003570537292536173,-0.0037705372925361733,-0.0037903293197888363
2020-11-02,-0.0037641281471148965,-0.003964128147114897,-0.00398392017436756
2020-11-03,-0.003765819584568797,-0.003965819584568797,-0.00398561161182146
2020-11-04,-0.0035101224294832485,-0.0037101224294832486,-0.0037299144567359117
2020-11-05,-0.002272069214136651,-0.002472069214136651,-0.002491861241389314
2020-11-06,-0.0025978609560206897,-0.00279786095602069,-0.002817652983273353
2020-11-09,-0.017391624124227133,-0.017591624124227132,-0.017611416151479795
2020-11-10,-0.007688157585177991,-0.007888157585177991,-0.007907949612430654
2020-11-11,0.0017007393781482071,0.001500739378148207,0.001480947350895544
2020-11-12,-0.00033401944889304417,-0.0005340194488930442,-0.0005538114761457073
2020-11-13,8.090335664012357e-05,-0.00011909664335987644,-0.0001388886706125395
2020-11-16,0.0015343167565373633,0.0013343167565373632,0.0013145247292847002
2020-11-17,-0.005739664784005453,-0.0059396647840054525,-0.0059594568112581155
2020-11-18,-0.0033262312799651316,-0.0035262312799651317,-0.0035460233072177948
2020-11-19,-0.0006097362099827156,-0.0008097362099827156,-0.0008295282372353786
2020-11-20,-0.0009307039205765644,-0.0011307039205765645,-0.0011504959478292275
2020-11-23,0.0025563506925573745,0.0023563506925573744,0.0023365586653047114
2020-12-15,0.000976749586606423,0.000776749586606423,0.00075695755935376
2020-12-16,0.0027303019071039307,0.0025303019071039306,0.0025105098798512675
2020-12-17,-0.0027781791551683074,-0.0029781791551683075,-0.0029979711824209706
2020-12-18,-0.003435901893533497,-0.003635901893533497,-0.00365569392078616
2020-12-21,0.002579514254303456,0.002379514254303456,0.002359722227050793
2020-12-22,0.000754529812274294,0.000554529812274294,0.000534737785021631
2020-12-23,-0.004800087464862044,-0.005000087464862043,-0.005019879492114706
2020-12-24,0.00327236646542023,0.00307236646542023,0.003052574438167567
2020-12-28,0.008015850616026174,0.007815850616026174,0.007796058588773511
2020-12-29,0.0019577770364665984,0.0017577770364665983,0.0017379850092139352
2020-12-30,-0.007157264070447494,-0.007357264070447494,-0.007377056097700157
2020-12-31,0.005497831516285514,0.005297831516285515,0.0052780394890328515
2021-01-04,-0.0005081901261105919,-0.0007081901261105918,-0.0007279821533632549
2021-01-05,-0.006657254843158881,-0.0068572548431588805,-0.0068770468704115436
2021-01-06,-0.009915336333023859,-0.01011533633302386,-0.010135128360276522
2021-01-07,-0.0019617927548181277,-0.0021617927548181278,-0.002181584782070791
2021-01-08,0.0005155812017440498,0.00031558120174404985,0.0002957891744913868
2021-01-11,-0.0028705681223924985,-0.0030705681223924986,-0.0030903601496451616
2021-01-12,-0.002363409875436565,-0.0025634098754365653,-0.0025832019026892283
2021-01-13,0.003342088700104615,0.003142088700104615,0.0031222966728519518
2021-01-14,-0.005525392987405459,-0.005725392987405459,-0.005745185014658122
2021-01-15,-0.0006082864838353367,-0.0008082864838353367,-0.0008280785110879997
2021-01-19,-0.0010554713048742219,-0.001255471304874222,-0.001275263332126885
2021-01-20,0.0044003848289974916,0.004200384828997492,0.004180592801744829
2021-01-21,0.005334948180493878,0.005134948180493878,0.005115156153241215
2021-01-22,-9.893011858558203e-05,-0.00029893011858558204,-0.0003187221458382451
2021-01-25,0.004710689482964208,0.004510689482964209,0.0044908974557115455
2021-01-26,0.004001803545728626,0.0038018035457286262,0.003782011518475963
2021-01-27,0.002123654106621833,0.0019236541066218328,0.0019038620793691697
2021-01-28,-0.008449708724518465,-0.008649708724518465,-0.008669500751771128
2021-01-29,-0.0029332674207116927,-0.003133267420711693,-0.003153059447964356
2021-02-01,-0.0019805659368957247,-0.002180565936895725,-0.002200357964148388
2021-02-02,-0.003141442458545564,-0.003341442458545564,-0.003361234485798227
2021-02-03,0.00012190893484965701,-7.8091065150343e-05,-9.788309240300605e-05
2021-02-04,0.0017859819878414719,0.0015859819878414718,0.0015661899605888087
2021-02-05,-0.0036575544884769684,-0.0038575544884769685,-0.0038773465157296316
2021-02-08,-0.003537064922021129,-0.003737064922021129,-0.003756856949273792
2021-02-09,-0.001863213710215053,-0.002063213710215053,-0.002083005737467716
2021-02-10,-0.000650083765221028,-0.000850083765221028,-0.000869875792473691
2021-02-11,0.0012087661042716725,0.0010087661042716724,0.0009889740770190093
2021-02-12,-0.00010356663480924386,-0.00030356663480924387,-0.0003233586620619069
2021-02-16,0.0001343572134444267,-6.564278655557331e-05,-8.543481380823636e-05
2021-02-17,0.0028687164812442154,0.0026687164812442153,0.0026489244539915522
2021-02-18,-0.0024574682097102092,-0.0026574682097102093,-0.0026772602369628724
2021-02-19,-0.0052082775984511505,-0.00540827759845115,-0.005428069625703813
2021-02-22,0.00863088459195228,0.00843088459195228,0.008411092564699617
2021-02-23,0.003163700005698544,0.0029637000056985437,0.0029439079784458807
2021-02-24,0.005451269640188046,0.005251269640188046,0.005231477612935383
2021-03-16,0.005864243190164132,0.005664243190164132,0.005644451162911469
2021-03-17,-0.00195769371223796,-0.00215769371223796,-0.002177485739490623
2021-03-18,-0.0003771397230428693,-0.0005771397230428693,-0.0005969317502955324
2021-03-19,-0.002120211521313666,-0.0023202115213136663,-0.0023400035485663293
2021-03-22,0.0061466882241527935,0.005946688224152794,0.005926896196900131
2021-03-23,0.0068499183188534775,0.006649918318853478,0.006630126291600815
2021-03-24,0.003329000246674848,0.003129000246674848,0.003109208219422185
2021-03-25,-0.005037308922311093,-0.0052373089223110925,-0.0052571009495637555
2021-03-26,-0.0007417210911623167,-0.0009417210911623167,-0.0009615131184149797
2021-03-29,0.009572290605308235,0.009372290605308234,0.009352498578055571
2021-03-30,-0.008734552723724363,-0.008934552723724364,-0.008954344750977027
2021-03-31,0.0003256350638225084,0.00012563506382250837,0.00010584303656984532
2021-04-01,-0.002801245287842767,-0.003001245287842767,-0.00302103731509543
2021-04-05,0.0045413785202534996,0.0043413785202535,0.004321586493000837
2021-04-06,-0.0015129320620713073,-0.0017129320620713074,-0.0017327240893239705
2021-04-07,0.0065470349175252235,0.006347034917525224,0.006327242890272561
2021-04-08,0.0003359342619520809,0.00013593426195208087,0.00011614223469941782
2021-04-09,0.0027930006713463773,0.002593000671346377,0.002573208644093714
2021-04-12,0.0018210252331605993,0.0016210252331605992,0.0016012332059079362
2021-04-13,0.0016142491547302736,0.0014142491547302735,0.0013944571274776105
2021-04-14,-0.007269540373927932,-0.007469540373927931,-0.007489332401180594
2021-04-15,0.002308252368892011,0.002108252368892011,0.0020884603416393478
2021-04-16,0.0015278428648776723,0.0013278428648776722,0.0013080508376250091
2021-04-19,0.004464060915034493,0.0042640609150344936,0.0042442688877818305
2021-04-20,0.006669452993005964,0.0064694529930059645,0.006449660965753301
2021-04-21,-0.004672426644449475,-0.004872426644449475,-0.004892218671702138
2021-04-22,-0.0058430460807986076,-0.006043046080798607,-0.00606283810805127
2021-04-23,-0.0027578718686995245,-0.0029578718686995246,-0.0029776638959521876
2021-04-26,-0.0005156206430563137,-0.0007156206430563136,-0.0007354126703089767
2021-04-27,-0.001419609303082226,-0.0016196093030822261,-0.0016394013303348892
2021-04-28,-9.41525358971795e-05,-0.0002941525358971795,-0.00031394456314984254
2021-04-29,0.0003333114330641305,0.00013331143306413048,0.00011351940581146743
2021-04-30,-5.0078695162116636e-05,-0.00025007869516211666,-0.0002698707224147797
2021-05-03,-0.0030647562888884605,-0.0032647562888884606,-0.0032845483161411237
2021-05-04,0.003509248720918518,0.003309248720918518,0.003289456693665855
2021-05-05,0.0036370985267147574,0.0034370985267147573,0.0034173064994620942
2021-05-06,0.012448961681781705,0.012248961681781705,0.012229169654529042
2021-05-07,-0.004924347049562102,-0.005124347049562101,-0.0051441390768147644
2021-05-10,0.011199923699921573,0.010999923699921572,0.010980131672668909
2021-05-11,-0.0051662744792855654,-0.005366274479285565,-0.005386066506538228
2021-05-12,0.004941116928236183,0.004741116928236183,0.00472132490098352
2021-05-13,-0.0001334112463630033,-0.0003334112463630033,-0.0003532032736156663
2021-05-14,-0.005276902248767283,-0.0054769022487672825,-0.0054966942760199455
2021-05-17,-0.001810642133655575,-0.002010642133655575,-0.002030434160908238
2021-05-18,-0.001972261088024329,-0.002172261088024329,-0.002192053115276992
2021-05-19,0.001381403175243838,0.0011814031752438378,0.0011616111479911748
2021-05-20,0.0011199145449036262,0.0009199145449036262,0.0009001225176509632
2021-05-21,-0.0013789657194094916,-0.0015789657194094917,-0.0015987577466621548
2021-05-24,0.0019831626422099255,0.0017831626422099255,0.0017633706149572624
2021-05-25,-0.0010283315996635304,-0.0012283315996635305,-0.0012481236269161935
2021-06-15,-0.0028935013903725448,-0.003093501390372545,-0.003113293417625208
2021-06-16,0.0009264983513508541,0.0007264983513508541,0.0007067063240981911
2021-06-17,0.011901440790280807,0.011701440790280807,0.011681648763028143
2021-06-18,0.004682492555501882,0.004482492555501883,0.0044627005282492195
2021-06-21,-0.004887972137878999,-0.005087972137878999,-0.005107764165131662
2021-06-22,0.0018188877174910487,0.0016188877174910486,0.0015990956902383856
2021-06-23,-0.0018733431855653816,-0.0020733431855653817,-0.0020931352128180447
2021-06-24,-0.003148108057949003,-0.003348108057949003,-0.003367900085201666
2021-06-25,-0.0006066311326196307,-0.0008066311326196307,-0.0008264231598722937
2021-06-28,0.0034556848284084643,0.0032556848284084642,0.003235892801155801
2021-06-29,0.002224869515560397,0.0020248695155603968,0.0020050774883077337
2021-06-30,-5.125997689356609e-05,-0.0002512599768935661,-0.00027105200414622913
2021-07-01,-0.0002214645763220175,-0.00042146457632201754,-0.0004412566035746806
2021-07-02,0.00531231015086376,0.00511231015086376,0.005092518123611097
2021-07-06,0.0035018614151201863,0.003301861415120186,0.003282069387867523
2021-07-07,0.004727882326530648,0.0045278823265306484,0.004508090299277985
2021-07-08,0.002279254837936343,0.0020792548379363427,0.0020594628106836797
2021-07-09,-0.00586261110073451,-0.00606261110073451,-0.006082403127987173
2021-07-12,0.003536592191952793,0.003336592191952793,0.00331680016470013
2021-07-13,0.005040130173961095,0.004840130173961095,0.004820338146708432
2021-07-14,0.009197358123463268,0.008997358123463268,0.008977566096210605
2021-07-15,-0.0011852931839643804,-0.0013852931839643805,-0.0014050852112170436
2021-07-16,-0.002175522732834164,-0.002375522732834164,-0.002395314760086827
2021-07-19,0.00032440266447953775,0.00012440266447953774,0.00010461063722687469
2021-07-20,-0.00670408874479302,-0.00690408874479302,-0.006923880772045683
2021-07-21,-0.004051224501775031,-0.004251224501775031,-0.004271016529027694
2021-07-22,0.005992604942594045,0.005792604942594045,0.005772812915341382
2021-07-23,0.0032671562981394816,0.0030671562981394816,0.0030473642708868185
2021-07-26,0.002578399204948298,0.0023783992049482977,0.0023586071776956347
2021-07-27,-0.0021068066501048746,-0.0023068066501048747,-0.0023265986773575377
2021-07-28,-0.00423685604767284,-0.00443685604767284,-0.004456648074925503
2021-07-29,-0.0018106836314986895,-0.0020106836314986894,-0.0020304756587513524
2021-07-30,0.0023408969621260224,0.0021408969621260223,0.0021211049348733592
2021-08-02,-0.00026424235696434115,-0.00046424235696434113,-0.0004840343842170042
2021-08-03,0.0044339791088729655,0.004233979108872966,0.004214187081620303
2021-08-04,-0.0008395295246620134,-0.0010395295246620135,-0.0010593215519146765
2021-08-05,-0.001342174902430018,-0.0015421749024300182,-0.0015619669296826812
2021-08-06,-0.0014157169421662368,-0.0016157169421662369,-0.0016355089694189
2021-08-09,0.0012527058185451243,0.0010527058185451242,0.0010329137912924611
2021-08-10,-0.0013096415207102976,-0.0015096415207102977,-0.0015294335479629608
2021-08-11,-0.0011320012045740139,-0.001332001204574014,-0.001351793231826677
2021-08-12,0.0030995485781744225,0.0028995485781744225,0.0028797565509217594
2021-08-13,0.0041553871713117686,0.003955387171311769,0.003935595144059106
2021-08-16,0.005626062145783011,0.005426062145783011,0.005406270118530348
2021-08-17,-0.0008572650649202315,-0.0010572650649202315,-0.0010770570921728945
2021-08-18,-0.003293591141155042,-0.003493591141155042,-0.003513383168407705
2021-08-19,0.0038564539218586477,0.0036564539218586476,0.0036366618946059846
2021-08-20,0.00043102948309421403,0.00023102948309421402,0.00021123745584155097
2021-08-23,0.001799668459977291,0.001599668459977291,0.0015798764327246279
2021-08-24,0.0002913128602916122,9.13128602916122e-05,7.152083303894915e-05
2021-09-14,-0.0013580714347453777,-0.0015580714347453778,-0.0015778634619980408
2021-09-15,0.0012379188428084888,0.0010379188428084887,0.0010181268155558256
2021-09-16,-0.0009308846651783348,-0.001130884665178335,-0.001150676692430998
2021-09-17,-0.005607010277753832,-0.005807010277753832,-0.005826802305006495
2021-09-20,0.00010356136082124367,-9.643863917875634e-05,-0.00011623066643141938
2021-09-21,-0.0016567550347360307,-0.0018567550347360308,-0.0018765470619886938
2021-09-22,-0.0010708849484572242,-0.0012708849484572243,-0.0012906769757098874
2021-09-23,-0.0014357983548580512,-0.0016357983548580513,-0.0016555903821107144
2021-09-24,0.002945240957234819,0.002745240957234819,0.002725448929982156
2021-09-27,-0.004032225163348288,-0.004232225163348288,-0.004252017190600951
2021-09-28,0.0020780678449261714,0.0018780678449261713,0.0018582758176735083
2021-09-29,0.004782955434842852,0.004582955434842852,0.004563163407590189
2021-09-30,-0.006204268997143586,-0.006404268997143586,-0.006424061024396249
2021-10-01,0.0016257719044785184,0.0014257719044785183,0.0014059798772258552
2021-10-04,0.006719307000343983,0.006519307000343984,0.006499514973091321
2021-10-05,0.0004646662874609393,0.00026466628746093927,0.0002448742602082762
2021-10-06,0.00194077845341463,0.00174077845341463,0.001720986426161967
2021-10-07,-0.003911801017748241,-0.00411180101774824,-0.004131593045000903
2021-10-08,0.002293502261734348,0.002093502261734348,0.002073710234481685
2021-10-11,-0.0008990894508963921,-0.0010990894508963922,-0.0011188814781490552
2021-10-12,-0.004038050969017037,-0.004238050969017037,-0.0042578429962697
2021-10-13,-0.0004475749278079141,-0.0006475749278079141,-0.0006673669550605771
2021-10-14,0.00043943438829116137,0.00023943438829116136,0.00021964236103849831
2021-10-15,0.002945241443151103,0.002745241443151103,0.00272544941589844
2021-10-18,0.0046220852203307525,0.004422085220330753,0.00440229319307809
2021-10-19,0.0002249607489973581,2.496074899735809e-05,5.168721744695044e-06
2021-10-20,-0.0030007828996160084,-0.0032007828996160085,-0.0032205749268686716
2021-10-21,0.00033840842318342656,0.00013840842318342655,0.00011861639593076351
2021-10-22,-0.0029349992475619755,-0.0031349992475619756,-0.0031547912748146386
2021-10-25,0.0020530354560436576,0.0018530354560436575,0.0018332434287909945
2021-10-26,0.00335129462108646,0.00315129462108646,0.003131502593833797
2021-10-27,0.007997101699029202,0.0077971016990292024,0.007777309671776539
2021-10-28,-0.0028341133418667607,-0.0030341133418667608,-0.003053905369119424
2021-10-29,0.003388307415384782,0.0031883074153847817,0.0031685153881321187
2021-11-01,-0.008146263641384278,-0.008346263641384279,-0.008366055668636942
2021-11-02,0.004870502267431701,0.004670502267431702,0.004650710240179039
2021-11-03,-0.001166137527681088,-0.0013661375276810882,-0.0013859295549337512
2021-11-04,0.0034318703823680518,0.0032318703823680517,0.0032120783551153886
2021-11-05,-0.0032281602931970694,-0.0034281602931970695,-0.0034479523204497325
2021-11-08,-0.0006748765060071105,-0.0008748765060071105,-0.0008946685332597735
2021-11-09,-0.0014763269105492474,-0.0016763269105492474,-0.0016961189378019105
2021-11-10,0.0013675264956707598,0.0011675264956707598,0.0011477344684180967
2021-11-11,-0.0026710133848859337,-0.002871013384885934,-0.002890805412138597
2021-11-12,-0.000161902383259994,-0.00036190238325999405,-0.0003816944105126571
2021-11-15,0.0034140500227885576,0.0032140500227885575,0.0031942579955358944
2021-11-16,0.002535497208846003,0.0023354972088460027,0.0023157051815933397
2021-11-17,0.0038591446863124224,0.0036591446863124223,0.0036393526590597592
2021-11-18,0.008660323071431044,0.008460323071431044,0.00844053104417838
2021-11-19,0.005720313688751913,0.005520313688751913,0.00550052166149925
2021-11-22,0.004695538539119458,0.004495538539119459,0.0044757465118667955
2021-11-23,0.0025496896268127024,0.0023496896268127023,0.0023298975995600392
2021-11-24,-0.004020997623956113,-0.004220997623956112,-0.004240789651208775
2021-12-15,0.0012546927776380687,0.0010546927776380686,0.0010349007503854056
2021-12-16,-0.005663852953376688,-0.005863852953376688,-0.005883644980629351
2021-12-17,-0.00825539673165599,-0.00845539673165599,-0.008475188758908653
2021-12-20,0.001988055368692811,0.0017880553686928109,0.0017682633414401478
2021-12-21,-0.00418121293942639,-0.00438121293942639,-0.004401004966679053
2021-12-22,0.0017679644625648292,0.0015679644625648291,0.001548172435312166
2021-12-23,-0.0016587649473029419,-0.001858764947302942,-0.001878556974555605
2021-12-27,0.003415530610549989,0.003215530610549989,0.003195738583297326
2021-12-28,0.0007186578831604532,0.0005186578831604532,0.0004988658559077902
2021-12-29,0.0015352501623734252,0.001335250162373425,0.001315458135120762
2021-12-30,-0.00625859932473352,-0.006458599324733519,-0.006478391351986182
2021-12-31,-0.0017951343009412239,-0.0019951343009412237,-0.0020149263281938868
2022-01-03,-0.0003489558331310218,-0.0005489558331310218,-0.0005687478603836849
2022-01-04,0.005809362855333838,0.005609362855333838,0.005589570828081175
2022-01-05,0.010739387066361508,0.010539387066361507,0.010519595039108844
2022-01-06,-0.0009657271108335661,-0.0011657271108335661,-0.0011855191380862292
2022-01-07,0.00580802042311716,0.00560802042311716,0.005588228395864497
2022-01-10,0.001066534150966754,0.0008665341509667539,0.0008467421237140909
2022-01-11,-0.005999271335818485,-0.006199271335818484,-0.006219063363071147
2022-01-12,0.003976904938226213,0.0037769049382262126,0.0037571129109735496
2022-01-13,-0.0024774041266543514,-0.0026774041266543515,-0.0026971961539070145
2022-01-14,0.005757301775456052,0.005557301775456052,0.005537509748203389
2022-01-18,0.0019059716749568567,0.0017059716749568566,0.0016861796477041936
2022-01-19,-0.0018802847060120048,-0.002080284706012005,-0.002100076733264668
2022-01-20,-0.00030286761611882963,-0.0005028676161188296,-0.0005226596433714927
2022-01-21,0.0017237038919806354,0.0015237038919806354,0.0015039118647279723
2022-01-24,-0.006837509572160528,-0.007037509572160527,-0.00705730159941319
2022-01-25,-0.0013039081850872887,-0.0015039081850872888,-0.0015237002123399518
2022-01-26,0.004071648922411044,0.003871648922411044,0.003851856895158381
2022-01-27,0.0037314829521171247,0.0035314829521171246,0.0035116909248644615
2022-01-28,0.006922276374088805,0.006722276374088805,0.006702484346836142
2022-01-31,-0.006446582479431962,-0.006646582479431962,-0.006666374506684625
2022-02-01,-0.0039918160969716985,-0.004191816096971698,-0.004211608124224361
2022-02-02,0.007097938278039408,0.0068979382780394085,0.0068781462507867454
2022-02-03,-0.005025726691591123,-0.005225726691591123,-0.005245518718843786
2022-02-04,0.006839243647677617,0.006639243647677618,0.006619451620424955
2022-02-07,-0.005650890590918363,-0.005850890590918363,-0.005870682618171026
2022-02-08,-0.00298860610819395,-0.00318860610819395,-0.003208398135446613
2022-02-09,-0.0039638211721968394,-0.004163821172196839,-0.004183613199449502
2022-02-10,-0.002983306312911931,-0.003183306312911931,-0.003203098340164594
2022-02-11,-0.006358624936624202,-0.006558624936624202,-0.006578416963876865
2022-02-14,0.004713196342221654,0.004513196342221654,0.004493404314968991
2022-02-15,0.0024872405099758614,0.0022872405099758613,0.0022674484827231983
2022-02-16,0.0016066414903477238,0.0014066414903477237,0.0013868494630950607
2022-02-17,-0.000700801004570116,-0.000900801004570116,-0.000920593031822779
2022-02-18,-0.00020126607270671434,-0.00040126607270671435,-0.0004210580999593774
2022-02-22,-0.0032470801646369853,-0.0034470801646369854,-0.0034668721918896485
2022-02-23,-0.011486472448586587,-0.011686472448586588,-0.011706264475839251
2022-02-24,0.0012860625186763065,0.0010860625186763064,0.0010662704914236433
2022-03-16,0.0027207762335059523,0.002520776233505952,0.002500984206253289
2022-03-17,-0.0028354739576289785,-0.0030354739576289786,-0.0030552659848816417
2022-03-18,0.0046110453723021486,0.004411045372302149,0.004391253345049486
2022-03-21,-0.0010417248424599494,-0.0012417248424599495,-0.0012615168697126125
2022-03-22,0.004466791917513142,0.0042667919175131425,0.0042469998902604795
2022-03-23,-0.0007538487510143816,-0.0009538487510143816,-0.0009736407782670447
2022-03-24,0.004913096305376784,0.004713096305376785,0.0046933042781241215
2022-03-25,0.0004281104378727265,0.0002281104378727265,0.00020831841062006346
2022-03-28,0.004212422215530256,0.004012422215530257,0.003992630188277594
2022-03-29,-0.006307638258789894,-0.006507638258789894,-0.006527430286042557
2022-03-30,0.002186511399774246,0.001986511399774246,0.001966719372521583
2022-03-31,-0.0006906699076093319,-0.0008906699076093318,-0.0009104619348619949
2022-04-01,-0.0012769935552267558,-0.0014769935552267559,-0.001496785582479419
2022-04-04,0.004157209544154765,0.003957209544154765,0.003937417516902102
2022-04-05,0.0036162043170914365,0.0034162043170914364,0.0033964122898387733
2022-04-06,0.003715220775652227,0.003515220775652227,0.0034954287483995638
2022-04-07,0.006172254598954443,0.005972254598954443,0.00595246257170178
2022-04-08,0.004422235387114184,0.004222235387114184,0.004202443359861521
2022-04-11,-0.006237371794892335,-0.006437371794892335,-0.006457163822144998
2022-04-12,0.0022059609618410186,0.0020059609618410185,0.0019861689345883555
2022-04-13,-0.006584203390371803,-0.0067842033903718025,-0.006803995417624466
2022-04-14,0.0008668678701113807,0.0006668678701113808,0.0006470758428587177
2022-04-18,0.008756471744034712,0.008556471744034712,0.008536679716782049
2022-04-19,-0.0039357915416539605,-0.00413579154165396,-0.004155583568906623
2022-04-20,-0.0003645329169700039,-0.0005645329169700039,-0.000584324944222667
2022-04-21,0.010284929625304539,0.010084929625304538,0.010065137598051875
2022-04-22,-0.004253373155620408,-0.004453373155620407,-0.00447316518287307
2022-04-25,-0.002686572675251927,-0.0028865726752519273,-0.0029063647025045903
2022-04-26,-0.0027869040307233737,-0.002986904030723374,-0.003006696057976037
2022-04-27,0.0026918204764971735,0.0024918204764971734,0.0024720284492445103
2022-04-28,0.005153317229416684,0.004953317229416684,0.004933525202164021
2022-04-29,-0.007409228130126249,-0.007609228130126248,-0.007629020157378911
2022-05-02,-0.003384152316413633,-0.003584152316413633,-0.003603944343666296
2022-05-03,0.0022534315861856753,0.002053431586185675,0.002033639558933012
2022-05-04,0.007007240823741472,0.006807240823741473,0.0067874487964888095
2022-05-05,0.005282144114936621,0.005082144114936621,0.005062352087683958
2022-05-06,0.013781076720146604,0.013581076720146603,0.01356128469289394
2022-05-09,0.018794362998267224,0.018594362998267226,0.018574570971014562
2022-05-10,0.003135925510211851,0.002935925510211851,0.002916133482959188
2022-05-11,0.014442272930351021,0.01424227293035102,0.014222480903098357
2022-05-12,-0.018857886325489532,-0.01905788632548953,-0.019077678352742194
2022-05-13,-0.017344932500821118,-0.017544932500821116,-0.01756472452807378
2022-05-16,0.0011278983042368241,0.0009278983042368241,0.0009081062769841611
2022-05-17,-0.0015406031205383948,-0.0017406031205383949,-0.001760395147791058
2022-05-18,-0.0032558599511688996,-0.0034558599511688996,-0.0034756519784215627
2022-05-19,-0.006246930681715654,-0.006446930681715654,-0.006466722708968317
2022-05-20,0.000945775613701999,0.000745775613701999,0.000725983586449336
2022-05-23,0.005619554641060761,0.005419554641060761,0.005399762613808098
2022-05-24,0.002717513575816243,0.002517513575816243,0.00249772154856358
2022-05-25,-0.0030729672997390125,-0.0032729672997390126,-0.0032927593269916756
2022-06-15,0.006317276639951143,0.006117276639951143,0.00609748461269848
2022-06-16,0.0032222768304137543,0.003022276830413754,0.003002484803161091
2022-06-17,0.0003195413580445491,0.00011954135804454909,9.974933079188604e-05
2022-06-21,0.0024585307772491878,0.0022585307772491877,0.0022387387499965246
2022-06-22,0.005598528934341651,0.0053985289343416515,0.005378736907088988
2022-06-23,0.008167438087927525,0.007967438087927525,0.007947646060674862
2022-06-24,0.00047147154295948645,0.0002714715429594864,0.00025167951570682337
2022-06-27,-0.007950886047517662,-0.008150886047517663,-0.008170678074770326
2022-06-28,-0.0045791186498028965,-0.004779118649802896,-0.004798910677055559
2022-06-29,0.004324304507085233,0.004124304507085234,0.004104512479832571
2022-06-30,0.001143599270669235,0.000943599270669235,0.000923807243416572
2022-07-01,-0.001718199236770049,-0.001918199236770049,-0.0019379912640227121
2022-07-05,-0.009957326338563941,-0.010157326338563942,-0.010177118365816605
2022-07-06,0.00719379433814378,0.0069937943381437806,0.0069740023108911175
2022-07-07,-0.009923726917756169,-0.01012372691775617,-0.010143518945008832
2022-07-08,0.0012057059653409455,0.0010057059653409454,0.0009859139380882823
2022-07-11,0.003231663930142233,0.0030316639301422327,0.0030118719028895697
2022-07-12,-0.0034639801596912504,-0.0036639801596912505,-0.0036837721869439136
2022-07-13,-0.0032542212656413365,-0.0034542212656413366,-0.0034740132928939996
2022-07-14,0.007402969899455083,0.007202969899455083,0.00718317787220242
2022-07-15,-0.003226464599177287,-0.003426464599177287,-0.00344625662642995
2022-07-18,-0.004863023837390563,-0.005063023837390563,-0.005082815864643226
2022-07-19,-0.004515744923926582,-0.004715744923926582,-0.004735536951179245
2022-07-20,0.001411466385502509,0.0012114663855025088,0.0011916743582498458
2022-07-21,0.002898851386675576,0.002698851386675576,0.002679059359422913
2022-07-22,-0.002167067138531434,-0.002367067138531434,-0.0023868591657840972
2022-07-25,-0.002737796504268059,-0.002937796504268059,-0.002957588531520722
2022-07-26,-0.00632577714537574,-0.00652577714537574,-0.006545569172628403
2022-07-27,0.004794734126553578,0.004594734126553578,0.004574942099300915
2022-07-28,-0.001580764055043717,-0.0017807640550437172,-0.0018005560822963802
2022-07-29,0.007930663045867105,0.007730663045867105,0.007710871018614442
2022-08-01,-0.002276476432886671,-0.002476476432886671,-0.002496268460139334
2022-08-02,-0.0043607317487669986,-0.004560731748766998,-0.004580523776019661
2022-08-03,0.0033407410184848134,0.0031407410184848134,0.0031209489912321503
2022-08-04,0.00027946971798388433,7.946971798388432e-05,5.9677690731221275e-05
2022-08-05,-0.005688423843782429,-0.005888423843782429,-0.005908215871035092
2022-08-08,-0.004359785523285611,-0.00455978552328561,-0.004579577550538273
2022-08-09,0.008273712523615489,0.008073712523615488,0.008053920496362825
2022-08-10,-0.010763586941616913,-0.010963586941616914,-0.010983378968869577
2022-08-11,0.0002601828608629817,6.018286086298172e-05,4.039083361031867e-05
2022-08-12,-0.004015945247483886,-0.004215945247483885,-0.0042357372747365485
2022-08-15,0.000896813599276303,0.000696813599276303,0.0006770215720236399
2022-08-16,0.0012510857594807193,0.0010510857594807192,0.0010312937322280561
2022-08-17,0.005625782854899191,0.005425782854899191,0.005405990827646528
2022-08-18,0.0004633669707638351,0.0002633669707638351,0.00024357494351117206
2022-08-19,0.006294904180363093,0.006094904180363093,0.00607511215311043
2022-08-22,0.002587746353741643,0.002387746353741643,0.0023679543264889798
2022-08-23,-0.001238962152906396,-0.001438962152906396,-0.0014587541801590592
2022-08-24,-0.008410006021556914,-0.008610006021556914,-0.008629798048809577
2022-09-14,0.00405901611531367,0.0038590161153136703,0.0038392240880610073
2022-09-15,-0.003672623776463133,-0.003872623776463133,-0.003892415803715796
2022-09-16,0.00625392028309782,0.00605392028309782,0.006034128255845157
2022-09-19,0.002130950784834748,0.0019309507848347478,0.0019111587575820848
2022-09-20,0.005535018351893903,0.005335018351893903,0.00531522632464124
2022-09-21,-0.000966134427329737,-0.001166134427329737,-0.0011859264545824
2022-09-22,0.011209765879680717,0.011009765879680717,0.010989973852428054
2022-09-23,0.004460827163242697,0.004260827163242697,0.004241035135990034
2022-09-26,0.005513895159192777,0.005313895159192777,0.005294103131940114
2022-09-27,-0.006078539843880182,-0.0062785398438801815,-0.006298331871132845
2022-09-28,-0.008454310923151381,-0.008654310923151382,-0.008674102950404045
2022-09-29,0.0008454617521810545,0.0006454617521810545,0.0006256697249283914
2022-09-30,-0.007102775394704437,-0.007302775394704437,-0.0073225674219571
2022-10-03,0.0007717025843925676,0.0005717025843925676,0.0005519105571399046
2022-10-04,-0.006328827420530279,-0.006528827420530279,-0.006548619447782942
2022-10-05,0.003950185385805122,0.0037501853858051223,0.0037303933585524592
2022-10-06,0.0008414765654452131,0.0006414765654452131,0.00062168453819255
2022-10-07,-0.00449581722503088,-0.00469581722503088,-0.004715609252283543
2022-10-10,0.0023230965868241815,0.0021230965868241814,0.0021033045595715183
2022-10-11,0.0025062510940655792,0.002306251094065579,0.002286459066812916
2022-10-12,-0.00027260992599116216,-0.00047260992599116214,-0.0004924019532438252
2022-10-13,0.006911234119535483,0.006711234119535483,0.00669144209228282
2022-10-14,0.004373948879687694,0.0041739488796876945,0.004154156852435031
2022-10-17,-0.00707565711853378,-0.00727565711853378,-0.007295449145786443
2022-10-18,-0.0022380719643765937,-0.0024380719643765938,-0.002457863991629257
2022-10-19,0.008519665588424105,0.008319665588424105,0.008299873561171442
2022-10-20,0.00046484937497039597,0.00026484937497039593,0.0002450573477177329
2022-10-21,0.002432925948691641,0.002232925948691641,0.002213133921438978
2022-10-24,0.007525724131890381,0.007325724131890381,0.007305932104637718
2022-10-25,-0.009498564679020825,-0.009698564679020825,-0.009718356706273489
2022-10-26,-0.011809010761378393,-0.012009010761378393,-0.012028802788631056
2022-10-27,-0.005455751545353026,-0.005655751545353025,-0.0056755435726056885
2022-10-28,0.004489186701557031,0.004289186701557032,0.0042693946743043686
2022-10-31,-0.003719403373299652,-0.003919403373299652,-0.003939195400552315
2022-11-01,-0.005430670878165655,-0.005630670878165655,-0.005650462905418318
2022-11-02,0.003650404594000929,0.003450404594000929,0.003430612566748266
2022-11-03,-0.00012688191898299335,-0.00032688191898299333,-0.0003466739462356564
2022-11-04,0.0003808912323235012,0.0001808912323235012,0.00016109920507083816
2022-11-07,-0.0022912887378939094,-0.0024912887378939095,-0.0025110807651465726
2022-11-08,-0.00017877142635222603,-0.00037877142635222606,-0.0003985634536048891
2022-11-09,-0.00139890686966979,-0.0015989068696697902,-0.0016186988969224532
2022-11-10,-0.0011627574091965028,-0.0013627574091965029,-0.001382549436449166
2022-11-11,0.0008720525355382112,0.0006720525355382112,0.0006522605082855482
2022-11-14,0.00035096758178901994,0.00015096758178901993,0.0001311755545363569
2022-11-15,0.0011491426174661736,0.0009491426174661736,0.0009293505902135106
2022-11-16,-0.00011935179321244401,-0.000319351793212444,-0.00033914382046510707
2022-11-17,0.0006944419921465282,0.0004944419921465282,0.00047464996489386517
2022-11-18,-0.001476304278069422,-0.001676304278069422,-0.0016960963053220851
2022-11-21,0.001104290654287298,0.0009042906542872979,0.0008844986270346349
2022-11-22,0.0008417524464999426,0.0006417524464999426,0.0006219604192472795
2022-11-23,-0.0055875794290020445,-0.005787579429002044,-0.005807371456254707
2022-12-14,-0.00037012862814213374,-0.0005701286281421337,-0.0005899206553947968
2022-12-15,-0.0002159455565982242,-0.00041594555659822425,-0.0004357375838508873
2022-12-16,-0.0020982419732919417,-0.0022982419732919417,-0.002318034000544605
2022-12-19,0.004151032917311821,0.003951032917311821,0.003931240890059158
2022-12-20,-0.0007746297405076858,-0.0009746297405076857,-0.000994421767760349
2022-12-21,-0.001433424638164269,-0.0016334246381642691,-0.0016532166654169322
2022-12-22,-0.0034063477197105413,-0.0036063477197105414,-0.0036261397469632044
2022-12-23,0.0031583246771827284,0.0029583246771827283,0.0029385326499300653
2022-12-27,0.0036776330198582136,0.0034776330198582135,0.0034578409926055505
2022-12-28,-0.0014233048783566004,-0.0016233048783566005,-0.0016430969056092635
2022-12-29,-0.008555583692438133,-0.008755583692438134,-0.008775375719690797
2022-12-30,-0.0033142491484164887,-0.003514249148416489,-0.003534041175669152
2023-01-03,-0.0008205284636424383,-0.0010205284636424384,-0.0010403204908951014
2023-01-04,-0.006809543872688026,-0.007009543872688026,-0.007029335899940689
2023-01-05,-0.0019455276984059596,-0.0021455276984059597,-0.002165319725658623
2023-01-06,0.002476947536799039,0.002276947536799039,0.002257155509546376
2023-01-09,-0.0073561490774759365,-0.007556149077475936,-0.007575941104728599
2023-01-10,-0.003002832334877446,-0.003202832334877446,-0.003222624362130109
2023-01-11,0.0007357959464328545,0.0005357959464328545,0.0005160039191801915
2023-01-12,-0.00444910973358193,-0.00464910973358193,-0.004668901760834593
2023-01-13,0.0008915260594304227,0.0006915260594304227,0.0006717340321777597
2023-01-17,0.0011042355330194203,0.0009042355330194204,0.0008844435057667573
2023-01-18,0.0016172014610079633,0.0014172014610079632,0.0013974094337553002
2023-01-19,0.0014296872319628777,0.0012296872319628776,0.0012098952047102146
2023-01-20,0.0029851107675039636,0.0027851107675039635,0.0027653187402513005
2023-01-23,0.0024850145797274546,0.0022850145797274546,0.0022652225524747915
2023-01-24,-0.0003108244332752153,-0.0005108244332752153,-0.0005306164605278783
2023-01-25,0.0008116437188036645,0.0006116437188036645,0.0005918516915510015
2023-01-26,0.005415553178685958,0.005215553178685959,0.005195761151433296
2023-01-27,-7.827776209069349e-05,-0.0002782777620906935,-0.00029806978934335656
2023-01-30,-0.0015482060109766665,-0.0017482060109766666,-0.0017679980382293296
2023-01-31,-0.0034188038538882793,-0.0036188038538882794,-0.0036385958811409424
2023-02-01,-0.0021721562388302036,-0.0023721562388302037,-0.0023919482660828668
2023-02-02,0.005022240765903077,0.004822240765903077,0.004802448738650414
2023-02-03,-0.0005186021091083616,-0.0007186021091083616,-0.0007383941363610246
2023-02-06,0.002717119695669885,0.002517119695669885,0.002497327668417222
2023-02-07,0.0026268426131514943,0.0024268426131514942,0.002407050585898831
2023-02-08,-0.0012983293140288808,-0.0014983293140288809,-0.001518121341281544
2023-02-09,0.004317657687895525,0.0041176576878955255,0.0040978656606428625
2023-02-10,0.009062892709384585,0.008862892709384585,0.008843100682131922
2023-02-13,0.0006500743871398227,0.00045007438713982276,0.0004302823598871597
2023-02-14,-0.005653188319787701,-0.0058531883197877,-0.005872980347040363
2023-02-15,-0.010967036556994643,-0.011167036556994643,-0.011186828584247306
2023-02-16,0.0026311954990291255,0.0024311954990291255,0.0024114034717764624
2023-02-17,0.0046559888608945265,0.004455988860894527,0.004436196833641864
2023-02-21,0.004289778912875787,0.004089778912875788,0.004069986885623125
2023-02-22,0.00022957585743365897,2.957585743365896e-05,9.783830180995913e-06
2023-02-23,-0.0006697459007918152,-0.0008697459007918152,-0.0008895379280444782
2023-03-15,0.010617556103862166,0.010417556103862165,0.010397764076609502
2023-03-16,0.0024788212692659125,0.0022788212692659124,0.0022590292420132494
2023-03-17,0.005379994168164327,0.005179994168164327,0.005160202140911664
2023-03-20,-0.0003968475302249986,-0.0005968475302249986,-0.0006166395574776617
2023-03-21,-0.005491374865139123,-0.005691374865139123,-0.005711166892391786
2023-03-22,0.002900292746668349,0.002700292746668349,0.002680500719415686
2023-03-23,0.0026562345284429295,0.0024562345284429295,0.0024364425011902664
2023-03-24,0.0011345771014890118,0.0009345771014890118,0.0009147850742363487
2023-03-27,-0.005667653374335018,-0.005867653374335017,-0.0058874454015876805
2023-03-28,-0.0026876320486542444,-0.0028876320486542445,-0.0029074240759069075
2023-03-29,-0.002322252535463087,-0.002522252535463087,-0.00254204456271575
2023-03-30,0.001879844005354092,0.001679844005354092,0.001660051978101429
2023-03-31,-0.0045477582878128186,-0.004747758287812818,-0.004767550315065481
2023-04-03,0.00033168939152179505,0.00013168939152179504,0.00011189736426913199
2023-04-04,0.00585823596144322,0.00565823596144322,0.005638443934190557
2023-04-05,0.003091364974364187,0.002891364974364187,0.002871572947111524
2023-04-06,0.002029208984181906,0.0018292089841819058,0.0018094169569292428
2023-04-10,-0.006488828050896951,-0.006688828050896951,-0.006708620078149614
2023-04-11,-0.0053541381658163785,-0.005554138165816378,-0.005573930193069041
2023-04-12,0.0020612399112473565,0.0018612399112473564,0.0018414478839946934
2023-04-13,-0.002857323068859766,-0.0030573230688597662,-0.0030771150961124293
2023-04-14,0.003084043900072668,0.002884043900072668,0.002864251872820005
2023-04-17,-0.004780004997514843,-0.004980004997514843,-0.004999797024767506
2023-04-18,-5.098532940576874e-06,-0.0002050985329405769,-0.00022489056019323994
2023-04-19,0.0003913648732942075,0.0001913648732942075,0.00017157284604154446
2023-04-20,0.0010430858161644056,0.0008430858161644056,0.0008232937889117426
2023-04-21,0.001264500624070811,0.001064500624070811,0.001044708596818148
2023-04-24,7.347444572973725e-05,-0.00012652555427026277,-0.00014631758152292582
2023-04-25,0.0028703647492753686,0.0026703647492753685,0.0026505727220227054
2023-04-26,0.0003469572540224181,0.0001469572540224181,0.00012716522676975507
2023-04-27,0.00519939945521809,0.0049993994552180905,0.0049796074279654275
2023-04-28,-3.600518335648251e-05,-0.00023600518335648252,-0.00025579721060914557
2023-05-01,-0.002169006285612222,-0.002369006285612222,-0.002388798312864885
2023-05-02,0.004002145149265557,0.0038021451492655568,0.0037823531220128937
2023-05-03,-0.0036207870977798323,-0.0038207870977798324,-0.0038405791250324954
2023-05-04,0.00032088114270840067,0.00012088114270840066,0.00010108911545573762
2023-05-05,-0.004621288879176929,-0.004821288879176928,-0.004841080906429591
2023-05-08,-0.0006940068890861659,-0.0008940068890861658,-0.0009137989163388289
2023-05-09,0.000422669921824564,0.00022266992182456397,0.00020287789457190092
2023-05-10,0.001288721940272662,0.001088721940272662,0.001068929913019999
2023-05-11,0.0030512553088477483,0.002851255308847748,0.002831463281595085
2023-05-12,-9.581671629711588e-05,-0.0002958167162971159,-0.0003156087435497789
2023-05-15,-0.005150089389392654,-0.005350089389392653,-0.005369881416645316
2023-05-16,0.009627627538623347,0.009427627538623347,0.009407835511370683
2023-05-17,-0.0028700587131923463,-0.0030700587131923464,-0.0030898507404450094
2023-05-18,0.007817417269041898,0.007617417269041899,0.0075976252417892355
2023-05-19,-0.0010903748654544927,-0.0012903748654544927,-0.0013101668927071558
2023-05-22,-0.0012087703313823062,-0.0014087703313823063,-0.0014285623586349694
2023-05-23,-0.0030191429203955938,-0.003219142920395594,-0.003238934947648257
2023-05-24,0.002165078251497681,0.001965078251497681,0.001945286224245018
2023-06-14,0.004400117075476966,0.004200117075476966,0.004180325048224303
2023-06-15,0.0004997197669460733,0.0002997197669460733,0.0002799277396934103
2023-06-16,-0.0005900274351849755,-0.0007900274351849755,-0.0008098194624376386
2023-06-20,0.002673562644336898,0.002473562644336898,0.002453770617084235
2023-06-21,-0.0018228047611288563,-0.002022804761128856,-0.002042596788381519
2023-06-22,0.006136187137373759,0.005936187137373759,0.005916395110121096
2023-06-23,0.004201840945272548,0.004001840945272548,0.003982048918019885
2023-06-26,-0.004513250202449913,-0.004713250202449912,-0.004733042229702575
2023-06-27,-0.001173684167798046,-0.001373684167798046,-0.0013934761950507091
2023-06-28,-0.0026742819423222755,-0.0028742819423222756,-0.0028940739695749386
2023-06-29,-0.0036745716830577243,-0.0038745716830577244,-0.0038943637103103874
2023-06-30,0.0027288931553487625,0.0025288931553487624,0.0025091011280960994
2023-07-03,-0.0027766213367294967,-0.0029766213367294968,-0.00299641336398216
2023-07-05,0.003410874292972696,0.003210874292972696,0.003191082265720033
2023-07-06,0.004251302903352001,0.004051302903352001,0.004031510876099338
2023-07-07,-0.009364713729461903,-0.009564713729461903,-0.009584505756714566
2023-07-10,-0.006761472050958747,-0.006961472050958747,-0.00698126407821141
2023-07-11,-0.0036942411959613756,-0.0038942411959613757,-0.003914033223214038
2023-07-12,0.0007648182141026541,0.0005648182141026541,0.0005450261868499911
2023-07-13,0.0019110934823231818,0.0017110934823231817,0.0016913014550705187
2023-07-14,0.0031494574638195466,0.0029494574638195465,0.0029296654365668835
2023-07-17,0.0009754549075684575,0.0007754549075684575,0.0007556628803157945
2023-07-18,0.0017221397473864129,0.0015221397473864128,0.0015023477201337497
2023-07-19,-0.003462875161035195,-0.003662875161035195,-0.003682667188287858
2023-07-20,-0.003013334173887664,-0.0032133341738876642,-0.0032331262011403273
2023-07-21,-0.0016063816585079355,-0.0018063816585079356,-0.0018261736857605986
2023-07-24,0.004552044454297729,0.004352044454297729,0.004332252427045066
2023-07-25,0.0012476846274527228,0.0010476846274527227,0.0010278926002000597
2023-07-26,-0.001980642924399555,-0.002180642924399555,-0.002200434951652218
2023-07-27,0.006889163883933115,0.006689163883933116,0.006669371856680453
2023-07-28,-0.002569051594487662,-0.002769051594487662,-0.002788843621740325
2023-07-31,-0.005248714197607046,-0.005448714197607046,-0.005468506224859709
2023-08-01,9.637475159004254e-05,-0.00010362524840995746,-0.0001234172756626205
2023-08-02,0.002732245273379888,0.002532245273379888,0.002512453246127225
2023-08-03,0.0014524405232715176,0.0012524405232715175,0.0012326484960188545
2023-08-04,-0.0007832584568522583,-0.0009832584568522584,-0.0010030504841049214
2023-08-07,0.003315580735136154,0.003115580735136154,0.003095788707883491
2023-08-08,0.0015374412144396595,0.0013374412144396594,0.0013176491871869963
2023-08-09,0.0005090166137564137,0.0003090166137564137,0.00028922458650375066
2023-08-10,-0.0009540882666165648,-0.001154088266616565,-0.001173880293869228
2023-08-11,0.0005366042507084807,0.0003366042507084807,0.0003168122234558176
2023-08-14,0.004201806285231041,0.004001806285231041,0.003982014257978378
2023-08-15,0.001337002548393738,0.001137002548393738,0.001117210521141075
2023-08-16,-0.00018753796327424793,-0.00038753796327424794,-0.000407329990526911
2023-08-17,-0.00284013798210989,-0.00304013798210989,-0.003059930009362553
2023-08-18,-0.0019255678257254296,-0.0021255678257254295,-0.0021453598529780926
2023-08-21,0.0038382764711498646,0.0036382764711498645,0.0036184844438972015
2023-08-22,-0.00020374140757145717,-0.00040374140757145716,-0.0004235334348241202
2023-08-23,-0.004409847066679312,-0.004609847066679312,-0.004629639093931975
2023-09-13,0.004012230525249977,0.0038122305252499765,0.0037924384979973135
2023-09-14,-0.0006792429220862858,-0.0008792429220862858,-0.0008990349493389489
2023-09-15,-0.0009018331538080433,-0.0011018331538080433,-0.0011216251810607064
2023-09-18,0.004463117411617965,0.004263117411617966,0.004243325384365303
2023-09-19,0.0014529308642351774,0.0012529308642351773,0.0012331388369825143
2023-09-20,-0.0001576658313374994,-0.00035766583133749945,-0.0003774578585901625
2023-09-21,0.004742084601739534,0.004542084601739534,0.004522292574486871
2023-09-22,-0.000679939100282777,-0.000879939100282777,-0.0008997311275354401
2023-09-25,0.0025033187983977234,0.0023033187983977233,0.0022835267711450603
2023-09-26,-0.0011645033332778917,-0.0013645033332778918,-0.0013842953605305549
2023-09-27,-0.0023184175361668368,-0.002518417536166837,-0.0025382095634195
2023-09-28,9.175470925386472e-05,-0.00010824529074613529,-0.00012803731799879834
2023-09-29,-0.0018455333963657693,-0.002045533396365769,-0.0020653254236184322
2023-10-02,0.015470985414795387,0.015270985414795386,0.015251193387542723
2023-10-03,-0.0017496946422288302,-0.0019496946422288303,-0.001969486669481493
2023-10-04,0.005641439439627074,0.0054414394396270745,0.0054216474123744115
2023-10-05,-0.00018637711638135493,-0.00038637711638135494,-0.000406169143634018
2023-10-06,0.002971661078181866,0.002771661078181866,0.002751869050929203
2023-10-09,-0.0011818401141246544,-0.0013818401141246545,-0.0014016321413773175
2023-10-10,-0.004936109372644407,-0.0051361093726444065,-0.0051559013998970695
2023-10-11,0.004306031354536927,0.004106031354536927,0.004086239327284264
2023-10-12,0.008196054407528896,0.007996054407528895,0.007976262380276232
2023-10-13,-0.0040847995661040465,-0.004284799566104046,-0.004304591593356709
2023-10-16,-0.0028798606202147625,-0.0030798606202147626,-0.0030996526474674256
2023-10-17,-0.005431195250971891,-0.00563119525097189,-0.005650987278224553
2023-10-18,0.005662530159015313,0.005462530159015313,0.00544273813176265
2023-10-19,0.004200594348653251,0.004000594348653251,0.003980802321400588
2023-10-20,0.0004439457401168206,0.00024394574011682058,0.00022415371286415754
2023-10-23,0.005075777497277822,0.004875777497277823,0.00485598547002516
2023-10-24,-0.0019961094555948885,-0.0021961094555948885,-0.0022159014828475516
2023-10-25,0.000748881358409026,0.0005488813584090261,0.000529089331156363
2023-10-26,-0.01107093795879103,-0.011270937958791031,-0.011290729986043694
2023-10-27,0.0055778260872771275,0.005377826087277128,0.005358034060024465
2023-10-30,0.0019353990675329191,0.001735399067532919,0.001715607040280256
2023-10-31,-0.0020878022396008398,-0.00228780223960084,-0.002307594266853503
2023-11-01,0.0038532425373883463,0.003653242537388346,0.003633450510135683
2023-11-02,-0.00408749234285345,-0.00428749234285345,-0.004307284370106113
2023-11-03,-0.014280283062791551,-0.014480283062791552,-0.014500075090044215
2023-11-06,0.007823106848511471,0.007623106848511471,0.007603314821258808
2023-11-07,0.003931305103748211,0.003731305103748211,0.003711513076495548
2023-11-08,0.0061092990867687765,0.005909299086768777,0.005889507059516114
2023-11-09,0.004586796644170093,0.004386796644170093,0.00436700461691743
2023-11-10,0.002279400188102872,0.0020794001881028717,0.0020596081608502087
2023-11-13,-0.0008194809515511479,-0.001019480951551148,-0.001039272978803811
2023-11-14,-0.015492194411339567,-0.015692194411339566,-0.01571198643859223
2023-11-15,-0.00245986565869979,-0.00265986565869979,-0.002679657685952453
2023-11-16,0.007947323063712968,0.0077473230637129685,0.007727531036460305
2023-11-17,-0.005268467922105396,-0.005468467922105396,-0.005488259949358059
2023-11-20,0.004128150884585777,0.003928150884585777,0.003908358857333114
2023-11-21,-0.003640910627446209,-0.003840910627446209,-0.003860702654698872
2023-11-22,-9.361155437572486e-05,-0.00029361155437572484,-0.0003134035816283879
2023-12-13,-0.009336421693236169,-0.00953642169323617,-0.009556213720488833
2023-12-14,-0.010174361235109546,-0.010374361235109547,-0.01039415326236221
2023-12-15,0.0038637775052634544,0.0036637775052634543,0.0036439854780107913
2023-12-18,0.0036448910975567014,0.0034448910975567013,0.0034250990703040382
2023-12-19,-0.004936106033888527,-0.005136106033888527,-0.00515589806114119
2023-12-20,0.003749083902356014,0.003549083902356014,0.003529291875103351
2023-12-21,-0.005095119485224781,-0.0052951194852247805,-0.005314911512477444
2023-12-22,-0.005593558636317573,-0.005793558636317572,-0.005813350663570235
2023-12-26,-0.00466207205063553,-0.00486207205063553,-0.004881864077888193
2023-12-27,-0.0012255040942907615,-0.0014255040942907616,-0.0014452961215434246
2023-12-28,-0.0006469278952624098,-0.0008469278952624098,-0.0008667199225150729
2023-12-29,0.003347187914544564,0.003147187914544564,0.003127395887291901
2024-01-02,0.003032172980113195,0.002832172980113195,0.002812380952860532
2024-01-03,0.00965587660862806,0.00945587660862806,0.009436084581375397
2024-01-04,-0.0014665450179255752,-0.0016665450179255753,-0.0016863370451782383
2024-01-05,0.0011991387716945119,0.0009991387716945118,0.0009793467444418487
2024-01-08,-0.0067376508284617736,-0.006937650828461773,-0.006957442855714436
2024-01-09,0.00017036363661356507,-2.9636363386434942e-05,-4.942839063909799e-05
2024-01-10,0.0019088156645898254,0.0017088156645898253,0.0016890236373371622
2024-01-11,0.0036806828031460273,0.0034806828031460272,0.003460890775893364
2024-01-12,0.0011486253209807178,0.0009486253209807178,0.0009288332937280548
2024-01-16,0.006396785871932674,0.006196785871932674,0.006176993844680011
2024-01-17,0.0026153864876196442,0.002415386487619644,0.002395594460366981
2024-01-18,0.004121032251918747,0.003921032251918748,0.0039012402246660846
2024-01-19,0.004662632040380937,0.0044626320403809375,0.0044428400131282745
2024-01-22,-0.008026853792057911,-0.008226853792057912,-0.008246645819310575
2024-01-23,0.0017033850903724744,0.0015033850903724744,0.0014835930631198113
2024-01-24,0.007486343525768086,0.007286343525768086,0.007266551498515423
2024-01-25,-0.0045099356392757665,-0.004709935639275766,-0.004729727666528429
2024-01-26,-0.002972578479566305,-0.003172578479566305,-0.0031923705068189682
2024-01-29,-0.0034998945214139827,-0.0036998945214139827,-0.003719686548666646
2024-01-30,0.004454927719993137,0.0042549277199931375,0.0042351356927404745
2024-01-31,-6.790813427721108e-05,-0.00026790813427721106,-0.0002877001615298741
2024-02-01,0.0005689449643837066,0.00036894496438370664,0.0003491529371310436
2024-02-02,0.009488578671174044,0.009288578671174044,0.00926878664392138
2024-02-05,0.005519458422627578,0.005319458422627579,0.005299666395374916
2024-02-06,-0.0046545618839753675,-0.004854561883975367,-0.00487435391122803
2024-02-07,0.003924278269063584,0.0037242782690635836,0.0037044862418109206
2024-02-08,-0.0008528013753627617,-0.0010528013753627618,-0.0010725934026154249
2024-02-09,-0.00030130350840814815,-0.0005013035084081482,-0.0005210955356608112
2024-02-12,-0.0076388613547468676,-0.007838861354746868,-0.007858653381999531
2024-02-13,0.007894315479414046,0.007694315479414046,0.007674523452161383
2024-02-14,-0.00839853375254853,-0.00859853375254853,-0.008618325779801194
2024-02-15,-0.007989899905801743,-0.008189899905801743,-0.008209691933054406
2024-02-16,-0.003000278627188138,-0.003200278627188138,-0.0032200706544408013
2024-02-20,0.0004077608626073809,0.00020776086260738087,0.00018796883535471783
2024-02-21,0.003613038180418086,0.003413038180418086,0.003393246153165423
2024-02-22,0.0124758491343077,0.012275849134307699,0.012256057107055036
2024-03-13,-0.006655948224214045,-0.006855948224214045,-0.006875740251466708
2024-03-14,0.008901611263268957,0.008701611263268957,0.008681819236016294
2024-03-15,-0.00790539175633835,-0.008105391756338351,-0.008125183783591014
2024-03-18,0.004035200413020629,0.003835200413020629,0.003815408385767966
2024-03-19,0.0003103866558852452,0.0001103866558852452,9.059462863258215e-05
2024-03-20,-0.005629147995814754,-0.005829147995814753,-0.005848940023067416
2024-03-21,-0.002269440756672062,-0.002469440756672062,-0.002489232783924725
2024-03-22,0.0047474401951633095,0.00454744019516331,0.004527648167910647
2024-03-25,0.0002870217643695854,8.70217643695854e-05,6.722973711692235e-05
2024-03-26,-0.0012901440155432037,-0.0014901440155432038,-0.0015099360427958668
2024-03-27,-0.006176353759960884,-0.006376353759960884,-0.006396145787213547
2024-03-28,-0.0036939530226876146,-0.0038939530226876147,-0.003913745049940277
2024-04-01,0.003492833731784659,0.0032928337317846587,0.0032730417045319956
2024-04-02,0.0029665935538210294,0.0027665935538210293,0.0027468015265683663
2024-04-03,-0.003500438332580644,-0.003700438332580644,-0.003720230359833307
2024-04-04,-0.002201245822611837,-0.002401245822611837,-0.0024210378498645
2024-04-05,0.00265177418077626,0.0024517741807762597,0.0024319821535235967
2024-04-08,-0.0009073383656416827,-0.0011073383656416828,-0.0011271303928943458
2024-04-09,-0.0018576390732988684,-0.0020576390732988683,-0.0020774311005515313
2024-04-10,0.005556195291276554,0.005356195291276554,0.005336403264023891
2024-04-11,0.009182558881479884,0.008982558881479884,0.00896276685422722
2024-04-12,-0.00022382938909655845,-0.0004238293890965585,-0.00044362141634922154
2024-04-15,-0.00042713157674927695,-0.000627131576749277,-0.00064692360400194
2024-04-16,0.0019000014358274136,0.0017000014358274135,0.0016802094085747504
2024-04-17,-0.0003277193290114695,-0.0005277193290114695,-0.0005475113562641325
2024-04-18,0.0009720358875226029,0.000772035887522603,0.0007522438602699399
2024-04-19,-0.004775143247664321,-0.004975143247664321,-0.004994935274916984
2024-04-22,-0.0007871936149757883,-0.0009871936149757883,-0.0010069856422284514
2024-04-23,-0.0028749955564396166,-0.0030749955564396167,-0.0030947875836922797
2024-04-24,0.0012949041509324106,0.0010949041509324105,0.0010751121236797475
2024-04-25,-0.0008882469855323059,-0.001088246985532306,-0.001108039012784969
2024-04-26,0.0029810133558380997,0.0027810133558380996,0.0027612213285854365
2024-04-29,-0.002844566358401246,-0.003044566358401246,-0.003064358385653909
2024-04-30,-0.0002908163094207033,-0.0004908163094207033,-0.0005106083366733663
2024-05-01,-0.0034138954046056156,-0.0036138954046056157,-0.0036336874318582788
2024-05-02,0.0009525844227112459,0.0007525844227112459,0.0007327923954585829
2024-05-03,0.005718198107165311,0.0055181981071653115,0.0054984060799126485
2024-05-06,0.0013741395661529307,0.0011741395661529306,0.0011543475389002675
2024-05-07,-0.00145572701929583,-0.0016557270192958302,-0.0016755190465484932
2024-05-08,0.0030744083565692687,0.0028744083565692686,0.0028546163293166056
2024-05-09,-0.0034911752554998413,-0.0036911752554998414,-0.0037109672827525045
2024-05-10,0.004469749846531164,0.004269749846531164,0.004249957819278501
2024-05-13,-0.0021786394876939295,-0.0023786394876939296,-0.0023984315149465927
2024-05-14,-0.004651732844303109,-0.004851732844303108,-0.0048715248715557715
2024-05-15,0.0035815897699453393,0.003381589769945339,0.003361797742692676
2024-05-16,-0.0003920968005426194,-0.0005920968005426195,-0.0006118888277952825
2024-05-17,3.657577308852104e-05,-0.00016342422691147899,-0.00018321625416414203
2024-05-20,0.0016363428450736472,0.001436342845073647,0.001416550817820984
2024-05-21,0.002970829623429689,0.0027708296234296888,0.0027510375961770257
2024-05-22,0.0031632969193098196,0.0029632969193098195,0.0029435048920571564
2024-05-23,0.003214032175016114,0.003014032175016114,0.002994240147763451
2024-06-13,0.005984643434103681,0.005784643434103682,0.005764851406851019
2024-06-14,0.005708148112054081,0.005508148112054081,0.005488356084801418
2024-06-17,0.0037768344347280346,0.0035768344347280345,0.0035570424074753714
2024-06-18,0.007687322395096519,0.007487322395096519,0.007467530367843856
2024-06-20,-0.004417275731495371,-0.004617275731495371,-0.004637067758748034
2024-06-21,-0.007359956406333784,-0.007559956406333784,-0.007579748433586447
2024-06-24,-0.006254517234243983,-0.006454517234243983,-0.006474309261496646
2024-06-25,0.00763318310511823,0.00743318310511823,0.007413391077865567
2024-06-26,0.0029581932941758937,0.0027581932941758936,0.0027384012669232306
2024-06-27,-0.0034058601290175975,-0.0036058601290175976,-0.0036256521562702607
2024-06-28,-0.0040277267836706775,-0.004227726783670677,-0.00424751881092334
2024-07-01,0.007822186073597559,0.007622186073597559,0.007602394046344896
2024-07-02,0.0028540894710605545,0.0026540894710605544,0.0026342974438078913
2024-07-03,0.002012569107132725,0.001812569107132725,0.001792777079880062
2024-07-05,0.004394670329456814,0.004194670329456814,0.004174878302204151
2024-07-08,-0.00045082551466389475,-0.0006508255146638948,-0.0006706175419165578
2024-07-09,0.004466237177605307,0.004266237177605307,0.004246445150352644
2024-07-10,0.0014893163088561066,0.0012893163088561065,0.0012695242816034434
2024-07-11,-0.024327986225842653,-0.024527986225842652,-0.024547778253095315
2024-07-12,-0.0030483879289533696,-0.0032483879289533697,-0.0032681799562060327
2024-07-15,-0.0015068950020049683,-0.0017068950020049684,-0.0017266870292576314
2024-07-16,-0.010894837614942185,-0.011094837614942185,-0.011114629642194849
2024-07-17,-0.0014252854920881737,-0.0016252854920881738,-0.0016450775193408368
2024-07-18,0.006300724993981478,0.006100724993981478,0.006080932966728815
2024-07-19,-0.0023414884576079677,-0.0025414884576079677,-0.002561280484860631
2024-07-22,-0.003025926617615778,-0.003225926617615778,-0.003245718644868441
2024-07-23,-0.003296251750681626,-0.003496251750681626,-0.003516043777934289
2024-07-24,-0.002291729717086616,-0.002491729717086616,-0.002511521744339279
2024-07-25,-0.00883637289263055,-0.00903637289263055,-0.009056164919883213
2024-07-26,-0.00545700799505248,-0.00565700799505248,-0.005676800022305143
2024-07-29,0.004603934023150551,0.004403934023150552,0.004384141995897889
2024-07-30,-0.00016549186323850854,-0.0003654918632385086,-0.0003852838904911716
2024-07-31,0.007417831290400832,0.007217831290400832,0.007198039263148169
2024-08-01,0.009966644605270799,0.009766644605270798,0.009746852578018135
2024-08-02,0.00917019758285969,0.00897019758285969,0.008950405555607027
2024-08-05,0.00044251210721087624,0.00024251210721087623,0.00022272007995821318
2024-08-06,-0.0035947926915720213,-0.0037947926915720214,-0.0038145847188246844
2024-08-07,0.0031812104300994507,0.0029812104300994506,0.0029614184028467876
2024-08-08,0.000983197623752611,0.0007831976237526111,0.0007634055964999481
2024-08-09,0.0034332673121090364,0.0032332673121090363,0.0032134752848563732
2024-08-12,0.005651721178200624,0.005451721178200624,0.005431929150947961
2024-08-13,0.004180834464274111,0.003980834464274111,0.003961042437021448
2024-08-14,0.0019914902616778776,0.0017914902616778775,0.0017716982344252144
2024-08-15,0.002793599707740374,0.002593599707740374,0.002573807680487711
2024-08-16,-0.0009858768440319835,-0.0011858768440319836,-0.0012056688712846467
2024-08-19,0.00013541899817482198,-6.458100182517803e-05,-8.437302907784107e-05
2024-08-20,0.003138249119456172,0.002938249119456172,0.002918457092203509
2024-08-21,-0.009069869141406017,-0.009269869141406017,-0.00928966116865868
2024-08-22,-0.005527359844535881,-0.005727359844535881,-0.005747151871788544
2024-09-12,0.0023485626055286253,0.002148562605528625,0.002128770578275962
2024-09-13,-0.009536280411049407,-0.009736280411049408,-0.009756072438302071
2024-09-16,-0.003534333683763865,-0.0037343336837638652,-0.0037541257110165283
2024-09-17,-0.0012508939591566715,-0.0014508939591566716,-0.0014706859864093346
2024-09-18,-0.0007581607683821843,-0.0009581607683821843,-0.0009779527956348473
2024-09-19,0.0025788639595121137,0.0023788639595121136,0.0023590719322594505
2024-09-20,0.002706343662982077,0.002506343662982077,0.002486551635729414
2024-09-23,0.001971141544582092,0.001771141544582092,0.001751349517329429
2024-09-24,0.0023381812717623105,0.0021381812717623104,0.0021183892445096474
2024-09-25,0.005740905936713719,0.005540905936713719,0.005521113909461056
2024-09-26,-0.0024196729209430405,-0.0026196729209430406,-0.0026394649481957036
2024-09-27,-0.005212312004297144,-0.005412312004297144,-0.005432104031549807
2024-09-30,0.0026985010811506486,0.0024985010811506485,0.0024787090538979854
2024-10-01,-0.0024165672494096224,-0.0026165672494096225,-0.0026363592766622855
2024-10-02,-0.0007797086384177095,-0.0009797086384177095,-0.0009995006656703725
2024-10-03,0.0022420019102863593,0.002042001910286359,0.002022209883033696
2024-10-04,-0.003501495260481107,-0.003701495260481107,-0.00372128728773377
2024-10-07,0.0010181595350660475,0.0008181595350660475,0.0007983675078133845
2024-10-08,0.004919426301512922,0.004719426301512922,0.004699634274260259
2024-10-09,0.0012383681797856127,0.0010383681797856126,0.0010185761525329496
2024-10-10,0.0007069942940198747,0.0005069942940198747,0.0004872022667672117
2024-10-11,-0.005787481818207519,-0.0059874818182075185,-0.0060072738454601815
2024-10-14,0.003854461886493349,0.003654461886493349,0.003634669859240686
2024-10-15,-0.0021521263649752573,-0.0023521263649752574,-0.0023719183922279205
2024-10-16,-0.003092918946223748,-0.003292918946223748,-0.003312710973476411
2024-10-17,0.0013840223323865373,0.0011840223323865372,0.0011642303051338742
2024-10-18,-0.0015941500320559557,-0.0017941500320559558,-0.0018139420593086188
2024-10-21,0.005299024011605103,0.005099024011605104,0.005079231984352441
2024-10-22,0.003133647538772317,0.002933647538772317,0.002913855511519654
2024-10-23,-0.0035235425809903766,-0.0037235425809903767,-0.0037433346082430398
2024-10-24,0.0023903832915541227,0.0021903832915541226,0.0021705912643014596
2024-10-25,0.0050079223052286025,0.004807922305228603,0.00478813027797594
2024-10-28,-0.007007519390269676,-0.007207519390269676,-0.007227311417522339
2024-10-29,0.004344803628120247,0.0041448036281202475,0.0041250116008675845
2024-10-30,3.582292101320108e-05,-0.00016417707898679892,-0.00018396910623946197
2024-10-31,-0.009867061204752586,-0.010067061204752587,-0.01008685323200525
2024-11-01,0.001507258104226592,0.001307258104226592,0.0012874660769739289
2024-11-04,-0.002140734794713738,-0.002340734794713738,-0.002360526821966401
2024-11-05,-0.002060728658104695,-0.002260728658104695,-0.002280520685357358
2024-11-06,-0.0014185864902889482,-0.0016185864902889483,-0.0016383785175416114
2024-11-07,0.0018522995044715535,0.0016522995044715534,0.0016325074772188903
2024-11-08,0.002750994501701756,0.002550994501701756,0.002531202474449093
2024-11-11,-0.005954666850028149,-0.006154666850028149,-0.006174458877280812
2024-11-12,0.008247194785300912,0.008047194785300912,0.008027402758048249
2024-11-13,0.005998270903680454,0.005798270903680455,0.0057784788764277915
2024-11-14,0.00694108131026427,0.00674108131026427,0.006721289283011607
2024-11-15,0.009726926685213735,0.009526926685213735,0.009507134657961071
2024-11-18,0.004475985091106826,0.0042759850911068265,0.004256193063854163
2024-11-19,-0.0041272009867814865,-0.004327200986781486,-0.004346993014034149
2024-11-20,-0.0029406747908108217,-0.0031406747908108218,-0.003160466818063485
2024-11-21,-0.0011795153095918104,-0.0013795153095918105,-0.0013993073368444736
2024-11-22,-0.006977384227881227,-0.007177384227881226,-0.007197176255133889
2024-12-13,0.014468829183820428,0.014268829183820428,0.014249037156567765
2024-12-16,-0.004096792553369578,-0.004296792553369577,-0.0043165845806222404
2024-12-17,-5.581439854705099e-05,-0.000255814398547051,-0.00027560642579971403
2024-12-18,0.00918592866176584,0.008985928661765839,0.008966136634513176
2024-12-19,0.001505829175166248,0.001305829175166248,0.0012860371479135849
2024-12-20,-0.0007500937450824426,-0.0009500937450824426,-0.0009698857723351057
2024-12-23,0.003184427560473281,0.002984427560473281,0.002964635533220618
2024-12-24,0.0022454910922063013,0.002045491092206301,0.002025699064953638
2024-12-26,-0.004573501236774597,-0.004773501236774597,-0.00479329326402726
2024-12-27,-0.003227939979179155,-0.003427939979179155,-0.003447732006431818
2024-12-30,-0.004372842600013938,-0.0045728426000139375,-0.004592634627266601
2024-12-31,-0.005235366250741451,-0.005435366250741451,-0.005455158277994114
2025-01-02,-0.005585813255773681,-0.005785813255773681,-0.005805605283026344
2025-01-03,-0.0015572540015227282,-0.0017572540015227283,-0.0017770460287753914
2025-01-06,0.004127684288225074,0.003927684288225075,0.003907892260972412
2025-01-07,-0.006173005369441312,-0.006373005369441312,-0.006392797396693975
2025-01-08,0.002529552173652449,0.002329552173652449,0.002309760146399786
2025-01-10,0.0019364426121801922,0.001736442612180192,0.001716650584927529
2025-01-13,-0.0011752375878538658,-0.001375237587853866,-0.001395029615106529
2025-01-14,-0.005994064008717967,-0.0061940640087179664,-0.0062138560359706295
2025-01-15,0.0020429805871930782,0.0018429805871930782,0.001823188559940415
2025-01-16,-0.007103463151238224,-0.007303463151238224,-0.007323255178490887
2025-01-17,0.004852884058468898,0.0046528840584688985,0.0046330920312162354
2025-01-21,-0.005573686974872069,-0.005773686974872069,-0.005793479002124732
2025-01-22,0.007557239567667608,0.007357239567667608,0.007337447540414945
2025-01-23,-0.0004088694340835096,-0.0006088694340835096,-0.0006286614613361727
2025-01-24,-0.002209040211976992,-0.0024090402119769923,-0.0024288322392296553
2025-01-27,-0.006677137261685902,-0.006877137261685901,-0.0068969292889385645
2025-01-28,0.004435236861784031,0.004235236861784031,0.004215444834531368
2025-01-29,-0.0037252815330178907,-0.00392528153301789,-0.003945073560270553
2025-01-30,-0.008018346680113595,-0.008218346680113595,-0.008238138707366258
2025-01-31,0.001931600022140973,0.0017316000221409729,0.0017118079948883098
2025-02-03,0.002926782919351848,0.0027267829193518478,0.0027069908920991847
2025-02-04,-0.0017705325587388965,-0.0019705325587388964,-0.0019903245859915594
2025-02-05,-0.0038879331976651656,-0.004087933197665166,-0.004107725224917829
2025-02-06,0.0034900935022392295,0.0032900935022392294,0.0032703014749865663
2025-02-07,0.000921163238257774,0.000721163238257774,0.000701371211005111
2025-02-10,0.0030628135324828215,0.0028628135324828214,0.0028430215052301583
2025-02-11,0.0021676282804379498,0.0019676282804379497,0.0019478362531852866
2025-02-12,0.0005582386826270912,0.00035823868262709123,0.0003384466553744282
2025-02-13,0.00019991496032554604,-8.503967445397213e-08,-1.987706692711702e-05
2025-02-14,0.0010516806140990248,0.0008516806140990248,0.0008318885868463618
2025-02-18,-0.0028838046761116005,-0.0030838046761116006,-0.0031035967033642637
2025-02-19,0.002623782466453752,0.002423782466453752,0.002403990439201089
2025-02-20,-0.00010504029165895989,-0.0003050402916589599,-0.00032483231891162296
2025-02-21,0.0023219927435540176,0.0021219927435540175,0.0021022007163013544
2025-02-24,-0.004159163322324519,-0.004359163322324519,-0.004378955349577182
2025-03-14,-5.522194713118773e-05,-0.00025522194713118774,-0.0002750139743838508
2025-03-17,-0.005181406226735307,-0.005381406226735307,-0.00540119825398797
2025-03-18,-0.0018690619593685373,-0.0020690619593685374,-0.0020888539866212004
2025-03-19,-0.0006308068618901133,-0.0008308068618901133,-0.0008505988891427764
2025-03-20,0.0019219541597443402,0.00172195415974434,0.001702162132491677
2025-03-21,0.003966671881414046,0.0037666718814140456,0.0037468798541613825
2025-03-24,0.0004005256761156816,0.0002005256761156816,0.00018073364886301855
2025-03-25,0.008760955295688903,0.008560955295688902,0.00854116326843624
2025-03-26,-0.005871008415416527,-0.006071008415416527,-0.00609080044266919
2025-03-27,-0.00032430807375893314,-0.0005243080737589331,-0.0005441001010115962
2025-03-28,-0.003411883507565627,-0.003611883507565627,-0.00363167553481829
2025-03-31,0.013612770180259092,0.013412770180259092,0.013392978153006429
2025-04-01,0.011251167765983165,0.011051167765983165,0.011031375738730502
2025-04-02,-0.009465899062832846,-0.009665899062832847,-0.00968569109008551
2025-04-03,0.007665825033318523,0.007465825033318523,0.00744603300606586
2025-04-04,-0.003852280933971954,-0.004052280933971954,-0.004072072961224617
2025-04-07,0.0031269507955948325,0.0029269507955948324,0.0029071587683421694
2025-04-08,0.009835412528632211,0.00963541252863221,0.009615620501379547
2025-04-09,0.01389245862392623,0.01369245862392623,0.013672666596673566
2025-04-10,-0.0073445314872882415,-0.007544531487288241,-0.007564323514540904
2025-04-11,-0.0019260584587132224,-0.0021260584587132225,-0.0021458504859658855
2025-04-14,-0.0027587761719374783,-0.0029587761719374783,-0.0029785681991901414
2025-04-15,-0.0005445749851011695,-0.0007445749851011695,-0.0007643670123538325
2025-04-16,-0.010133235183050654,-0.010333235183050654,-0.010353027210303317
2025-04-17,-0.004447489599926213,-0.004647489599926212,-0.004667281627178875
2025-04-21,-0.002649624837221614,-0.002849624837221614,-0.002869416864474277
2025-04-22,-0.000681389197799895,-0.000881389197799895,-0.000901181225052558
2025-04-23,0.0013040066099966009,0.0011040066099966008,0.0010842145827439378
2025-04-24,0.0005052283301398717,0.00030522833013987177,0.0002854363028872087
2025-04-25,0.00667850656353886,0.006478506563538861,0.006458714536286198
2025-04-28,-0.0026668876020060892,-0.0028668876020060893,-0.0028866796292587524
2025-04-29,-0.00011173965934888335,-0.00031173965934888333,-0.0003315316866015464
2025-04-30,-0.0008453321037114376,-0.0010453321037114376,-0.0010651241309641007
2025-05-01,0.007124416071889406,0.006924416071889406,0.006904624044636743
2025-05-02,-0.004815202114878349,-0.005015202114878349,-0.005034994142131012
2025-05-05,-0.0006384167907050029,-0.0008384167907050029,-0.000858208817957666
2025-05-06,-0.001807105707997558,-0.002007105707997558,-0.002026897735250221
2025-05-07,0.0009202531368067003,0.0007202531368067003,0.0007004611095540373
2025-05-08,-0.004692461693180008,-0.004892461693180008,-0.004912253720432671
2025-05-09,-0.0011861973845710614,-0.0013861973845710614,-0.0014059894118237245
2025-05-12,0.0023342910989158786,0.0021342910989158785,0.0021144990716632154
2025-05-13,0.004691553311838029,0.004491553311838029,0.004471761284585366
2025-05-14,0.005070385098802308,0.004870385098802308,0.004850593071549645
2025-05-15,-0.0025332200079498024,-0.0027332200079498025,-0.0027530120352024655
2025-05-16,-0.001919226389955428,-0.002119226389955428,-0.002139018417208091
2025-05-19,0.000979673886378459,0.0007796738863784591,0.000759881859125796
2025-05-20,-0.0014701725901675484,-0.0016701725901675484,-0.0016899646174202115
2025-05-21,0.004250105058823644,0.004050105058823645,0.004030313031570982
2025-05-22,-0.0016173172081916523,-0.0018173172081916524,-0.0018371092354443155
2025-05-23,-0.0036777903405182345,-0.0038777903405182346,-0.0038975823677708976
2025-06-13,0.007194045619957534,0.006994045619957534,0.006974253592704871
2025-06-16,-0.0048187404528148665,-0.005018740452814866,-0.005038532480067529
2025-06-17,0.003472042715541694,0.003272042715541694,0.0032522506882890307
2025-06-18,-0.0014306957053478507,-0.0016306957053478508,-0.0016504877326005139
2025-06-20,-0.0012473295385996926,-0.0014473295385996926,-0.0014671215658523557
2025-06-23,0.00136451575550845,0.00116451575550845,0.0011447237282557869
2025-06-24,-0.002288588226369977,-0.002488588226369977,-0.00250838025362264
2025-06-25,0.0078063942556560895,0.00760639425565609,0.007586602228403427
2025-06-26,-0.0020691642627891044,-0.0022691642627891044,-0.0022889562900417675
2025-06-27,0.003967593452930099,0.003767593452930099,0.003747801425677436
2025-06-30,0.0005592248185840209,0.0003592248185840209,0.00033943279133135783
2025-07-01,-0.00810557772751762,-0.00830557772751762,-0.008325369754770284
2025-07-02,-0.0018393275026968438,-0.002039327502696844,-0.002059119529949507
2025-07-03,-0.0016991576919645802,-0.0018991576919645803,-0.0019189497192172434
2025-07-07,0.002528617930343986,0.0023286179303439857,0.0023088259030913227
2025-07-08,-0.004017828706467372,-0.0042178287064673714,-0.0042376207337200345
2025-07-09,-0.00400731633836631,-0.00420731633836631,-0.004227108365618973
2025-07-10,-0.0002646116558628685,-0.00046461165586286855,-0.0004844036831155316
2025-07-11,0.006739923223746924,0.006539923223746924,0.006520131196494261
2025-07-14,-0.004024302699002595,-0.004224302699002595,-0.004244094726255258
2025-07-15,0.008210128465349655,0.008010128465349655,0.007990336438096992
2025-07-16,-0.0037399001009052746,-0.003939900100905274,-0.003959692128157937
2025-07-17,-0.002322397511372178,-0.002522397511372178,-0.002542189538624841
2025-07-18,0.0009740319075897708,0.0007740319075897708,0.0007542398803371078
2025-07-21,0.003846662225474019,0.003646662225474019,0.003626870198221356
2025-07-22,-0.012998527710896522,-0.013198527710896522,-0.013218319738149185
2025-07-23,-0.002371151252101632,-0.002571151252101632,-0.002590943279354295
2025-07-24,0.004977513299974473,0.004777513299974473,0.00475772127272181
2025-07-25,-0.0004168933351351209,-0.0006168933351351209,-0.000636685362387784
2025-07-28,0.003679488767984749,0.003479488767984749,0.003459696740732086
2025-07-29,0.0007249536121310334,0.0005249536121310335,0.0005051615848783704
2025-07-30,0.007209004348327326,0.007009004348327326,0.006989212321074663
2025-07-31,0.006051807486822899,0.005851807486822899,0.005832015459570236
2025-08-01,-0.0015287560319302282,-0.0017287560319302283,-0.0017485480591828914
2025-08-04,-0.0015445196450545112,-0.0017445196450545113,-0.0017643116723071743
2025-08-05,-0.007960118790691842,-0.008160118790691843,-0.008179910817944506
2025-08-06,0.008878981646638012,0.008678981646638011,0.008659189619385348
2025-08-07,0.004772219828497724,0.004572219828497724,0.004552427801245061
2025-08-08,0.010665633037198453,0.010465633037198453,0.01044584100994579
2025-08-11,-2.8067224651287845e-05,-0.00022806722465128784,-0.0002478592519039509
2025-08-12,-0.009063236887517664,-0.009263236887517665,-0.009283028914770328
2025-08-13,-0.013208570118882611,-0.013408570118882612,-0.013428362146135275
2025-08-14,0.004654479624723054,0.0044544796247230544,0.004434687597470391
2025-08-15,-0.001685743436592189,-0.001885743436592189,-0.0019055354638448522
2025-08-18,-0.002988170421265024,-0.003188170421265024,-0.003207962448517687
2025-08-19,-0.00556028724743795,-0.00576028724743795,-0.005780079274690613
2025-08-20,0.0019482077196418947,0.0017482077196418946,0.0017284156923892315
2025-08-21,-0.0034994298369363163,-0.0036994298369363164,-0.0037192218641889795
2025-08-22,-0.008136284183098048,-0.008336284183098048,-0.008356076210350711
2025-09-12,0.008372297610454164,0.008172297610454163,0.0081525055832015
2025-09-15,0.004778685091714461,0.004578685091714461,0.004558893064461798
2025-09-16,-0.001421775664905169,-0.0016217756649051691,-0.0016415676921578322
2025-09-17,-0.0028288217937682786,-0.0030288217937682787,-0.0030486138210209417
2025-09-18,-0.006798525525207675,-0.0069985255252076745,-0.0070183175524603375
2025-09-19,0.010172130492588012,0.009972130492588011,0.009952338465335348
2025-09-22,0.0015067384580412001,0.0013067384580412,0.001286946430788537
2025-09-23,-0.003152143190668097,-0.003352143190668097,-0.00337193521792076
2025-09-24,0.0017915875134437926,0.0015915875134437925,0.0015717954861911294
2025-09-25,0.0032508487536346176,0.0030508487536346175,0.0030310567263819544
2025-09-26,-0.0035815283489146043,-0.0037815283489146044,-0.0038013203761672674
2025-09-29,-0.0031390810719385265,-0.0033390810719385266,-0.0033588730991911896
2025-09-30,0.002817480225598954,0.0026174802255989537,0.0025976881983462907
2025-10-01,0.0010731076117117047,0.0008731076117117048,0.0008533155844590417
2025-10-02,-0.0025134159481893857,-0.002713415948189386,-0.002733207975442049
2025-10-03,-0.003866748863059047,-0.004066748863059047,-0.00408654089031171
2025-10-06,0.0004925761033520954,0.00029257610335209545,0.0002727840760994324
2025-10-07,0.0051271418077275385,0.004927141807727539,0.004907349780474876
2025-10-08,-0.002290380390230146,-0.002490380390230146,-0.002510172417482809
2025-10-09,0.0035606196473096196,0.0033606196473096196,0.0033408276200569565
2025-10-10,-0.0023521742265901883,-0.0025521742265901884,-0.0025719662538428514
2025-10-13,-0.0007141577321089048,-0.0009141577321089048,-0.0009339497593615679
2025-10-14,-0.007964627259985934,-0.008164627259985935,-0.008184419287238598
2025-10-15,0.00041649989257434844,0.00021649989257434843,0.00019670786532168539
2025-10-16,0.0031626324440262045,0.0029626324440262045,0.0029428404167735414
2025-10-17,0.005802360433388799,0.0056023604333887995,0.005582568406136136
2025-10-20,-0.005521785662172607,-0.005721785662172607,-0.00574157768942527
2025-10-21,-0.0002485850532619438,-0.00044858505326194383,-0.0004683770805146069
2025-10-22,0.006585866675716996,0.006385866675716997,0.006366074648464334
2025-10-23,-0.004830825086731814,-0.005030825086731814,-0.005050617113984477
2025-10-24,-0.0026494835694606507,-0.002849483569460651,-0.002869275596713314
2025-10-27,0.005674149665032357,0.0054741496650323575,0.0054543576377796945
2025-10-28,0.010138378717345983,0.009938378717345982,0.00991858669009332
2025-10-29,0.011816845043636,0.011616845043636,0.011597053016383337
2025-10-30,-0.008681726811850967,-0.008881726811850968,-0.008901518839103631
2025-10-31,1.1047081736795678e-05,-0.00018895291826320434,-0.0002087449455158674
2025-11-03,0.005078484479107141,0.004878484479107142,0.004858692451854479
2025-11-04,-0.001688563549093515,-0.001888563549093515,-0.001908355576346178
2025-11-05,-0.00028287103791625496,-0.00048287103791625494,-0.000502663065168918
2025-11-06,0.0011596963855995935,0.0009596963855995935,0.0009399043583469304
2025-11-07,-0.005840638149551407,-0.006040638149551407,-0.00606043017680407
2025-11-10,0.005477765019271646,0.005277765019271646,0.005257972992018983
2025-11-11,-0.00637423798917383,-0.00657423798917383,-0.006594030016426493
2025-11-12,-0.000652693814534627,-0.000852693814534627,-0.00087248584178729
2025-11-13,0.002887743763352237,0.0026877437633522367,0.0026679517360995737
2025-11-14,-0.0011997916664906907,-0.0013997916664906908,-0.0014195836937433539
2025-11-17,0.004866603768568513,0.004666603768568514,0.0046468117413158505
2025-11-18,-0.00910135329834546,-0.009301353298345461,-0.009321145325598124
2025-11-19,0.004328072961917415,0.0041280729619174155,0.0041082809346647525
2025-11-20,0.0001884746979821953,-1.1525302017804722e-05,-3.131732927046777e-05
2025-11-21,-0.011966228267827235,-0.012166228267827236,-0.012186020295079899
2025-11-24,0.006465039357965601,0.006265039357965602,0.006245247330712939
2025-12-15,0.009545418486517802,0.009345418486517801,0.009325626459265138
2025-12-16,-0.0014804525158794279,-0.001680452515879428,-0.001700244543132091
2025-12-17,0.0028130105457385823,0.002613010545738582,0.002593218518485919
2025-12-18,-0.002571905565773683,-0.002771905565773683,-0.002791697593026346
2025-12-19,-0.0017252780348255207,-0.0019252780348255208,-0.0019450700620781839
2025-12-22,-0.002468966776968788,-0.002668966776968788,-0.002688758804221451
2025-12-23,0.00683540987680779,0.0066354098768077905,0.0066156178495551275
2025-12-24,-0.0007841435612954575,-0.0009841435612954576,-0.0010039355885481207
2025-12-26,-0.0008370738467318921,-0.0010370738467318922,-0.0010568658739845552
2025-12-29,0.0014827332968502698,0.0012827332968502697,0.0012629412695976067
2025-12-30,-4.69270777723124e-05,-0.00024692707777231244,-0.0002667191050249755
2025-12-31,-0.0011236500283065968,-0.0013236500283065969,-0.00134344205555926
2026-01-02,-0.0012037745737352285,-0.0014037745737352286,-0.0014235666009878916
2026-01-05,-0.0047056807940772305,-0.00490568079407723,-0.004925472821329893
2026-01-06,-0.004216035499858603,-0.004416035499858603,-0.004435827527111266
2026-01-07,-0.0033103534310693003,-0.0035103534310693004,-0.0035301454583219634
2026-01-08,-0.005804753178900645,-0.006004753178900645,-0.006024545206153308
2026-01-09,0.0019775436995371075,0.0017775436995371074,0.0017577516722844444
2026-01-12,0.00017572527699647917,-2.427472300352084e-05,-4.406675025618389e-05
2026-01-13,0.0001693982849568133,-3.0601715043186717e-05,-5.0393742295849764e-05
2026-01-14,-0.006373989599020781,-0.006573989599020781,-0.006593781626273444
2026-01-15,-0.00039223914848744614,-0.0005922391484874461,-0.0006120311757401092
2026-01-16,0.0019379706119490702,0.0017379706119490701,0.001718178584696407
2026-01-20,-0.004658323243192803,-0.004858323243192803,-0.004878115270445466
2026-01-21,2.2142947128448538e-05,-0.00017785705287155147,-0.00019764908012421452
2026-01-22,-0.0036969412880324504,-0.0038969412880324504,-0.0039167333152851135
2026-01-23,0.004115938311382759,0.00391593831138276,0.0038961462841300967
2026-01-26,0.00403942477904163,0.0038394247790416295,0.0038196327517889665
2026-01-27,0.0035257741447371183,0.003325774144737118,0.003305982117484455
2026-01-28,0.007046154477006213,0.006846154477006213,0.00682636244975355
2026-01-29,-0.0026970320913820684,-0.0028970320913820685,-0.0029168241186347315
2026-01-30,0.004776033546554893,0.0045760335465548935,0.0045562415193022305
2026-02-02,-0.0016241107178425504,-0.0018241107178425505,-0.0018439027450952135
2026-02-03,-0.00475223640409094,-0.00495223640409094,-0.004972028431343603
2026-02-04,-0.00617561783844728,-0.00637561783844728,-0.006395409865699943
2026-02-05,0.006999993163589431,0.006799993163589432,0.006780201136336769
2026-02-06,-0.009156604843509232,-0.009356604843509232,-0.009376396870761895
2026-02-09,-0.0013449484747015564,-0.0015449484747015565,-0.0015647405019542195
2026-02-10,-0.003795798758913033,-0.003995798758913033,-0.004015590786165696
2026-02-11,0.006321026248851915,0.0061210262488519155,0.0061012342215992525
2026-02-12,0.0011307540839760363,0.0009307540839760363,0.0009109620567233733
2026-02-13,-0.005664762274127951,-0.00586476227412795,-0.005884554301380613
2026-02-17,0.0007512884227095727,0.0005512884227095727,0.0005314963954569096
2026-02-18,-0.004041794574783358,-0.004241794574783357,-0.00426158660203602
2026-02-19,0.001097855540017668,0.000897855540017668,0.0008780635127650049
2026-02-20,0.0065274466210647345,0.006327446621064735,0.006307654593812072
2026-02-23,0.008090704472868328,0.007890704472868328,0.007870912445615665
2026-02-24,0.00137371590733348,0.00117371590733348,0.0011539238800808169
